shape_id,shape_pt_lat,shape_pt_lon,shape_pt_sequence
S1,46.202820,21.291730,1
S1,46.202750,21.291640,2
S1,46.202770,21.291600,3
S1,46.202520,21.291290,4
S1,46.202410,21.291150,5
S1,46.202320,21.291090,6
S1,46.202070,21.290990,7
S1,46.201740,21.290880,8
S1,46.201660,21.290820,9
S1,46.201610,21.290750,10
S1,46.201580,21.290650,11
S1,46.201560,21.290560,12
S1,46.201580,21.290360,13
S1,46.201660,21.289910,14
S1,46.201700,21.289180,15
S1,46.201700,21.288730,16
S1,46.201580,21.288110,17
S1,46.201570,21.288070,18
S1,46.201460,21.287510,19
S1,46.201460,21.287470,20
S1,46.201460,21.287370,21
S1,46.201430,21.287300,22
S1,46.201410,21.286630,23
S1,46.201360,21.285970,24
S1,46.201340,21.285830,25
S1,46.201290,21.285700,26
S1,46.201280,21.285540,27
S1,46.201180,21.284580,28
S1,46.201170,21.284420,29
S1,46.201170,21.283720,30
S1,46.201170,21.283720,31
S1,46.201200,21.281290,32
S1,46.201200,21.280170,33
S1,46.201210,21.277210,34
S1,46.201220,21.276480,35
S1,46.201220,21.276410,36
S1,46.201210,21.274320,37
S1,46.201200,21.271600,38
S1,46.201220,21.271080,39
S1,46.201370,21.268700,40
S1,46.201390,21.268500,41
S1,46.201390,21.268500,42
S1,46.201990,21.260530,43
S1,46.202040,21.260540,44
S1,46.202040,21.260540,45
S1,46.202360,21.256610,46
S1,46.202510,21.256250,47
S1,46.202690,21.256090,48
S1,46.203750,21.255570,49
S1,46.204050,21.255410,50
S1,46.204220,21.255440,51
S1,46.204370,21.255590,52
S1,46.204420,21.255730,53
S1,46.204510,21.256290,54
S1,46.204560,21.256510,55
S1,46.204690,21.256650,56
S1,46.204790,21.256680,57
S1,46.204980,21.256610,58
S1,46.205110,21.256430,59
S1,46.205130,21.256230,60
S1,46.205040,21.255460,61
S2,46.205040,21.255460,1
S2,46.204860,21.255170,2
S2,46.204740,21.255110,3
S2,46.203660,21.255600,4
S2,46.202630,21.256130,5
S2,46.202480,21.256290,6
S2,46.202390,21.256510,7
S2,46.202350,21.256680,8
S2,46.202180,21.258880,9
S2,46.202070,21.260930,10
S2,46.201960,21.260910,11
S2,46.201360,21.268840,12
S2,46.201360,21.268850,13
S2,46.201220,21.271080,14
S2,46.201200,21.271600,15
S2,46.201210,21.274320,16
S2,46.201220,21.276220,17
S2,46.201220,21.276220,18
S2,46.201210,21.277210,19
S2,46.201200,21.280170,20
S2,46.201190,21.282510,21
S2,46.201170,21.284140,22
S2,46.201260,21.284160,23
S2,46.201270,21.284070,24
S2,46.201270,21.284070,25
S2,46.201270,21.284760,26
S2,46.201620,21.288180,27
S2,46.201620,21.288180,28
S2,46.201700,21.288980,29
S2,46.201660,21.289970,30
S2,46.201510,21.290600,31
S2,46.201360,21.290920,32
S2,46.200990,21.292120,33
S2,46.200990,21.292120,34
S2,46.200940,21.292330,35
S2,46.200960,21.292570,36
S2,46.201060,21.292700,37
S2,46.201300,21.292820,38
S2,46.201900,21.292950,39
S2,46.202620,21.293120,40
S2,46.203510,21.293280,41
S2,46.203570,21.292760,42
S2,46.203500,21.292580,43
S2,46.203490,21.292590,44
S2,46.202840,21.291750,45
S3,46.167980,21.319790,1
S3,46.167930,21.319370,2
S3,46.168170,21.318770,3
S3,46.168370,21.318380,4
S3,46.168570,21.318050,5
S3,46.168780,21.317770,6
S3,46.169070,21.317430,7
S3,46.169330,21.317180,8
S3,46.169680,21.316930,9
S3,46.170330,21.316570,10
S3,46.170800,21.316330,11
S3,46.171530,21.316020,12
S3,46.171770,21.316070,13
S3,46.172190,21.316240,14
S3,46.172640,21.316450,15
S3,46.172660,21.316450,16
S3,46.172660,21.316440,17
S3,46.173310,21.316770,18
S3,46.173610,21.316970,19
S3,46.174480,21.317620,20
S3,46.175060,21.318060,21
S3,46.175390,21.318230,22
S3,46.175540,21.318310,23
S3,46.176360,21.318910,24
S3,46.176400,21.318780,25
S3,46.176400,21.318780,26
S3,46.178230,21.320070,27
S3,46.178230,21.320070,28
S3,46.180650,21.321930,29
S3,46.180650,21.321930,30
S3,46.183800,21.324370,31
S3,46.183990,21.324440,32
S3,46.184580,21.324720,33
S3,46.185260,21.324920,34
S3,46.185580,21.325000,35
S3,46.185680,21.325110,36
S3,46.185680,21.325110,37
S3,46.185860,21.325080,38
S3,46.186240,21.325230,39
S3,46.186500,21.325340,40
S3,46.186750,21.325440,41
S3,46.187020,21.325550,42
S3,46.187270,21.325640,43
S3,46.187410,21.325650,44
S3,46.187560,21.325630,45
S3,46.187730,21.325590,46
S3,46.187910,21.325490,47
S3,46.188090,21.325350,48
S3,46.188260,21.325200,49
S3,46.188470,21.325010,50
S3,46.188650,21.324790,51
S3,46.188880,21.324420,52
S3,46.189000,21.324540,53
S3,46.189190,21.324130,54
S3,46.189230,21.323890,55
S3,46.189310,21.323240,56
S3,46.189540,21.321950,57
S3,46.189870,21.320320,58
S3,46.190070,21.319300,59
S3,46.190070,21.319300,60
S3,46.191150,21.313940,61
S3,46.191400,21.312660,62
S3,46.191780,21.310870,63
S3,46.192220,21.308780,64
S3,46.192350,21.308030,65
S3,46.192410,21.307720,66
S3,46.192490,21.307460,67
S3,46.192790,21.306680,68
S3,46.193480,21.305010,69
S3,46.193560,21.304810,70
S3,46.193950,21.303930,71
S3,46.194670,21.302260,72
S3,46.194950,21.301620,73
S3,46.195210,21.300890,74
S3,46.195210,21.300890,75
S3,46.195620,21.299900,76
S3,46.195810,21.299550,77
S3,46.196030,21.299240,78
S3,46.196720,21.298460,79
S3,46.197690,21.297350,80
S3,46.198400,21.296600,81
S3,46.198780,21.296100,82
S3,46.199070,21.295680,83
S3,46.200000,21.294170,84
S3,46.200000,21.294170,85
S3,46.200720,21.292910,86
S3,46.201240,21.292800,87
S3,46.202020,21.292990,88
S3,46.203430,21.293260,89
S3,46.203580,21.292970,90
S3,46.203490,21.292610,91
S3,46.202730,21.291680,92
S4,46.202820,21.291730,1
S4,46.202750,21.291640,2
S4,46.202770,21.291600,3
S4,46.202410,21.291150,4
S4,46.202320,21.291080,5
S4,46.202240,21.291040,6
S4,46.201710,21.290870,7
S4,46.201650,21.290860,8
S4,46.201570,21.290870,9
S4,46.201490,21.290900,10
S4,46.201400,21.290980,11
S4,46.201280,21.291220,12
S4,46.200940,21.292070,13
S4,46.200850,21.292260,14
S4,46.200420,21.292990,15
S4,46.199650,21.294260,16
S4,46.198970,21.295420,17
S4,46.198930,21.295490,18
S4,46.198700,21.295860,19
S4,46.198320,21.296370,20
S4,46.197090,21.297760,21
S4,46.195610,21.299450,22
S4,46.195240,21.300270,23
S4,46.194780,21.301460,24
S4,46.194560,21.301970,25
S4,46.194560,21.301970,26
S4,46.193080,21.305530,27
S4,46.192870,21.305980,28
S4,46.192700,21.306290,29
S4,46.192180,21.307070,30
S4,46.192000,21.307380,31
S4,46.191920,21.307560,32
S4,46.191890,21.307720,33
S4,46.191820,21.308800,34
S4,46.191780,21.309130,35
S4,46.191780,21.309140,36
S4,46.191700,21.310120,37
S4,46.191210,21.312780,38
S4,46.190060,21.318640,39
S4,46.190060,21.318640,40
S4,46.189430,21.321940,41
S4,46.189260,21.322800,42
S4,46.189080,21.323610,43
S4,46.188980,21.323910,44
S4,46.188860,21.324140,45
S4,46.188520,21.324730,46
S4,46.188320,21.325030,47
S4,46.188060,21.325270,48
S4,46.187880,21.325420,49
S4,46.187650,21.325540,50
S4,46.187460,21.325570,51
S4,46.187340,21.325570,52
S4,46.187230,21.325550,53
S4,46.186840,21.325420,54
S4,46.186220,21.325170,55
S4,46.185630,21.324910,56
S4,46.185210,21.324770,57
S4,46.184570,21.324570,58
S4,46.184120,21.324370,59
S4,46.183800,21.324190,60
S4,46.183090,21.323630,61
S4,46.183080,21.323570,62
S4,46.183060,21.323520,63
S4,46.182990,21.323400,64
S4,46.182900,21.323330,65
S4,46.182770,21.323320,66
S4,46.182550,21.323060,67
S4,46.182080,21.322590,68
S4,46.182050,21.322660,69
S4,46.182050,21.322660,70
S4,46.178740,21.319910,71
S4,46.178740,21.319910,72
S4,46.175290,21.317820,73
S4,46.175290,21.317820,74
S4,46.172220,21.315940,75
S4,46.172220,21.315940,76
S4,46.171500,21.315940,77
S4,46.170740,21.316280,78
S4,46.170050,21.316630,79
S4,46.169560,21.316920,80
S4,46.169200,21.317230,81
S4,46.168850,21.317570,82
S4,46.168580,21.317930,83
S4,46.168290,21.318400,84
S4,46.168120,21.318760,85
S4,46.167900,21.319310,86
S4,46.167740,21.319690,87
S4,46.167420,21.320030,88
S5,46.144650,21.334120,1
S5,46.144480,21.333990,2
S5,46.144320,21.333760,3
S5,46.144250,21.333540,4
S5,46.144220,21.333340,5
S5,46.144220,21.332950,6
S5,46.144230,21.332640,7
S5,46.144300,21.332110,8
S5,46.145370,21.326270,9
S5,46.145370,21.326270,10
S5,46.146150,21.321960,11
S5,46.146150,21.321950,12
S5,46.146190,21.321800,13
S5,46.146200,21.321780,14
S5,46.146260,21.321460,15
S5,46.146290,21.321410,16
S5,46.146610,21.321370,17
S5,46.147620,21.321370,18
S5,46.148410,21.321430,19
S5,46.150350,21.321690,20
S5,46.152240,21.321930,21
S5,46.152950,21.321940,22
S5,46.152960,21.321940,23
S5,46.153860,21.321960,24
S5,46.154620,21.321920,25
S5,46.155920,21.321860,26
S5,46.156400,21.321860,27
S5,46.156920,21.321850,28
S5,46.156920,21.321790,29
S5,46.156920,21.321790,30
S5,46.157150,21.321750,31
S5,46.157870,21.321750,32
S5,46.158460,21.321750,33
S5,46.158980,21.321720,34
S5,46.159370,21.321740,35
S5,46.159880,21.322020,36
S5,46.160610,21.322430,37
S5,46.161340,21.322870,38
S5,46.161770,21.323130,39
S5,46.161970,21.323210,40
S5,46.162170,21.323230,41
S5,46.162360,21.323160,42
S5,46.162360,21.323160,43
S5,46.162720,21.323100,44
S5,46.163110,21.322980,45
S5,46.163490,21.322850,46
S5,46.164030,21.322650,47
S5,46.165050,21.322200,48
S5,46.165940,21.321730,49
S5,46.166170,21.321650,50
S5,46.166170,21.321650,51
S5,46.166180,21.321680,52
S5,46.167050,21.321150,53
S5,46.167420,21.320970,54
S5,46.167500,21.320910,55
S5,46.167560,21.320820,56
S5,46.167600,21.320700,57
S5,46.167620,21.320580,58
S5,46.167610,21.320450,59
S5,46.167600,21.320390,60
S5,46.167680,21.319960,61
S5,46.167690,21.319920,62
S5,46.167730,21.319820,63
S5,46.167810,21.319670,64
S5,46.167930,21.319370,65
S5,46.167930,21.319370,66
S5,46.168170,21.318770,67
S5,46.168370,21.318380,68
S5,46.168570,21.318050,69
S5,46.168780,21.317770,70
S5,46.169070,21.317430,71
S5,46.169330,21.317180,72
S5,46.169680,21.316930,73
S5,46.170330,21.316570,74
S5,46.170800,21.316330,75
S5,46.171530,21.316020,76
S5,46.171770,21.316070,77
S5,46.172190,21.316240,78
S5,46.172640,21.316450,79
S5,46.172660,21.316450,80
S5,46.172660,21.316440,81
S5,46.173310,21.316770,82
S5,46.173610,21.316970,83
S5,46.174480,21.317620,84
S5,46.175060,21.318060,85
S5,46.175390,21.318230,86
S5,46.175540,21.318310,87
S5,46.176360,21.318910,88
S5,46.176400,21.318780,89
S5,46.176400,21.318780,90
S5,46.178230,21.320070,91
S5,46.178230,21.320070,92
S5,46.180650,21.321930,93
S5,46.180650,21.321930,94
S5,46.183800,21.324370,95
S5,46.184370,21.324630,96
S5,46.185680,21.325110,97
S5,46.185680,21.325110,98
S5,46.185860,21.325080,99
S5,46.186130,21.325190,100
S5,46.186360,21.325280,101
S5,46.186610,21.325390,102
S5,46.186860,21.325490,103
S5,46.187110,21.325600,104
S5,46.187250,21.325640,105
S5,46.187400,21.325650,106
S5,46.187600,21.325630,107
S5,46.187780,21.325560,108
S5,46.187960,21.325450,109
S5,46.188140,21.325300,110
S5,46.188300,21.325160,111
S5,46.188520,21.324960,112
S5,46.188710,21.324690,113
S5,46.188880,21.324420,114
S5,46.189000,21.324540,115
S5,46.189190,21.324130,116
S5,46.189230,21.323890,117
S5,46.189310,21.323240,118
S5,46.189540,21.321950,119
S5,46.189870,21.320320,120
S5,46.190070,21.319300,121
S5,46.190070,21.319300,122
S5,46.191150,21.313940,123
S5,46.191400,21.312660,124
S5,46.191780,21.310870,125
S5,46.192220,21.308780,126
S5,46.192350,21.308030,127
S5,46.192410,21.307720,128
S5,46.192490,21.307460,129
S5,46.192790,21.306680,130
S5,46.193480,21.305010,131
S5,46.193560,21.304810,132
S5,46.193950,21.303930,133
S5,46.194670,21.302260,134
S5,46.194950,21.301620,135
S5,46.195210,21.300890,136
S5,46.195210,21.300890,137
S5,46.195620,21.299900,138
S5,46.195810,21.299550,139
S5,46.196030,21.299240,140
S5,46.196720,21.298460,141
S5,46.197690,21.297350,142
S5,46.198400,21.296600,143
S5,46.198780,21.296100,144
S5,46.199070,21.295680,145
S5,46.200000,21.294170,146
S5,46.200000,21.294170,147
S5,46.200740,21.292940,148
S5,46.201240,21.292850,149
S5,46.202100,21.292980,150
S5,46.203400,21.293270,151
S5,46.203540,21.293010,152
S5,46.203490,21.292610,153
S5,46.202730,21.291680,154
S6,46.202820,21.291730,1
S6,46.202740,21.291630,2
S6,46.202760,21.291600,3
S6,46.202520,21.291290,4
S6,46.202400,21.291150,5
S6,46.202320,21.291080,6
S6,46.202070,21.290990,7
S6,46.201740,21.290880,8
S6,46.201650,21.290860,9
S6,46.201570,21.290870,10
S6,46.201490,21.290900,11
S6,46.201400,21.290970,12
S6,46.201280,21.291220,13
S6,46.200940,21.292070,14
S6,46.200850,21.292260,15
S6,46.200420,21.292990,16
S6,46.199650,21.294260,17
S6,46.198980,21.295420,18
S6,46.198930,21.295500,19
S6,46.198700,21.295860,20
S6,46.198320,21.296370,21
S6,46.197090,21.297760,22
S6,46.195610,21.299450,23
S6,46.195240,21.300270,24
S6,46.194780,21.301460,25
S6,46.194560,21.301970,26
S6,46.194560,21.301970,27
S6,46.193080,21.305530,28
S6,46.192870,21.305980,29
S6,46.192700,21.306290,30
S6,46.192180,21.307070,31
S6,46.192000,21.307380,32
S6,46.191920,21.307560,33
S6,46.191890,21.307720,34
S6,46.191820,21.308800,35
S6,46.191780,21.309130,36
S6,46.191780,21.309140,37
S6,46.191700,21.310120,38
S6,46.191210,21.312780,39
S6,46.190060,21.318640,40
S6,46.190060,21.318650,41
S6,46.190060,21.318650,42
S6,46.189430,21.321940,43
S6,46.189260,21.322800,44
S6,46.189080,21.323610,45
S6,46.188980,21.323910,46
S6,46.188860,21.324140,47
S6,46.188520,21.324730,48
S6,46.188320,21.325030,49
S6,46.188060,21.325270,50
S6,46.187880,21.325420,51
S6,46.187650,21.325540,52
S6,46.187460,21.325570,53
S6,46.187340,21.325570,54
S6,46.187230,21.325550,55
S6,46.186840,21.325420,56
S6,46.186220,21.325170,57
S6,46.185630,21.324910,58
S6,46.185210,21.324770,59
S6,46.184570,21.324570,60
S6,46.184120,21.324370,61
S6,46.183800,21.324190,62
S6,46.183090,21.323630,63
S6,46.183080,21.323570,64
S6,46.183060,21.323520,65
S6,46.182990,21.323400,66
S6,46.182900,21.323330,67
S6,46.182770,21.323320,68
S6,46.182550,21.323060,69
S6,46.182080,21.322590,70
S6,46.182080,21.322590,71
S6,46.178710,21.320110,72
S6,46.178680,21.320090,73
S6,46.175320,21.317710,74
S6,46.175320,21.317710,75
S6,46.173730,21.316660,76
S6,46.172250,21.315820,77
S6,46.172210,21.315830,78
S6,46.171510,21.315940,79
S6,46.170520,21.316380,80
S6,46.169880,21.316720,81
S6,46.169480,21.316990,82
S6,46.168890,21.317520,83
S6,46.168350,21.318290,84
S6,46.168090,21.318830,85
S6,46.167720,21.319730,86
S6,46.167440,21.320060,87
S6,46.167430,21.320070,88
S6,46.167330,21.320100,89
S6,46.167310,21.320100,90
S6,46.167250,21.320100,91
S6,46.167160,21.320140,92
S6,46.167080,21.320220,93
S6,46.167010,21.320330,94
S6,46.166960,21.320540,95
S6,46.166970,21.320650,96
S6,46.167000,21.320750,97
S6,46.166970,21.320990,98
S6,46.166940,21.321040,99
S6,46.165820,21.321700,100
S6,46.165830,21.321750,101
S6,46.165830,21.321750,102
S6,46.165560,21.321950,103
S6,46.165030,21.322210,104
S6,46.164420,21.322480,105
S6,46.163850,21.322710,106
S6,46.163490,21.322860,107
S6,46.163130,21.322970,108
S6,46.162680,21.323110,109
S6,46.162150,21.323230,110
S6,46.162000,21.323220,111
S6,46.162000,21.323220,112
S6,46.161880,21.323190,113
S6,46.161630,21.323050,114
S6,46.161360,21.322880,115
S6,46.161070,21.322700,116
S6,46.160770,21.322520,117
S6,46.160490,21.322360,118
S6,46.160220,21.322200,119
S6,46.159930,21.322040,120
S6,46.159610,21.321880,121
S6,46.159380,21.321750,122
S6,46.159090,21.321720,123
S6,46.157930,21.321750,124
S6,46.156420,21.321760,125
S6,46.156050,21.321760,126
S6,46.155690,21.321740,127
S6,46.155690,21.321740,128
S6,46.155690,21.321660,129
S6,46.154610,21.321740,130
S6,46.154120,21.321760,131
S6,46.152250,21.321740,132
S6,46.151740,21.321690,133
S6,46.151740,21.321690,134
S6,46.150360,21.321560,135
S6,46.148410,21.321340,136
S6,46.148040,21.321290,137
S6,46.147240,21.321220,138
S6,46.146600,21.321210,139
S6,46.146260,21.321210,140
S6,46.146240,21.321190,141
S6,46.146190,21.321170,142
S6,46.146140,21.321180,143
S6,46.146100,21.321220,144
S6,46.146080,21.321280,145
S6,46.146070,21.321340,146
S6,46.146080,21.321420,147
S6,46.146140,21.321490,148
S6,46.146160,21.321800,149
S6,46.146170,21.321820,150
S6,46.146100,21.322240,151
S6,46.146100,21.322250,152
S6,46.145290,21.326720,153
S6,46.145290,21.326720,154
S6,46.144300,21.332110,155
S6,46.144230,21.332640,156
S6,46.144220,21.332950,157
S6,46.144220,21.333340,158
S6,46.144250,21.333540,159
S6,46.144320,21.333760,160
S6,46.144480,21.333990,161
S6,46.144730,21.334180,162
S6,46.144990,21.334320,163
S7,46.209490,21.278070,1
S7,46.205550,21.280130,2
S7,46.205440,21.280200,3
S7,46.205440,21.280200,4
S7,46.202960,21.281760,5
S7,46.202970,21.281800,6
S7,46.202530,21.282030,7
S7,46.202010,21.282290,8
S7,46.201750,21.282500,9
S7,46.201510,21.282750,10
S7,46.201340,21.282970,11
S7,46.201280,21.283250,12
S7,46.201330,21.283720,13
S7,46.201310,21.284110,14
S7,46.201270,21.284330,15
S7,46.201270,21.284750,16
S7,46.201620,21.288180,17
S7,46.201620,21.288180,18
S7,46.201700,21.288740,19
S7,46.201670,21.289620,20
S7,46.201500,21.290740,21
S7,46.200990,21.292120,22
S7,46.200990,21.292120,23
S7,46.200940,21.292050,24
S7,46.200850,21.292260,25
S7,46.200420,21.292990,26
S7,46.199650,21.294260,27
S7,46.198980,21.295420,28
S7,46.198930,21.295500,29
S7,46.198950,21.295520,30
S7,46.194580,21.301990,31
S7,46.194580,21.301990,32
S7,46.194560,21.301970,33
S7,46.192140,21.307990,34
S7,46.191800,21.309080,35
S7,46.191780,21.309130,36
S7,46.191800,21.309960,37
S7,46.190060,21.318640,38
S7,46.190060,21.318650,39
S7,46.190060,21.318650,40
S7,46.189430,21.321940,41
S7,46.189260,21.322800,42
S7,46.189080,21.323610,43
S7,46.188980,21.323910,44
S7,46.188860,21.324140,45
S7,46.188520,21.324730,46
S7,46.188320,21.325030,47
S7,46.188060,21.325270,48
S7,46.187880,21.325420,49
S7,46.187650,21.325540,50
S7,46.187460,21.325570,51
S7,46.187340,21.325570,52
S7,46.187230,21.325550,53
S7,46.186840,21.325420,54
S7,46.186220,21.325170,55
S7,46.185630,21.324910,56
S7,46.185210,21.324770,57
S7,46.184570,21.324570,58
S7,46.184120,21.324370,59
S7,46.183800,21.324190,60
S7,46.183090,21.323630,61
S7,46.183080,21.323570,62
S7,46.183060,21.323520,63
S7,46.182990,21.323400,64
S7,46.182900,21.323330,65
S7,46.182770,21.323320,66
S7,46.182550,21.323060,67
S7,46.182080,21.322590,68
S7,46.182080,21.322590,69
S7,46.178710,21.320110,70
S7,46.178680,21.320090,71
S7,46.175320,21.317710,72
S7,46.175320,21.317710,73
S7,46.173730,21.316660,74
S7,46.172250,21.315820,75
S7,46.172210,21.315830,76
S7,46.171470,21.315970,77
S7,46.170780,21.316270,78
S7,46.170210,21.316550,79
S7,46.169620,21.316880,80
S7,46.169360,21.317110,81
S7,46.168860,21.317580,82
S7,46.168370,21.318260,83
S7,46.168130,21.318720,84
S7,46.167730,21.319680,85
S7,46.167440,21.320060,86
S8,46.167980,21.319790,1
S8,46.167930,21.319370,2
S8,46.168170,21.318770,3
S8,46.168370,21.318380,4
S8,46.168570,21.318050,5
S8,46.168780,21.317770,6
S8,46.169070,21.317430,7
S8,46.169330,21.317180,8
S8,46.169680,21.316930,9
S8,46.170330,21.316570,10
S8,46.170800,21.316330,11
S8,46.171530,21.316020,12
S8,46.171770,21.316070,13
S8,46.172190,21.316240,14
S8,46.172640,21.316450,15
S8,46.172660,21.316450,16
S8,46.172660,21.316440,17
S8,46.173310,21.316770,18
S8,46.173610,21.316970,19
S8,46.174480,21.317620,20
S8,46.175060,21.318060,21
S8,46.175390,21.318230,22
S8,46.175540,21.318310,23
S8,46.176360,21.318910,24
S8,46.176400,21.318780,25
S8,46.176400,21.318780,26
S8,46.178230,21.320070,27
S8,46.178230,21.320070,28
S8,46.180650,21.321930,29
S8,46.180650,21.321930,30
S8,46.183800,21.324370,31
S8,46.184030,21.324470,32
S8,46.184660,21.324750,33
S8,46.185420,21.324960,34
S8,46.185680,21.325110,35
S8,46.185680,21.325110,36
S8,46.185850,21.325080,37
S8,46.186130,21.325190,38
S8,46.186360,21.325280,39
S8,46.186600,21.325380,40
S8,46.186880,21.325500,41
S8,46.187160,21.325610,42
S8,46.187340,21.325650,43
S8,46.187540,21.325640,44
S8,46.187770,21.325570,45
S8,46.187960,21.325450,46
S8,46.188160,21.325280,47
S8,46.188470,21.325010,48
S8,46.188660,21.324770,49
S8,46.188880,21.324420,50
S8,46.189000,21.324540,51
S8,46.189190,21.324130,52
S8,46.189230,21.323890,53
S8,46.189310,21.323240,54
S8,46.189540,21.321950,55
S8,46.189870,21.320320,56
S8,46.190070,21.319300,57
S8,46.190070,21.319300,58
S8,46.191150,21.313940,59
S8,46.191400,21.312660,60
S8,46.191780,21.310870,61
S8,46.192220,21.308780,62
S8,46.192350,21.308030,63
S8,46.192410,21.307720,64
S8,46.192490,21.307460,65
S8,46.192790,21.306680,66
S8,46.193480,21.305010,67
S8,46.193560,21.304810,68
S8,46.193950,21.303930,69
S8,46.194670,21.302260,70
S8,46.194950,21.301620,71
S8,46.195210,21.300890,72
S8,46.195210,21.300890,73
S8,46.195620,21.299900,74
S8,46.195810,21.299550,75
S8,46.196030,21.299240,76
S8,46.196720,21.298460,77
S8,46.197690,21.297350,78
S8,46.198400,21.296600,79
S8,46.198780,21.296100,80
S8,46.199070,21.295680,81
S8,46.200000,21.294170,82
S8,46.200000,21.294170,83
S8,46.200800,21.292820,84
S8,46.200970,21.292460,85
S8,46.201160,21.291950,86
S8,46.201160,21.291940,87
S8,46.201340,21.291350,88
S8,46.201480,21.290650,89
S8,46.201590,21.290010,90
S8,46.201630,21.289220,91
S8,46.201610,21.288560,92
S8,46.201580,21.288100,93
S8,46.201530,21.287820,94
S8,46.201460,21.287510,95
S8,46.201460,21.287470,96
S8,46.201460,21.287370,97
S8,46.201430,21.287300,98
S8,46.201410,21.286630,99
S8,46.201360,21.285970,100
S8,46.201340,21.285830,101
S8,46.201290,21.285700,102
S8,46.201280,21.285540,103
S8,46.201180,21.284580,104
S8,46.201170,21.284420,105
S8,46.201170,21.284140,106
S8,46.201260,21.284160,107
S8,46.201300,21.284150,108
S8,46.201300,21.284070,109
S8,46.201290,21.283470,110
S8,46.201440,21.282650,111
S8,46.202960,21.281760,112
S8,46.202960,21.281760,113
S8,46.205440,21.280200,114
S8,46.205420,21.280150,115
S8,46.205420,21.280150,116
S8,46.210180,21.277700,117
S9,46.202820,21.291760,1
S9,46.202460,21.291150,2
S9,46.201610,21.290830,3
S9,46.201420,21.290930,4
S9,46.200990,21.292120,5
S9,46.200990,21.292120,6
S9,46.199000,21.295440,7
S9,46.198950,21.295520,8
S9,46.198690,21.296020,9
S9,46.197740,21.297130,10
S9,46.196720,21.298290,11
S9,46.195840,21.299250,12
S9,46.195610,21.299620,13
S9,46.194740,21.301720,14
S9,46.194580,21.301990,15
S9,46.194580,21.301990,16
S9,46.193640,21.304330,17
S9,46.193100,21.305640,18
S9,46.192630,21.306710,19
S9,46.192200,21.307830,20
S9,46.191940,21.309170,21
S9,46.190070,21.318650,22
S9,46.190070,21.318650,23
S9,46.189760,21.320400,24
S9,46.189300,21.322830,25
S9,46.189070,21.323950,26
S9,46.188590,21.324830,27
S9,46.188590,21.324830,28
S9,46.188160,21.325240,29
S9,46.187860,21.325530,30
S9,46.187260,21.325650,31
S9,46.185200,21.324840,32
S9,46.184180,21.324500,33
S9,46.183630,21.324160,34
S9,46.182050,21.322660,35
S9,46.182050,21.322660,36
S9,46.178740,21.319910,37
S9,46.178740,21.319910,38
S9,46.175290,21.317820,39
S9,46.175290,21.317820,40
S9,46.172220,21.315940,41
S9,46.172220,21.315940,42
S9,46.171590,21.315950,43
S9,46.170210,21.316570,44
S9,46.169590,21.316960,45
S9,46.168800,21.317670,46
S9,46.168350,21.318380,47
S9,46.168100,21.318890,48
S9,46.167670,21.319890,49
S9,46.167420,21.320030,50
S9,46.167980,21.319790,51
S10,46.167420,21.320030,1
S10,46.167420,21.320030,2
S10,46.167220,21.320110,3
S10,46.166300,21.319360,4
S10,46.166360,21.319020,5
S10,46.166360,21.319020,6
S10,46.166830,21.315630,7
S10,46.166930,21.313890,8
S10,46.166930,21.313890,9
S10,46.166910,21.313890,10
S10,46.166970,21.312760,11
S10,46.167070,21.311360,12
S10,46.167050,21.310780,13
S10,46.167050,21.310780,14
S10,46.166970,21.308130,15
S10,46.166960,21.307700,16
S10,46.166970,21.307420,17
S10,46.166910,21.306300,18
S10,46.166910,21.306300,19
S10,46.166600,21.300970,20
S10,46.166600,21.300970,21
S10,46.166530,21.299930,22
S10,46.166510,21.299860,23
S10,46.166430,21.298710,24
S10,46.166390,21.297980,25
S10,46.166360,21.297230,26
S10,46.166360,21.296720,27
S10,46.166310,21.295770,28
S10,46.166140,21.293090,29
S10,46.165980,21.290530,30
S10,46.166000,21.290380,31
S10,46.166040,21.290310,32
S10,46.166130,21.290280,33
S10,46.166210,21.290270,34
S10,46.166470,21.290390,35
S10,46.166620,21.290460,36
S10,46.166620,21.290460,37
S10,46.168930,21.291620,38
S10,46.168970,21.291640,39
S10,46.168990,21.291650,40
S10,46.170740,21.292540,41
S10,46.171050,21.292690,42
S10,46.171050,21.292690,43
S10,46.172210,21.293300,44
S10,46.173130,21.293760,45
S10,46.173540,21.293880,46
S10,46.173560,21.293880,47
S10,46.173600,21.293890,48
S10,46.173820,21.293910,49
S10,46.174100,21.293950,50
S10,46.174340,21.294020,51
S10,46.174640,21.294140,52
S10,46.175180,21.294390,53
S10,46.175550,21.294560,54
S10,46.175550,21.294560,55
S10,46.177900,21.295720,56
S10,46.178820,21.296140,57
S10,46.179410,21.296430,58
S10,46.180030,21.296750,59
S10,46.180160,21.296820,60
S10,46.180190,21.296700,61
S10,46.180160,21.296820,62
S10,46.180290,21.296870,63
S10,46.181030,21.297200,64
S10,46.181990,21.297700,65
S10,46.182310,21.297850,66
S10,46.182570,21.297930,67
S10,46.182730,21.298020,68
S10,46.182790,21.298090,69
S10,46.183260,21.298830,70
S10,46.183370,21.298990,71
S10,46.183480,21.299110,72
S10,46.184400,21.299810,73
S10,46.184810,21.300120,74
S10,46.184820,21.300120,75
S10,46.185060,21.300360,76
S10,46.186060,21.301110,77
S10,46.186580,21.301470,78
S10,46.187070,21.301830,79
S10,46.187880,21.302470,80
S10,46.188630,21.303040,81
S10,46.188630,21.303040,82
S10,46.190020,21.304150,83
S10,46.190130,21.304390,84
S10,46.190330,21.304990,85
S10,46.190660,21.305870,86
S10,46.190970,21.306570,87
S10,46.191200,21.307060,88
S10,46.191500,21.307330,89
S10,46.191940,21.307660,90
S10,46.192180,21.307670,91
S10,46.192380,21.307470,92
S10,46.192510,21.307320,93
S10,46.192560,21.307260,94
S10,46.193230,21.305600,95
S10,46.193540,21.304850,96
S10,46.193720,21.304490,97
S10,46.194500,21.302610,98
S10,46.194950,21.301620,99
S10,46.195210,21.300890,100
S10,46.195210,21.300890,101
S10,46.195620,21.299900,102
S10,46.195810,21.299550,103
S10,46.196030,21.299240,104
S10,46.196720,21.298460,105
S10,46.197690,21.297350,106
S10,46.198400,21.296600,107
S10,46.198780,21.296100,108
S10,46.199070,21.295680,109
S10,46.200000,21.294170,110
S10,46.200000,21.294170,111
S10,46.200540,21.293110,112
S10,46.200990,21.292780,113
S10,46.203430,21.293270,114
S10,46.203600,21.292950,115
S10,46.203490,21.292610,116
S10,46.202730,21.291680,117
S11,46.202790,21.342410,1
S11,46.202740,21.342510,2
S11,46.201560,21.341190,3
S11,46.200830,21.340380,4
S11,46.200350,21.339830,5
S11,46.199840,21.339280,6
S11,46.199480,21.338860,7
S11,46.197070,21.336220,8
S11,46.195160,21.334140,9
S11,46.195130,21.334110,10
S11,46.192830,21.331590,11
S11,46.192460,21.331170,12
S11,46.192050,21.330750,13
S11,46.191900,21.330610,14
S11,46.191480,21.330300,15
S11,46.191480,21.330300,16
S11,46.190580,21.329680,17
S11,46.189760,21.329250,18
S11,46.187180,21.327860,19
S11,46.185630,21.327080,20
S11,46.185470,21.327000,21
S11,46.185410,21.326940,22
S11,46.185160,21.326680,23
S11,46.185060,21.326470,24
S11,46.184980,21.325900,25
S11,46.184940,21.325600,26
S11,46.185360,21.325280,27
S11,46.185540,21.325190,28
S11,46.185680,21.325180,29
S11,46.185860,21.325190,30
S11,46.187200,21.325750,31
S11,46.187410,21.325800,32
S11,46.187590,21.325780,33
S11,46.187990,21.325700,34
S11,46.188190,21.325650,35
S11,46.188370,21.325520,36
S11,46.188550,21.325360,37
S11,46.188630,21.325240,38
S11,46.189000,21.324540,39
S11,46.189000,21.324530,40
S11,46.189190,21.324130,41
S11,46.189230,21.323890,42
S11,46.189310,21.323240,43
S11,46.189540,21.321950,44
S11,46.189870,21.320320,45
S11,46.190070,21.319300,46
S11,46.190070,21.319300,47
S11,46.191150,21.313940,48
S11,46.191400,21.312660,49
S11,46.191780,21.310870,50
S11,46.192220,21.308780,51
S11,46.192350,21.308030,52
S11,46.192410,21.307720,53
S11,46.192490,21.307460,54
S11,46.192790,21.306680,55
S11,46.193480,21.305010,56
S11,46.193560,21.304810,57
S11,46.193950,21.303930,58
S11,46.194670,21.302260,59
S11,46.194950,21.301620,60
S11,46.195210,21.300890,61
S11,46.195210,21.300890,62
S11,46.195620,21.299900,63
S11,46.195810,21.299550,64
S11,46.196030,21.299240,65
S11,46.196720,21.298460,66
S11,46.197690,21.297350,67
S11,46.198400,21.296600,68
S11,46.198780,21.296100,69
S11,46.199070,21.295680,70
S11,46.200000,21.294170,71
S11,46.200000,21.294170,72
S11,46.200620,21.292980,73
S11,46.201300,21.292810,74
S11,46.203370,21.293280,75
S11,46.203590,21.293060,76
S11,46.203490,21.292610,77
S11,46.202730,21.291680,78
S12,46.202820,21.291730,1
S12,46.202750,21.291640,2
S12,46.202770,21.291600,3
S12,46.202400,21.291130,4
S12,46.202270,21.291060,5
S12,46.201740,21.290880,6
S12,46.201600,21.290860,7
S12,46.201490,21.290900,8
S12,46.201380,21.291010,9
S12,46.201280,21.291230,10
S12,46.200940,21.292070,11
S12,46.200850,21.292260,12
S12,46.200420,21.292990,13
S12,46.199650,21.294260,14
S12,46.198980,21.295420,15
S12,46.198930,21.295500,16
S12,46.198700,21.295860,17
S12,46.198320,21.296370,18
S12,46.197090,21.297760,19
S12,46.195610,21.299450,20
S12,46.195240,21.300270,21
S12,46.194780,21.301460,22
S12,46.194560,21.301970,23
S12,46.194560,21.301970,24
S12,46.193080,21.305530,25
S12,46.192870,21.305980,26
S12,46.192700,21.306290,27
S12,46.192180,21.307070,28
S12,46.192000,21.307380,29
S12,46.191920,21.307560,30
S12,46.191890,21.307720,31
S12,46.191820,21.308800,32
S12,46.191780,21.309130,33
S12,46.191780,21.309140,34
S12,46.191700,21.310120,35
S12,46.191210,21.312780,36
S12,46.190060,21.318640,37
S12,46.190060,21.318650,38
S12,46.189430,21.321940,39
S12,46.189260,21.322800,40
S12,46.189080,21.323610,41
S12,46.188980,21.323910,42
S12,46.188860,21.324140,43
S12,46.188520,21.324730,44
S12,46.188320,21.325030,45
S12,46.188060,21.325270,46
S12,46.187880,21.325420,47
S12,46.187650,21.325540,48
S12,46.187460,21.325570,49
S12,46.187340,21.325570,50
S12,46.187230,21.325550,51
S12,46.186840,21.325420,52
S12,46.186220,21.325170,53
S12,46.185630,21.324910,54
S12,46.185210,21.324770,55
S12,46.185200,21.324840,56
S12,46.185200,21.324840,57
S12,46.184940,21.325110,58
S12,46.184860,21.325380,59
S12,46.184920,21.325860,60
S12,46.185010,21.326420,61
S12,46.185070,21.326620,62
S12,46.185220,21.326840,63
S12,46.185570,21.327060,64
S12,46.186170,21.327350,65
S12,46.186820,21.327690,66
S12,46.188040,21.328330,67
S12,46.189100,21.328900,68
S12,46.189780,21.329250,69
S12,46.190270,21.329510,70
S12,46.190780,21.329780,71
S12,46.191250,21.330040,72
S12,46.191750,21.330380,73
S12,46.191750,21.330380,74
S12,46.191720,21.330470,75
S12,46.191970,21.330670,76
S12,46.192460,21.331170,77
S12,46.193420,21.332230,78
S12,46.195240,21.334230,79
S12,46.195240,21.334230,80
S12,46.197070,21.336220,81
S12,46.199550,21.338940,82
S12,46.199620,21.339030,83
S12,46.199620,21.339030,84
S12,46.200350,21.339830,85
S12,46.200830,21.340380,86
S12,46.201560,21.341190,87
S12,46.203060,21.342870,88
S13,46.202790,21.342410,1
S13,46.202740,21.342510,2
S13,46.201560,21.341190,3
S13,46.200830,21.340380,4
S13,46.200350,21.339830,5
S13,46.199840,21.339280,6
S13,46.199480,21.338860,7
S13,46.197070,21.336220,8
S13,46.195160,21.334140,9
S13,46.195130,21.334110,10
S13,46.193080,21.331850,11
S13,46.192460,21.331170,12
S13,46.191970,21.330670,13
S13,46.191640,21.330420,14
S13,46.191480,21.330300,15
S13,46.191480,21.330300,16
S13,46.190580,21.329680,17
S13,46.189760,21.329250,18
S13,46.187180,21.327860,19
S13,46.185630,21.327080,20
S13,46.185470,21.327000,21
S13,46.185410,21.326940,22
S13,46.185160,21.326680,23
S13,46.185060,21.326470,24
S13,46.184900,21.325320,25
S13,46.184860,21.325090,26
S13,46.184780,21.324850,27
S13,46.184730,21.324750,28
S13,46.184570,21.324570,29
S13,46.184120,21.324370,30
S13,46.183800,21.324190,31
S13,46.183090,21.323630,32
S13,46.183090,21.323600,33
S13,46.183070,21.323550,34
S13,46.183030,21.323460,35
S13,46.182940,21.323360,36
S13,46.182860,21.323320,37
S13,46.182800,21.323320,38
S13,46.182770,21.323320,39
S13,46.182550,21.323060,40
S13,46.182080,21.322590,41
S13,46.182080,21.322590,42
S13,46.178710,21.320110,43
S13,46.178680,21.320090,44
S13,46.175320,21.317710,45
S13,46.175320,21.317710,46
S13,46.173730,21.316660,47
S13,46.172250,21.315820,48
S13,46.172210,21.315830,49
S13,46.171510,21.315950,50
S13,46.170400,21.316440,51
S13,46.169630,21.316880,52
S13,46.169120,21.317310,53
S13,46.168690,21.317780,54
S13,46.168390,21.318240,55
S13,46.168140,21.318670,56
S13,46.167950,21.319190,57
S13,46.167760,21.319650,58
S13,46.167440,21.320060,59
S14,46.167980,21.319790,1
S14,46.167930,21.319370,2
S14,46.168170,21.318770,3
S14,46.168370,21.318380,4
S14,46.168570,21.318050,5
S14,46.168780,21.317770,6
S14,46.169070,21.317430,7
S14,46.169330,21.317180,8
S14,46.169680,21.316930,9
S14,46.170330,21.316570,10
S14,46.170800,21.316330,11
S14,46.171530,21.316020,12
S14,46.171770,21.316070,13
S14,46.172190,21.316240,14
S14,46.172640,21.316450,15
S14,46.172660,21.316450,16
S14,46.172660,21.316440,17
S14,46.173310,21.316770,18
S14,46.173610,21.316970,19
S14,46.174480,21.317620,20
S14,46.175060,21.318060,21
S14,46.175390,21.318230,22
S14,46.175540,21.318310,23
S14,46.176360,21.318910,24
S14,46.176400,21.318780,25
S14,46.176400,21.318780,26
S14,46.178230,21.320070,27
S14,46.178230,21.320070,28
S14,46.180650,21.321930,29
S14,46.180650,21.321930,30
S14,46.183800,21.324370,31
S14,46.183970,21.324430,32
S14,46.184390,21.324630,33
S14,46.184600,21.324730,34
S14,46.184730,21.324870,35
S14,46.184810,21.325160,36
S14,46.184900,21.325770,37
S14,46.184970,21.326230,38
S14,46.185050,21.326570,39
S14,46.185120,21.326700,40
S14,46.185340,21.326930,41
S14,46.186720,21.327640,42
S14,46.187470,21.328020,43
S14,46.188780,21.328730,44
S14,46.189960,21.329350,45
S14,46.190750,21.329760,46
S14,46.191750,21.330380,47
S14,46.191750,21.330380,48
S14,46.195290,21.334130,49
S14,46.195290,21.334130,50
S14,46.199640,21.338990,51
S14,46.199640,21.338990,52
S14,46.203080,21.342830,53
S15,46.202880,21.291670,1
S15,46.202300,21.291080,2
S15,46.201720,21.290870,3
S15,46.201510,21.290860,4
S15,46.201410,21.290940,5
S15,46.200990,21.292120,6
S15,46.200990,21.292120,7
S15,46.199030,21.295490,8
S15,46.199030,21.295490,9
S15,46.198760,21.295900,10
S15,46.198510,21.296220,11
S15,46.195800,21.299270,12
S15,46.195340,21.300210,13
S15,46.194580,21.301990,14
S15,46.194580,21.301990,15
S15,46.192810,21.306320,16
S15,46.192670,21.306610,17
S15,46.192670,21.306610,18
S15,46.192310,21.307380,19
S15,46.192170,21.307530,20
S15,46.191970,21.307580,21
S15,46.191700,21.307430,22
S15,46.191250,21.307080,23
S15,46.190740,21.305980,24
S15,46.190080,21.304160,25
S15,46.189900,21.304000,26
S15,46.188980,21.303260,27
S15,46.188980,21.303260,28
S15,46.184980,21.300230,29
S15,46.184980,21.300230,30
S15,46.183450,21.299050,31
S15,46.183150,21.298620,32
S15,46.182770,21.298030,33
S15,46.182640,21.297930,34
S15,46.182170,21.297770,35
S15,46.182010,21.297630,36
S15,46.181660,21.297370,37
S15,46.180320,21.296690,38
S15,46.180320,21.296690,39
S15,46.176520,21.294830,40
S15,46.175030,21.294080,41
S15,46.174490,21.293790,42
S15,46.174490,21.293790,43
S15,46.173680,21.293640,44
S15,46.173160,21.293530,45
S15,46.172670,21.293320,46
S15,46.170650,21.292300,47
S15,46.169480,21.291730,48
S15,46.169470,21.291730,49
S15,46.166180,21.290100,50
S15,46.166060,21.290110,51
S15,46.165960,21.290230,52
S15,46.165920,21.290450,53
S15,46.165970,21.291210,54
S15,46.165970,21.291210,55
S15,46.166200,21.294890,56
S15,46.166200,21.294890,57
S15,46.166230,21.295760,58
S15,46.166510,21.300620,59
S15,46.166550,21.301170,60
S15,46.166650,21.302420,61
S15,46.166650,21.302420,62
S15,46.166800,21.305300,63
S15,46.166810,21.305860,64
S15,46.166810,21.305860,65
S15,46.166930,21.307620,66
S15,46.166940,21.308170,67
S15,46.167030,21.310610,68
S15,46.167010,21.310780,69
S15,46.166960,21.310880,70
S15,46.166820,21.310970,71
S15,46.166820,21.310970,72
S15,46.166650,21.311150,73
S15,46.166520,21.311340,74
S15,46.166470,21.311590,75
S15,46.166310,21.313050,76
S15,46.166230,21.313710,77
S15,46.166140,21.314380,78
S15,46.166080,21.314590,79
S15,46.165990,21.315090,80
S15,46.165990,21.315210,81
S15,46.166040,21.315380,82
S15,46.166040,21.315490,83
S15,46.165960,21.316160,84
S15,46.165900,21.316840,85
S15,46.165890,21.317170,86
S15,46.165890,21.317170,87
S15,46.165780,21.317900,88
S15,46.165610,21.319420,89
S15,46.165630,21.319600,90
S15,46.165730,21.319680,91
S15,46.166280,21.319860,92
S15,46.166770,21.320070,93
S15,46.166870,21.320170,94
S15,46.166990,21.320460,95
S15,46.167030,21.320740,96
S15,46.167220,21.320920,97
S15,46.167430,21.320890,98
S15,46.167550,21.320610,99
S15,46.167650,21.320050,100
S15,46.167860,21.319600,101
S15,46.167970,21.319400,102
S15,46.167970,21.319400,103
S15,46.168320,21.318450,104
S15,46.169060,21.317390,105
S15,46.170840,21.316330,106
S15,46.171580,21.315980,107
S15,46.172670,21.316400,108
S15,46.172670,21.316400,109
S15,46.176400,21.318780,110
S15,46.176400,21.318780,111
S15,46.178230,21.320070,112
S15,46.178230,21.320070,113
S15,46.180470,21.321720,114
S15,46.180650,21.321930,115
S15,46.180650,21.321930,116
S15,46.180850,21.322060,117
S15,46.183160,21.323790,118
S15,46.183800,21.324370,119
S15,46.184650,21.324750,120
S15,46.185680,21.325110,121
S15,46.185680,21.325110,122
S15,46.186160,21.325240,123
S15,46.187060,21.325620,124
S15,46.187520,21.325670,125
S15,46.187930,21.325540,126
S15,46.188500,21.325020,127
S15,46.188880,21.324420,128
S15,46.188880,21.324420,129
S15,46.189130,21.323830,130
S15,46.190020,21.319280,131
S15,46.190020,21.319280,132
S15,46.191210,21.313270,133
S15,46.191850,21.310070,134
S15,46.192320,21.307670,135
S15,46.192730,21.306630,136
S15,46.192730,21.306630,137
S15,46.194720,21.301800,138
S15,46.195140,21.300840,139
S15,46.195660,21.299630,140
S15,46.195860,21.299310,141
S15,46.196350,21.298740,142
S15,46.197460,21.297490,143
S15,46.198590,21.296210,144
S15,46.198930,21.295760,145
S15,46.199390,21.294990,146
S15,46.200000,21.294170,147
S15,46.200000,21.294170,148
S15,46.200530,21.293150,149
S15,46.200770,21.292990,150
S15,46.201260,21.292810,151
S15,46.201510,21.292860,152
S15,46.203280,21.293250,153
S15,46.203370,21.293250,154
S15,46.203490,21.293180,155
S15,46.203570,21.293040,156
S15,46.203490,21.292610,157
S15,46.202730,21.291680,158
S16,46.182330,21.325010,1
S16,46.181830,21.328260,2
S16,46.181450,21.330840,3
S16,46.181140,21.332970,4
S16,46.181140,21.332970,5
S16,46.180840,21.334960,6
S16,46.180620,21.336480,7
S16,46.180450,21.337610,8
S16,46.180420,21.338070,9
S16,46.180430,21.338710,10
S16,46.180520,21.339290,11
S16,46.180680,21.340100,12
S16,46.180720,21.340570,13
S16,46.180740,21.341050,14
S16,46.180710,21.341770,15
S16,46.180640,21.342300,16
S16,46.180400,21.343430,17
S16,46.180200,21.344300,18
S16,46.180200,21.344300,19
S16,46.179080,21.349170,20
S16,46.179050,21.349160,21
S16,46.179050,21.349160,22
S16,46.177450,21.356190,23
S16,46.177450,21.356190,24
S16,46.176680,21.360080,25
S16,46.176680,21.360080,26
S16,46.175450,21.365730,27
S16,46.175450,21.365730,28
S16,46.175400,21.365710,29
S16,46.175260,21.366430,30
S16,46.175270,21.366570,31
S16,46.174790,21.368800,32
S16,46.174370,21.370640,33
S16,46.174250,21.371290,34
S16,46.174160,21.371450,35
S16,46.174110,21.371670,36
S16,46.174050,21.371790,37
S16,46.173980,21.371900,38
S16,46.173930,21.371950,39
S16,46.173840,21.371990,40
S16,46.173790,21.371980,41
S16,46.173690,21.371980,42
S16,46.173620,21.372010,43
S16,46.173570,21.372050,44
S16,46.173500,21.372150,45
S16,46.173450,21.372340,46
S16,46.173470,21.372530,47
S16,46.173530,21.372680,48
S16,46.173590,21.372750,49
S16,46.173620,21.372770,50
S16,46.173660,21.372850,51
S16,46.173690,21.373180,52
S16,46.173680,21.373690,53
S16,46.173720,21.373810,54
S16,46.173700,21.373950,55
S16,46.173460,21.375280,56
S16,46.173190,21.376520,57
S16,46.173030,21.377140,58
S16,46.172710,21.378070,59
S16,46.172560,21.378440,60
S16,46.172520,21.378520,61
S16,46.172500,21.378750,62
S16,46.172480,21.378900,63
S16,46.172440,21.379160,64
S16,46.172400,21.379290,65
S16,46.171880,21.380370,66
S16,46.170730,21.383230,67
S16,46.170520,21.383880,68
S16,46.170040,21.385000,69
S16,46.169710,21.385920,70
S16,46.169620,21.386140,71
S16,46.169490,21.386350,72
S16,46.169320,21.386480,73
S16,46.169230,21.386540,74
S16,46.169000,21.387140,75
S16,46.168580,21.388330,76
S16,46.168400,21.388690,77
S16,46.168330,21.388830,78
S16,46.168240,21.388950,79
S16,46.168090,21.389060,80
S16,46.168060,21.389050,81
S16,46.168000,21.389050,82
S16,46.167940,21.389070,83
S16,46.167880,21.389140,84
S16,46.167860,21.389180,85
S16,46.167780,21.389190,86
S16,46.167630,21.389270,87
S16,46.167240,21.389450,88
S16,46.166570,21.389740,89
S16,46.166430,21.389750,90
S16,46.166330,21.389750,91
S16,46.166540,21.389750,92
S16,46.166860,21.389620,93
S16,46.167610,21.389280,94
S16,46.167630,21.389270,95
S16,46.167850,21.389420,96
S16,46.167880,21.389500,97
S16,46.167930,21.389590,98
S16,46.167980,21.389850,99
S16,46.167900,21.390440,100
S16,46.167740,21.391090,101
S16,46.166940,21.393530,102
S16,46.166480,21.395120,103
S16,46.165950,21.396850,104
S16,46.165570,21.398140,105
S16,46.165650,21.398190,106
S16,46.163370,21.405360,107
S16,46.163300,21.405320,108
S16,46.162770,21.406990,109
S16,46.161770,21.410030,110
S16,46.160890,21.412940,111
S16,46.160300,21.414990,112
S16,46.160100,21.415730,113
S16,46.159220,21.419040,114
S16,46.158800,21.420760,115
S16,46.158190,21.423120,116
S16,46.157860,21.424470,117
S16,46.157160,21.427350,118
S16,46.157120,21.428120,119
S17,46.157120,21.428120,1
S17,46.157210,21.427160,2
S17,46.157930,21.424190,3
S17,46.158380,21.422410,4
S17,46.158720,21.421090,5
S17,46.159080,21.419570,6
S17,46.160150,21.415550,7
S17,46.161000,21.412520,8
S17,46.161170,21.412000,9
S17,46.161770,21.410030,10
S17,46.162400,21.408100,11
S17,46.163100,21.405970,12
S17,46.163370,21.405100,13
S17,46.163480,21.405170,14
S17,46.165840,21.397640,15
S17,46.165740,21.397580,16
S17,46.165950,21.396850,17
S17,46.166480,21.395120,18
S17,46.166940,21.393530,19
S17,46.166890,21.393510,20
S17,46.166830,21.393500,21
S17,46.166580,21.393620,22
S17,46.166190,21.393820,23
S17,46.165760,21.394030,24
S17,46.165700,21.394060,25
S17,46.165650,21.393550,26
S17,46.165620,21.393230,27
S17,46.165610,21.393100,28
S17,46.165640,21.392630,29
S17,46.165720,21.391590,30
S17,46.165860,21.390270,31
S17,46.165880,21.390110,32
S17,46.165900,21.390110,33
S17,46.165930,21.390110,34
S17,46.166000,21.390070,35
S17,46.166060,21.390000,36
S17,46.166090,21.389900,37
S17,46.166100,21.389790,38
S17,46.166090,21.389730,39
S17,46.166330,21.389750,40
S17,46.166330,21.389750,41
S17,46.166540,21.389750,42
S17,46.166860,21.389620,43
S17,46.167610,21.389280,44
S17,46.167630,21.389270,45
S17,46.167850,21.389420,46
S17,46.167880,21.389500,47
S17,46.167930,21.389590,48
S17,46.168030,21.389620,49
S17,46.168110,21.389600,50
S17,46.168150,21.389570,51
S17,46.168200,21.389500,52
S17,46.168230,21.389400,53
S17,46.168230,21.389350,54
S17,46.168310,21.389120,55
S17,46.168480,21.388690,56
S17,46.168580,21.388330,57
S17,46.169000,21.387140,58
S17,46.169230,21.386540,59
S17,46.169320,21.386480,60
S17,46.169400,21.386420,61
S17,46.169490,21.386350,62
S17,46.169620,21.386140,63
S17,46.169710,21.385920,64
S17,46.170040,21.385000,65
S17,46.170520,21.383880,66
S17,46.170730,21.383230,67
S17,46.171880,21.380370,68
S17,46.172400,21.379290,69
S17,46.172440,21.379160,70
S17,46.172500,21.378750,71
S17,46.172520,21.378520,72
S17,46.172560,21.378440,73
S17,46.172710,21.378070,74
S17,46.173030,21.377140,75
S17,46.173190,21.376520,76
S17,46.173460,21.375280,77
S17,46.173700,21.373950,78
S17,46.173720,21.373810,79
S17,46.173770,21.373700,80
S17,46.173790,21.372940,81
S17,46.173830,21.372800,82
S17,46.173870,21.372770,83
S17,46.173910,21.372740,84
S17,46.174010,21.372580,85
S17,46.174040,21.372360,86
S17,46.174150,21.371910,87
S17,46.174260,21.371500,88
S17,46.174250,21.371290,89
S17,46.174450,21.370280,90
S17,46.174880,21.368310,91
S17,46.175270,21.366570,92
S17,46.175340,21.366470,93
S17,46.175370,21.366350,94
S17,46.175650,21.365210,95
S17,46.175650,21.365200,96
S17,46.176770,21.360050,97
S17,46.176770,21.360050,98
S17,46.177680,21.355920,99
S17,46.177680,21.355910,100
S17,46.178360,21.352860,101
S17,46.178720,21.351260,102
S17,46.179090,21.349760,103
S17,46.179550,21.347780,104
S17,46.179550,21.347780,105
S17,46.180080,21.345440,106
S17,46.180330,21.344370,107
S17,46.180330,21.344370,108
S17,46.180670,21.342770,109
S17,46.180750,21.342410,110
S17,46.180830,21.341870,111
S17,46.180860,21.341280,112
S17,46.180840,21.340670,113
S17,46.180800,21.340090,114
S17,46.180720,21.339630,115
S17,46.180590,21.339010,116
S17,46.180540,21.338620,117
S17,46.180530,21.338160,118
S17,46.180580,21.337540,119
S17,46.180890,21.335450,120
S17,46.181170,21.333610,121
S17,46.181130,21.333600,122
S17,46.182390,21.325030,123
S18,46.182390,21.325030,1
S18,46.181120,21.332960,2
S18,46.181120,21.332960,3
S18,46.180420,21.337650,4
S18,46.180400,21.338790,5
S18,46.180720,21.340620,6
S18,46.180650,21.342110,7
S18,46.180190,21.344290,8
S18,46.180190,21.344290,9
S18,46.179050,21.349160,10
S18,46.179050,21.349160,11
S18,46.177450,21.356190,12
S18,46.177450,21.356190,13
S18,46.176840,21.359140,14
S18,46.176680,21.360080,15
S18,46.176680,21.360080,16
S18,46.176410,21.361140,17
S18,46.175580,21.364960,18
S18,46.175450,21.365730,19
S18,46.175450,21.365730,20
S18,46.174170,21.371480,21
S18,46.173900,21.371990,22
S18,46.173600,21.372000,23
S18,46.173430,21.372350,24
S18,46.173350,21.372950,25
S18,46.172690,21.375990,26
S18,46.172120,21.378060,27
S18,46.170800,21.377810,28
S18,46.169240,21.377580,29
S18,46.168960,21.378430,30
S18,46.169220,21.378610,31
S18,46.169350,21.378230,32
S18,46.169350,21.378230,33
S18,46.169490,21.377800,34
S18,46.170380,21.378470,35
S18,46.170620,21.377810,36
S18,46.172150,21.378120,37
S18,46.173440,21.372870,38
S18,46.173600,21.372730,39
S18,46.173690,21.372940,40
S18,46.173690,21.373750,41
S18,46.173110,21.376790,42
S18,46.172490,21.378660,43
S18,46.172400,21.379250,44
S18,46.170990,21.382480,45
S18,46.169580,21.386210,46
S18,46.169220,21.386470,47
S18,46.168490,21.388530,48
S18,46.168100,21.389030,49
S18,46.166330,21.389820,50
S18,46.166840,21.389670,51
S18,46.167690,21.389300,52
S18,46.167860,21.389430,53
S18,46.167960,21.389730,54
S18,46.167940,21.390240,55
S18,46.166960,21.393430,56
S18,46.165850,21.397180,57
S18,46.165650,21.398190,58
S18,46.165650,21.398190,59
S18,46.165330,21.398860,60
S18,46.163940,21.403130,61
S18,46.163370,21.405360,62
S18,46.163370,21.405360,63
S18,46.162740,21.407000,64
S18,46.160970,21.412480,65
S18,46.159970,21.416110,66
S18,46.158830,21.420400,67
S18,46.157490,21.425810,68
S18,46.157220,21.427020,69
S18,46.157260,21.427400,70
S18,46.157120,21.428120,71
S19,46.156450,21.593670,1
S19,46.155810,21.593650,2
S19,46.155610,21.593350,3
S19,46.155410,21.589820,4
S19,46.155130,21.586920,5
S19,46.154990,21.586310,6
S19,46.154420,21.584780,7
S19,46.154250,21.583500,8
S19,46.153950,21.578020,9
S19,46.153600,21.573490,10
S19,46.151110,21.562320,11
S19,46.150270,21.558940,12
S19,46.149550,21.554380,13
S19,46.149400,21.553360,14
S19,46.148950,21.551640,15
S19,46.145120,21.543760,16
S19,46.138940,21.531620,17
S19,46.140980,21.524140,18
S19,46.140980,21.524140,19
S19,46.141540,21.521260,20
S19,46.145140,21.510380,21
S19,46.145920,21.480680,22
S19,46.145920,21.480680,23
S19,46.146220,21.473590,24
S19,46.148000,21.465370,25
S19,46.148000,21.465370,26
S19,46.149050,21.461010,27
S19,46.149670,21.458430,28
S19,46.150210,21.456230,29
S19,46.152540,21.446410,30
S19,46.154630,21.437730,31
S19,46.155340,21.434770,32
S19,46.155510,21.434080,33
S19,46.155690,21.433530,34
S19,46.155850,21.432790,35
S19,46.155980,21.432340,36
S19,46.156380,21.430630,37
S19,46.156430,21.430340,38
S19,46.156500,21.429840,39
S19,46.156530,21.429820,40
S19,46.156580,21.429770,41
S19,46.156620,21.429690,42
S19,46.156660,21.429580,43
S19,46.156660,21.429420,44
S19,46.156640,21.429340,45
S19,46.156630,21.429250,46
S19,46.156650,21.429150,47
S19,46.156700,21.429030,48
S19,46.156810,21.428740,49
S19,46.156890,21.428460,50
S19,46.157000,21.428050,51
S19,46.157640,21.425370,52
S19,46.158100,21.423490,53
S19,46.158720,21.421090,54
S19,46.159080,21.419570,55
S19,46.159770,21.416960,56
S19,46.160150,21.415550,57
S19,46.160740,21.413460,58
S19,46.161000,21.412520,59
S19,46.161170,21.412000,60
S19,46.161770,21.410030,61
S19,46.162400,21.408100,62
S19,46.163100,21.405970,63
S19,46.163370,21.405100,64
S19,46.163480,21.405170,65
S19,46.163960,21.403210,66
S19,46.165840,21.397640,67
S19,46.165740,21.397580,68
S19,46.165950,21.396850,69
S19,46.166480,21.395120,70
S19,46.166940,21.393530,71
S19,46.166890,21.393510,72
S19,46.166830,21.393500,73
S19,46.166580,21.393620,74
S19,46.166190,21.393820,75
S19,46.165760,21.394030,76
S19,46.165700,21.394060,77
S19,46.165650,21.393550,78
S19,46.165620,21.393230,79
S19,46.165610,21.393100,80
S19,46.165640,21.392630,81
S19,46.165720,21.391590,82
S19,46.165860,21.390270,83
S19,46.165880,21.390110,84
S19,46.165900,21.390110,85
S19,46.165930,21.390110,86
S19,46.166000,21.390070,87
S19,46.166060,21.390000,88
S19,46.166090,21.389900,89
S19,46.166100,21.389790,90
S19,46.166090,21.389730,91
S19,46.166330,21.389750,92
S19,46.166330,21.389750,93
S19,46.166540,21.389750,94
S19,46.166860,21.389620,95
S19,46.167610,21.389280,96
S19,46.167630,21.389270,97
S19,46.167850,21.389420,98
S19,46.167880,21.389500,99
S19,46.167930,21.389590,100
S19,46.168030,21.389620,101
S19,46.168110,21.389600,102
S19,46.168150,21.389570,103
S19,46.168200,21.389500,104
S19,46.168230,21.389400,105
S19,46.168230,21.389350,106
S19,46.168310,21.389120,107
S19,46.168480,21.388690,108
S19,46.168580,21.388330,109
S19,46.169000,21.387140,110
S19,46.169230,21.386540,111
S19,46.169320,21.386480,112
S19,46.169400,21.386420,113
S19,46.169490,21.386350,114
S19,46.169620,21.386140,115
S19,46.169710,21.385920,116
S19,46.170040,21.385000,117
S19,46.170520,21.383880,118
S19,46.170730,21.383230,119
S19,46.171880,21.380370,120
S19,46.172400,21.379290,121
S19,46.172440,21.379160,122
S19,46.172500,21.378750,123
S19,46.172520,21.378520,124
S19,46.172560,21.378440,125
S19,46.172710,21.378070,126
S19,46.173030,21.377140,127
S19,46.173190,21.376520,128
S19,46.173460,21.375280,129
S19,46.173700,21.373950,130
S19,46.173720,21.373810,131
S19,46.173770,21.373700,132
S19,46.173790,21.372940,133
S19,46.173830,21.372800,134
S19,46.173870,21.372770,135
S19,46.173910,21.372740,136
S19,46.174010,21.372580,137
S19,46.174040,21.372360,138
S19,46.174150,21.371910,139
S19,46.174260,21.371500,140
S19,46.174250,21.371290,141
S19,46.174450,21.370280,142
S19,46.174880,21.368310,143
S19,46.175270,21.366570,144
S19,46.175340,21.366470,145
S19,46.175370,21.366350,146
S19,46.175650,21.365210,147
S19,46.175650,21.365200,148
S19,46.176770,21.360050,149
S19,46.176770,21.360050,150
S19,46.177680,21.355920,151
S19,46.177680,21.355910,152
S19,46.178360,21.352860,153
S19,46.178720,21.351260,154
S19,46.179090,21.349760,155
S19,46.179550,21.347780,156
S19,46.179550,21.347780,157
S19,46.180080,21.345440,158
S19,46.180330,21.344370,159
S19,46.180330,21.344370,160
S19,46.180670,21.342770,161
S19,46.180750,21.342410,162
S19,46.180830,21.341870,163
S19,46.180860,21.341280,164
S19,46.180840,21.340670,165
S19,46.180800,21.340090,166
S19,46.180720,21.339630,167
S19,46.180590,21.339010,168
S19,46.180540,21.338620,169
S19,46.180530,21.338160,170
S19,46.180580,21.337540,171
S19,46.180890,21.335450,172
S19,46.181170,21.333610,173
S19,46.181130,21.333600,174
S19,46.181900,21.329130,175
S19,46.182390,21.325570,176
S19,46.182650,21.324670,177
S19,46.183110,21.323610,178
S19,46.182700,21.323350,179
S19,46.182430,21.324490,180
S19,46.182390,21.325030,181
S20,46.182390,21.325030,1
S20,46.181120,21.332960,2
S20,46.181120,21.332960,3
S20,46.180190,21.344290,4
S20,46.180190,21.344290,5
S20,46.179050,21.349160,6
S20,46.179050,21.349160,7
S20,46.177450,21.356190,8
S20,46.177450,21.356190,9
S20,46.176680,21.360080,10
S20,46.176680,21.360080,11
S20,46.175450,21.365730,12
S20,46.175450,21.365730,13
S20,46.174120,21.371640,14
S20,46.173880,21.372000,15
S20,46.173680,21.371980,16
S20,46.173490,21.372170,17
S20,46.173380,21.372700,18
S20,46.173350,21.373000,19
S20,46.173120,21.374020,20
S20,46.172680,21.375950,21
S20,46.172120,21.378030,22
S20,46.169820,21.377680,23
S20,46.169250,21.377640,24
S20,46.168980,21.378420,25
S20,46.169220,21.378610,26
S20,46.169350,21.378230,27
S20,46.169350,21.378230,28
S20,46.169490,21.377820,29
S20,46.170390,21.378460,30
S20,46.170620,21.377820,31
S20,46.172150,21.378080,32
S20,46.172670,21.376270,33
S20,46.173180,21.373990,34
S20,46.173420,21.372860,35
S20,46.173550,21.372710,36
S20,46.173680,21.372980,37
S20,46.173700,21.373940,38
S20,46.173090,21.376960,39
S20,46.172500,21.378570,40
S20,46.172420,21.379230,41
S20,46.171600,21.381040,42
S20,46.169590,21.386210,43
S20,46.169230,21.386530,44
S20,46.168460,21.388640,45
S20,46.168160,21.389030,46
S20,46.167960,21.389080,47
S20,46.167730,21.389200,48
S20,46.166330,21.389820,49
S20,46.166790,21.389680,50
S20,46.167660,21.389300,51
S20,46.167840,21.389410,52
S20,46.167960,21.389660,53
S20,46.167910,21.390410,54
S20,46.166810,21.393970,55
S20,46.165650,21.398190,56
S20,46.165650,21.398190,57
S20,46.164020,21.402970,58
S20,46.163370,21.405360,59
S20,46.163370,21.405360,60
S20,46.163010,21.406190,61
S20,46.160970,21.412650,62
S20,46.159810,21.416820,63
S20,46.158620,21.421440,64
S20,46.156770,21.428780,65
S20,46.156580,21.429120,66
S20,46.156250,21.429300,67
S20,46.156220,21.429570,68
S20,46.156350,21.429850,69
S20,46.156430,21.430260,70
S20,46.154900,21.436510,71
S20,46.152050,21.448350,72
S20,46.149740,21.458090,73
S20,46.148640,21.462640,74
S20,46.148120,21.464810,75
S20,46.148160,21.465460,76
S20,46.147710,21.466500,77
S20,46.146700,21.470880,78
S20,46.146360,21.472550,79
S20,46.146110,21.474390,80
S20,46.145940,21.479350,81
S20,46.146020,21.480730,82
S20,46.145830,21.481360,83
S20,46.145670,21.486350,84
S20,46.145500,21.491840,85
S20,46.144950,21.510760,86
S20,46.143820,21.514360,87
S20,46.142170,21.519140,88
S20,46.141300,21.522210,89
S20,46.141070,21.524180,90
S20,46.141070,21.524180,91
S20,46.140160,21.527210,92
S20,46.138680,21.531310,93
S20,46.139590,21.532960,94
S20,46.143410,21.540580,95
S20,46.148940,21.551620,96
S20,46.150740,21.560900,97
S20,46.153610,21.574080,98
S20,46.154250,21.584060,99
S20,46.155080,21.586780,100
S20,46.155520,21.590330,101
S20,46.155650,21.593470,102
S20,46.155970,21.593740,103
S20,46.156450,21.593670,104
S21,46.156440,21.593610,1
S21,46.156390,21.593620,2
S21,46.156100,21.593690,3
S21,46.155910,21.593620,4
S21,46.155860,21.593600,5
S21,46.155810,21.593560,6
S21,46.155760,21.593520,7
S21,46.155690,21.593440,8
S21,46.155610,21.593350,9
S21,46.155570,21.592380,10
S21,46.155550,21.591560,11
S21,46.155540,21.591280,12
S21,46.155500,21.590370,13
S21,46.155360,21.589080,14
S21,46.155340,21.588880,15
S21,46.155330,21.588830,16
S21,46.155300,21.588570,17
S21,46.155240,21.588010,18
S21,46.155210,21.587780,19
S21,46.155160,21.587250,20
S21,46.155160,21.587200,21
S21,46.155150,21.587010,22
S21,46.155150,21.586930,23
S21,46.155130,21.586710,24
S21,46.155110,21.586580,25
S21,46.155100,21.586550,26
S21,46.155070,21.586450,27
S21,46.155030,21.586350,28
S21,46.154950,21.586200,29
S21,46.154940,21.586190,30
S21,46.154840,21.585930,31
S21,46.154830,21.585900,32
S21,46.154690,21.585540,33
S21,46.154580,21.585200,34
S21,46.154490,21.584940,35
S21,46.154450,21.584820,36
S21,46.154410,21.584690,37
S21,46.154360,21.584470,38
S21,46.154320,21.584330,39
S21,46.154310,21.584250,40
S21,46.154280,21.584080,41
S21,46.154270,21.584030,42
S21,46.154250,21.583780,43
S21,46.154240,21.583520,44
S21,46.154210,21.582800,45
S21,46.154190,21.582230,46
S21,46.154160,21.581710,47
S21,46.154090,21.580540,48
S21,46.154090,21.580470,49
S21,46.154030,21.579400,50
S21,46.154020,21.579140,51
S21,46.154000,21.578820,52
S21,46.153980,21.578540,53
S21,46.153980,21.578470,54
S21,46.153950,21.578080,55
S21,46.153950,21.578020,56
S21,46.153820,21.576020,57
S21,46.153760,21.575320,58
S21,46.153720,21.574680,59
S21,46.153690,21.574400,60
S21,46.153660,21.574140,61
S21,46.153630,21.573960,62
S21,46.153600,21.573760,63
S21,46.153550,21.573510,64
S21,46.153340,21.572530,65
S21,46.153140,21.571650,66
S21,46.152840,21.570250,67
S21,46.152690,21.569560,68
S21,46.152440,21.568410,69
S21,46.152300,21.567770,70
S21,46.151970,21.566280,71
S21,46.151510,21.564240,72
S21,46.151180,21.562690,73
S21,46.150840,21.561130,74
S21,46.150700,21.560620,75
S21,46.150480,21.559930,76
S21,46.150340,21.559360,77
S21,46.150120,21.558160,78
S21,46.149850,21.556730,79
S21,46.149740,21.555920,80
S21,46.149730,21.555800,81
S21,46.149700,21.555550,82
S21,46.149610,21.554700,83
S21,46.149560,21.554250,84
S21,46.149520,21.554040,85
S21,46.149490,21.553860,86
S21,46.149390,21.553440,87
S21,46.149230,21.552780,88
S21,46.149040,21.552020,89
S21,46.148970,21.551710,90
S21,46.148900,21.551490,91
S21,46.148810,21.551260,92
S21,46.148470,21.550580,93
S21,46.148320,21.550270,94
S21,46.148260,21.550160,95
S21,46.148240,21.550100,96
S21,46.147800,21.549220,97
S21,46.147270,21.548170,98
S21,46.147170,21.547950,99
S21,46.147110,21.547840,100
S21,46.147090,21.547800,101
S21,46.147060,21.547740,102
S21,46.146630,21.546880,103
S21,46.145300,21.544220,104
S21,46.142590,21.538810,105
S21,46.141670,21.536980,106
S21,46.141590,21.536820,107
S21,46.141560,21.536770,108
S21,46.141360,21.536380,109
S21,46.141120,21.535910,110
S21,46.141070,21.535810,111
S21,46.140040,21.533740,112
S21,46.139120,21.531910,113
S21,46.139070,21.531830,114
S21,46.139040,21.531760,115
S21,46.139010,21.531710,116
S21,46.138980,21.531670,117
S21,46.138950,21.531630,118
S21,46.138750,21.531420,119
S21,46.138680,21.531320,120
S21,46.138930,21.530650,121
S21,46.138980,21.530520,122
S21,46.139210,21.529900,123
S21,46.139300,21.529660,124
S21,46.139580,21.528910,125
S21,46.140080,21.527600,126
S21,46.140330,21.526890,127
S21,46.140500,21.526320,128
S21,46.140620,21.525870,129
S21,46.140680,21.525620,130
S21,46.140720,21.525430,131
S21,46.140730,21.525390,132
S21,46.140740,21.525290,133
S21,46.140840,21.524770,134
S21,46.140860,21.524610,135
S21,46.140950,21.524130,136
S21,46.140950,21.524130,137
S21,46.141060,21.523480,138
S21,46.141130,21.523050,139
S21,46.141190,21.522720,140
S21,46.141390,21.521880,141
S21,46.141480,21.521550,142
S21,46.141500,21.521470,143
S21,46.141610,21.521060,144
S21,46.141620,21.521000,145
S21,46.141740,21.520570,146
S21,46.141960,21.519790,147
S21,46.142070,21.519470,148
S21,46.142190,21.519130,149
S21,46.142390,21.518550,150
S21,46.142560,21.518120,151
S21,46.142760,21.517550,152
S21,46.142900,21.517180,153
S21,46.143360,21.515890,154
S21,46.143360,21.515870,155
S21,46.143430,21.515680,156
S21,46.143600,21.515190,157
S21,46.143950,21.514170,158
S21,46.144030,21.513950,159
S21,46.144180,21.513470,160
S21,46.144610,21.512150,161
S21,46.144730,21.511730,162
S21,46.144770,21.511620,163
S21,46.144800,21.511480,164
S21,46.144850,21.511310,165
S21,46.144890,21.511050,166
S21,46.144920,21.510860,167
S21,46.144950,21.510570,168
S21,46.144970,21.510400,169
S21,46.144980,21.510150,170
S21,46.145000,21.509680,171
S21,46.145050,21.507960,172
S21,46.145070,21.506650,173
S21,46.145140,21.504360,174
S21,46.145260,21.500420,175
S21,46.145380,21.496370,176
S21,46.145380,21.496260,177
S21,46.145560,21.490540,178
S21,46.145560,21.490480,179
S21,46.145610,21.488370,180
S21,46.145650,21.487550,181
S21,46.145660,21.487290,182
S21,46.145690,21.486090,183
S21,46.145720,21.485320,184
S21,46.145810,21.482460,185
S21,46.145880,21.480680,186
S21,46.145880,21.480680,187
S21,46.145920,21.479710,188
S21,46.146030,21.476920,189
S21,46.146040,21.476900,190
S21,46.146070,21.475820,191
S21,46.146090,21.475340,192
S21,46.146120,21.474590,193
S21,46.146150,21.474220,194
S21,46.146160,21.474170,195
S21,46.146160,21.474130,196
S21,46.146160,21.474100,197
S21,46.146190,21.473830,198
S21,46.146220,21.473570,199
S21,46.146270,21.473290,200
S21,46.146270,21.473230,201
S21,46.146280,21.473210,202
S21,46.146290,21.473130,203
S21,46.146290,21.473090,204
S21,46.146340,21.472840,205
S21,46.146410,21.472430,206
S21,46.146410,21.472420,207
S21,46.146500,21.472000,208
S21,46.146570,21.471670,209
S21,46.146620,21.471480,210
S21,46.146640,21.471360,211
S21,46.146660,21.471230,212
S21,46.146710,21.470860,213
S21,46.146810,21.470400,214
S21,46.147070,21.469290,215
S21,46.147270,21.468460,216
S21,46.147630,21.466930,217
S21,46.147690,21.466660,218
S21,46.147710,21.466570,219
S21,46.147760,21.466360,220
S21,46.147880,21.465880,221
S21,46.147970,21.465510,222
S21,46.148000,21.465370,223
S21,46.148000,21.465370,224
S21,46.148130,21.464850,225
S21,46.148350,21.463920,226
S21,46.148990,21.461230,227
S21,46.149050,21.461010,228
S21,46.149620,21.458630,229
S21,46.149670,21.458430,230
S21,46.149980,21.457140,231
S21,46.150210,21.456230,232
S21,46.150230,21.456170,233
S21,46.152540,21.446410,234
S21,46.153900,21.440750,235
S21,46.154500,21.438260,236
S21,46.154630,21.437730,237
S21,46.154940,21.436430,238
S21,46.155090,21.435770,239
S21,46.155230,21.435230,240
S21,46.155340,21.434770,241
S21,46.155450,21.434330,242
S21,46.155510,21.434080,243
S21,46.155690,21.433530,244
S21,46.155850,21.432790,245
S21,46.155980,21.432340,246
S21,46.156380,21.430630,247
S21,46.156390,21.430570,248
S21,46.156430,21.430340,249
S21,46.156500,21.429840,250
S21,46.156530,21.429820,251
S21,46.156540,21.429810,252
S21,46.156580,21.429770,253
S21,46.156600,21.429750,254
S21,46.156620,21.429690,255
S21,46.156650,21.429620,256
S21,46.156660,21.429580,257
S21,46.156660,21.429550,258
S21,46.156670,21.429470,259
S21,46.156670,21.429460,260
S21,46.156660,21.429420,261
S21,46.156650,21.429380,262
S21,46.156640,21.429340,263
S21,46.156630,21.429320,264
S21,46.156630,21.429250,265
S21,46.156640,21.429200,266
S21,46.156650,21.429150,267
S21,46.156680,21.429090,268
S21,46.156700,21.429030,269
S21,46.156750,21.428900,270
S21,46.156810,21.428740,271
S21,46.156820,21.428660,272
S21,46.156890,21.428460,273
S21,46.156940,21.428280,274
S21,46.157000,21.428050,275
S21,46.157490,21.425990,276
S21,46.157640,21.425370,277
S21,46.157860,21.424470,278
S21,46.157930,21.424190,279
S21,46.158020,21.423840,280
S21,46.158100,21.423490,281
S21,46.158190,21.423120,282
S21,46.158380,21.422410,283
S21,46.158570,21.421660,284
S21,46.158720,21.421090,285
S21,46.158800,21.420760,286
S21,46.159080,21.419570,287
S21,46.159220,21.419040,288
S21,46.159770,21.416960,289
S21,46.160100,21.415730,290
S21,46.160150,21.415550,291
S21,46.160300,21.414990,292
S21,46.160740,21.413460,293
S21,46.160890,21.412940,294
S21,46.161000,21.412520,295
S21,46.161160,21.412040,296
S21,46.161170,21.412000,297
S21,46.161770,21.410030,298
S21,46.162400,21.408100,299
S21,46.162770,21.406990,300
S21,46.163100,21.405970,301
S21,46.163370,21.405100,302
S21,46.163480,21.405170,303
S21,46.165840,21.397640,304
S21,46.165740,21.397580,305
S21,46.165800,21.397410,306
S21,46.165950,21.396850,307
S21,46.166200,21.396000,308
S21,46.166480,21.395120,309
S21,46.166940,21.393530,310
S21,46.167740,21.391090,311
S21,46.167780,21.391010,312
S21,46.167810,21.390920,313
S21,46.167890,21.390650,314
S21,46.167910,21.390570,315
S21,46.167950,21.390420,316
S21,46.168020,21.390120,317
S21,46.168110,21.389600,318
S21,46.168140,21.389580,319
S21,46.168150,21.389570,320
S21,46.168170,21.389550,321
S21,46.168180,21.389540,322
S21,46.168190,21.389520,323
S21,46.168200,21.389500,324
S21,46.168210,21.389470,325
S21,46.168220,21.389450,326
S21,46.168220,21.389430,327
S21,46.168230,21.389400,328
S21,46.168230,21.389380,329
S21,46.168230,21.389350,330
S21,46.168230,21.389320,331
S21,46.168230,21.389300,332
S21,46.168230,21.389270,333
S21,46.168230,21.389250,334
S21,46.168220,21.389220,335
S21,46.168210,21.389200,336
S21,46.168200,21.389180,337
S21,46.168190,21.389160,338
S21,46.168180,21.389140,339
S21,46.168170,21.389120,340
S21,46.168150,21.389100,341
S21,46.168140,21.389090,342
S21,46.168120,21.389080,343
S21,46.168090,21.389060,344
S21,46.168070,21.389050,345
S21,46.168060,21.389050,346
S21,46.168040,21.389040,347
S21,46.168030,21.389040,348
S21,46.168010,21.389040,349
S21,46.168000,21.389050,350
S21,46.167980,21.389050,351
S21,46.167970,21.389060,352
S21,46.167950,21.389060,353
S21,46.167940,21.389070,354
S21,46.167930,21.389080,355
S21,46.167920,21.389090,356
S21,46.167890,21.389120,357
S21,46.167880,21.389140,358
S21,46.167880,21.389150,359
S21,46.167870,21.389170,360
S21,46.167860,21.389180,361
S21,46.167800,21.389180,362
S21,46.167780,21.389190,363
S21,46.167710,21.389220,364
S21,46.167630,21.389270,365
S21,46.167610,21.389280,366
S21,46.167540,21.389310,367
S21,46.167410,21.389370,368
S21,46.167240,21.389450,369
S21,46.166860,21.389620,370
S21,46.166650,21.389700,371
S21,46.166610,21.389720,372
S21,46.166570,21.389740,373
S21,46.166540,21.389750,374
S21,46.166500,21.389750,375
S21,46.166450,21.389750,376
S21,46.166430,21.389750,377
S21,46.166330,21.389750,378
S21,46.166430,21.389750,379
S21,46.166450,21.389750,380
S21,46.166500,21.389750,381
S21,46.166540,21.389750,382
S21,46.166570,21.389740,383
S21,46.166610,21.389720,384
S21,46.166650,21.389700,385
S21,46.166860,21.389620,386
S21,46.167240,21.389450,387
S21,46.167410,21.389370,388
S21,46.167540,21.389310,389
S21,46.167610,21.389280,390
S21,46.167630,21.389270,391
S21,46.167850,21.389420,392
S21,46.167870,21.389460,393
S21,46.167880,21.389500,394
S21,46.167900,21.389550,395
S21,46.167930,21.389590,396
S21,46.167980,21.389610,397
S21,46.168030,21.389620,398
S21,46.168070,21.389620,399
S21,46.168110,21.389600,400
S21,46.168140,21.389580,401
S21,46.168150,21.389570,402
S21,46.168170,21.389550,403
S21,46.168180,21.389540,404
S21,46.168190,21.389520,405
S21,46.168200,21.389500,406
S21,46.168210,21.389470,407
S21,46.168220,21.389450,408
S21,46.168220,21.389430,409
S21,46.168230,21.389400,410
S21,46.168230,21.389380,411
S21,46.168230,21.389350,412
S21,46.168230,21.389320,413
S21,46.168310,21.389120,414
S21,46.168370,21.388980,415
S21,46.168480,21.388690,416
S21,46.168540,21.388520,417
S21,46.168540,21.388500,418
S21,46.168580,21.388330,419
S21,46.168810,21.387670,420
S21,46.169000,21.387140,421
S21,46.169230,21.386540,422
S21,46.169320,21.386480,423
S21,46.169380,21.386440,424
S21,46.169400,21.386420,425
S21,46.169450,21.386380,426
S21,46.169490,21.386350,427
S21,46.169520,21.386310,428
S21,46.169550,21.386270,429
S21,46.169580,21.386210,430
S21,46.169620,21.386140,431
S21,46.169670,21.386030,432
S21,46.169710,21.385920,433
S21,46.170040,21.385000,434
S21,46.170520,21.383880,435
S21,46.170680,21.383360,436
S21,46.170730,21.383230,437
S21,46.170900,21.382830,438
S21,46.171880,21.380370,439
S21,46.172200,21.379720,440
S21,46.172400,21.379290,441
S21,46.172420,21.379220,442
S21,46.172440,21.379160,443
S21,46.172450,21.379090,444
S21,46.172480,21.378900,445
S21,46.172490,21.378850,446
S21,46.172500,21.378750,447
S21,46.172520,21.378520,448
S21,46.172560,21.378440,449
S21,46.172590,21.378360,450
S21,46.172710,21.378070,451
S21,46.172760,21.377950,452
S21,46.172860,21.377660,453
S21,46.172950,21.377410,454
S21,46.173030,21.377140,455
S21,46.173080,21.376990,456
S21,46.173120,21.376840,457
S21,46.173150,21.376690,458
S21,46.173190,21.376520,459
S21,46.173260,21.376190,460
S21,46.173330,21.375860,461
S21,46.173400,21.375550,462
S21,46.173460,21.375280,463
S21,46.173490,21.375100,464
S21,46.173550,21.374800,465
S21,46.173630,21.374320,466
S21,46.173700,21.373950,467
S21,46.173710,21.373890,468
S21,46.173720,21.373810,469
S21,46.173770,21.373700,470
S21,46.173770,21.373690,471
S21,46.173770,21.373410,472
S21,46.173790,21.372980,473
S21,46.173790,21.372940,474
S21,46.173790,21.372900,475
S21,46.173800,21.372880,476
S21,46.173810,21.372850,477
S21,46.173830,21.372800,478
S21,46.173840,21.372790,479
S21,46.173850,21.372780,480
S21,46.173860,21.372780,481
S21,46.173870,21.372770,482
S21,46.173880,21.372770,483
S21,46.173890,21.372760,484
S21,46.173900,21.372750,485
S21,46.173910,21.372740,486
S21,46.173940,21.372710,487
S21,46.173960,21.372670,488
S21,46.173990,21.372630,489
S21,46.174010,21.372580,490
S21,46.174020,21.372530,491
S21,46.174030,21.372480,492
S21,46.174040,21.372420,493
S21,46.174040,21.372360,494
S21,46.174030,21.372300,495
S21,46.174020,21.372250,496
S21,46.174000,21.372200,497
S21,46.173990,21.372150,498
S21,46.173960,21.372110,499
S21,46.173930,21.372070,500
S21,46.173900,21.372040,501
S21,46.173870,21.372010,502
S21,46.173840,21.371990,503
S21,46.173810,21.371980,504
S21,46.173790,21.371980,505
S21,46.173770,21.371970,506
S21,46.173740,21.371970,507
S21,46.173720,21.371970,508
S21,46.173690,21.371980,509
S21,46.173670,21.371980,510
S21,46.173650,21.371990,511
S21,46.173630,21.372000,512
S21,46.173620,21.372010,513
S21,46.173610,21.372020,514
S21,46.173600,21.372030,515
S21,46.173580,21.372040,516
S21,46.173570,21.372050,517
S21,46.173560,21.372060,518
S21,46.173550,21.372080,519
S21,46.173530,21.372110,520
S21,46.173500,21.372150,521
S21,46.173490,21.372200,522
S21,46.173470,21.372240,523
S21,46.173460,21.372290,524
S21,46.173450,21.372340,525
S21,46.173450,21.372390,526
S21,46.173450,21.372440,527
S21,46.173400,21.372610,528
S21,46.173380,21.372690,529
S21,46.173350,21.372820,530
S21,46.173350,21.373010,531
S21,46.173220,21.373630,532
S21,46.172960,21.374850,533
S21,46.172800,21.375590,534
S21,46.172780,21.375710,535
S21,46.172730,21.375910,536
S21,46.172700,21.376070,537
S21,46.172680,21.376140,538
S21,46.172580,21.376510,539
S21,46.172540,21.376640,540
S21,46.172130,21.378080,541
S21,46.171240,21.377900,542
S21,46.171110,21.377870,543
S21,46.170620,21.377790,544
S21,46.170010,21.377700,545
S21,46.169320,21.377590,546
S21,46.169240,21.377590,547
S21,46.168970,21.378420,548
S21,46.169090,21.378510,549
S21,46.169220,21.378610,550
S21,46.169350,21.378230,551
S21,46.169350,21.378230,552
S21,46.169490,21.377800,553
S21,46.169880,21.378080,554
S21,46.170000,21.377740,555
S21,46.171100,21.377890,556
S21,46.172160,21.378110,557
S21,46.172780,21.375820,558
S21,46.173450,21.372800,559
S21,46.173600,21.372770,560
S21,46.173920,21.372790,561
S21,46.174050,21.372400,562
S21,46.174220,21.371620,563
S21,46.174280,21.371150,564
S21,46.175510,21.365730,565
S21,46.175620,21.365190,566
S21,46.176820,21.360070,567
S21,46.176820,21.360070,568
S21,46.177670,21.355910,569
S21,46.177670,21.355910,570
S21,46.179580,21.347790,571
S21,46.179580,21.347790,572
S21,46.180370,21.344390,573
S21,46.180370,21.344390,574
S21,46.180330,21.344370,575
S21,46.180670,21.342770,576
S21,46.180750,21.342410,577
S21,46.180830,21.341870,578
S21,46.180860,21.341280,579
S21,46.180840,21.340670,580
S21,46.180800,21.340090,581
S21,46.180720,21.339630,582
S21,46.180590,21.339010,583
S21,46.180540,21.338620,584
S21,46.180530,21.338160,585
S21,46.180580,21.337540,586
S21,46.180890,21.335450,587
S21,46.181170,21.333610,588
S21,46.181170,21.333610,589
S21,46.181690,21.330260,590
S21,46.182050,21.327740,591
S21,46.182340,21.325810,592
S21,46.182430,21.325310,593
S21,46.182470,21.325100,594
S21,46.182580,21.324770,595
S21,46.182900,21.324130,596
S21,46.183030,21.324020,597
S21,46.183090,21.323830,598
S21,46.183100,21.323720,599
S21,46.183080,21.323580,600
S21,46.183010,21.323430,601
S21,46.182920,21.323350,602
S21,46.182850,21.323320,603
S21,46.182780,21.323320,604
S21,46.182700,21.323360,605
S21,46.182630,21.323410,606
S21,46.182560,21.323550,607
S21,46.182530,21.323740,608
S21,46.182540,21.323830,609
S21,46.182470,21.324060,610
S21,46.182330,21.325010,611
S22,46.182370,21.324720,1
S22,46.181830,21.328260,2
S22,46.181460,21.330850,3
S22,46.181130,21.332960,4
S22,46.181130,21.332970,5
S22,46.181140,21.332970,6
S22,46.180840,21.334960,7
S22,46.180620,21.336480,8
S22,46.180450,21.337610,9
S22,46.180420,21.338070,10
S22,46.180430,21.338710,11
S22,46.180520,21.339290,12
S22,46.180680,21.340100,13
S22,46.180720,21.340570,14
S22,46.180740,21.341050,15
S22,46.180710,21.341770,16
S22,46.180640,21.342300,17
S22,46.180400,21.343430,18
S22,46.180200,21.344300,19
S22,46.180200,21.344300,20
S22,46.179080,21.349170,21
S22,46.179050,21.349160,22
S22,46.179050,21.349160,23
S22,46.177450,21.356190,24
S22,46.177450,21.356190,25
S22,46.176680,21.360080,26
S22,46.176680,21.360080,27
S22,46.176630,21.360060,28
S22,46.176560,21.360390,29
S22,46.175210,21.359810,30
S22,46.172270,21.358500,31
S22,46.171170,21.358040,32
S22,46.171170,21.358040,33
S22,46.171070,21.357990,34
S22,46.170960,21.357850,35
S22,46.170860,21.357760,36
S22,46.170800,21.357570,37
S22,46.170770,21.357500,38
S22,46.171130,21.355910,39
S22,46.171300,21.355120,40
S22,46.171450,21.354490,41
S22,46.171450,21.354490,42
S22,46.171530,21.354100,43
S22,46.172040,21.351640,44
S22,46.172110,21.351310,45
S22,46.172130,21.351280,46
S22,46.172170,21.351240,47
S22,46.172440,21.350120,48
S22,46.172490,21.349780,49
S22,46.172510,21.349350,50
S22,46.172530,21.348830,51
S22,46.172790,21.348840,52
S22,46.173030,21.348810,53
S22,46.173030,21.348810,54
S22,46.173500,21.348710,55
S22,46.173940,21.348580,56
S22,46.174200,21.348450,57
S22,46.174660,21.348190,58
S22,46.175110,21.347910,59
S22,46.176120,21.346890,60
S22,46.176350,21.346600,61
S22,46.176830,21.345760,62
S22,46.177000,21.345420,63
S22,46.177000,21.345420,64
S22,46.178290,21.342680,65
S22,46.179090,21.341040,66
S22,46.179090,21.341040,67
S22,46.179700,21.339730,68
S22,46.180030,21.339020,69
S22,46.180340,21.338480,70
S22,46.180470,21.338230,71
S22,46.180800,21.337590,72
S22,46.180900,21.337270,73
S22,46.180970,21.336950,74
S22,46.181040,21.336400,75
S22,46.181040,21.335680,76
S22,46.181020,21.334590,77
S22,46.181090,21.334150,78
S22,46.181170,21.333610,79
S22,46.181170,21.333610,80
S22,46.181740,21.329820,81
S22,46.182340,21.325810,82
S22,46.182430,21.325310,83
S22,46.182470,21.325100,84
S22,46.182580,21.324770,85
S22,46.182700,21.324540,86
S22,46.182920,21.324200,87
S22,46.182960,21.324090,88
S22,46.183020,21.324050,89
S22,46.183080,21.323960,90
S22,46.183120,21.323730,91
S22,46.183110,21.323610,92
S22,46.183010,21.323460,93
S22,46.182840,21.323320,94
S22,46.182740,21.323330,95
S22,46.182640,21.323400,96
S22,46.182580,21.323490,97
S22,46.182540,21.323630,98
S22,46.182530,21.323770,99
S22,46.182540,21.323840,100
S22,46.182470,21.324060,101
S22,46.182370,21.324720,102
S23,46.182370,21.324720,1
S23,46.181830,21.328260,2
S23,46.181460,21.330850,3
S23,46.181130,21.332960,4
S23,46.181130,21.332970,5
S23,46.181140,21.332970,6
S23,46.180950,21.334180,7
S23,46.180910,21.334450,8
S23,46.180880,21.334510,9
S23,46.180560,21.335500,10
S23,46.180390,21.336190,11
S23,46.180160,21.337910,12
S23,46.180100,21.338280,13
S23,46.180000,21.338640,14
S23,46.179650,21.339420,15
S23,46.178940,21.340900,16
S23,46.178690,21.341430,17
S23,46.177830,21.343280,18
S23,46.176780,21.345430,19
S23,46.176320,21.346300,20
S23,46.176320,21.346300,21
S23,46.176230,21.346470,22
S23,46.176050,21.346730,23
S23,46.175420,21.347340,24
S23,46.174840,21.347840,25
S23,46.174610,21.347970,26
S23,46.174420,21.348060,27
S23,46.174200,21.348100,28
S23,46.174110,21.348100,29
S23,46.174100,21.348100,30
S23,46.172890,21.348060,31
S23,46.172250,21.348010,32
S23,46.172180,21.348360,33
S23,46.172180,21.348530,34
S23,46.172260,21.348740,35
S23,46.172350,21.348820,36
S23,46.172380,21.348830,37
S23,46.172380,21.349050,38
S23,46.172370,21.349520,39
S23,46.172330,21.349970,40
S23,46.172210,21.350720,41
S23,46.172100,21.351250,42
S23,46.172040,21.351640,43
S23,46.171650,21.353570,44
S23,46.171500,21.354270,45
S23,46.171380,21.354760,46
S23,46.171380,21.354760,47
S23,46.171300,21.355120,48
S23,46.171260,21.355330,49
S23,46.171130,21.355910,50
S23,46.170770,21.357500,51
S23,46.170730,21.357690,52
S23,46.170700,21.357820,53
S23,46.170680,21.357900,54
S23,46.171060,21.358100,55
S23,46.171280,21.358210,56
S23,46.171290,21.358180,57
S23,46.171290,21.358180,58
S23,46.175760,21.360320,59
S23,46.175780,21.360210,60
S23,46.176120,21.360350,61
S23,46.176130,21.360350,62
S23,46.176200,21.360390,63
S23,46.176530,21.360520,64
S23,46.176550,21.360530,65
S23,46.176600,21.360550,66
S23,46.176660,21.360570,67
S23,46.176780,21.360560,68
S23,46.176680,21.360450,69
S23,46.176770,21.360050,70
S23,46.176770,21.360050,71
S23,46.177680,21.355920,72
S23,46.177680,21.355910,73
S23,46.178360,21.352860,74
S23,46.178720,21.351260,75
S23,46.179090,21.349760,76
S23,46.179550,21.347780,77
S23,46.179550,21.347780,78
S23,46.180080,21.345440,79
S23,46.180330,21.344370,80
S23,46.180330,21.344370,81
S23,46.180670,21.342770,82
S23,46.180750,21.342410,83
S23,46.180830,21.341870,84
S23,46.180860,21.341280,85
S23,46.180840,21.340670,86
S23,46.180800,21.340090,87
S23,46.180720,21.339630,88
S23,46.180590,21.339010,89
S23,46.180540,21.338620,90
S23,46.180530,21.338160,91
S23,46.180580,21.337540,92
S23,46.180890,21.335450,93
S23,46.181170,21.333610,94
S23,46.181170,21.333610,95
S23,46.181740,21.329820,96
S23,46.182340,21.325810,97
S23,46.182430,21.325310,98
S23,46.182470,21.325100,99
S23,46.182580,21.324770,100
S23,46.182700,21.324540,101
S23,46.182920,21.324200,102
S23,46.182960,21.324090,103
S23,46.183020,21.324050,104
S23,46.183080,21.323960,105
S23,46.183120,21.323730,106
S23,46.183110,21.323610,107
S23,46.183010,21.323460,108
S23,46.182840,21.323320,109
S23,46.182740,21.323330,110
S23,46.182640,21.323400,111
S23,46.182580,21.323490,112
S23,46.182540,21.323630,113
S23,46.182530,21.323770,114
S23,46.182540,21.323840,115
S23,46.182470,21.324060,116
S23,46.182370,21.324720,117
S24,46.182407,21.324545,1
S24,46.180397,21.337905,2
S24,46.180409,21.338926,3
S24,46.180700,21.340717,4
S24,46.180601,21.342332,5
S24,46.175286,21.366388,6
S24,46.175575,21.366626,7
S24,46.178348,21.371594,8
S24,46.178858,21.372231,9
S24,46.178978,21.372679,10
S24,46.180083,21.374662,11
S24,46.180286,21.375760,12
S24,46.180770,21.375858,13
S24,46.182565,21.379063,14
S24,46.189551,21.392928,15
S24,46.194771,21.416270,16
S24,46.199159,21.430572,17
S24,46.200396,21.435439,18
S24,46.201009,21.438119,19
S24,46.202659,21.447312,20
S24,46.203150,21.448761,21
S24,46.205689,21.453371,22
S24,46.208638,21.462874,23
S24,46.208501,21.462957,24
S25,46.208501,21.462957,1
S25,46.208638,21.462874,2
S25,46.205689,21.453371,3
S25,46.203150,21.448761,4
S25,46.202659,21.447312,5
S25,46.201009,21.438119,6
S25,46.200396,21.435439,7
S25,46.199159,21.430572,8
S25,46.194771,21.416270,9
S25,46.189551,21.392928,10
S25,46.182565,21.379063,11
S25,46.180770,21.375858,12
S25,46.180286,21.375760,13
S25,46.180083,21.374662,14
S25,46.178978,21.372679,15
S25,46.178858,21.372231,16
S25,46.178348,21.371594,17
S25,46.175575,21.366626,18
S25,46.175286,21.366388,19
S25,46.180601,21.342332,20
S25,46.180700,21.340717,21
S25,46.180409,21.338926,22
S25,46.180397,21.337905,23
S25,46.182407,21.324545,24
S25,46.183080,21.324810,25
S26,46.191800,21.308950,1
S26,46.191700,21.310120,2
S26,46.191660,21.310380,3
S26,46.191610,21.310370,4
S26,46.191530,21.310370,5
S26,46.191290,21.310470,6
S26,46.191080,21.310530,7
S26,46.190460,21.310470,8
S26,46.190360,21.310480,9
S26,46.190310,21.310500,10
S26,46.189560,21.310370,11
S26,46.188460,21.310200,12
S26,46.186840,21.309940,13
S26,46.186540,21.309890,14
S26,46.186540,21.309890,15
S26,46.183930,21.309480,16
S26,46.183650,21.309500,17
S26,46.183330,21.309580,18
S26,46.182460,21.309840,19
S26,46.182310,21.309870,20
S26,46.182210,21.309880,21
S26,46.182130,21.309840,22
S26,46.182020,21.309860,23
S26,46.181960,21.309910,24
S26,46.181890,21.310030,25
S26,46.181860,21.310190,26
S26,46.181860,21.310270,27
S26,46.181920,21.310410,28
S26,46.181980,21.310470,29
S26,46.182160,21.310610,30
S26,46.182250,21.310740,31
S26,46.182430,21.310870,32
S26,46.182500,21.310950,33
S26,46.182550,21.311050,34
S26,46.182650,21.311410,35
S26,46.182680,21.311640,36
S26,46.182770,21.312120,37
S26,46.182940,21.312620,38
S26,46.183440,21.313560,39
S26,46.183710,21.314040,40
S26,46.184100,21.314580,41
S26,46.184390,21.314920,42
S26,46.184580,21.315200,43
S26,46.184770,21.315450,44
S26,46.184950,21.315720,45
S26,46.185080,21.316010,46
S26,46.185120,21.316120,47
S26,46.185120,21.316130,48
S26,46.185180,21.316470,49
S26,46.185200,21.316820,50
S26,46.185140,21.317190,51
S26,46.185020,21.317550,52
S26,46.184850,21.318110,53
S26,46.184670,21.318630,54
S26,46.184480,21.319150,55
S26,46.184430,21.319280,56
S26,46.183750,21.321040,57
S26,46.182880,21.323350,58
S26,46.182810,21.323320,59
S26,46.182770,21.323320,60
S26,46.182650,21.323390,61
S26,46.182600,21.323470,62
S26,46.182550,21.323590,63
S26,46.182530,21.323740,64
S26,46.182540,21.323860,65
S26,46.182470,21.324060,66
S26,46.182370,21.324720,67
S26,46.182370,21.324730,68
S26,46.181830,21.328260,69
S26,46.181460,21.330850,70
S26,46.181130,21.332960,71
S26,46.181130,21.332970,72
S26,46.181140,21.332970,73
S26,46.180950,21.334180,74
S26,46.180910,21.334450,75
S26,46.180880,21.334510,76
S26,46.180560,21.335500,77
S26,46.180390,21.336190,78
S26,46.180160,21.337910,79
S26,46.180100,21.338280,80
S26,46.180000,21.338640,81
S26,46.179650,21.339420,82
S26,46.178940,21.340900,83
S26,46.178690,21.341430,84
S26,46.178060,21.342780,85
S26,46.176780,21.345430,86
S26,46.176320,21.346300,87
S26,46.176320,21.346300,88
S26,46.176230,21.346470,89
S26,46.176050,21.346730,90
S26,46.175420,21.347340,91
S26,46.174840,21.347840,92
S26,46.174610,21.347970,93
S26,46.174420,21.348060,94
S26,46.174180,21.348100,95
S26,46.174100,21.348100,96
S26,46.173670,21.348090,97
S26,46.172890,21.348060,98
S26,46.172250,21.348010,99
S26,46.171090,21.347930,100
S26,46.170770,21.347840,101
S26,46.170610,21.347770,102
S26,46.170340,21.347580,103
S26,46.169910,21.347170,104
S26,46.169630,21.346870,105
S26,46.169190,21.346300,106
S26,46.168730,21.345770,107
S26,46.168510,21.345470,108
S26,46.168300,21.345140,109
S26,46.168160,21.344840,110
S26,46.167940,21.344320,111
S26,46.167730,21.343700,112
S26,46.167400,21.342100,113
S26,46.166910,21.339920,114
S26,46.166470,21.338140,115
S26,46.166400,21.338020,116
S26,46.166240,21.337310,117
S26,46.166120,21.336590,118
S26,46.166030,21.335990,119
S26,46.165980,21.335350,120
S26,46.165970,21.334950,121
S26,46.165980,21.333140,122
S26,46.166010,21.330490,123
S26,46.166080,21.330120,124
S26,46.166100,21.330090,125
S26,46.166120,21.329980,126
S26,46.166110,21.329890,127
S26,46.166070,21.329800,128
S26,46.166000,21.329760,129
S26,46.165930,21.329770,130
S26,46.165640,21.329890,131
S26,46.164850,21.330380,132
S26,46.163750,21.331010,133
S26,46.163510,21.331060,134
S26,46.163330,21.331060,135
S26,46.163170,21.331020,136
S26,46.162990,21.330950,137
S26,46.161580,21.330080,138
S26,46.161580,21.330080,139
S26,46.159390,21.328690,140
S26,46.156880,21.327110,141
S26,46.156700,21.326970,142
S26,46.156550,21.326720,143
S26,46.156430,21.326430,144
S26,46.156290,21.325950,145
S26,46.156460,21.325860,146
S26,46.156560,21.325730,147
S26,46.156670,21.325570,148
S26,46.156690,21.325500,149
S26,46.156660,21.325000,150
S26,46.156480,21.323650,151
S26,46.156420,21.322980,152
S26,46.156400,21.321740,153
S26,46.156400,21.321690,154
S26,46.155930,21.321680,155
S26,46.154610,21.321760,156
S26,46.154020,21.321770,157
S26,46.154020,21.321770,158
S26,46.152250,21.321740,159
S26,46.150360,21.321560,160
S26,46.148040,21.321290,161
S26,46.147240,21.321220,162
S26,46.146600,21.321210,163
S26,46.146250,21.321200,164
S26,46.146230,21.321180,165
S26,46.146180,21.321170,166
S26,46.146130,21.321190,167
S26,46.146090,21.321230,168
S26,46.146070,21.321360,169
S26,46.146090,21.321430,170
S26,46.146120,21.321480,171
S26,46.146150,21.321500,172
S26,46.146150,21.321770,173
S26,46.146170,21.321820,174
S26,46.145560,21.325230,175
S26,46.144300,21.332110,176
S26,46.144230,21.332640,177
S26,46.144220,21.332950,178
S26,46.144220,21.333340,179
S26,46.144250,21.333540,180
S26,46.144320,21.333760,181
S26,46.144480,21.333990,182
S26,46.144730,21.334180,183
S26,46.145330,21.334480,184
S26,46.145330,21.334480,185
S26,46.145800,21.334680,186
S26,46.146120,21.334780,187
S26,46.146880,21.334880,188
S26,46.149370,21.335480,189
S26,46.149640,21.335650,190
S26,46.149640,21.335680,191
S26,46.149660,21.335740,192
S26,46.149690,21.335780,193
S26,46.149680,21.336230,194
S26,46.149490,21.337310,195
S26,46.149370,21.337900,196
S26,46.149290,21.338160,197
S26,46.149190,21.338380,198
S26,46.149030,21.338590,199
S26,46.148820,21.338790,200
S26,46.147920,21.339440,201
S26,46.147670,21.339620,202
S26,46.147540,21.339690,203
S26,46.147400,21.339710,204
S26,46.147260,21.339700,205
S26,46.147120,21.339660,206
S26,46.146970,21.339580,207
S26,46.146800,21.339420,208
S26,46.146630,21.339340,209
S26,46.146240,21.339200,210
S26,46.146240,21.339200,211
S26,46.145290,21.338840,212
S26,46.145130,21.338810,213
S26,46.145060,21.338850,214
S26,46.144950,21.338980,215
S26,46.144780,21.339230,216
S26,46.144660,21.339350,217
S26,46.144550,21.339400,218
S26,46.144490,21.339410,219
S26,46.144290,21.339350,220
S26,46.141950,21.338450,221
S26,46.141950,21.338450,222
S26,46.141740,21.338360,223
S26,46.141600,21.338300,224
S26,46.141490,21.338270,225
S26,46.141480,21.338270,226
S26,46.141450,21.338260,227
S26,46.141400,21.338310,228
S26,46.141400,21.338390,229
S26,46.141390,21.338600,230
S26,46.141400,21.338890,231
S26,46.141410,21.339070,232
S26,46.141410,21.339350,233
S26,46.141370,21.339640,234
S26,46.141270,21.340010,235
S26,46.140620,21.342130,236
S26,46.140390,21.342760,237
S26,46.139830,21.343910,238
S26,46.138720,21.346120,239
S26,46.138720,21.346120,240
S26,46.137130,21.349360,241
S26,46.135580,21.352580,242
S26,46.135580,21.352580,243
S26,46.135530,21.352680,244
S26,46.135480,21.352630,245
S26,46.135410,21.352610,246
S26,46.134400,21.352500,247
S26,46.132580,21.352170,248
S26,46.131760,21.352060,249
S27,46.131970,21.352090,1
S27,46.132580,21.352170,2
S27,46.133610,21.352350,3
S27,46.134400,21.352500,4
S27,46.135300,21.352590,5
S27,46.135440,21.352620,6
S27,46.135530,21.352680,7
S27,46.135580,21.352580,8
S27,46.137130,21.349360,9
S27,46.138700,21.346150,10
S27,46.138700,21.346150,11
S27,46.139830,21.343910,12
S27,46.140390,21.342760,13
S27,46.140590,21.342220,14
S27,46.141110,21.340520,15
S27,46.141330,21.339800,16
S27,46.141400,21.339500,17
S27,46.141420,21.338940,18
S27,46.141470,21.338520,19
S27,46.141500,21.338420,20
S27,46.141520,21.338380,21
S27,46.141710,21.338420,22
S27,46.141800,21.338390,23
S27,46.142000,21.338470,24
S27,46.142000,21.338470,25
S27,46.144290,21.339350,26
S27,46.144490,21.339410,27
S27,46.144550,21.339400,28
S27,46.144660,21.339350,29
S27,46.144780,21.339230,30
S27,46.144950,21.338980,31
S27,46.145060,21.338850,32
S27,46.145130,21.338810,33
S27,46.145290,21.338840,34
S27,46.146020,21.339110,35
S27,46.146020,21.339110,36
S27,46.146730,21.339380,37
S27,46.146860,21.339470,38
S27,46.147040,21.339630,39
S27,46.147200,21.339690,40
S27,46.147320,21.339710,41
S27,46.147480,21.339700,42
S27,46.147610,21.339660,43
S27,46.148230,21.339220,44
S27,46.148270,21.339190,45
S27,46.148270,21.339190,46
S27,46.148630,21.338930,47
S27,46.148980,21.338640,48
S27,46.149110,21.338490,49
S27,46.149240,21.338260,50
S27,46.149340,21.338000,51
S27,46.149400,21.337800,52
S27,46.149580,21.336790,53
S27,46.149680,21.336230,54
S27,46.149810,21.335840,55
S27,46.149820,21.335830,56
S27,46.149860,21.335810,57
S27,46.149920,21.335720,58
S27,46.149940,21.335610,59
S27,46.149910,21.335480,60
S27,46.149850,21.335410,61
S27,46.149760,21.335400,62
S27,46.149690,21.335450,63
S27,46.149530,21.335470,64
S27,46.149370,21.335480,65
S27,46.148710,21.335320,66
S27,46.147660,21.335070,67
S27,46.146880,21.334880,68
S27,46.146690,21.334860,69
S27,46.146290,21.334810,70
S27,46.145930,21.334730,71
S27,46.145300,21.334460,72
S27,46.145300,21.334460,73
S27,46.144360,21.333980,74
S27,46.144180,21.333100,75
S27,46.144420,21.331460,76
S27,46.144910,21.328880,77
S27,46.148110,21.328870,78
S27,46.148110,21.328870,79
S27,46.148650,21.328660,80
S27,46.149490,21.328290,81
S27,46.152360,21.327320,82
S27,46.154670,21.326500,83
S27,46.154680,21.326500,84
S27,46.156290,21.325950,85
S27,46.156400,21.326320,86
S27,46.156490,21.326580,87
S27,46.156620,21.326860,88
S27,46.156730,21.327000,89
S27,46.158810,21.328320,90
S27,46.161200,21.329850,91
S27,46.161200,21.329850,92
S27,46.162830,21.330860,93
S27,46.163080,21.331000,94
S27,46.163250,21.331040,95
S27,46.163400,21.331060,96
S27,46.163630,21.331040,97
S27,46.163850,21.330960,98
S27,46.165330,21.330090,99
S27,46.165610,21.329980,100
S27,46.165680,21.329990,101
S27,46.165840,21.330060,102
S27,46.165860,21.330100,103
S27,46.165920,21.330160,104
S27,46.165950,21.330180,105
S27,46.165990,21.330440,106
S27,46.166010,21.330490,107
S27,46.165990,21.332440,108
S27,46.165970,21.333820,109
S27,46.165970,21.335010,110
S27,46.166000,21.335760,111
S27,46.166070,21.336270,112
S27,46.166150,21.336820,113
S27,46.166290,21.337500,114
S27,46.166400,21.338020,115
S27,46.166380,21.338100,116
S27,46.166380,21.338190,117
S27,46.166840,21.339980,118
S27,46.167280,21.341950,119
S27,46.167390,21.342500,120
S27,46.167590,21.343400,121
S27,46.167780,21.344080,122
S27,46.168010,21.344710,123
S27,46.168170,21.345050,124
S27,46.168610,21.345790,125
S27,46.169530,21.347050,126
S27,46.170520,21.347990,127
S27,46.170850,21.348260,128
S27,46.171160,21.348440,129
S27,46.172110,21.348790,130
S27,46.172420,21.348840,131
S27,46.172790,21.348840,132
S27,46.173030,21.348810,133
S27,46.173030,21.348810,134
S27,46.173500,21.348710,135
S27,46.173940,21.348580,136
S27,46.174200,21.348450,137
S27,46.174660,21.348190,138
S27,46.175110,21.347910,139
S27,46.176120,21.346890,140
S27,46.176350,21.346600,141
S27,46.176830,21.345760,142
S27,46.177000,21.345420,143
S27,46.177000,21.345420,144
S27,46.178290,21.342680,145
S27,46.179090,21.341040,146
S27,46.179150,21.341100,147
S27,46.179150,21.341100,148
S27,46.181130,21.333600,149
S27,46.181130,21.333600,150
S27,46.181990,21.328480,151
S27,46.181990,21.328480,152
S27,46.183240,21.322720,153
S27,46.183180,21.322700,154
S27,46.183260,21.322370,155
S27,46.183750,21.321040,156
S27,46.184340,21.319540,157
S27,46.184430,21.319290,158
S27,46.184440,21.319260,159
S27,46.184460,21.319200,160
S27,46.184490,21.319130,161
S27,46.184530,21.319000,162
S27,46.184580,21.318870,163
S27,46.184680,21.318610,164
S27,46.184770,21.318360,165
S27,46.184940,21.317800,166
S27,46.185050,21.317480,167
S27,46.185150,21.317120,168
S27,46.185160,21.317100,169
S27,46.185200,21.316820,170
S27,46.185180,21.316470,171
S27,46.185110,21.316120,172
S27,46.185010,21.315830,173
S27,46.184870,21.315590,174
S27,46.184580,21.315200,175
S27,46.184390,21.314920,176
S27,46.184100,21.314580,177
S27,46.183830,21.314200,178
S27,46.183650,21.313930,179
S27,46.183080,21.312900,180
S27,46.182940,21.312620,181
S27,46.182860,21.312390,182
S27,46.182770,21.312120,183
S27,46.182720,21.311880,184
S27,46.182630,21.311220,185
S27,46.182540,21.310400,186
S27,46.182670,21.310120,187
S27,46.182760,21.309980,188
S27,46.182830,21.309890,189
S27,46.182920,21.309810,190
S27,46.183230,21.309640,191
S27,46.183330,21.309580,192
S27,46.183450,21.309580,193
S27,46.183530,21.309590,194
S27,46.183610,21.309520,195
S27,46.183690,21.309490,196
S27,46.183790,21.309470,197
S27,46.184000,21.309490,198
S27,46.184550,21.309580,199
S27,46.185710,21.309760,200
S27,46.186540,21.309890,201
S27,46.186540,21.309890,202
S27,46.190310,21.310500,203
S27,46.190440,21.310560,204
S27,46.191030,21.310720,205
S27,46.191100,21.310760,206
S27,46.191540,21.311050,207
S27,46.191660,21.311000,208
S27,46.191780,21.310870,209
S27,46.191980,21.309890,210
S28,46.183080,21.324810,1
S28,46.183380,21.325090,2
S28,46.183840,21.325690,3
S28,46.183950,21.325720,4
S28,46.184170,21.325850,5
S28,46.184310,21.325880,6
S28,46.184410,21.325880,7
S28,46.184680,21.325770,8
S28,46.184900,21.325630,9
S28,46.185360,21.325280,10
S28,46.185540,21.325190,11
S28,46.185760,21.325190,12
S28,46.185860,21.325190,13
S28,46.187030,21.325680,14
S28,46.187260,21.325770,15
S28,46.187260,21.325770,16
S28,46.187410,21.325800,17
S28,46.187590,21.325780,18
S28,46.187990,21.325700,19
S28,46.188190,21.325650,20
S28,46.188370,21.325520,21
S28,46.188550,21.325360,22
S28,46.188630,21.325240,23
S28,46.188700,21.325130,24
S28,46.189160,21.324220,25
S28,46.189190,21.324130,26
S28,46.189230,21.323890,27
S28,46.189250,21.323650,28
S28,46.189120,21.323630,29
S28,46.188980,21.323530,30
S28,46.188840,21.323400,31
S28,46.188550,21.323080,32
S28,46.188320,21.322890,33
S28,46.188220,21.322840,34
S28,46.187930,21.322730,35
S28,46.186320,21.322090,36
S28,46.185960,21.321860,37
S28,46.185900,21.321790,38
S28,46.185750,21.321520,39
S28,46.185090,21.320330,40
S28,46.184870,21.320000,41
S28,46.184630,21.319750,42
S28,46.184340,21.319540,43
S28,46.184440,21.319260,44
S28,46.184460,21.319200,45
S28,46.184510,21.319070,46
S28,46.184560,21.318940,47
S28,46.184650,21.318680,48
S28,46.184840,21.318140,49
S28,46.185020,21.317570,50
S28,46.185130,21.317210,51
S28,46.185150,21.317120,52
S28,46.185160,21.317100,53
S28,46.185200,21.316820,54
S28,46.185180,21.316470,55
S28,46.185110,21.316120,56
S28,46.185010,21.315830,57
S28,46.184870,21.315590,58
S28,46.184580,21.315200,59
S28,46.184390,21.314920,60
S28,46.184100,21.314580,61
S28,46.183830,21.314200,62
S28,46.183650,21.313930,63
S28,46.183080,21.312900,64
S28,46.182940,21.312620,65
S28,46.182860,21.312390,66
S28,46.182770,21.312120,67
S28,46.182720,21.311880,68
S28,46.182630,21.311220,69
S28,46.182540,21.310400,70
S28,46.182570,21.310350,71
S28,46.182550,21.310200,72
S28,46.182510,21.310090,73
S28,46.182450,21.310000,74
S28,46.182370,21.309940,75
S28,46.182130,21.309840,76
S28,46.181610,21.309560,77
S28,46.181400,21.309510,78
S28,46.181170,21.309400,79
S28,46.181190,21.309330,80
S28,46.177630,21.307540,81
S28,46.177490,21.307450,82
S28,46.178340,21.304200,83
S28,46.178340,21.304200,84
S28,46.178300,21.304180,85
S28,46.180070,21.297200,86
S28,46.180070,21.297200,87
S28,46.180160,21.296820,88
S28,46.180030,21.296750,89
S28,46.179410,21.296430,90
S28,46.178820,21.296140,91
S28,46.177900,21.295720,92
S28,46.175550,21.294560,93
S28,46.174640,21.294140,94
S28,46.174560,21.294110,95
S28,46.174550,21.294110,96
S28,46.174340,21.294020,97
S28,46.174100,21.293950,98
S28,46.173820,21.293910,99
S28,46.173530,21.293880,100
S28,46.173130,21.293760,101
S28,46.172210,21.293300,102
S28,46.171140,21.292740,103
S28,46.169330,21.291820,104
S28,46.168860,21.291580,105
S28,46.168860,21.291580,106
S28,46.166220,21.290260,107
S28,46.166170,21.290220,108
S28,46.166130,21.290200,109
S28,46.166090,21.290210,110
S28,46.166060,21.290160,111
S28,46.165990,21.290110,112
S28,46.165630,21.289950,113
S28,46.164800,21.289570,114
S28,46.164270,21.289320,115
S28,46.164180,21.289230,116
S28,46.163910,21.290330,117
S28,46.163840,21.290630,118
S29,46.163840,21.290630,1
S29,46.163580,21.291700,2
S29,46.163570,21.291700,3
S29,46.163540,21.291700,4
S29,46.163500,21.291740,5
S29,46.163470,21.291810,6
S29,46.163480,21.291890,7
S29,46.163520,21.291940,8
S29,46.163520,21.291980,9
S29,46.163540,21.291950,10
S29,46.163550,21.291950,11
S29,46.163580,21.291950,12
S29,46.163630,21.291900,13
S29,46.163650,21.291830,14
S29,46.163630,21.291750,15
S29,46.163590,21.291710,16
S29,46.163910,21.290330,17
S29,46.164180,21.289230,18
S29,46.164270,21.289270,19
S29,46.164810,21.289520,20
S29,46.165630,21.289930,21
S29,46.165990,21.290110,22
S29,46.166060,21.290160,23
S29,46.166090,21.290210,24
S29,46.166130,21.290280,25
S29,46.166160,21.290280,26
S29,46.166230,21.290270,27
S29,46.167420,21.290860,28
S29,46.169590,21.291970,29
S29,46.169590,21.291970,30
S29,46.171140,21.292740,31
S29,46.172210,21.293300,32
S29,46.173130,21.293760,33
S29,46.173530,21.293880,34
S29,46.173820,21.293910,35
S29,46.174100,21.293950,36
S29,46.174340,21.294020,37
S29,46.174640,21.294140,38
S29,46.174820,21.294220,39
S29,46.174820,21.294220,40
S29,46.175960,21.294750,41
S29,46.176390,21.294960,42
S29,46.177900,21.295720,43
S29,46.178510,21.295980,44
S29,46.179310,21.296380,45
S29,46.179620,21.296530,46
S29,46.180160,21.296820,47
S29,46.180060,21.297210,48
S29,46.180060,21.297210,49
S29,46.178500,21.303380,50
S29,46.177460,21.307490,51
S29,46.181400,21.309510,52
S29,46.181450,21.309580,53
S29,46.181580,21.309660,54
S29,46.181650,21.309760,55
S29,46.181710,21.309860,56
S29,46.181790,21.309960,57
S29,46.181890,21.310030,58
S29,46.181860,21.310190,59
S29,46.181860,21.310270,60
S29,46.181920,21.310410,61
S29,46.181980,21.310470,62
S29,46.182160,21.310610,63
S29,46.182250,21.310740,64
S29,46.182430,21.310870,65
S29,46.182500,21.310950,66
S29,46.182550,21.311050,67
S29,46.182650,21.311410,68
S29,46.182680,21.311640,69
S29,46.182770,21.312120,70
S29,46.182940,21.312620,71
S29,46.183440,21.313560,72
S29,46.183710,21.314040,73
S29,46.184100,21.314580,74
S29,46.184390,21.314920,75
S29,46.184580,21.315200,76
S29,46.184770,21.315450,77
S29,46.184950,21.315720,78
S29,46.185080,21.316010,79
S29,46.185120,21.316130,80
S29,46.185120,21.316140,81
S29,46.185180,21.316470,82
S29,46.185200,21.316820,83
S29,46.185140,21.317190,84
S29,46.185020,21.317550,85
S29,46.184820,21.318100,86
S29,46.184440,21.319160,87
S29,46.184390,21.319280,88
S29,46.184320,21.319540,89
S29,46.183750,21.321040,90
S29,46.183000,21.323050,91
S29,46.182900,21.323330,92
S29,46.182880,21.323330,93
S29,46.182850,21.323320,94
S29,46.182780,21.323320,95
S29,46.182700,21.323360,96
S29,46.182630,21.323410,97
S29,46.182560,21.323550,98
S29,46.182530,21.323740,99
S29,46.182560,21.323910,100
S29,46.182610,21.324030,101
S29,46.182680,21.324100,102
S29,46.182810,21.324340,103
S29,46.183090,21.324710,104
S29,46.183380,21.325090,105
S30,46.206590,21.322960,1
S30,46.204660,21.323190,2
S30,46.203360,21.323020,3
S30,46.203360,21.323020,4
S30,46.201000,21.322660,5
S30,46.200630,21.322620,6
S30,46.199260,21.322810,7
S30,46.199290,21.323570,8
S30,46.199290,21.323570,9
S30,46.199380,21.325330,10
S30,46.198210,21.325660,11
S30,46.198140,21.325700,12
S30,46.198100,21.325760,13
S30,46.197990,21.326350,14
S30,46.197910,21.326720,15
S30,46.197910,21.326720,16
S30,46.197730,21.327510,17
S30,46.197500,21.328690,18
S30,46.197280,21.329940,19
S30,46.197040,21.331110,20
S30,46.196990,21.331270,21
S30,46.196880,21.331490,22
S30,46.196090,21.332990,23
S30,46.196090,21.332990,24
S30,46.195370,21.334370,25
S30,46.195050,21.334030,26
S30,46.193420,21.332230,27
S30,46.192460,21.331170,28
S30,46.191970,21.330670,29
S30,46.191640,21.330420,30
S30,46.191240,21.330130,31
S30,46.191240,21.330120,32
S30,46.190580,21.329680,33
S30,46.189760,21.329250,34
S30,46.187180,21.327860,35
S30,46.185630,21.327080,36
S30,46.185470,21.327000,37
S30,46.185410,21.326940,38
S30,46.185160,21.326680,39
S30,46.185060,21.326470,40
S30,46.184900,21.325320,41
S30,46.184860,21.325090,42
S30,46.184780,21.324850,43
S30,46.184730,21.324750,44
S30,46.184570,21.324570,45
S30,46.184120,21.324370,46
S30,46.183800,21.324190,47
S30,46.183090,21.323630,48
S30,46.183090,21.323600,49
S30,46.183070,21.323550,50
S30,46.183030,21.323460,51
S30,46.182940,21.323360,52
S30,46.182860,21.323320,53
S30,46.182800,21.323320,54
S30,46.182730,21.323340,55
S30,46.182650,21.323400,56
S30,46.182560,21.323530,57
S30,46.182530,21.323680,58
S30,46.182540,21.323860,59
S30,46.182580,21.323970,60
S30,46.182660,21.324080,61
S30,46.182810,21.324340,62
S30,46.183380,21.325090,63
S30,46.183080,21.324810,64
S31,46.183080,21.324810,1
S31,46.183380,21.325090,2
S31,46.183840,21.325690,3
S31,46.184490,21.326350,4
S31,46.184920,21.326690,5
S31,46.185210,21.326900,6
S31,46.185450,21.326980,7
S31,46.185620,21.327080,8
S31,46.187150,21.327850,9
S31,46.189490,21.329110,10
S31,46.190420,21.329590,11
S31,46.191160,21.330070,12
S31,46.191400,21.330240,13
S31,46.191400,21.330240,14
S31,46.191900,21.330610,15
S31,46.192050,21.330750,16
S31,46.192460,21.331170,17
S31,46.192830,21.331590,18
S31,46.193190,21.331970,19
S31,46.194510,21.333440,20
S31,46.195130,21.334110,21
S31,46.195370,21.334370,22
S31,46.195420,21.334260,23
S31,46.196030,21.333100,24
S31,46.196050,21.333060,25
S31,46.196990,21.331270,26
S31,46.197040,21.331110,27
S31,46.197280,21.329940,28
S31,46.197500,21.328690,29
S31,46.197730,21.327510,30
S31,46.197970,21.326420,31
S31,46.197970,21.326420,32
S31,46.197990,21.326350,33
S31,46.198770,21.326600,34
S31,46.200650,21.327160,35
S31,46.201560,21.327450,36
S31,46.201560,21.327450,37
S31,46.202590,21.327730,38
S31,46.203340,21.328050,39
S31,46.203530,21.328200,40
S31,46.204190,21.328480,41
S31,46.204630,21.328610,42
S31,46.205790,21.328980,43
S31,46.206180,21.329160,44
S31,46.206620,21.329310,45
S31,46.206650,21.329290,46
S31,46.206670,21.329220,47
S31,46.206670,21.328960,48
S31,46.206700,21.328390,49
S31,46.206710,21.328150,50
S31,46.206700,21.327980,51
S31,46.206740,21.326730,52
S31,46.206740,21.326610,53
S31,46.206740,21.326610,54
S31,46.206770,21.325490,55
S31,46.206770,21.324220,56
S31,46.206730,21.323010,57
S31,46.206720,21.322970,58
S31,46.206690,21.322950,59
S31,46.206590,21.322960,60
S32,46.183080,21.324810,1
S32,46.183380,21.325090,2
S32,46.183840,21.325690,3
S32,46.183950,21.325720,4
S32,46.184170,21.325850,5
S32,46.184310,21.325880,6
S32,46.184410,21.325880,7
S32,46.184680,21.325770,8
S32,46.184900,21.325630,9
S32,46.185360,21.325280,10
S32,46.185540,21.325190,11
S32,46.185760,21.325190,12
S32,46.185860,21.325190,13
S32,46.187030,21.325680,14
S32,46.187260,21.325770,15
S32,46.187260,21.325770,16
S32,46.187410,21.325800,17
S32,46.187590,21.325780,18
S32,46.187990,21.325700,19
S32,46.188190,21.325650,20
S32,46.188370,21.325520,21
S32,46.188550,21.325360,22
S32,46.188630,21.325240,23
S32,46.188700,21.325130,24
S32,46.189160,21.324220,25
S32,46.189190,21.324130,26
S32,46.189230,21.323890,27
S32,46.189250,21.323650,28
S32,46.189310,21.323240,29
S32,46.189400,21.322770,30
S32,46.189540,21.321950,31
S32,46.189700,21.321170,32
S32,46.189870,21.320320,33
S32,46.190120,21.319040,34
S32,46.190380,21.319120,35
S32,46.191560,21.319500,36
S32,46.191630,21.319520,37
S32,46.191630,21.319520,38
S32,46.192560,21.319800,39
S32,46.193810,21.320210,40
S32,46.194750,21.320480,41
S32,46.195160,21.320570,42
S32,46.195840,21.320550,43
S32,46.196250,21.320510,44
S32,46.196930,21.320310,45
S32,46.197120,21.320280,46
S32,46.197520,21.320310,47
S32,46.198120,21.320400,48
S32,46.198260,21.320420,49
S32,46.198410,21.320400,50
S32,46.199130,21.320160,51
S32,46.199260,21.320110,52
S32,46.199260,21.320110,53
S32,46.200070,21.319750,54
S32,46.200200,21.319730,55
S32,46.200360,21.319760,56
S32,46.200440,21.319800,57
S32,46.200910,21.320080,58
S32,46.201050,21.320210,59
S32,46.201460,21.320550,60
S32,46.201600,21.320580,61
S32,46.203680,21.320570,62
S32,46.204270,21.320560,63
S32,46.207360,21.320540,64
S32,46.207360,21.320540,65
S32,46.207990,21.320540,66
S32,46.208600,21.320540,67
S32,46.209740,21.320530,68
S32,46.209750,21.321360,69
S32,46.210040,21.321440,70
S32,46.210360,21.321510,71
S32,46.211150,21.321600,72
S32,46.211420,21.321640,73
S32,46.212750,21.321820,74
S32,46.212810,21.321830,75
S32,46.212820,21.320510,76
S32,46.212860,21.320510,77
S33,46.212720,21.320510,1
S33,46.208600,21.320540,2
S33,46.207360,21.320540,3
S33,46.207360,21.320540,4
S33,46.203680,21.320570,5
S33,46.201600,21.320580,6
S33,46.201460,21.320550,7
S33,46.201050,21.320210,8
S33,46.200910,21.320080,9
S33,46.200440,21.319800,10
S33,46.200360,21.319760,11
S33,46.200200,21.319730,12
S33,46.200070,21.319750,13
S33,46.199390,21.320060,14
S33,46.198950,21.320220,15
S33,46.198950,21.320220,16
S33,46.198410,21.320400,17
S33,46.198260,21.320420,18
S33,46.198120,21.320400,19
S33,46.197520,21.320310,20
S33,46.197120,21.320280,21
S33,46.196930,21.320310,22
S33,46.196250,21.320510,23
S33,46.195840,21.320550,24
S33,46.195160,21.320570,25
S33,46.194750,21.320480,26
S33,46.193810,21.320210,27
S33,46.192560,21.319800,28
S33,46.191970,21.319630,29
S33,46.191970,21.319630,30
S33,46.189990,21.319000,31
S33,46.189280,21.322690,32
S33,46.189080,21.323610,33
S33,46.188930,21.324020,34
S33,46.188530,21.324700,35
S33,46.188530,21.324700,36
S33,46.188320,21.325030,37
S33,46.188060,21.325270,38
S33,46.187880,21.325420,39
S33,46.187650,21.325540,40
S33,46.187460,21.325570,41
S33,46.187340,21.325570,42
S33,46.187230,21.325550,43
S33,46.186840,21.325420,44
S33,46.186220,21.325170,45
S33,46.185630,21.324910,46
S33,46.184570,21.324570,47
S33,46.184120,21.324370,48
S33,46.183800,21.324190,49
S33,46.183090,21.323630,50
S33,46.183080,21.323570,51
S33,46.183060,21.323520,52
S33,46.182990,21.323400,53
S33,46.182900,21.323330,54
S33,46.182830,21.323320,55
S33,46.182770,21.323320,56
S33,46.182670,21.323380,57
S33,46.182610,21.323450,58
S33,46.182550,21.323580,59
S33,46.182530,21.323800,60
S33,46.182570,21.323940,61
S33,46.182630,21.324040,62
S33,46.182660,21.324080,63
S33,46.182810,21.324340,64
S33,46.183380,21.325090,65
S33,46.183080,21.324810,66
S34,46.166470,21.319890,1
S34,46.166750,21.320000,2
S34,46.166810,21.320050,3
S34,46.166870,21.320180,4
S34,46.166990,21.320730,5
S34,46.167050,21.320860,6
S34,46.167130,21.320950,7
S34,46.167220,21.321000,8
S34,46.167270,21.321010,9
S34,46.167420,21.320970,10
S34,46.167500,21.320910,11
S34,46.167560,21.320820,12
S34,46.167600,21.320700,13
S34,46.167620,21.320580,14
S34,46.167600,21.320390,15
S34,46.167550,21.320280,16
S34,46.167490,21.320190,17
S34,46.167410,21.320130,18
S34,46.167330,21.320100,19
S34,46.167280,21.320100,20
S34,46.167230,21.320110,21
S34,46.167210,21.320120,22
S34,46.166350,21.319420,23
S34,46.166290,21.319360,24
S34,46.166640,21.316750,25
S34,46.166800,21.315780,26
S34,46.166970,21.312760,27
S34,46.167070,21.311360,28
S34,46.167050,21.310780,29
S34,46.167050,21.310780,30
S34,46.166970,21.308130,31
S34,46.166960,21.307700,32
S34,46.166970,21.307420,33
S34,46.166900,21.306040,34
S34,46.166760,21.303800,35
S34,46.166660,21.301880,36
S34,46.168830,21.303010,37
S34,46.170450,21.303860,38
S34,46.171750,21.304570,39
S34,46.172000,21.304690,40
S34,46.172000,21.304690,41
S34,46.172010,21.304670,42
S34,46.175190,21.306290,43
S34,46.179620,21.308610,44
S34,46.179690,21.308340,45
S34,46.179690,21.308340,46
S34,46.180750,21.304170,47
S34,46.180750,21.304170,48
S34,46.181550,21.301030,49
S34,46.182050,21.299040,50
S34,46.182210,21.298320,51
S34,46.182130,21.297820,52
S34,46.182120,21.297720,53
S34,46.182080,21.297270,54
S34,46.182080,21.297270,55
S34,46.181860,21.295530,56
S34,46.182100,21.295650,57
S34,46.182660,21.296000,58
S34,46.182750,21.296010,59
S34,46.182810,21.295950,60
S34,46.182900,21.295730,61
S34,46.182960,21.295530,62
S34,46.182990,21.295480,63
S34,46.183440,21.295440,64
S34,46.183490,21.295450,65
S34,46.183550,21.295470,66
S34,46.183820,21.295620,67
S34,46.186220,21.297130,68
S34,46.187700,21.298060,69
S34,46.188280,21.298420,70
S34,46.188940,21.298490,71
S34,46.190070,21.298500,72
S34,46.190190,21.298510,73
S34,46.190190,21.298520,74
S34,46.190200,21.298550,75
S34,46.190210,21.298570,76
S34,46.190230,21.298600,77
S34,46.190260,21.298630,78
S34,46.190330,21.298620,79
S34,46.190380,21.298540,80
S34,46.190380,21.298440,81
S34,46.190340,21.298360,82
S34,46.190270,21.298350,83
S34,46.190240,21.298370,84
S34,46.190220,21.298380,85
S34,46.190150,21.298010,86
S34,46.190150,21.298010,87
S34,46.188930,21.292290,88
S34,46.189260,21.292150,89
S34,46.189700,21.291950,90
S34,46.189750,21.291890,91
S34,46.189800,21.291800,92
S34,46.189840,21.291650,93
S34,46.189830,21.289740,94
S34,46.189820,21.289690,95
S34,46.189810,21.289630,96
S34,46.190380,21.289140,97
S34,46.192150,21.287670,98
S34,46.192220,21.287780,99
S34,46.192330,21.287860,100
S34,46.192390,21.287890,101
S34,46.192650,21.287910,102
S34,46.192650,21.287910,103
S34,46.192760,21.287920,104
S34,46.192790,21.287880,105
S34,46.192820,21.287840,106
S34,46.192850,21.287660,107
S34,46.192890,21.285880,108
S34,46.192930,21.282910,109
S34,46.192940,21.282540,110
S34,46.193060,21.276860,111
S34,46.193100,21.275280,112
S34,46.193350,21.275280,113
S34,46.193350,21.275280,114
S34,46.196220,21.275390,115
S34,46.196340,21.275430,116
S34,46.196740,21.276040,117
S35,46.196590,21.275810,1
S35,46.196340,21.275430,2
S35,46.196290,21.275410,3
S35,46.196230,21.275390,4
S35,46.193920,21.275300,5
S35,46.193100,21.275280,6
S35,46.193040,21.277620,7
S35,46.193000,21.279880,8
S35,46.192950,21.282020,9
S35,46.192880,21.286770,10
S35,46.192880,21.286770,11
S35,46.192850,21.287660,12
S35,46.192830,21.287810,13
S35,46.192790,21.287880,14
S35,46.192760,21.287920,15
S35,46.192390,21.287890,16
S35,46.192290,21.287840,17
S35,46.192200,21.287740,18
S35,46.192150,21.287670,19
S35,46.191190,21.288480,20
S35,46.189810,21.289630,21
S35,46.189830,21.289710,22
S35,46.189840,21.291110,23
S35,46.189840,21.291590,24
S35,46.189830,21.291710,25
S35,46.189770,21.291870,26
S35,46.189740,21.291910,27
S35,46.189640,21.291990,28
S35,46.189190,21.292180,29
S35,46.189190,21.292180,30
S35,46.188930,21.292290,31
S35,46.189460,21.294730,32
S35,46.190160,21.298060,33
S35,46.190160,21.298060,34
S35,46.190220,21.298390,35
S35,46.190210,21.298410,36
S35,46.190190,21.298460,37
S35,46.190190,21.298480,38
S35,46.190190,21.298500,39
S35,46.189790,21.298490,40
S35,46.188940,21.298490,41
S35,46.188280,21.298420,42
S35,46.187340,21.297830,43
S35,46.185910,21.296940,44
S35,46.183650,21.295510,45
S35,46.183460,21.295440,46
S35,46.182990,21.295480,47
S35,46.182940,21.295580,48
S35,46.182840,21.295880,49
S35,46.182780,21.295990,50
S35,46.182730,21.296010,51
S35,46.182630,21.295990,52
S35,46.182100,21.295650,53
S35,46.181860,21.295530,54
S35,46.181990,21.296580,55
S35,46.181990,21.296580,56
S35,46.182130,21.297820,57
S35,46.182210,21.298320,58
S35,46.182050,21.299040,59
S35,46.181550,21.301030,60
S35,46.180850,21.303780,61
S35,46.180850,21.303780,62
S35,46.179720,21.308200,63
S35,46.179720,21.308200,64
S35,46.179620,21.308610,65
S35,46.177460,21.307490,66
S35,46.176350,21.306900,67
S35,46.172640,21.305000,68
S35,46.171430,21.304360,69
S35,46.171430,21.304360,70
S35,46.166570,21.301850,71
S35,46.166880,21.307830,72
S35,46.167010,21.310420,73
S35,46.166830,21.310750,74
S35,46.166900,21.310890,75
S35,46.167030,21.311170,76
S35,46.166590,21.311320,77
S35,46.166030,21.314960,78
S35,46.166080,21.315560,79
S35,46.165890,21.317200,80
S35,46.165590,21.319630,81
S35,46.166470,21.319890,82
S36,46.171160,21.308230,1
S36,46.171670,21.309550,2
S36,46.171880,21.310070,3
S36,46.171930,21.310100,4
S36,46.172000,21.310100,5
S36,46.172020,21.310090,6
S36,46.172040,21.310070,7
S36,46.172050,21.309890,8
S36,46.172100,21.308970,9
S36,46.172110,21.308530,10
S36,46.172040,21.307320,11
S36,46.172050,21.306970,12
S36,46.171780,21.304560,13
S36,46.171780,21.304550,14
S36,46.172010,21.304670,15
S36,46.172010,21.304670,16
S36,46.175190,21.306290,17
S36,46.179620,21.308610,18
S36,46.181400,21.309510,19
S36,46.181450,21.309580,20
S36,46.181610,21.309700,21
S36,46.181770,21.309940,22
S36,46.181810,21.309980,23
S36,46.181890,21.310030,24
S36,46.181880,21.310060,25
S36,46.181870,21.310130,26
S36,46.181860,21.310190,27
S36,46.181880,21.310340,28
S36,46.181950,21.310440,29
S36,46.182160,21.310610,30
S36,46.182270,21.310630,31
S36,46.182370,21.310610,32
S36,46.182450,21.310560,33
S36,46.182540,21.310400,34
S36,46.182670,21.310120,35
S36,46.182760,21.309980,36
S36,46.182920,21.309810,37
S36,46.183230,21.309630,38
S36,46.183240,21.309630,39
S36,46.183470,21.309550,40
S36,46.183610,21.309520,41
S36,46.183850,21.309480,42
S36,46.184140,21.309510,43
S36,46.184550,21.309580,44
S36,46.185710,21.309760,45
S36,46.186740,21.309930,46
S36,46.186740,21.309930,47
S36,46.190310,21.310500,48
S36,46.190440,21.310560,49
S36,46.191030,21.310720,50
S36,46.191100,21.310760,51
S36,46.191540,21.311050,52
S36,46.191660,21.311000,53
S36,46.191780,21.310870,54
S36,46.191980,21.309890,55
S36,46.192000,21.309820,56
S36,46.192220,21.308780,57
S36,46.192280,21.308380,58
S36,46.192350,21.308030,59
S36,46.192470,21.307990,60
S36,46.192860,21.307950,61
S36,46.193140,21.307990,62
S36,46.194110,21.308200,63
S36,46.194300,21.308080,64
S36,46.194300,21.308090,65
S36,46.194310,21.308090,66
S36,46.194310,21.308100,67
S36,46.194330,21.308110,68
S36,46.194340,21.308110,69
S36,46.194370,21.308100,70
S36,46.194390,21.308060,71
S36,46.194380,21.308010,72
S36,46.194360,21.307980,73
S36,46.194340,21.307980,74
S36,46.194360,21.307920,75
S36,46.194420,21.307780,76
S36,46.194690,21.307330,77
S36,46.194690,21.307330,78
S36,46.196290,21.304750,79
S36,46.197520,21.302710,80
S36,46.197930,21.302080,81
S36,46.198380,21.301540,82
S36,46.198870,21.300960,83
S36,46.199040,21.300750,84
S36,46.199680,21.300130,85
S36,46.200370,21.299600,86
S36,46.201300,21.298860,87
S36,46.202330,21.297990,88
S36,46.202330,21.297990,89
S36,46.203130,21.297340,90
S36,46.203220,21.297200,91
S36,46.203250,21.297230,92
S36,46.203300,21.297240,93
S36,46.203350,21.297200,94
S36,46.203380,21.297130,95
S36,46.203380,21.297090,96
S36,46.203370,21.297070,97
S36,46.203450,21.297040,98
S36,46.203830,21.296730,99
S36,46.203930,21.296610,100
S36,46.203970,21.296460,101
S36,46.204020,21.294650,102
S36,46.204030,21.294020,103
S36,46.204120,21.293650,104
S36,46.204150,21.293590,105
S36,46.204200,21.293540,106
S36,46.204330,21.293460,107
S36,46.206170,21.293870,108
S36,46.206170,21.293870,109
S36,46.206590,21.293950,110
S36,46.206890,21.293980,111
S36,46.207120,21.293970,112
S36,46.207310,21.293920,113
S36,46.207640,21.293780,114
S36,46.207890,21.293630,115
S36,46.209300,21.292530,116
S36,46.211110,21.291080,117
S36,46.211610,21.290680,118
S36,46.213540,21.289080,119
S36,46.213820,21.288840,120
S36,46.214150,21.288480,121
S36,46.215210,21.287130,122
S36,46.215210,21.287130,123
S36,46.218260,21.283240,124
S36,46.218260,21.283240,125
S36,46.221180,21.279520,126
S36,46.221180,21.279520,127
S36,46.222250,21.278150,128
S36,46.222770,21.277440,129
S36,46.223030,21.277010,130
S36,46.223150,21.276760,131
S36,46.223190,21.276680,132
S36,46.223260,21.276510,133
S36,46.223330,21.276330,134
S36,46.223440,21.275970,135
S36,46.223540,21.275600,136
S36,46.223720,21.274850,137
S36,46.223900,21.274050,138
S36,46.224060,21.273290,139
S36,46.224250,21.272550,140
S36,46.224370,21.272190,141
S36,46.224520,21.271770,142
S36,46.224670,21.271390,143
S36,46.224980,21.270710,144
S36,46.225470,21.269830,145
S36,46.225720,21.269420,146
S36,46.226060,21.268960,147
S36,46.226350,21.268610,148
S36,46.227020,21.267910,149
S36,46.227990,21.266900,150
S36,46.229510,21.265340,151
S36,46.230530,21.264290,152
S36,46.230970,21.263810,153
S36,46.231490,21.263140,154
S36,46.231780,21.262740,155
S36,46.232150,21.262140,156
S36,46.232690,21.261120,157
S36,46.232960,21.260550,158
S36,46.233190,21.259980,159
S36,46.233580,21.258850,160
S36,46.234050,21.257460,161
S36,46.234200,21.257440,162
S36,46.234920,21.257240,163
S36,46.236290,21.256810,164
S36,46.237400,21.256490,165
S36,46.238060,21.256330,166
S36,46.238490,21.256250,167
S36,46.239030,21.256170,168
S36,46.239980,21.256090,169
S36,46.240530,21.256150,170
S36,46.241340,21.256510,171
S36,46.242220,21.257010,172
S36,46.242900,21.257360,173
S36,46.244150,21.257930,174
S36,46.245200,21.258410,175
S36,46.248370,21.259850,176
S36,46.250020,21.260610,177
S36,46.251620,21.261340,178
S36,46.252620,21.261800,179
S36,46.252720,21.261870,180
S37,46.252700,21.261860,1
S37,46.252040,21.261540,2
S37,46.250340,21.260750,3
S37,46.247060,21.259260,4
S37,46.244380,21.258040,5
S37,46.243050,21.257440,6
S37,46.242540,21.257170,7
S37,46.241730,21.256730,8
S37,46.241340,21.256510,9
S37,46.240780,21.256250,10
S37,46.240530,21.256150,11
S37,46.240270,21.256110,12
S37,46.239980,21.256090,13
S37,46.239590,21.256110,14
S37,46.238830,21.256200,15
S37,46.238110,21.256320,16
S37,46.237660,21.256420,17
S37,46.237090,21.256560,18
S37,46.235640,21.257010,19
S37,46.234260,21.257420,20
S37,46.234050,21.257460,21
S37,46.233350,21.259530,22
S37,46.233080,21.260250,23
S37,46.232790,21.260900,24
S37,46.232590,21.261330,25
S37,46.232150,21.262140,26
S37,46.231780,21.262740,27
S37,46.230970,21.263810,28
S37,46.229660,21.265190,29
S37,46.228350,21.266540,30
S37,46.227170,21.267760,31
S37,46.226670,21.268270,32
S37,46.226060,21.268960,33
S37,46.225700,21.269460,34
S37,46.225290,21.270140,35
S37,46.224980,21.270710,36
S37,46.224780,21.271130,37
S37,46.224570,21.271640,38
S37,46.224390,21.272150,39
S37,46.224330,21.272320,40
S37,46.224220,21.272690,41
S37,46.224120,21.273060,42
S37,46.223950,21.273810,43
S37,46.223600,21.275370,44
S37,46.223400,21.276110,45
S37,46.223280,21.276460,46
S37,46.223130,21.276800,47
S37,46.223030,21.277010,48
S37,46.222770,21.277440,49
S37,46.221690,21.278870,50
S37,46.221370,21.279290,51
S37,46.221370,21.279290,52
S37,46.218020,21.283540,53
S37,46.218020,21.283540,54
S37,46.214480,21.288070,55
S37,46.214480,21.288070,56
S37,46.214030,21.288620,57
S37,46.213810,21.288850,58
S37,46.212030,21.290330,59
S37,46.211940,21.290410,60
S37,46.211940,21.290410,61
S37,46.209390,21.292460,62
S37,46.208050,21.293500,63
S37,46.207690,21.293750,64
S37,46.207430,21.293880,65
S37,46.207120,21.293970,66
S37,46.206770,21.293970,67
S37,46.206220,21.293880,68
S37,46.206160,21.293870,69
S37,46.206160,21.293870,70
S37,46.204330,21.293460,71
S37,46.204040,21.293370,72
S37,46.204020,21.294650,73
S37,46.203970,21.296460,74
S37,46.203930,21.296610,75
S37,46.203830,21.296730,76
S37,46.203450,21.297040,77
S37,46.203370,21.297060,78
S37,46.203360,21.297040,79
S37,46.203340,21.297010,80
S37,46.203290,21.296980,81
S37,46.203240,21.297010,82
S37,46.203200,21.297070,83
S37,46.203200,21.297150,84
S37,46.203220,21.297190,85
S37,46.203130,21.297340,86
S37,46.202870,21.297550,87
S37,46.202510,21.297840,88
S37,46.202510,21.297840,89
S37,46.201850,21.298390,90
S37,46.200580,21.299440,91
S37,46.200020,21.299880,92
S37,46.199680,21.300130,93
S37,46.199210,21.300580,94
S37,46.198930,21.300880,95
S37,46.198800,21.301040,96
S37,46.198770,21.301080,97
S37,46.197930,21.302080,98
S37,46.197520,21.302710,99
S37,46.196970,21.303640,100
S37,46.195330,21.306290,101
S37,46.195260,21.306400,102
S37,46.195260,21.306400,103
S37,46.194420,21.307780,104
S37,46.194340,21.307980,105
S37,46.194330,21.307980,106
S37,46.194310,21.307990,107
S37,46.194300,21.308030,108
S37,46.194300,21.308080,109
S37,46.194110,21.308200,110
S37,46.193140,21.307990,111
S37,46.192860,21.307950,112
S37,46.192630,21.307850,113
S37,46.192550,21.307830,114
S37,46.192460,21.307760,115
S37,46.192410,21.307720,116
S37,46.192430,21.307620,117
S37,46.192410,21.307530,118
S37,46.192370,21.307430,119
S37,46.192290,21.307350,120
S37,46.192190,21.307300,121
S37,46.192070,21.307290,122
S37,46.191950,21.307490,123
S37,46.191920,21.307590,124
S37,46.191880,21.307780,125
S37,46.191880,21.307950,126
S37,46.191800,21.308930,127
S37,46.191800,21.308940,128
S37,46.191700,21.310120,129
S37,46.191660,21.310380,130
S37,46.191610,21.310370,131
S37,46.191530,21.310370,132
S37,46.191290,21.310470,133
S37,46.191080,21.310530,134
S37,46.190460,21.310470,135
S37,46.190360,21.310480,136
S37,46.190310,21.310500,137
S37,46.189560,21.310370,138
S37,46.188460,21.310200,139
S37,46.186840,21.309940,140
S37,46.186540,21.309890,141
S37,46.186540,21.309890,142
S37,46.183930,21.309480,143
S37,46.183650,21.309500,144
S37,46.183330,21.309580,145
S37,46.182460,21.309840,146
S37,46.182310,21.309870,147
S37,46.182210,21.309880,148
S37,46.182130,21.309840,149
S37,46.181610,21.309560,150
S37,46.181400,21.309510,151
S37,46.181170,21.309400,152
S37,46.181170,21.309400,153
S37,46.177460,21.307490,154
S37,46.176350,21.306900,155
S37,46.172640,21.305000,156
S37,46.171430,21.304360,157
S37,46.171430,21.304360,158
S37,46.169440,21.303340,159
S37,46.169430,21.303710,160
S37,46.169450,21.303910,161
S37,46.169490,21.304070,162
S37,46.169820,21.304910,163
S37,46.171160,21.308230,164
S38,46.173040,21.348810,1
S38,46.173500,21.348710,2
S38,46.173940,21.348580,3
S38,46.174200,21.348450,4
S38,46.174660,21.348190,5
S38,46.175110,21.347910,6
S38,46.175490,21.347530,7
S38,46.175420,21.347340,8
S38,46.174840,21.347840,9
S38,46.174610,21.347970,10
S38,46.174420,21.348060,11
S38,46.174200,21.348100,12
S38,46.174110,21.348100,13
S38,46.174100,21.348100,14
S38,46.172890,21.348060,15
S38,46.172250,21.348010,16
S38,46.172180,21.348360,17
S38,46.172180,21.348530,18
S38,46.172260,21.348740,19
S38,46.172350,21.348820,20
S38,46.172380,21.348830,21
S38,46.172380,21.349050,22
S38,46.172370,21.349520,23
S38,46.172330,21.349970,24
S38,46.172210,21.350720,25
S38,46.172100,21.351250,26
S38,46.172040,21.351640,27
S38,46.171640,21.351480,28
S38,46.171080,21.351240,29
S38,46.170520,21.350990,30
S38,46.170410,21.351500,31
S38,46.170210,21.352390,32
S38,46.169140,21.351890,33
S38,46.169030,21.351840,34
S38,46.167130,21.351040,35
S38,46.166910,21.351890,36
S38,46.166680,21.352990,37
S38,46.170340,21.359530,38
S38,46.170340,21.359530,39
S38,46.169250,21.364730,40
S38,46.168990,21.365980,41
S38,46.168930,21.366150,42
S38,46.168860,21.366260,43
S38,46.168780,21.366360,44
S38,46.168720,21.366390,45
S38,46.168650,21.366490,46
S38,46.168620,21.366550,47
S38,46.168480,21.366510,48
S38,46.168390,21.366550,49
S38,46.167920,21.366350,50
S38,46.167890,21.366570,51
S38,46.167890,21.366570,52
S38,46.167920,21.366350,53
S38,46.168390,21.366550,54
S38,46.168470,21.366640,55
S38,46.168560,21.366700,56
S38,46.168610,21.366730,57
S38,46.168620,21.366790,58
S38,46.168630,21.366820,59
S38,46.168640,21.366850,60
S38,46.168650,21.366880,61
S38,46.168670,21.366910,62
S38,46.168680,21.366930,63
S38,46.168700,21.366950,64
S38,46.168720,21.366970,65
S38,46.168740,21.366990,66
S38,46.168750,21.367170,67
S38,46.168760,21.367220,68
S38,46.168750,21.367280,69
S38,46.168750,21.367360,70
S38,46.168320,21.369910,71
S38,46.171340,21.370930,72
S38,46.172220,21.371230,73
S38,46.171990,21.372360,74
S38,46.172560,21.372620,75
S38,46.173110,21.372900,76
S38,46.173120,21.372880,77
S38,46.173080,21.373050,78
S38,46.173050,21.373200,79
S38,46.172980,21.373510,80
S38,46.173220,21.373630,81
S38,46.172810,21.375560,82
S38,46.172780,21.375710,83
S38,46.172700,21.376070,84
S38,46.172680,21.376140,85
S38,46.172580,21.376510,86
S38,46.172540,21.376640,87
S38,46.172130,21.378080,88
S38,46.171110,21.377870,89
S38,46.170620,21.377790,90
S38,46.170390,21.378460,91
S38,46.169490,21.377800,92
S38,46.169350,21.378230,93
S38,46.169350,21.378230,94
S38,46.169490,21.377800,95
S38,46.169620,21.377890,96
S38,46.169880,21.378090,97
S38,46.169730,21.378770,98
S39,46.169730,21.378770,1
S39,46.169880,21.378090,2
S39,46.170380,21.378450,3
S39,46.170390,21.378460,4
S39,46.170620,21.377790,5
S39,46.171110,21.377870,6
S39,46.172130,21.378080,7
S39,46.172540,21.376640,8
S39,46.172680,21.376140,9
S39,46.172780,21.375710,10
S39,46.173220,21.373630,11
S39,46.172980,21.373510,12
S39,46.173050,21.373200,13
S39,46.173120,21.372880,14
S39,46.172560,21.372620,15
S39,46.171990,21.372360,16
S39,46.171980,21.372390,17
S39,46.172260,21.371000,18
S39,46.172270,21.371000,19
S39,46.172700,21.368510,20
S39,46.172760,21.368140,21
S39,46.171860,21.367790,22
S39,46.171650,21.367720,23
S39,46.171650,21.367720,24
S39,46.169980,21.367130,25
S39,46.169280,21.366860,26
S39,46.169060,21.366630,27
S39,46.169050,21.366570,28
S39,46.169010,21.366460,29
S39,46.168940,21.366380,30
S39,46.168850,21.366350,31
S39,46.168740,21.366380,32
S39,46.168660,21.366460,33
S39,46.168640,21.366520,34
S39,46.168620,21.366550,35
S39,46.168540,21.366520,36
S39,46.168480,21.366510,37
S39,46.168390,21.366550,38
S39,46.167920,21.366350,39
S39,46.167890,21.366570,40
S39,46.167890,21.366570,41
S39,46.167920,21.366350,42
S39,46.168390,21.366550,43
S39,46.168470,21.366640,44
S39,46.168560,21.366700,45
S39,46.168610,21.366730,46
S39,46.168620,21.366790,47
S39,46.168640,21.366850,48
S39,46.168700,21.366950,49
S39,46.168790,21.367010,50
S39,46.168880,21.367010,51
S39,46.168970,21.366960,52
S39,46.169030,21.366860,53
S39,46.169060,21.366730,54
S39,46.169050,21.366570,55
S39,46.169010,21.366460,56
S39,46.168980,21.366420,57
S39,46.168990,21.365980,58
S39,46.169250,21.364730,59
S39,46.169820,21.362000,60
S39,46.170470,21.358940,61
S39,46.170770,21.357500,62
S39,46.171450,21.354490,63
S39,46.171450,21.354490,64
S39,46.171530,21.354100,65
S39,46.172040,21.351640,66
S39,46.172110,21.351310,67
S39,46.172130,21.351280,68
S39,46.172170,21.351240,69
S39,46.172440,21.350120,70
S39,46.172490,21.349780,71
S39,46.172510,21.349350,72
S39,46.172530,21.348830,73
S39,46.172790,21.348840,74
S39,46.173030,21.348810,75
S40,46.153650,21.321960,1
S40,46.153860,21.321960,2
S40,46.154130,21.321940,3
S40,46.154620,21.321920,4
S40,46.155920,21.321860,5
S40,46.156090,21.321860,6
S40,46.156350,21.321840,7
S40,46.156400,21.321820,8
S40,46.156400,21.321780,9
S40,46.156400,21.321740,10
S40,46.156400,21.321690,11
S40,46.155930,21.321680,12
S40,46.155880,21.320760,13
S40,46.155770,21.319660,14
S40,46.155660,21.318570,15
S40,46.155480,21.316790,16
S40,46.155470,21.316610,17
S40,46.155470,21.316460,18
S40,46.155470,21.316330,19
S40,46.155470,21.316330,20
S40,46.155460,21.316080,21
S40,46.155160,21.314280,22
S40,46.154830,21.312360,23
S40,46.154570,21.311120,24
S40,46.154130,21.308810,25
S40,46.154090,21.308700,26
S40,46.154020,21.308670,27
S40,46.153920,21.308680,28
S40,46.153580,21.308820,29
S40,46.153480,21.308920,30
S40,46.153340,21.309020,31
S40,46.153150,21.309040,32
S40,46.152860,21.308960,33
S40,46.152870,21.308730,34
S40,46.152850,21.308510,35
S40,46.152730,21.308070,36
S40,46.152600,21.307750,37
S40,46.152420,21.307410,38
S40,46.152390,21.307320,39
S40,46.152230,21.306940,40
S40,46.153090,21.306580,41
S40,46.153380,21.306460,42
S40,46.153610,21.306360,43
S40,46.153660,21.306260,44
S40,46.154070,21.303600,45
S40,46.154070,21.303600,46
S40,46.154770,21.298900,47
S40,46.154060,21.298660,48
S40,46.154060,21.298660,49
S40,46.153460,21.298460,50
S40,46.153060,21.298360,51
S40,46.152320,21.303350,52
S40,46.152320,21.303350,53
S40,46.151880,21.306230,54
S40,46.151920,21.306370,55
S40,46.152110,21.306720,56
S40,46.152230,21.306940,57
S40,46.152430,21.307420,58
S40,46.152560,21.307700,59
S40,46.152570,21.307690,60
S40,46.152730,21.308070,61
S40,46.152850,21.308510,62
S40,46.152870,21.308730,63
S40,46.152860,21.308960,64
S40,46.153150,21.309040,65
S40,46.153340,21.309020,66
S40,46.153480,21.308920,67
S40,46.153580,21.308820,68
S40,46.153740,21.308750,69
S40,46.153920,21.308680,70
S40,46.154020,21.308670,71
S40,46.154090,21.308700,72
S40,46.154110,21.308740,73
S40,46.154570,21.311120,74
S40,46.154830,21.312360,75
S40,46.155020,21.313400,76
S40,46.155160,21.314280,77
S40,46.155420,21.315810,78
S40,46.155420,21.315820,79
S40,46.155470,21.316270,80
S40,46.155470,21.316610,81
S40,46.155880,21.320760,82
S40,46.155930,21.321680,83
S40,46.154680,21.321760,84
S40,46.154500,21.321760,85
S40,46.154020,21.321770,86
S40,46.153653,21.322004,87
S41,46.154010,21.321770,1
S41,46.152250,21.321740,2
S41,46.150360,21.321560,3
S41,46.148040,21.321290,4
S41,46.147240,21.321220,5
S41,46.146600,21.321210,6
S41,46.146250,21.321200,7
S41,46.146230,21.321180,8
S41,46.146180,21.321170,9
S41,46.146130,21.321190,10
S41,46.146090,21.321230,11
S41,46.146090,21.321240,12
S41,46.145590,21.321290,13
S41,46.145430,21.321310,14
S41,46.145370,21.321400,15
S41,46.144770,21.321440,16
S41,46.144220,21.321450,17
S41,46.143710,21.321430,18
S41,46.142440,21.321290,19
S41,46.141800,21.321220,20
S41,46.141790,21.321200,21
S41,46.141780,21.321170,22
S41,46.141740,21.321130,23
S41,46.141460,21.321090,24
S41,46.141020,21.321030,25
S41,46.141030,21.320600,26
S41,46.141040,21.320070,27
S41,46.141040,21.319980,28
S41,46.141120,21.314950,29
S41,46.141120,21.314950,30
S41,46.141180,21.311680,31
S41,46.141200,21.310640,32
S41,46.141290,21.310340,33
S41,46.141390,21.310210,34
S41,46.141440,21.310150,35
S41,46.141480,21.310190,36
S41,46.141550,21.310220,37
S41,46.141650,21.310220,38
S41,46.141730,21.310160,39
S41,46.141780,21.310080,40
S41,46.141820,21.309950,41
S41,46.141830,21.309870,42
S41,46.141790,21.309700,43
S41,46.141740,21.309620,44
S41,46.141680,21.309570,45
S41,46.141620,21.309550,46
S41,46.141520,21.309560,47
S41,46.141460,21.309600,48
S41,46.141400,21.309680,49
S41,46.141360,21.309800,50
S41,46.141360,21.309950,51
S41,46.141290,21.310090,52
S41,46.141220,21.310310,53
S41,46.141190,21.310460,54
S41,46.141200,21.310640,55
S41,46.141180,21.311680,56
S41,46.141160,21.312860,57
S41,46.141160,21.312860,58
S41,46.141110,21.315700,59
S41,46.141110,21.315700,60
S41,46.141050,21.319820,61
S41,46.141050,21.319860,62
S41,46.141020,21.321030,63
S41,46.141030,21.321170,64
S41,46.141720,21.321250,65
S41,46.141750,21.321240,66
S41,46.141800,21.321220,67
S41,46.143400,21.321400,68
S41,46.143980,21.321450,69
S41,46.144760,21.321440,70
S41,46.145160,21.321410,71
S41,46.145370,21.321400,72
S41,46.145440,21.321450,73
S41,46.145450,21.321450,74
S41,46.145860,21.321420,75
S41,46.146090,21.321430,76
S41,46.146100,21.321450,77
S41,46.146130,21.321490,78
S41,46.146160,21.321500,79
S41,46.146200,21.321500,80
S41,46.146240,21.321480,81
S41,46.146280,21.321440,82
S41,46.146290,21.321410,83
S41,46.146610,21.321370,84
S41,46.147620,21.321370,85
S41,46.148410,21.321430,86
S41,46.150350,21.321690,87
S41,46.152240,21.321930,88
S41,46.153650,21.321960,89
S42,46.191720,21.308920,1
S42,46.191690,21.310320,2
S42,46.190970,21.310540,3
S42,46.189630,21.310350,4
S42,46.186550,21.309800,5
S42,46.186550,21.309800,6
S42,46.181190,21.309330,7
S42,46.171450,21.304290,8
S42,46.171450,21.304290,9
S42,46.166120,21.301580,10
S42,46.166120,21.301580,11
S42,46.163120,21.300050,12
S42,46.162230,21.299580,13
S42,46.162000,21.299300,14
S42,46.157480,21.298830,15
S42,46.156040,21.299220,16
S42,46.154070,21.298590,17
S42,46.154070,21.298590,18
S42,46.153090,21.298290,19
S42,46.152300,21.303340,20
S42,46.152300,21.303340,21
S42,46.151810,21.306370,22
S42,46.150110,21.306660,23
S42,46.149780,21.306810,24
S42,46.149180,21.307610,25
S42,46.148000,21.307630,26
S42,46.148000,21.307630,27
S42,46.148000,21.307680,28
S42,46.147830,21.307680,29
S42,46.147320,21.307690,30
S42,46.147140,21.307690,31
S42,46.147040,21.307700,32
S42,46.146940,21.307700,33
S42,46.146930,21.307700,34
S42,46.146860,21.307690,35
S42,46.146740,21.307670,36
S42,46.146540,21.307640,37
S42,46.145930,21.307520,38
S42,46.145480,21.307440,39
S42,46.145050,21.307360,40
S42,46.144990,21.307370,41
S42,46.144950,21.307390,42
S42,46.144930,21.307410,43
S42,46.144900,21.307370,44
S42,46.144610,21.311150,45
S42,46.141910,21.311160,46
S42,46.141690,21.310880,47
S42,46.141640,21.310410,48
S42,46.141680,21.310200,49
S42,46.141820,21.310000,50
S42,46.141780,21.309660,51
S42,46.141580,21.309580,52
S42,46.141390,21.309650,53
S42,46.141200,21.310400,54
S42,46.141170,21.311180,55
S42,46.141110,21.312860,56
S42,46.141110,21.312860,57
S42,46.141060,21.315700,58
S42,46.141060,21.315700,59
S42,46.141020,21.319860,60
S42,46.141020,21.319860,61
S42,46.141030,21.321250,62
S42,46.144940,21.321510,63
S42,46.144940,21.321510,64
S42,46.146200,21.321420,65
S42,46.144280,21.332170,66
S42,46.144200,21.333530,67
S42,46.144580,21.334140,68
S42,46.145320,21.334550,69
S43,46.145320,21.334380,1
S43,46.144810,21.334260,2
S43,46.144430,21.333970,3
S43,46.144240,21.333490,4
S43,46.146200,21.321380,5
S43,46.144870,21.321380,6
S43,46.141030,21.321160,7
S43,46.141070,21.319980,8
S43,46.141070,21.319980,9
S43,46.141170,21.314960,10
S43,46.141170,21.314950,11
S43,46.141210,21.311690,12
S43,46.141210,21.311690,13
S43,46.141190,21.311150,14
S43,46.144540,21.311270,15
S43,46.144910,21.307400,16
S43,46.148000,21.307700,17
S43,46.148000,21.307700,18
S43,46.149080,21.307650,19
S43,46.149900,21.306740,20
S43,46.151870,21.306390,21
S43,46.152520,21.302340,22
S43,46.152520,21.302340,23
S43,46.153010,21.298360,24
S43,46.153820,21.298650,25
S43,46.153820,21.298650,26
S43,46.166010,21.301580,27
S43,46.166010,21.301580,28
S43,46.171990,21.304730,29
S43,46.171990,21.304730,30
S43,46.178730,21.308210,31
S43,46.181660,21.309670,32
S43,46.182050,21.310630,33
S43,46.182410,21.310550,34
S43,46.182770,21.309900,35
S43,46.183260,21.309740,36
S43,46.183260,21.309740,37
S43,46.183830,21.309540,38
S43,46.186730,21.310020,39
S43,46.186730,21.310020,40
S43,46.186740,21.309930,41
S43,46.186840,21.309940,42
S43,46.186930,21.309960,43
S43,46.188300,21.310180,44
S43,46.188410,21.310200,45
S43,46.188460,21.310200,46
S43,46.188940,21.310280,47
S43,46.189560,21.310370,48
S43,46.190310,21.310500,49
S43,46.190340,21.310520,50
S43,46.190360,21.310530,51
S43,46.190440,21.310560,52
S43,46.190480,21.310580,53
S43,46.190720,21.310640,54
S43,46.190890,21.310680,55
S43,46.190900,21.310690,56
S43,46.190990,21.310700,57
S43,46.191030,21.310720,58
S43,46.191080,21.310740,59
S43,46.191100,21.310760,60
S43,46.191190,21.310800,61
S43,46.191540,21.311050,62
S43,46.191610,21.311030,63
S43,46.191660,21.311000,64
S43,46.191720,21.310950,65
S43,46.191780,21.310870,66
S43,46.191810,21.310720,67
S43,46.191980,21.309890,68
S44,46.183080,21.324810,1
S44,46.183380,21.325090,2
S44,46.183800,21.325650,3
S44,46.184090,21.325950,4
S44,46.184490,21.326350,5
S44,46.184640,21.326470,6
S44,46.185060,21.326800,7
S44,46.185290,21.326920,8
S44,46.185470,21.327000,9
S44,46.186300,21.327420,10
S44,46.188000,21.328300,11
S44,46.190150,21.329450,12
S44,46.190580,21.329680,13
S44,46.191400,21.330240,14
S44,46.191400,21.330240,15
S44,46.191900,21.330610,16
S44,46.192050,21.330750,17
S44,46.192460,21.331170,18
S44,46.192830,21.331590,19
S44,46.192980,21.331740,20
S44,46.193420,21.332230,21
S44,46.194510,21.333440,22
S44,46.195130,21.334110,23
S44,46.194630,21.335070,24
S44,46.194440,21.335410,25
S44,46.192480,21.339210,26
S44,46.192390,21.339370,27
S44,46.192270,21.339500,28
S44,46.192270,21.339510,29
S44,46.190410,21.341700,30
S44,46.189600,21.342660,31
S44,46.189410,21.342850,32
S44,46.188740,21.342540,33
S44,46.188740,21.342540,34
S44,46.186430,21.341470,35
S44,46.186070,21.341320,36
S44,46.185830,21.341190,37
S44,46.185630,21.341110,38
S44,46.185500,21.341120,39
S44,46.185390,21.341170,40
S44,46.185340,21.341230,41
S44,46.185320,21.341280,42
S44,46.185290,21.341540,43
S44,46.185280,21.343760,44
S44,46.185290,21.344610,45
S44,46.185340,21.345480,46
S44,46.185390,21.346160,47
S44,46.185510,21.347190,48
S44,46.185820,21.349130,49
S44,46.185890,21.349390,50
S44,46.186020,21.349720,51
S45,46.186020,21.349720,1
S45,46.185890,21.349390,2
S45,46.185820,21.349130,3
S45,46.185510,21.347190,4
S45,46.185390,21.346160,5
S45,46.185340,21.345480,6
S45,46.185290,21.344610,7
S45,46.185280,21.343760,8
S45,46.185290,21.341540,9
S45,46.185320,21.341280,10
S45,46.185340,21.341230,11
S45,46.185390,21.341170,12
S45,46.185500,21.341120,13
S45,46.185630,21.341110,14
S45,46.185830,21.341190,15
S45,46.186070,21.341320,16
S45,46.186430,21.341470,17
S45,46.186590,21.341530,18
S45,46.186600,21.341490,19
S45,46.186600,21.341430,20
S45,46.186570,21.341300,21
S45,46.186160,21.340510,22
S45,46.186160,21.340500,23
S45,46.185660,21.339640,24
S45,46.187120,21.338110,25
S45,46.187700,21.337500,26
S45,46.187700,21.337500,27
S45,46.188650,21.336490,28
S45,46.189270,21.335860,29
S45,46.189540,21.335540,30
S45,46.189650,21.335430,31
S45,46.189950,21.335130,32
S45,46.190320,21.334350,33
S45,46.190870,21.333090,34
S45,46.191690,21.331240,35
S45,46.191970,21.330670,36
S45,46.191900,21.330610,37
S45,46.191240,21.330130,38
S45,46.191240,21.330130,39
S45,46.190580,21.329680,40
S45,46.190150,21.329450,41
S45,46.188000,21.328300,42
S45,46.186300,21.327420,43
S45,46.185470,21.327000,44
S45,46.185160,21.326680,45
S45,46.185060,21.326470,46
S45,46.184980,21.325900,47
S45,46.184860,21.325090,48
S45,46.184780,21.324850,49
S45,46.184730,21.324750,50
S45,46.184570,21.324570,51
S45,46.184120,21.324370,52
S45,46.183800,21.324190,53
S45,46.183090,21.323630,54
S45,46.183080,21.323570,55
S45,46.183060,21.323520,56
S45,46.182990,21.323400,57
S45,46.182900,21.323330,58
S45,46.182830,21.323320,59
S45,46.182770,21.323320,60
S45,46.182670,21.323380,61
S45,46.182610,21.323450,62
S45,46.182550,21.323580,63
S45,46.182530,21.323800,64
S45,46.182570,21.323940,65
S45,46.182630,21.324040,66
S45,46.182660,21.324080,67
S45,46.182780,21.324350,68
S45,46.183380,21.325080,69
S45,46.183080,21.324810,70
S46,46.183080,21.324810,1
S46,46.183380,21.325090,2
S46,46.183840,21.325690,3
S46,46.183950,21.325720,4
S46,46.184170,21.325850,5
S46,46.184310,21.325880,6
S46,46.184410,21.325880,7
S46,46.184680,21.325770,8
S46,46.184900,21.325630,9
S46,46.184940,21.325600,10
S46,46.184900,21.325320,11
S46,46.184860,21.325090,12
S46,46.184780,21.324850,13
S46,46.184730,21.324750,14
S46,46.184570,21.324570,15
S46,46.184120,21.324370,16
S46,46.183800,21.324190,17
S46,46.183090,21.323630,18
S46,46.183080,21.323570,19
S46,46.183060,21.323520,20
S46,46.183140,21.322890,21
S46,46.183260,21.322370,22
S46,46.184320,21.319540,23
S46,46.184410,21.319240,24
S46,46.184430,21.319170,25
S46,46.184480,21.319040,26
S46,46.184570,21.318780,27
S46,46.184660,21.318510,28
S46,46.184860,21.317980,29
S46,46.185080,21.317390,30
S46,46.185150,21.317120,31
S46,46.185160,21.317100,32
S46,46.185200,21.316820,33
S46,46.185180,21.316470,34
S46,46.185110,21.316120,35
S46,46.185010,21.315830,36
S46,46.184870,21.315590,37
S46,46.184580,21.315200,38
S46,46.184390,21.314920,39
S46,46.184100,21.314580,40
S46,46.183830,21.314200,41
S46,46.183650,21.313930,42
S46,46.183080,21.312900,43
S46,46.182940,21.312620,44
S46,46.182860,21.312390,45
S46,46.182770,21.312120,46
S46,46.182720,21.311880,47
S46,46.182630,21.311220,48
S46,46.182540,21.310400,49
S46,46.182570,21.310350,50
S46,46.182550,21.310200,51
S46,46.182510,21.310090,52
S46,46.182450,21.310000,53
S46,46.182370,21.309940,54
S46,46.182130,21.309840,55
S46,46.181610,21.309560,56
S46,46.181400,21.309510,57
S46,46.181170,21.309400,58
S46,46.181170,21.309400,59
S46,46.177460,21.307490,60
S46,46.176350,21.306900,61
S46,46.172640,21.305000,62
S46,46.171430,21.304360,63
S46,46.171430,21.304360,64
S46,46.169440,21.303340,65
S46,46.169380,21.301450,66
S46,46.169190,21.292680,67
S46,46.169140,21.290980,68
S46,46.169140,21.290930,69
S46,46.169140,21.290930,70
S46,46.169090,21.287980,71
S46,46.169050,21.286520,72
S46,46.168970,21.282710,73
S46,46.168940,21.281930,74
S46,46.168990,21.281860,75
S46,46.168980,21.281630,76
S46,46.169000,21.281380,77
S46,46.169050,21.281130,78
S46,46.169080,21.281130,79
S46,46.169140,21.281130,80
S46,46.169240,21.281070,81
S46,46.169280,21.281010,82
S46,46.169300,21.280950,83
S46,46.169320,21.280850,84
S46,46.169300,21.280730,85
S46,46.169260,21.280630,86
S46,46.169210,21.280570,87
S46,46.169130,21.280530,88
S46,46.169060,21.280540,89
S46,46.169020,21.280560,90
S46,46.169000,21.280570,91
S46,46.168940,21.280430,92
S46,46.168930,21.279980,93
S46,46.168880,21.279900,94
S46,46.168870,21.279320,95
S46,46.168790,21.276110,96
S46,46.168660,21.270400,97
S46,46.168650,21.267860,98
S46,46.168490,21.260850,99
S46,46.168340,21.251730,100
S46,46.168180,21.244140,101
S46,46.168170,21.242890,102
S46,46.169070,21.242850,103
S46,46.170800,21.242780,104
S46,46.171020,21.242770,105
S46,46.171120,21.242710,106
S46,46.171190,21.242590,107
S46,46.171220,21.242410,108
S46,46.171140,21.238020,109
S46,46.172560,21.237980,110
S47,46.172560,21.237980,1
S47,46.171140,21.238020,2
S47,46.171160,21.238950,3
S47,46.171220,21.242240,4
S47,46.171210,21.242500,5
S47,46.171160,21.242650,6
S47,46.171080,21.242750,7
S47,46.170940,21.242780,8
S47,46.168170,21.242890,9
S47,46.168250,21.247970,10
S47,46.168340,21.251730,11
S47,46.168480,21.260070,12
S47,46.168520,21.262510,13
S47,46.168650,21.268450,14
S47,46.168660,21.270400,15
S47,46.168730,21.273510,16
S47,46.168850,21.278530,17
S47,46.168880,21.279900,18
S47,46.168840,21.279980,19
S47,46.168850,21.280340,20
S47,46.168890,21.280560,21
S47,46.168930,21.280640,22
S47,46.168910,21.280680,23
S47,46.168890,21.280730,24
S47,46.168880,21.280780,25
S47,46.168880,21.280870,26
S47,46.168900,21.280970,27
S47,46.168940,21.281060,28
S47,46.168970,21.281090,29
S47,46.168910,21.281380,30
S47,46.168890,21.281630,31
S47,46.168900,21.281860,32
S47,46.168940,21.281930,33
S47,46.168960,21.282450,34
S47,46.168970,21.282710,35
S47,46.169050,21.286520,36
S47,46.169140,21.290340,37
S47,46.169140,21.290340,38
S47,46.169150,21.291560,39
S47,46.169150,21.291730,40
S47,46.169230,21.294670,41
S47,46.169420,21.302700,42
S47,46.169440,21.303340,43
S47,46.170670,21.303970,44
S47,46.171780,21.304560,45
S47,46.172000,21.304670,46
S47,46.172010,21.304670,47
S47,46.175190,21.306290,48
S47,46.179620,21.308610,49
S47,46.181400,21.309510,50
S47,46.181450,21.309580,51
S47,46.181610,21.309700,52
S47,46.181770,21.309940,53
S47,46.181810,21.309980,54
S47,46.181890,21.310030,55
S47,46.181880,21.310060,56
S47,46.181870,21.310130,57
S47,46.181860,21.310190,58
S47,46.181880,21.310340,59
S47,46.181950,21.310440,60
S47,46.182100,21.310580,61
S47,46.182160,21.310610,62
S47,46.182250,21.310740,63
S47,46.182470,21.310920,64
S47,46.182530,21.311000,65
S47,46.182580,21.311120,66
S47,46.182670,21.311530,67
S47,46.182680,21.311640,68
S47,46.182770,21.312120,69
S47,46.182940,21.312620,70
S47,46.183440,21.313560,71
S47,46.183710,21.314040,72
S47,46.184100,21.314580,73
S47,46.184390,21.314920,74
S47,46.184580,21.315200,75
S47,46.184770,21.315450,76
S47,46.184950,21.315720,77
S47,46.185080,21.316010,78
S47,46.185120,21.316120,79
S47,46.185120,21.316130,80
S47,46.185180,21.316470,81
S47,46.185200,21.316820,82
S47,46.185140,21.317190,83
S47,46.185020,21.317550,84
S47,46.184820,21.318100,85
S47,46.184440,21.319160,86
S47,46.184390,21.319280,87
S47,46.184320,21.319540,88
S47,46.183750,21.321040,89
S47,46.183000,21.323050,90
S47,46.182900,21.323330,91
S47,46.182880,21.323330,92
S47,46.182850,21.323320,93
S47,46.182780,21.323320,94
S47,46.182700,21.323360,95
S47,46.182630,21.323410,96
S47,46.182560,21.323550,97
S47,46.182530,21.323740,98
S47,46.182560,21.323910,99
S47,46.182610,21.324030,100
S47,46.182680,21.324100,101
S47,46.182810,21.324340,102
S47,46.183090,21.324710,103
S47,46.183380,21.325090,104
S48,46.166590,21.319930,1
S48,46.166750,21.320000,2
S48,46.166810,21.320050,3
S48,46.166870,21.320180,4
S48,46.166990,21.320730,5
S48,46.167050,21.320860,6
S48,46.167130,21.320950,7
S48,46.167220,21.321000,8
S48,46.167270,21.321010,9
S48,46.167420,21.320970,10
S48,46.167500,21.320910,11
S48,46.167560,21.320820,12
S48,46.167600,21.320700,13
S48,46.167620,21.320580,14
S48,46.167600,21.320390,15
S48,46.167550,21.320280,16
S48,46.167490,21.320190,17
S48,46.167410,21.320130,18
S48,46.167330,21.320100,19
S48,46.167280,21.320100,20
S48,46.167230,21.320110,21
S48,46.167210,21.320120,22
S48,46.166350,21.319420,23
S48,46.166290,21.319360,24
S48,46.166640,21.316750,25
S48,46.166810,21.315750,26
S48,46.166970,21.312760,27
S48,46.167070,21.311360,28
S48,46.167050,21.310780,29
S48,46.167050,21.310780,30
S48,46.166970,21.308130,31
S48,46.166960,21.307700,32
S48,46.166970,21.307420,33
S48,46.166900,21.306040,34
S48,46.166750,21.303640,35
S48,46.166660,21.301880,36
S48,46.168830,21.303010,37
S48,46.170670,21.303970,38
S48,46.172010,21.304670,39
S48,46.172010,21.304670,40
S48,46.175190,21.306290,41
S48,46.179620,21.308610,42
S48,46.181400,21.309510,43
S48,46.181450,21.309580,44
S48,46.181610,21.309700,45
S48,46.181770,21.309940,46
S48,46.181810,21.309980,47
S48,46.181890,21.310030,48
S48,46.181880,21.310060,49
S48,46.181870,21.310130,50
S48,46.181860,21.310190,51
S48,46.181880,21.310340,52
S48,46.181950,21.310440,53
S48,46.182160,21.310610,54
S48,46.182270,21.310630,55
S48,46.182370,21.310610,56
S48,46.182450,21.310560,57
S48,46.182540,21.310400,58
S48,46.182670,21.310120,59
S48,46.182760,21.309980,60
S48,46.182920,21.309810,61
S48,46.183230,21.309640,62
S48,46.183240,21.309640,63
S48,46.183470,21.309550,64
S48,46.183610,21.309520,65
S48,46.183850,21.309480,66
S48,46.184140,21.309510,67
S48,46.184550,21.309580,68
S48,46.185710,21.309760,69
S48,46.186740,21.309930,70
S48,46.186740,21.309930,71
S48,46.190310,21.310500,72
S48,46.190440,21.310560,73
S48,46.191030,21.310720,74
S48,46.191100,21.310760,75
S48,46.191540,21.311050,76
S48,46.191660,21.311000,77
S48,46.191780,21.310870,78
S48,46.191980,21.309890,79
S48,46.192000,21.309820,80
S48,46.192220,21.308780,81
S48,46.192280,21.308380,82
S48,46.192350,21.308030,83
S48,46.192470,21.307990,84
S48,46.192860,21.307950,85
S48,46.193140,21.307990,86
S48,46.194110,21.308200,87
S48,46.194300,21.308080,88
S48,46.194300,21.308090,89
S48,46.194310,21.308090,90
S48,46.194310,21.308100,91
S48,46.194330,21.308110,92
S48,46.194340,21.308110,93
S48,46.194370,21.308100,94
S48,46.194390,21.308060,95
S48,46.194380,21.308010,96
S48,46.194360,21.307980,97
S48,46.194340,21.307980,98
S48,46.194360,21.307920,99
S48,46.194420,21.307780,100
S48,46.194690,21.307330,101
S48,46.194690,21.307330,102
S48,46.196290,21.304750,103
S48,46.197520,21.302710,104
S48,46.197930,21.302080,105
S48,46.198380,21.301540,106
S48,46.198870,21.300960,107
S48,46.199040,21.300750,108
S48,46.199680,21.300130,109
S48,46.200370,21.299600,110
S48,46.201300,21.298860,111
S48,46.202330,21.297990,112
S48,46.202330,21.297990,113
S48,46.203130,21.297340,114
S48,46.203220,21.297200,115
S48,46.203250,21.297230,116
S48,46.203300,21.297240,117
S48,46.203350,21.297200,118
S48,46.203380,21.297130,119
S48,46.203380,21.297090,120
S48,46.203370,21.297070,121
S48,46.203450,21.297040,122
S48,46.203830,21.296730,123
S48,46.203930,21.296610,124
S48,46.203970,21.296460,125
S48,46.204020,21.294650,126
S48,46.204030,21.294020,127
S48,46.204120,21.293650,128
S48,46.204150,21.293590,129
S48,46.204200,21.293540,130
S48,46.204330,21.293460,131
S48,46.206170,21.293870,132
S48,46.206170,21.293870,133
S48,46.206590,21.293950,134
S48,46.206890,21.293980,135
S48,46.207120,21.293970,136
S48,46.207310,21.293920,137
S48,46.207640,21.293780,138
S48,46.207890,21.293630,139
S48,46.209300,21.292530,140
S48,46.211110,21.291080,141
S48,46.211610,21.290680,142
S48,46.211610,21.290670,143
S48,46.212030,21.290330,144
S48,46.212070,21.290290,145
S48,46.212130,21.290240,146
S48,46.213540,21.289080,147
S48,46.213810,21.288850,148
S48,46.213820,21.288840,149
S48,46.214030,21.288620,150
S48,46.213940,21.288400,151
S48,46.213800,21.288050,152
S48,46.213510,21.287390,153
S48,46.213490,21.287340,154
S48,46.213430,21.287180,155
S48,46.213370,21.287020,156
S48,46.213310,21.286850,157
S48,46.213250,21.286670,158
S48,46.213120,21.286250,159
S48,46.213040,21.285940,160
S48,46.212280,21.283200,161
S48,46.213150,21.282830,162
S48,46.213200,21.282800,163
S48,46.213200,21.282800,164
S48,46.215190,21.281900,165
S48,46.215390,21.281790,166
S48,46.215550,21.281680,167
S48,46.215800,21.281450,168
S48,46.217150,21.279830,169
S48,46.217240,21.279680,170
S48,46.217260,21.279590,171
S48,46.217250,21.279460,172
S48,46.217010,21.278190,173
S48,46.217090,21.276380,174
S48,46.217090,21.276160,175
S48,46.217070,21.275940,176
S48,46.216730,21.274350,177
S48,46.216720,21.274310,178
S48,46.215480,21.269560,179
S48,46.212840,21.271100,180
S48,46.214000,21.275290,181
S48,46.214000,21.275290,182
S48,46.214110,21.275690,183
S48,46.213020,21.276250,184
S48,46.211310,21.277120,185
S48,46.211310,21.277120,186
S48,46.205540,21.280120,187
S48,46.205550,21.280130,188
S48,46.204810,21.277530,189
S48,46.203580,21.273070,190
S48,46.202880,21.270450,191
S48,46.204330,21.269670,192
S48,46.204800,21.269410,193
S49,46.204800,21.269410,1
S49,46.205280,21.269140,2
S49,46.205670,21.270570,3
S49,46.206010,21.271750,4
S49,46.206020,21.271780,5
S49,46.203580,21.273070,6
S49,46.204810,21.277530,7
S49,46.205530,21.280080,8
S49,46.205550,21.280080,9
S49,46.210910,21.277330,10
S49,46.210920,21.277330,11
S49,46.214110,21.275690,12
S49,46.214020,21.275390,13
S49,46.214020,21.275380,14
S49,46.212850,21.271130,15
S49,46.212880,21.271030,16
S49,46.212910,21.270930,17
S49,46.215480,21.269560,18
S49,46.216130,21.272020,19
S49,46.216730,21.274350,20
S49,46.216760,21.274480,21
S49,46.216760,21.274480,22
S49,46.217080,21.276060,23
S49,46.217090,21.276270,24
S49,46.217010,21.277970,25
S49,46.217020,21.278270,26
S49,46.217250,21.279510,27
S49,46.217250,21.279600,28
S49,46.217230,21.279710,29
S49,46.217200,21.279770,30
S49,46.216780,21.280270,31
S49,46.215740,21.281510,32
S49,46.215480,21.281730,33
S49,46.215310,21.281840,34
S49,46.215000,21.281990,35
S49,46.213080,21.282860,36
S49,46.213080,21.282860,37
S49,46.212280,21.283200,38
S49,46.213040,21.285940,39
S49,46.213250,21.286670,40
S49,46.213490,21.287340,41
S49,46.213800,21.288050,42
S49,46.214030,21.288620,43
S49,46.213820,21.288840,44
S49,46.213540,21.289080,45
S49,46.212070,21.290290,46
S49,46.211940,21.290410,47
S49,46.211940,21.290410,48
S49,46.209390,21.292460,49
S49,46.208050,21.293500,50
S49,46.207690,21.293750,51
S49,46.207430,21.293880,52
S49,46.207120,21.293970,53
S49,46.206770,21.293970,54
S49,46.206220,21.293880,55
S49,46.206160,21.293870,56
S49,46.206160,21.293870,57
S49,46.204330,21.293460,58
S49,46.204040,21.293370,59
S49,46.204020,21.294650,60
S49,46.203970,21.296460,61
S49,46.203930,21.296610,62
S49,46.203830,21.296730,63
S49,46.203450,21.297040,64
S49,46.203370,21.297060,65
S49,46.203360,21.297040,66
S49,46.203340,21.297010,67
S49,46.203290,21.296980,68
S49,46.203240,21.297010,69
S49,46.203200,21.297070,70
S49,46.203200,21.297150,71
S49,46.203220,21.297190,72
S49,46.203130,21.297340,73
S49,46.202870,21.297550,74
S49,46.202510,21.297840,75
S49,46.202510,21.297840,76
S49,46.201850,21.298390,77
S49,46.200580,21.299440,78
S49,46.200020,21.299880,79
S49,46.199680,21.300130,80
S49,46.199210,21.300580,81
S49,46.198930,21.300880,82
S49,46.198770,21.301080,83
S49,46.198770,21.301080,84
S49,46.197930,21.302080,85
S49,46.197520,21.302710,86
S49,46.196970,21.303640,87
S49,46.195330,21.306290,88
S49,46.195260,21.306400,89
S49,46.195260,21.306400,90
S49,46.194420,21.307780,91
S49,46.194340,21.307980,92
S49,46.194330,21.307980,93
S49,46.194310,21.307990,94
S49,46.194300,21.308030,95
S49,46.194300,21.308080,96
S49,46.194110,21.308200,97
S49,46.193140,21.307990,98
S49,46.192860,21.307950,99
S49,46.192630,21.307850,100
S49,46.192550,21.307830,101
S49,46.192460,21.307760,102
S49,46.192410,21.307720,103
S49,46.192430,21.307620,104
S49,46.192410,21.307530,105
S49,46.192370,21.307430,106
S49,46.192290,21.307350,107
S49,46.192190,21.307300,108
S49,46.192070,21.307290,109
S49,46.191950,21.307490,110
S49,46.191920,21.307590,111
S49,46.191880,21.307780,112
S49,46.191880,21.307950,113
S49,46.191800,21.308930,114
S49,46.191800,21.308940,115
S49,46.191700,21.310120,116
S49,46.191660,21.310380,117
S49,46.191610,21.310370,118
S49,46.191530,21.310370,119
S49,46.191290,21.310470,120
S49,46.191080,21.310530,121
S49,46.190460,21.310470,122
S49,46.190360,21.310480,123
S49,46.190310,21.310500,124
S49,46.189560,21.310370,125
S49,46.188460,21.310200,126
S49,46.186840,21.309940,127
S49,46.186540,21.309890,128
S49,46.186540,21.309890,129
S49,46.183930,21.309480,130
S49,46.183650,21.309500,131
S49,46.183330,21.309580,132
S49,46.182460,21.309840,133
S49,46.182310,21.309870,134
S49,46.182210,21.309880,135
S49,46.182130,21.309840,136
S49,46.181610,21.309560,137
S49,46.181400,21.309510,138
S49,46.181170,21.309400,139
S49,46.181170,21.309400,140
S49,46.177460,21.307490,141
S49,46.176350,21.306900,142
S49,46.172640,21.305000,143
S49,46.171430,21.304360,144
S49,46.171430,21.304360,145
S49,46.169440,21.303340,146
S49,46.166660,21.301880,147
S49,46.166600,21.301850,148
S49,46.166570,21.301840,149
S49,46.166660,21.303590,150
S49,46.166810,21.306050,151
S49,46.166890,21.307430,152
S49,46.166930,21.307720,153
S49,46.166950,21.307790,154
S49,46.167050,21.310570,155
S49,46.167060,21.310990,156
S49,46.167060,21.310990,157
S49,46.167080,21.311450,158
S49,46.166990,21.311430,159
S49,46.166640,21.311340,160
S49,46.166560,21.311280,161
S49,46.166540,21.311310,162
S49,46.166180,21.314170,163
S49,46.166150,21.314430,164
S49,46.166100,21.314600,165
S49,46.166030,21.314960,166
S49,46.166020,21.315170,167
S49,46.166040,21.315270,168
S49,46.166090,21.315300,169
S49,46.165940,21.316700,170
S49,46.165780,21.317950,171
S49,46.165590,21.319640,172
S49,46.166380,21.319860,173
S49,46.166470,21.319890,174
