{"type":"FeatureCollection","features":[{"type":"Feature","geometry":{"type":"LineString","coordinates":[[21.32472,46.18237],[21.32826,46.18183],[21.33085,46.18146],[21.33296,46.18113],[21.33297,46.18113],[21.33297,46.18114],[21.33496,46.18084],[21.33648,46.18062],[21.33761,46.18045],[21.33807,46.18042],[21.33871,46.18043],[21.33929,46.18052],[21.3401,46.18068],[21.34057,46.18072],[21.34105,46.18074],[21.34177,46.18071],[21.3423,46.18064],[21.34343,46.1804],[21.3443,46.1802],[21.3443,46.1802],[21.34917,46.17908],[21.34916,46.17905],[21.34916,46.17905],[21.35619,46.17745],[21.35619,46.17745],[21.36008,46.17668],[21.36008,46.17668],[21.36006,46.17663],[21.36039,46.17656],[21.35981,46.17521],[21.3585,46.17227],[21.35804,46.17117],[21.35804,46.17117],[21.35799,46.17107],[21.35785,46.17096],[21.35776,46.17086],[21.35757,46.1708],[21.3575,46.17077],[21.35591,46.17113],[21.35512,46.1713],[21.35449,46.17145],[21.35449,46.17145],[21.3541,46.17153],[21.35164,46.17204],[21.35131,46.17211],[21.35128,46.17213],[21.35124,46.17217],[21.35012,46.17244],[21.34978,46.17249],[21.34935,46.17251],[21.34883,46.17253],[21.34884,46.17279],[21.34881,46.17303],[21.34881,46.17303],[21.34871,46.1735],[21.34858,46.17394],[21.34845,46.1742],[21.34819,46.17466],[21.34791,46.17511],[21.34689,46.17612],[21.3466,46.17635],[21.34576,46.17683],[21.34542,46.177],[21.34542,46.177],[21.34268,46.17829],[21.34104,46.17909],[21.34104,46.17909],[21.33973,46.1797],[21.33902,46.18003],[21.33848,46.18034],[21.33823,46.18047],[21.33759,46.1808],[21.33727,46.1809],[21.33695,46.18097],[21.3364,46.18104],[21.33568,46.18104],[21.33459,46.18102],[21.33415,46.18109],[21.33361,46.18117],[21.33361,46.18117],[21.32982,46.18174],[21.32581,46.18234],[21.32531,46.18243],[21.3251,46.18247],[21.32477,46.18258],[21.32454,46.1827],[21.3242,46.18292],[21.32409,46.18296],[21.32405,46.18302],[21.32396,46.18308],[21.32373,46.18312],[21.32361,46.18311],[21.32346,46.18301],[21.32332,46.18284],[21.32333,46.18274],[21.3234,46.18264],[21.32349,46.18258],[21.32363,46.18254],[21.32377,46.18253],[21.32384,46.18254],[21.32406,46.18247],[21.32472,46.18237]]},"properties":{"line":"7A","dir":"0","mode":"bus"}},{"type":"Feature","geometry":{"type":"LineString","coordinates":[[21.324545,46.182407],[21.337905,46.180397],[21.338926,46.180409],[21.340717,46.1807],[21.342332,46.180601],[21.366388,46.175286],[21.366626,46.175575],[21.371594,46.178348],[21.372231,46.178858],[21.372679,46.178978],[21.374662,46.180083],[21.37576,46.180286],[21.375858,46.18077],[21.379063,46.182565],[21.392928,46.189551],[21.41627,46.194771],[21.430572,46.199159],[21.435439,46.200396],[21.438119,46.201009],[21.447312,46.202659],[21.448761,46.20315],[21.453371,46.205689],[21.462874,46.208638],[21.462957,46.208501]]},"properties":{"line":"13","dir":"0","mode":"bus"}},{"type":"Feature","geometry":{"type":"LineString","coordinates":[[21.462957,46.208501],[21.462874,46.208638],[21.453371,46.205689],[21.448761,46.20315],[21.447312,46.202659],[21.438119,46.201009],[21.435439,46.200396],[21.430572,46.199159],[21.41627,46.194771],[21.392928,46.189551],[21.379063,46.182565],[21.375858,46.18077],[21.37576,46.180286],[21.374662,46.180083],[21.372679,46.178978],[21.372231,46.178858],[21.371594,46.178348],[21.366626,46.175575],[21.366388,46.175286],[21.342332,46.180601],[21.340717,46.1807],[21.338926,46.180409],[21.337905,46.180397],[21.324545,46.182407],[21.32481,46.18308]]},"properties":{"line":"13","dir":"1","mode":"bus"}},{"type":"Feature","geometry":{"type":"LineString","coordinates":[[21.32472,46.18237],[21.32826,46.18183],[21.33085,46.18146],[21.33296,46.18113],[21.33297,46.18113],[21.33297,46.18114],[21.33418,46.18095],[21.33445,46.18091],[21.33451,46.18088],[21.3355,46.18056],[21.33619,46.18039],[21.33791,46.18016],[21.33828,46.1801],[21.33864,46.18],[21.33942,46.17965],[21.3409,46.17894],[21.34143,46.17869],[21.34328,46.17783],[21.34543,46.17678],[21.3463,46.17632],[21.3463,46.17632],[21.34647,46.17623],[21.34673,46.17605],[21.34734,46.17542],[21.34784,46.17484],[21.34797,46.17461],[21.34806,46.17442],[21.3481,46.1742],[21.3481,46.17411],[21.3481,46.1741],[21.34806,46.17289],[21.34801,46.17225],[21.34836,46.17218],[21.34853,46.17218],[21.34874,46.17226],[21.34882,46.17235],[21.34883,46.17238],[21.34905,46.17238],[21.34952,46.17237],[21.34997,46.17233],[21.35072,46.17221],[21.35125,46.1721],[21.35164,46.17204],[21.35357,46.17165],[21.35427,46.1715],[21.35476,46.17138],[21.35476,46.17138],[21.35512,46.1713],[21.35533,46.17126],[21.35591,46.17113],[21.3575,46.17077],[21.35769,46.17073],[21.35782,46.1707],[21.3579,46.17068],[21.3581,46.17106],[21.35821,46.17128],[21.35818,46.17129],[21.35818,46.17129],[21.36032,46.17576],[21.36021,46.17578],[21.36035,46.17612],[21.36035,46.17613],[21.36039,46.1762],[21.36052,46.17653],[21.36053,46.17655],[21.36055,46.1766],[21.36057,46.17666],[21.36056,46.17678],[21.36045,46.17668],[21.36005,46.17677],[21.36005,46.17677],[21.35592,46.17768],[21.35591,46.17768],[21.35286,46.17836],[21.35126,46.17872],[21.34976,46.17909],[21.34778,46.17955],[21.34778,46.17955],[21.34544,46.18008],[21.34437,46.18033],[21.34437,46.18033],[21.34277,46.18067],[21.34241,46.18075],[21.34187,46.18083],[21.34128,46.18086],[21.34067,46.18084],[21.34009,46.1808],[21.33963,46.18072],[21.33901,46.18059],[21.33862,46.18054],[21.33816,46.18053],[21.33754,46.18058],[21.33545,46.18089],[21.33361,46.18117],[21.33361,46.18117],[21.32982,46.18174],[21.32581,46.18234],[21.32531,46.18243],[21.3251,46.18247],[21.32477,46.18258],[21.32454,46.1827],[21.3242,46.18292],[21.32409,46.18296],[21.32405,46.18302],[21.32396,46.18308],[21.32373,46.18312],[21.32361,46.18311],[21.32346,46.18301],[21.32332,46.18284],[21.32333,46.18274],[21.3234,46.18264],[21.32349,46.18258],[21.32363,46.18254],[21.32377,46.18253],[21.32384,46.18254],[21.32406,46.18247],[21.32472,46.18237]]},"properties":{"line":"18A","dir":"0","mode":"bus"}},{"type":"Feature","geometry":{"type":"LineString","coordinates":[[21.30895,46.1918],[21.31012,46.1917],[21.31038,46.19166],[21.31037,46.19161],[21.31037,46.19153],[21.31047,46.19129],[21.31053,46.19108],[21.31047,46.19046],[21.31048,46.19036],[21.3105,46.19031],[21.31037,46.18956],[21.3102,46.18846],[21.30994,46.18684],[21.30989,46.18654],[21.30989,46.18654],[21.30948,46.18393],[21.3095,46.18365],[21.30958,46.18333],[21.30984,46.18246],[21.30987,46.18231],[21.30988,46.18221],[21.30984,46.18213],[21.30986,46.18202],[21.30991,46.18196],[21.31003,46.18189],[21.31019,46.18186],[21.31027,46.18186],[21.31041,46.18192],[21.31047,46.18198],[21.31061,46.18216],[21.31074,46.18225],[21.31087,46.18243],[21.31095,46.1825],[21.31105,46.18255],[21.31141,46.18265],[21.31164,46.18268],[21.31212,46.18277],[21.31262,46.18294],[21.31356,46.18344],[21.31404,46.18371],[21.31458,46.1841],[21.31492,46.18439],[21.3152,46.18458],[21.31545,46.18477],[21.31572,46.18495],[21.31601,46.18508],[21.31612,46.18512],[21.31613,46.18512],[21.31647,46.18518],[21.31682,46.1852],[21.31719,46.18514],[21.31755,46.18502],[21.31811,46.18485],[21.31863,46.18467],[21.31915,46.18448],[21.31928,46.18443],[21.32104,46.18375],[21.32335,46.18288],[21.32332,46.18281],[21.32332,46.18277],[21.32339,46.18265],[21.32347,46.1826],[21.32359,46.18255],[21.32374,46.18253],[21.32386,46.18254],[21.32406,46.18247],[21.32472,46.18237],[21.32473,46.18237],[21.32826,46.18183],[21.33085,46.18146],[21.33296,46.18113],[21.33297,46.18113],[21.33297,46.18114],[21.33418,46.18095],[21.33445,46.18091],[21.33451,46.18088],[21.3355,46.18056],[21.33619,46.18039],[21.33791,46.18016],[21.33828,46.1801],[21.33864,46.18],[21.33942,46.17965],[21.3409,46.17894],[21.34143,46.17869],[21.34278,46.17806],[21.34543,46.17678],[21.3463,46.17632],[21.3463,46.17632],[21.34647,46.17623],[21.34673,46.17605],[21.34734,46.17542],[21.34784,46.17484],[21.34797,46.17461],[21.34806,46.17442],[21.3481,46.17418],[21.3481,46.1741],[21.34809,46.17367],[21.34806,46.17289],[21.34801,46.17225],[21.34793,46.17109],[21.34784,46.17077],[21.34777,46.17061],[21.34758,46.17034],[21.34717,46.16991],[21.34687,46.16963],[21.3463,46.16919],[21.34577,46.16873],[21.34547,46.16851],[21.34514,46.1683],[21.34484,46.16816],[21.34432,46.16794],[21.3437,46.16773],[21.3421,46.1674],[21.33992,46.16691],[21.33814,46.16647],[21.33802,46.1664],[21.33731,46.16624],[21.33659,46.16612],[21.33599,46.16603],[21.33535,46.16598],[21.33495,46.16597],[21.33314,46.16598],[21.33049,46.16601],[21.33012,46.16608],[21.33009,46.1661],[21.32998,46.16612],[21.32989,46.16611],[21.3298,46.16607],[21.32976,46.166],[21.32977,46.16593],[21.32989,46.16564],[21.33038,46.16485],[21.33101,46.16375],[21.33106,46.16351],[21.33106,46.16333],[21.33102,46.16317],[21.33095,46.16299],[21.33008,46.16158],[21.33008,46.16158],[21.32869,46.15939],[21.32711,46.15688],[21.32697,46.1567],[21.32672,46.15655],[21.32643,46.15643],[21.32595,46.15629],[21.32586,46.15646],[21.32573,46.15656],[21.32557,46.15667],[21.3255,46.15669],[21.325,46.15666],[21.32365,46.15648],[21.32298,46.15642],[21.32174,46.1564],[21.32169,46.1564],[21.32168,46.15593],[21.32176,46.15461],[21.32177,46.15402],[21.32177,46.15402],[21.32174,46.15225],[21.32156,46.15036],[21.32129,46.14804],[21.32122,46.14724],[21.32121,46.1466],[21.3212,46.14625],[21.32118,46.14623],[21.32117,46.14618],[21.32119,46.14613],[21.32123,46.14609],[21.32136,46.14607],[21.32143,46.14609],[21.32148,46.14612],[21.3215,46.14615],[21.32177,46.14615],[21.32182,46.14617],[21.32523,46.14556],[21.33211,46.1443],[21.33264,46.14423],[21.33295,46.14422],[21.33334,46.14422],[21.33354,46.14425],[21.33376,46.14432],[21.33399,46.14448],[21.33418,46.14473],[21.33448,46.14533],[21.33448,46.14533],[21.33468,46.1458],[21.33478,46.14612],[21.33488,46.14688],[21.33548,46.14937],[21.33565,46.14964],[21.33568,46.14964],[21.33574,46.14966],[21.33578,46.14969],[21.33623,46.14968],[21.33731,46.14949],[21.3379,46.14937],[21.33816,46.14929],[21.33838,46.14919],[21.33859,46.14903],[21.33879,46.14882],[21.33944,46.14792],[21.33962,46.14767],[21.33969,46.14754],[21.33971,46.1474],[21.3397,46.14726],[21.33966,46.14712],[21.33958,46.14697],[21.33942,46.1468],[21.33934,46.14663],[21.3392,46.14624],[21.3392,46.14624],[21.33884,46.14529],[21.33881,46.14513],[21.33885,46.14506],[21.33898,46.14495],[21.33923,46.14478],[21.33935,46.14466],[21.3394,46.14455],[21.33941,46.14449],[21.33935,46.14429],[21.33845,46.14195],[21.33845,46.14195],[21.33836,46.14174],[21.3383,46.1416],[21.33827,46.14149],[21.33827,46.14148],[21.33826,46.14145],[21.33831,46.1414],[21.33839,46.1414],[21.3386,46.14139],[21.33889,46.1414],[21.33907,46.14141],[21.33935,46.14141],[21.33964,46.14137],[21.34001,46.14127],[21.34213,46.14062],[21.34276,46.14039],[21.34391,46.13983],[21.34612,46.13872],[21.34612,46.13872],[21.34936,46.13713],[21.35258,46.13558],[21.35258,46.13558],[21.35268,46.13553],[21.35263,46.13548],[21.35261,46.13541],[21.3525,46.1344],[21.35217,46.13258],[21.35206,46.13176]]},"properties":{"line":"19","dir":"0","mode":"bus"}},{"type":"Feature","geometry":{"type":"LineString","coordinates":[[21.35209,46.13197],[21.35217,46.13258],[21.35235,46.13361],[21.3525,46.1344],[21.35259,46.1353],[21.35262,46.13544],[21.35268,46.13553],[21.35258,46.13558],[21.34936,46.13713],[21.34615,46.1387],[21.34615,46.1387],[21.34391,46.13983],[21.34276,46.14039],[21.34222,46.14059],[21.34052,46.14111],[21.3398,46.14133],[21.3395,46.1414],[21.33894,46.14142],[21.33852,46.14147],[21.33842,46.1415],[21.33838,46.14152],[21.33842,46.14171],[21.33839,46.1418],[21.33847,46.142],[21.33847,46.142],[21.33935,46.14429],[21.33941,46.14449],[21.3394,46.14455],[21.33935,46.14466],[21.33923,46.14478],[21.33898,46.14495],[21.33885,46.14506],[21.33881,46.14513],[21.33884,46.14529],[21.33911,46.14602],[21.33911,46.14602],[21.33938,46.14673],[21.33947,46.14686],[21.33963,46.14704],[21.33969,46.1472],[21.33971,46.14732],[21.3397,46.14748],[21.33966,46.14761],[21.33922,46.14823],[21.33919,46.14827],[21.33919,46.14827],[21.33893,46.14863],[21.33864,46.14898],[21.33849,46.14911],[21.33826,46.14924],[21.338,46.14934],[21.3378,46.1494],[21.33679,46.14958],[21.33623,46.14968],[21.33584,46.14981],[21.33583,46.14982],[21.33581,46.14986],[21.33572,46.14992],[21.33561,46.14994],[21.33548,46.14991],[21.33541,46.14985],[21.3354,46.14976],[21.33545,46.14969],[21.33547,46.14953],[21.33548,46.14937],[21.33532,46.14871],[21.33507,46.14766],[21.33488,46.14688],[21.33486,46.14669],[21.33481,46.14629],[21.33473,46.14593],[21.33446,46.1453],[21.33446,46.1453],[21.33398,46.14436],[21.3331,46.14418],[21.33146,46.14442],[21.32888,46.14491],[21.32887,46.14811],[21.32887,46.14811],[21.32866,46.14865],[21.32829,46.14949],[21.32732,46.15236],[21.3265,46.15467],[21.3265,46.15468],[21.32595,46.15629],[21.32632,46.1564],[21.32658,46.15649],[21.32686,46.15662],[21.327,46.15673],[21.32832,46.15881],[21.32985,46.1612],[21.32985,46.1612],[21.33086,46.16283],[21.331,46.16308],[21.33104,46.16325],[21.33106,46.1634],[21.33104,46.16363],[21.33096,46.16385],[21.33009,46.16533],[21.32998,46.16561],[21.32999,46.16568],[21.33006,46.16584],[21.3301,46.16586],[21.33016,46.16592],[21.33018,46.16595],[21.33044,46.16599],[21.33049,46.16601],[21.33244,46.16599],[21.33382,46.16597],[21.33501,46.16597],[21.33576,46.166],[21.33627,46.16607],[21.33682,46.16615],[21.3375,46.16629],[21.33802,46.1664],[21.3381,46.16638],[21.33819,46.16638],[21.33998,46.16684],[21.34195,46.16728],[21.3425,46.16739],[21.3434,46.16759],[21.34408,46.16778],[21.34471,46.16801],[21.34505,46.16817],[21.34579,46.16861],[21.34705,46.16953],[21.34799,46.17052],[21.34826,46.17085],[21.34844,46.17116],[21.34879,46.17211],[21.34884,46.17242],[21.34884,46.17279],[21.34881,46.17303],[21.34881,46.17303],[21.34871,46.1735],[21.34858,46.17394],[21.34845,46.1742],[21.34819,46.17466],[21.34791,46.17511],[21.34689,46.17612],[21.3466,46.17635],[21.34576,46.17683],[21.34542,46.177],[21.34542,46.177],[21.34268,46.17829],[21.34104,46.17909],[21.3411,46.17915],[21.3411,46.17915],[21.3336,46.18113],[21.3336,46.18113],[21.32848,46.18199],[21.32848,46.18199],[21.32272,46.18324],[21.3227,46.18318],[21.32237,46.18326],[21.32104,46.18375],[21.31954,46.18434],[21.31929,46.18443],[21.31926,46.18444],[21.3192,46.18446],[21.31913,46.18449],[21.319,46.18453],[21.31887,46.18458],[21.31861,46.18468],[21.31836,46.18477],[21.3178,46.18494],[21.31748,46.18505],[21.31712,46.18515],[21.3171,46.18516],[21.31682,46.1852],[21.31647,46.18518],[21.31612,46.18511],[21.31583,46.18501],[21.31559,46.18487],[21.3152,46.18458],[21.31492,46.18439],[21.31458,46.1841],[21.3142,46.18383],[21.31393,46.18365],[21.3129,46.18308],[21.31262,46.18294],[21.31239,46.18286],[21.31212,46.18277],[21.31188,46.18272],[21.31122,46.18263],[21.3104,46.18254],[21.31012,46.18267],[21.30998,46.18276],[21.30989,46.18283],[21.30981,46.18292],[21.30964,46.18323],[21.30958,46.18333],[21.30958,46.18345],[21.30959,46.18353],[21.30952,46.18361],[21.30949,46.18369],[21.30947,46.18379],[21.30949,46.184],[21.30958,46.18455],[21.30976,46.18571],[21.30989,46.18654],[21.30989,46.18654],[21.3105,46.19031],[21.31056,46.19044],[21.31072,46.19103],[21.31076,46.1911],[21.31105,46.19154],[21.311,46.19166],[21.31087,46.19178],[21.30989,46.19198]]},"properties":{"line":"19","dir":"1","mode":"bus"}},{"type":"Feature","geometry":{"type":"LineString","coordinates":[[21.32481,46.18308],[21.32509,46.18338],[21.32569,46.18384],[21.32572,46.18395],[21.32585,46.18417],[21.32588,46.18431],[21.32588,46.18441],[21.32577,46.18468],[21.32563,46.1849],[21.32528,46.18536],[21.32519,46.18554],[21.32519,46.18576],[21.32519,46.18586],[21.32568,46.18703],[21.32577,46.18726],[21.32577,46.18726],[21.3258,46.18741],[21.32578,46.18759],[21.3257,46.18799],[21.32565,46.18819],[21.32552,46.18837],[21.32536,46.18855],[21.32524,46.18863],[21.32513,46.1887],[21.32422,46.18916],[21.32413,46.18919],[21.32389,46.18923],[21.32365,46.18925],[21.32363,46.18912],[21.32353,46.18898],[21.3234,46.18884],[21.32308,46.18855],[21.32289,46.18832],[21.32284,46.18822],[21.32273,46.18793],[21.32209,46.18632],[21.32186,46.18596],[21.32179,46.1859],[21.32152,46.18575],[21.32033,46.18509],[21.32,46.18487],[21.31975,46.18463],[21.31954,46.18434],[21.31926,46.18444],[21.3192,46.18446],[21.31907,46.18451],[21.31894,46.18456],[21.31868,46.18465],[21.31814,46.18484],[21.31757,46.18502],[21.31721,46.18513],[21.31712,46.18515],[21.3171,46.18516],[21.31682,46.1852],[21.31647,46.18518],[21.31612,46.18511],[21.31583,46.18501],[21.31559,46.18487],[21.3152,46.18458],[21.31492,46.18439],[21.31458,46.1841],[21.3142,46.18383],[21.31393,46.18365],[21.3129,46.18308],[21.31262,46.18294],[21.31239,46.18286],[21.31212,46.18277],[21.31188,46.18272],[21.31122,46.18263],[21.3104,46.18254],[21.31035,46.18257],[21.3102,46.18255],[21.31009,46.18251],[21.31,46.18245],[21.30994,46.18237],[21.30984,46.18213],[21.30956,46.18161],[21.30951,46.1814],[21.3094,46.18117],[21.30933,46.18119],[21.30754,46.17763],[21.30745,46.17749],[21.3042,46.17834],[21.3042,46.17834],[21.30418,46.1783],[21.2972,46.18007],[21.2972,46.18007],[21.29682,46.18016],[21.29675,46.18003],[21.29643,46.17941],[21.29614,46.17882],[21.29572,46.1779],[21.29456,46.17555],[21.29414,46.17464],[21.29411,46.17456],[21.29411,46.17455],[21.29402,46.17434],[21.29395,46.1741],[21.29391,46.17382],[21.29388,46.17353],[21.29376,46.17313],[21.2933,46.17221],[21.29274,46.17114],[21.29182,46.16933],[21.29158,46.16886],[21.29158,46.16886],[21.29026,46.16622],[21.29022,46.16617],[21.2902,46.16613],[21.29021,46.16609],[21.29016,46.16606],[21.29011,46.16599],[21.28995,46.16563],[21.28957,46.1648],[21.28932,46.16427],[21.28923,46.16418],[21.29033,46.16391],[21.29063,46.16384]]},"properties":{"line":"21","dir":"0","mode":"bus"}},{"type":"Feature","geometry":{"type":"LineString","coordinates":[[21.29063,46.16384],[21.2917,46.16358],[21.2917,46.16357],[21.2917,46.16354],[21.29174,46.1635],[21.29181,46.16347],[21.29189,46.16348],[21.29194,46.16352],[21.29198,46.16352],[21.29195,46.16354],[21.29195,46.16355],[21.29195,46.16358],[21.2919,46.16363],[21.29183,46.16365],[21.29175,46.16363],[21.29171,46.16359],[21.29033,46.16391],[21.28923,46.16418],[21.28927,46.16427],[21.28952,46.16481],[21.28993,46.16563],[21.29011,46.16599],[21.29016,46.16606],[21.29021,46.16609],[21.29028,46.16613],[21.29028,46.16616],[21.29027,46.16623],[21.29086,46.16742],[21.29197,46.16959],[21.29197,46.16959],[21.29274,46.17114],[21.2933,46.17221],[21.29376,46.17313],[21.29388,46.17353],[21.29391,46.17382],[21.29395,46.1741],[21.29402,46.17434],[21.29414,46.17464],[21.29422,46.17482],[21.29422,46.17482],[21.29475,46.17596],[21.29496,46.17639],[21.29572,46.1779],[21.29598,46.17851],[21.29638,46.17931],[21.29653,46.17962],[21.29682,46.18016],[21.29721,46.18006],[21.29721,46.18006],[21.30338,46.1785],[21.30749,46.17746],[21.30951,46.1814],[21.30958,46.18145],[21.30966,46.18158],[21.30976,46.18165],[21.30986,46.18171],[21.30996,46.18179],[21.31003,46.18189],[21.31019,46.18186],[21.31027,46.18186],[21.31041,46.18192],[21.31047,46.18198],[21.31061,46.18216],[21.31074,46.18225],[21.31087,46.18243],[21.31095,46.1825],[21.31105,46.18255],[21.31141,46.18265],[21.31164,46.18268],[21.31212,46.18277],[21.31262,46.18294],[21.31356,46.18344],[21.31404,46.18371],[21.31458,46.1841],[21.31492,46.18439],[21.3152,46.18458],[21.31545,46.18477],[21.31572,46.18495],[21.31601,46.18508],[21.31613,46.18512],[21.31614,46.18512],[21.31647,46.18518],[21.31682,46.1852],[21.31719,46.18514],[21.31755,46.18502],[21.3181,46.18482],[21.31916,46.18444],[21.31928,46.18439],[21.31954,46.18432],[21.32104,46.18375],[21.32305,46.183],[21.32333,46.1829],[21.32333,46.18288],[21.32332,46.18285],[21.32332,46.18278],[21.32336,46.1827],[21.32341,46.18263],[21.32355,46.18256],[21.32374,46.18253],[21.32391,46.18256],[21.32403,46.18261],[21.3241,46.18268],[21.32434,46.18281],[21.32471,46.18309]]},"properties":{"line":"21","dir":"1","mode":"bus"}},{"type":"Feature","geometry":{"type":"LineString","coordinates":[[21.32296,46.20659],[21.32319,46.20466],[21.32302,46.20336],[21.32302,46.20336],[21.32266,46.201],[21.32262,46.20063],[21.32281,46.19926],[21.32357,46.19929],[21.32357,46.19929],[21.32533,46.19938],[21.32566,46.19821],[21.3257,46.19814],[21.32576,46.1981],[21.32635,46.19799],[21.32672,46.19791],[21.32672,46.19791],[21.32751,46.19773],[21.32869,46.1975],[21.32994,46.19728],[21.33111,46.19704],[21.33127,46.19699],[21.33149,46.19688],[21.33299,46.19609],[21.33299,46.19609],[21.33437,46.19537],[21.33403,46.19505],[21.33223,46.19342],[21.33117,46.19246],[21.33067,46.19197],[21.33042,46.19164],[21.33013,46.19124],[21.33012,46.19124],[21.32968,46.19058],[21.32925,46.18976],[21.32786,46.18718],[21.32708,46.18563],[21.327,46.18547],[21.32694,46.18541],[21.32668,46.18516],[21.32647,46.18506],[21.32532,46.1849],[21.32509,46.18486],[21.32485,46.18478],[21.32475,46.18473],[21.32457,46.18457],[21.32437,46.18412],[21.32419,46.1838],[21.32363,46.18309],[21.3236,46.18309],[21.32355,46.18307],[21.32346,46.18303],[21.32336,46.18294],[21.32332,46.18286],[21.32332,46.1828],[21.32334,46.18273],[21.3234,46.18265],[21.32353,46.18256],[21.32368,46.18253],[21.32386,46.18254],[21.32397,46.18258],[21.32408,46.18266],[21.32434,46.18281],[21.32509,46.18338],[21.32481,46.18308]]},"properties":{"line":"31","dir":"0","mode":"bus"}},{"type":"Feature","geometry":{"type":"LineString","coordinates":[[21.32481,46.18308],[21.32509,46.18338],[21.32569,46.18384],[21.32635,46.18449],[21.32669,46.18492],[21.3269,46.18521],[21.32698,46.18545],[21.32708,46.18562],[21.32785,46.18715],[21.32911,46.18949],[21.32959,46.19042],[21.33007,46.19116],[21.33024,46.1914],[21.33024,46.1914],[21.33061,46.1919],[21.33075,46.19205],[21.33117,46.19246],[21.33159,46.19283],[21.33197,46.19319],[21.33344,46.19451],[21.33411,46.19513],[21.33437,46.19537],[21.33426,46.19542],[21.3331,46.19603],[21.33306,46.19605],[21.33127,46.19699],[21.33111,46.19704],[21.32994,46.19728],[21.32869,46.1975],[21.32751,46.19773],[21.32642,46.19797],[21.32642,46.19797],[21.32635,46.19799],[21.3266,46.19877],[21.32716,46.20065],[21.32745,46.20156],[21.32745,46.20156],[21.32773,46.20259],[21.32805,46.20334],[21.3282,46.20353],[21.32848,46.20419],[21.32861,46.20463],[21.32898,46.20579],[21.32916,46.20618],[21.32931,46.20662],[21.32929,46.20665],[21.32922,46.20667],[21.32896,46.20667],[21.32839,46.2067],[21.32815,46.20671],[21.32798,46.2067],[21.32673,46.20674],[21.32661,46.20674],[21.32661,46.20674],[21.32549,46.20677],[21.32422,46.20677],[21.32301,46.20673],[21.32297,46.20672],[21.32295,46.20669],[21.32296,46.20659]]},"properties":{"line":"31","dir":"1","mode":"bus"}},{"type":"Feature","geometry":{"type":"LineString","coordinates":[[21.32481,46.18308],[21.32509,46.18338],[21.32569,46.18384],[21.32572,46.18395],[21.32585,46.18417],[21.32588,46.18431],[21.32588,46.18441],[21.32577,46.18468],[21.32563,46.1849],[21.32528,46.18536],[21.32519,46.18554],[21.32519,46.18576],[21.32519,46.18586],[21.32568,46.18703],[21.32577,46.18726],[21.32577,46.18726],[21.3258,46.18741],[21.32578,46.18759],[21.3257,46.18799],[21.32565,46.18819],[21.32552,46.18837],[21.32536,46.18855],[21.32524,46.18863],[21.32513,46.1887],[21.32422,46.18916],[21.32413,46.18919],[21.32389,46.18923],[21.32365,46.18925],[21.32324,46.18931],[21.32277,46.1894],[21.32195,46.18954],[21.32117,46.1897],[21.32032,46.18987],[21.31904,46.19012],[21.31912,46.19038],[21.3195,46.19156],[21.31952,46.19163],[21.31952,46.19163],[21.3198,46.19256],[21.32021,46.19381],[21.32048,46.19475],[21.32057,46.19516],[21.32055,46.19584],[21.32051,46.19625],[21.32031,46.19693],[21.32028,46.19712],[21.32031,46.19752],[21.3204,46.19812],[21.32042,46.19826],[21.3204,46.19841],[21.32016,46.19913],[21.32011,46.19926],[21.32011,46.19926],[21.31975,46.20007],[21.31973,46.2002],[21.31976,46.20036],[21.3198,46.20044],[21.32008,46.20091],[21.32021,46.20105],[21.32055,46.20146],[21.32058,46.2016],[21.32057,46.20368],[21.32056,46.20427],[21.32054,46.20736],[21.32054,46.20736],[21.32054,46.20799],[21.32054,46.2086],[21.32053,46.20974],[21.32136,46.20975],[21.32144,46.21004],[21.32151,46.21036],[21.3216,46.21115],[21.32164,46.21142],[21.32182,46.21275],[21.32183,46.21281],[21.32051,46.21282]]},"properties":{"line":"39b","dir":"0","mode":"bus"}},{"type":"Feature","geometry":{"type":"LineString","coordinates":[[21.32051,46.21272],[21.32054,46.2086],[21.32054,46.20736],[21.32054,46.20736],[21.32057,46.20368],[21.32058,46.2016],[21.32055,46.20146],[21.32021,46.20105],[21.32008,46.20091],[21.3198,46.20044],[21.31976,46.20036],[21.31973,46.2002],[21.31975,46.20007],[21.32006,46.19939],[21.32022,46.19895],[21.32022,46.19895],[21.3204,46.19841],[21.32042,46.19826],[21.3204,46.19812],[21.32031,46.19752],[21.32028,46.19712],[21.32031,46.19693],[21.32051,46.19625],[21.32055,46.19584],[21.32057,46.19516],[21.32048,46.19475],[21.32021,46.19381],[21.3198,46.19256],[21.31963,46.19197],[21.31963,46.19197],[21.319,46.18999],[21.32269,46.18928],[21.32361,46.18908],[21.32402,46.18893],[21.3247,46.18853],[21.3247,46.18853],[21.32503,46.18832],[21.32527,46.18806],[21.32542,46.18788],[21.32554,46.18765],[21.32557,46.18746],[21.32557,46.18734],[21.32555,46.18723],[21.32542,46.18684],[21.32517,46.18622],[21.32491,46.18563],[21.32457,46.18457],[21.32437,46.18412],[21.32419,46.1838],[21.32363,46.18309],[21.32357,46.18308],[21.32352,46.18306],[21.3234,46.18299],[21.32333,46.1829],[21.32332,46.18283],[21.32332,46.18277],[21.32338,46.18267],[21.32345,46.18261],[21.32358,46.18255],[21.3238,46.18253],[21.32394,46.18257],[21.32404,46.18263],[21.32408,46.18266],[21.32434,46.18281],[21.32509,46.18338],[21.32481,46.18308]]},"properties":{"line":"39b","dir":"1","mode":"bus"}},{"type":"Feature","geometry":{"type":"LineString","coordinates":[[21.31989,46.16647],[21.32,46.16675],[21.32005,46.16681],[21.32018,46.16687],[21.32073,46.16699],[21.32086,46.16705],[21.32095,46.16713],[21.321,46.16722],[21.32101,46.16727],[21.32097,46.16742],[21.32091,46.1675],[21.32082,46.16756],[21.3207,46.1676],[21.32058,46.16762],[21.32039,46.1676],[21.32028,46.16755],[21.32019,46.16749],[21.32013,46.16741],[21.3201,46.16733],[21.3201,46.16728],[21.32011,46.16723],[21.32012,46.16721],[21.31942,46.16635],[21.31936,46.16629],[21.31675,46.16664],[21.31578,46.1668],[21.31276,46.16697],[21.31136,46.16707],[21.31078,46.16705],[21.31078,46.16705],[21.30813,46.16697],[21.3077,46.16696],[21.30742,46.16697],[21.30604,46.1669],[21.3038,46.16676],[21.30188,46.16666],[21.30301,46.16883],[21.30386,46.17045],[21.30457,46.17175],[21.30469,46.172],[21.30469,46.172],[21.30467,46.17201],[21.30629,46.17519],[21.30861,46.17962],[21.30834,46.17969],[21.30834,46.17969],[21.30417,46.18075],[21.30417,46.18075],[21.30103,46.18155],[21.29904,46.18205],[21.29832,46.18221],[21.29782,46.18213],[21.29772,46.18212],[21.29727,46.18208],[21.29727,46.18208],[21.29553,46.18186],[21.29565,46.1821],[21.296,46.18266],[21.29601,46.18275],[21.29595,46.18281],[21.29573,46.1829],[21.29553,46.18296],[21.29548,46.18299],[21.29544,46.18344],[21.29545,46.18349],[21.29547,46.18355],[21.29562,46.18382],[21.29713,46.18622],[21.29806,46.1877],[21.29842,46.18828],[21.29849,46.18894],[21.2985,46.19007],[21.29851,46.19019],[21.29852,46.19019],[21.29855,46.1902],[21.29857,46.19021],[21.2986,46.19023],[21.29863,46.19026],[21.29862,46.19033],[21.29854,46.19038],[21.29844,46.19038],[21.29836,46.19034],[21.29835,46.19027],[21.29837,46.19024],[21.29838,46.19022],[21.29801,46.19015],[21.29801,46.19015],[21.29229,46.18893],[21.29215,46.18926],[21.29195,46.1897],[21.29189,46.18975],[21.2918,46.1898],[21.29165,46.18984],[21.28974,46.18983],[21.28969,46.18982],[21.28963,46.18981],[21.28914,46.19038],[21.28767,46.19215],[21.28778,46.19222],[21.28786,46.19233],[21.28789,46.19239],[21.28791,46.19265],[21.28791,46.19265],[21.28792,46.19276],[21.28788,46.19279],[21.28784,46.19282],[21.28766,46.19285],[21.28588,46.19289],[21.28291,46.19293],[21.28254,46.19294],[21.27686,46.19306],[21.27528,46.1931],[21.27528,46.19335],[21.27528,46.19335],[21.27539,46.19622],[21.27543,46.19634],[21.27604,46.19674]]},"properties":{"line":"41","dir":"0","mode":"bus"}},{"type":"Feature","geometry":{"type":"LineString","coordinates":[[21.27581,46.19659],[21.27543,46.19634],[21.27541,46.19629],[21.27539,46.19623],[21.2753,46.19392],[21.27528,46.1931],[21.27762,46.19304],[21.27988,46.193],[21.28202,46.19295],[21.28677,46.19288],[21.28677,46.19288],[21.28766,46.19285],[21.28781,46.19283],[21.28788,46.19279],[21.28792,46.19276],[21.28789,46.19239],[21.28784,46.19229],[21.28774,46.1922],[21.28767,46.19215],[21.28848,46.19119],[21.28963,46.18981],[21.28971,46.18983],[21.29111,46.18984],[21.29159,46.18984],[21.29171,46.18983],[21.29187,46.18977],[21.29191,46.18974],[21.29199,46.18964],[21.29218,46.18919],[21.29218,46.18919],[21.29229,46.18893],[21.29473,46.18946],[21.29806,46.19016],[21.29806,46.19016],[21.29839,46.19022],[21.29841,46.19021],[21.29846,46.19019],[21.29848,46.19019],[21.2985,46.19019],[21.29849,46.18979],[21.29849,46.18894],[21.29842,46.18828],[21.29783,46.18734],[21.29694,46.18591],[21.29551,46.18365],[21.29544,46.18346],[21.29548,46.18299],[21.29558,46.18294],[21.29588,46.18284],[21.29599,46.18278],[21.29601,46.18273],[21.29599,46.18263],[21.29565,46.1821],[21.29553,46.18186],[21.29658,46.18199],[21.29658,46.18199],[21.29782,46.18213],[21.29832,46.18221],[21.29904,46.18205],[21.30103,46.18155],[21.30378,46.18085],[21.30378,46.18085],[21.3082,46.17972],[21.3082,46.17972],[21.30861,46.17962],[21.30749,46.17746],[21.3069,46.17635],[21.305,46.17264],[21.30436,46.17143],[21.30436,46.17143],[21.30185,46.16657],[21.30783,46.16688],[21.31042,46.16701],[21.31075,46.16683],[21.31089,46.1669],[21.31117,46.16703],[21.31132,46.16659],[21.31496,46.16603],[21.31556,46.16608],[21.3172,46.16589],[21.31963,46.16559],[21.31989,46.16647]]},"properties":{"line":"41","dir":"1","mode":"bus"}},{"type":"Feature","geometry":{"type":"LineString","coordinates":[[21.30823,46.17116],[21.30955,46.17167],[21.31007,46.17188],[21.3101,46.17193],[21.3101,46.172],[21.31009,46.17202],[21.31007,46.17204],[21.30989,46.17205],[21.30897,46.1721],[21.30853,46.17211],[21.30732,46.17204],[21.30697,46.17205],[21.30456,46.17178],[21.30455,46.17178],[21.30467,46.17201],[21.30467,46.17201],[21.30629,46.17519],[21.30861,46.17962],[21.30951,46.1814],[21.30958,46.18145],[21.3097,46.18161],[21.30994,46.18177],[21.30998,46.18181],[21.31003,46.18189],[21.31006,46.18188],[21.31013,46.18187],[21.31019,46.18186],[21.31034,46.18188],[21.31044,46.18195],[21.31061,46.18216],[21.31063,46.18227],[21.31061,46.18237],[21.31056,46.18245],[21.3104,46.18254],[21.31012,46.18267],[21.30998,46.18276],[21.30981,46.18292],[21.30963,46.18323],[21.30963,46.18324],[21.30955,46.18347],[21.30952,46.18361],[21.30948,46.18385],[21.30951,46.18414],[21.30958,46.18455],[21.30976,46.18571],[21.30993,46.18674],[21.30993,46.18674],[21.3105,46.19031],[21.31056,46.19044],[21.31072,46.19103],[21.31076,46.1911],[21.31105,46.19154],[21.311,46.19166],[21.31087,46.19178],[21.30989,46.19198],[21.30982,46.192],[21.30878,46.19222],[21.30838,46.19228],[21.30803,46.19235],[21.30799,46.19247],[21.30795,46.19286],[21.30799,46.19314],[21.3082,46.19411],[21.30808,46.1943],[21.30809,46.1943],[21.30809,46.19431],[21.3081,46.19431],[21.30811,46.19433],[21.30811,46.19434],[21.3081,46.19437],[21.30806,46.19439],[21.30801,46.19438],[21.30798,46.19436],[21.30798,46.19434],[21.30792,46.19436],[21.30778,46.19442],[21.30733,46.19469],[21.30733,46.19469],[21.30475,46.19629],[21.30271,46.19752],[21.30208,46.19793],[21.30154,46.19838],[21.30096,46.19887],[21.30075,46.19904],[21.30013,46.19968],[21.2996,46.20037],[21.29886,46.2013],[21.29799,46.20233],[21.29799,46.20233],[21.29734,46.20313],[21.2972,46.20322],[21.29723,46.20325],[21.29724,46.2033],[21.2972,46.20335],[21.29713,46.20338],[21.29709,46.20338],[21.29707,46.20337],[21.29704,46.20345],[21.29673,46.20383],[21.29661,46.20393],[21.29646,46.20397],[21.29465,46.20402],[21.29402,46.20403],[21.29365,46.20412],[21.29359,46.20415],[21.29354,46.2042],[21.29346,46.20433],[21.29387,46.20617],[21.29387,46.20617],[21.29395,46.20659],[21.29398,46.20689],[21.29397,46.20712],[21.29392,46.20731],[21.29378,46.20764],[21.29363,46.20789],[21.29253,46.2093],[21.29108,46.21111],[21.29068,46.21161],[21.28908,46.21354],[21.28884,46.21382],[21.28848,46.21415],[21.28713,46.21521],[21.28713,46.21521],[21.28324,46.21826],[21.28324,46.21826],[21.27952,46.22118],[21.27952,46.22118],[21.27815,46.22225],[21.27744,46.22277],[21.27701,46.22303],[21.27676,46.22315],[21.27668,46.22319],[21.27651,46.22326],[21.27633,46.22333],[21.27597,46.22344],[21.2756,46.22354],[21.27485,46.22372],[21.27405,46.2239],[21.27329,46.22406],[21.27255,46.22425],[21.27219,46.22437],[21.27177,46.22452],[21.27139,46.22467],[21.27071,46.22498],[21.26983,46.22547],[21.26942,46.22572],[21.26896,46.22606],[21.26861,46.22635],[21.26791,46.22702],[21.2669,46.22799],[21.26534,46.22951],[21.26429,46.23053],[21.26381,46.23097],[21.26314,46.23149],[21.26274,46.23178],[21.26214,46.23215],[21.26112,46.23269],[21.26055,46.23296],[21.25998,46.23319],[21.25885,46.23358],[21.25746,46.23405],[21.25744,46.2342],[21.25724,46.23492],[21.25681,46.23629],[21.25649,46.2374],[21.25633,46.23806],[21.25625,46.23849],[21.25617,46.23903],[21.25609,46.23998],[21.25615,46.24053],[21.25651,46.24134],[21.25701,46.24222],[21.25736,46.2429],[21.25793,46.24415],[21.25841,46.2452],[21.25985,46.24837],[21.26061,46.25002],[21.26134,46.25162],[21.2618,46.25262]]},"properties":{"line":"46","dir":"0","mode":"bus"}},{"type":"Feature","geometry":{"type":"LineString","coordinates":[[21.26186,46.2527],[21.26154,46.25204],[21.26075,46.25034],[21.25926,46.24706],[21.25804,46.24438],[21.25744,46.24305],[21.25717,46.24254],[21.25673,46.24173],[21.25651,46.24134],[21.25625,46.24078],[21.25615,46.24053],[21.25611,46.24027],[21.25609,46.23998],[21.25611,46.23959],[21.2562,46.23883],[21.25632,46.23811],[21.25642,46.23766],[21.25656,46.23709],[21.25701,46.23564],[21.25742,46.23426],[21.25746,46.23405],[21.25953,46.23335],[21.26025,46.23308],[21.2609,46.23279],[21.26133,46.23259],[21.26214,46.23215],[21.26274,46.23178],[21.26381,46.23097],[21.26519,46.22966],[21.26654,46.22835],[21.26776,46.22717],[21.26827,46.22667],[21.26896,46.22606],[21.26946,46.2257],[21.27014,46.22529],[21.27071,46.22498],[21.27113,46.22478],[21.27164,46.22457],[21.27215,46.22439],[21.27232,46.22433],[21.27269,46.22422],[21.27306,46.22412],[21.27381,46.22395],[21.27537,46.2236],[21.27611,46.2234],[21.27646,46.22328],[21.2768,46.22313],[21.27701,46.22303],[21.27744,46.22277],[21.27887,46.22169],[21.27929,46.22137],[21.27929,46.22137],[21.28354,46.21802],[21.28354,46.21802],[21.28807,46.21448],[21.28807,46.21448],[21.28862,46.21403],[21.28885,46.21381],[21.29033,46.21203],[21.29041,46.21194],[21.29041,46.21194],[21.29246,46.20939],[21.2935,46.20805],[21.29375,46.20769],[21.29388,46.20743],[21.29397,46.20712],[21.29397,46.20677],[21.29388,46.20622],[21.29387,46.20616],[21.29387,46.20616],[21.29346,46.20433],[21.29337,46.20404],[21.29465,46.20402],[21.29646,46.20397],[21.29661,46.20393],[21.29673,46.20383],[21.29704,46.20345],[21.29706,46.20337],[21.29704,46.20336],[21.29701,46.20334],[21.29698,46.20329],[21.29701,46.20324],[21.29707,46.2032],[21.29715,46.2032],[21.29719,46.20322],[21.29734,46.20313],[21.29755,46.20287],[21.29784,46.20251],[21.29784,46.20251],[21.29839,46.20185],[21.29944,46.20058],[21.29988,46.20002],[21.30013,46.19968],[21.30058,46.19921],[21.30088,46.19893],[21.30104,46.1988],[21.30108,46.19877],[21.30208,46.19793],[21.30271,46.19752],[21.30364,46.19697],[21.30629,46.19533],[21.3064,46.19526],[21.3064,46.19526],[21.30778,46.19442],[21.30798,46.19434],[21.30798,46.19433],[21.30799,46.19431],[21.30803,46.1943],[21.30808,46.1943],[21.3082,46.19411],[21.30799,46.19314],[21.30795,46.19286],[21.30785,46.19263],[21.30783,46.19255],[21.30776,46.19246],[21.30772,46.19241],[21.30762,46.19243],[21.30753,46.19241],[21.30743,46.19237],[21.30735,46.19229],[21.3073,46.19219],[21.30729,46.19207],[21.30749,46.19195],[21.30759,46.19192],[21.30778,46.19188],[21.30795,46.19188],[21.30893,46.1918],[21.30894,46.1918],[21.31012,46.1917],[21.31038,46.19166],[21.31037,46.19161],[21.31037,46.19153],[21.31047,46.19129],[21.31053,46.19108],[21.31047,46.19046],[21.31048,46.19036],[21.3105,46.19031],[21.31037,46.18956],[21.3102,46.18846],[21.30994,46.18684],[21.30989,46.18654],[21.30989,46.18654],[21.30948,46.18393],[21.3095,46.18365],[21.30958,46.18333],[21.30984,46.18246],[21.30987,46.18231],[21.30988,46.18221],[21.30984,46.18213],[21.30956,46.18161],[21.30951,46.1814],[21.3094,46.18117],[21.3094,46.18117],[21.30749,46.17746],[21.3069,46.17635],[21.305,46.17264],[21.30436,46.17143],[21.30436,46.17143],[21.30334,46.16944],[21.30371,46.16943],[21.30391,46.16945],[21.30407,46.16949],[21.30491,46.16982],[21.30823,46.17116]]},"properties":{"line":"46","dir":"1","mode":"bus"}},{"type":"Feature","geometry":{"type":"LineString","coordinates":[[21.34881,46.17304],[21.34871,46.1735],[21.34858,46.17394],[21.34845,46.1742],[21.34819,46.17466],[21.34791,46.17511],[21.34753,46.17549],[21.34734,46.17542],[21.34784,46.17484],[21.34797,46.17461],[21.34806,46.17442],[21.3481,46.1742],[21.3481,46.17411],[21.3481,46.1741],[21.34806,46.17289],[21.34801,46.17225],[21.34836,46.17218],[21.34853,46.17218],[21.34874,46.17226],[21.34882,46.17235],[21.34883,46.17238],[21.34905,46.17238],[21.34952,46.17237],[21.34997,46.17233],[21.35072,46.17221],[21.35125,46.1721],[21.35164,46.17204],[21.35148,46.17164],[21.35124,46.17108],[21.35099,46.17052],[21.3515,46.17041],[21.35239,46.17021],[21.35189,46.16914],[21.35184,46.16903],[21.35104,46.16713],[21.35189,46.16691],[21.35299,46.16668],[21.35953,46.17034],[21.35953,46.17034],[21.36473,46.16925],[21.36598,46.16899],[21.36615,46.16893],[21.36626,46.16886],[21.36636,46.16878],[21.36639,46.16872],[21.36649,46.16865],[21.36655,46.16862],[21.36651,46.16848],[21.36655,46.16839],[21.36635,46.16792],[21.36657,46.16789],[21.36657,46.16789],[21.36635,46.16792],[21.36655,46.16839],[21.36664,46.16847],[21.3667,46.16856],[21.36673,46.16861],[21.36679,46.16862],[21.36682,46.16863],[21.36685,46.16864],[21.36688,46.16865],[21.36691,46.16867],[21.36693,46.16868],[21.36695,46.1687],[21.36697,46.16872],[21.36699,46.16874],[21.36717,46.16875],[21.36722,46.16876],[21.36728,46.16875],[21.36736,46.16875],[21.36991,46.16832],[21.37093,46.17134],[21.37123,46.17222],[21.37236,46.17199],[21.37262,46.17256],[21.3729,46.17311],[21.37288,46.17312],[21.37305,46.17308],[21.3732,46.17305],[21.37351,46.17298],[21.37363,46.17322],[21.37556,46.17281],[21.37571,46.17278],[21.37607,46.1727],[21.37614,46.17268],[21.37651,46.17258],[21.37664,46.17254],[21.37808,46.17213],[21.37787,46.17111],[21.37779,46.17062],[21.37846,46.17039],[21.3778,46.16949],[21.37823,46.16935],[21.37823,46.16935],[21.3778,46.16949],[21.37789,46.16962],[21.37809,46.16988],[21.37877,46.16973]]},"properties":{"line":"48","dir":"0","mode":"bus"}},{"type":"Feature","geometry":{"type":"LineString","coordinates":[[21.37877,46.16973],[21.37809,46.16988],[21.37845,46.17038],[21.37846,46.17039],[21.37779,46.17062],[21.37787,46.17111],[21.37808,46.17213],[21.37664,46.17254],[21.37614,46.17268],[21.37571,46.17278],[21.37363,46.17322],[21.37351,46.17298],[21.3732,46.17305],[21.37288,46.17312],[21.37262,46.17256],[21.37236,46.17199],[21.37239,46.17198],[21.371,46.17226],[21.371,46.17227],[21.36851,46.1727],[21.36814,46.17276],[21.36779,46.17186],[21.36772,46.17165],[21.36772,46.17165],[21.36713,46.16998],[21.36686,46.16928],[21.36663,46.16906],[21.36657,46.16905],[21.36646,46.16901],[21.36638,46.16894],[21.36635,46.16885],[21.36638,46.16874],[21.36646,46.16866],[21.36652,46.16864],[21.36655,46.16862],[21.36652,46.16854],[21.36651,46.16848],[21.36655,46.16839],[21.36635,46.16792],[21.36657,46.16789],[21.36657,46.16789],[21.36635,46.16792],[21.36655,46.16839],[21.36664,46.16847],[21.3667,46.16856],[21.36673,46.16861],[21.36679,46.16862],[21.36685,46.16864],[21.36695,46.1687],[21.36701,46.16879],[21.36701,46.16888],[21.36696,46.16897],[21.36686,46.16903],[21.36673,46.16906],[21.36657,46.16905],[21.36646,46.16901],[21.36642,46.16898],[21.36598,46.16899],[21.36473,46.16925],[21.362,46.16982],[21.35894,46.17047],[21.3575,46.17077],[21.35449,46.17145],[21.35449,46.17145],[21.3541,46.17153],[21.35164,46.17204],[21.35131,46.17211],[21.35128,46.17213],[21.35124,46.17217],[21.35012,46.17244],[21.34978,46.17249],[21.34935,46.17251],[21.34883,46.17253],[21.34884,46.17279],[21.34881,46.17303]]},"properties":{"line":"48","dir":"1","mode":"bus"}},{"type":"Feature","geometry":{"type":"LineString","coordinates":[[21.32196,46.15365],[21.32196,46.15386],[21.32194,46.15413],[21.32192,46.15462],[21.32186,46.15592],[21.32186,46.15609],[21.32184,46.15635],[21.32182,46.1564],[21.32178,46.1564],[21.32174,46.1564],[21.32169,46.1564],[21.32168,46.15593],[21.32076,46.15588],[21.31966,46.15577],[21.31857,46.15566],[21.31679,46.15548],[21.31661,46.15547],[21.31646,46.15547],[21.31633,46.15547],[21.31633,46.15547],[21.31608,46.15546],[21.31428,46.15516],[21.31236,46.15483],[21.31112,46.15457],[21.30881,46.15413],[21.3087,46.15409],[21.30867,46.15402],[21.30868,46.15392],[21.30882,46.15358],[21.30892,46.15348],[21.30902,46.15334],[21.30904,46.15315],[21.30896,46.15286],[21.30873,46.15287],[21.30851,46.15285],[21.30807,46.15273],[21.30775,46.1526],[21.30741,46.15242],[21.30732,46.15239],[21.30694,46.15223],[21.30658,46.15309],[21.30646,46.15338],[21.30636,46.15361],[21.30626,46.15366],[21.3036,46.15407],[21.3036,46.15407],[21.2989,46.15477],[21.29866,46.15406],[21.29866,46.15406],[21.29846,46.15346],[21.29836,46.15306],[21.30335,46.15232],[21.30335,46.15232],[21.30623,46.15188],[21.30637,46.15192],[21.30672,46.15211],[21.30694,46.15223],[21.30742,46.15243],[21.3077,46.15256],[21.30769,46.15257],[21.30807,46.15273],[21.30851,46.15285],[21.30873,46.15287],[21.30896,46.15286],[21.30904,46.15315],[21.30902,46.15334],[21.30892,46.15348],[21.30882,46.15358],[21.30875,46.15374],[21.30868,46.15392],[21.30867,46.15402],[21.3087,46.15409],[21.30874,46.15411],[21.31112,46.15457],[21.31236,46.15483],[21.3134,46.15502],[21.31428,46.15516],[21.31581,46.15542],[21.31582,46.15542],[21.31627,46.15547],[21.31661,46.15547],[21.32076,46.15588],[21.32168,46.15593],[21.32176,46.15468],[21.32176,46.1545],[21.32177,46.15402],[21.322004,46.153653]]},"properties":{"line":"49","dir":"0","mode":"bus"}},{"type":"Feature","geometry":{"type":"LineString","coordinates":[[21.32177,46.15401],[21.32174,46.15225],[21.32156,46.15036],[21.32129,46.14804],[21.32122,46.14724],[21.32121,46.1466],[21.3212,46.14625],[21.32118,46.14623],[21.32117,46.14618],[21.32119,46.14613],[21.32123,46.14609],[21.32124,46.14609],[21.32129,46.14559],[21.32131,46.14543],[21.3214,46.14537],[21.32144,46.14477],[21.32145,46.14422],[21.32143,46.14371],[21.32129,46.14244],[21.32122,46.1418],[21.3212,46.14179],[21.32117,46.14178],[21.32113,46.14174],[21.32109,46.14146],[21.32103,46.14102],[21.3206,46.14103],[21.32007,46.14104],[21.31998,46.14104],[21.31495,46.14112],[21.31495,46.14112],[21.31168,46.14118],[21.31064,46.1412],[21.31034,46.14129],[21.31021,46.14139],[21.31015,46.14144],[21.31019,46.14148],[21.31022,46.14155],[21.31022,46.14165],[21.31016,46.14173],[21.31008,46.14178],[21.30995,46.14182],[21.30987,46.14183],[21.3097,46.14179],[21.30962,46.14174],[21.30957,46.14168],[21.30955,46.14162],[21.30956,46.14152],[21.3096,46.14146],[21.30968,46.1414],[21.3098,46.14136],[21.30995,46.14136],[21.31009,46.14129],[21.31031,46.14122],[21.31046,46.14119],[21.31064,46.1412],[21.31168,46.14118],[21.31286,46.14116],[21.31286,46.14116],[21.3157,46.14111],[21.3157,46.14111],[21.31982,46.14105],[21.31986,46.14105],[21.32103,46.14102],[21.32117,46.14103],[21.32125,46.14172],[21.32124,46.14175],[21.32122,46.1418],[21.3214,46.1434],[21.32145,46.14398],[21.32144,46.14476],[21.32141,46.14516],[21.3214,46.14537],[21.32145,46.14544],[21.32145,46.14545],[21.32142,46.14586],[21.32143,46.14609],[21.32145,46.1461],[21.32149,46.14613],[21.3215,46.14616],[21.3215,46.1462],[21.32148,46.14624],[21.32144,46.14628],[21.32141,46.14629],[21.32137,46.14661],[21.32137,46.14762],[21.32143,46.14841],[21.32169,46.15035],[21.32193,46.15224],[21.32196,46.15365]]},"properties":{"line":"49","dir":"1","mode":"bus"}},{"type":"Feature","geometry":{"type":"LineString","coordinates":[[21.30892,46.19172],[21.31032,46.19169],[21.31054,46.19097],[21.31035,46.18963],[21.3098,46.18655],[21.3098,46.18655],[21.30933,46.18119],[21.30429,46.17145],[21.30429,46.17145],[21.30158,46.16612],[21.30158,46.16612],[21.30005,46.16312],[21.29958,46.16223],[21.2993,46.162],[21.29883,46.15748],[21.29922,46.15604],[21.29859,46.15407],[21.29859,46.15407],[21.29829,46.15309],[21.30334,46.1523],[21.30334,46.1523],[21.30637,46.15181],[21.30666,46.15011],[21.30681,46.14978],[21.30761,46.14918],[21.30763,46.148],[21.30763,46.148],[21.30768,46.148],[21.30768,46.14783],[21.30769,46.14732],[21.30769,46.14714],[21.3077,46.14704],[21.3077,46.14694],[21.3077,46.14693],[21.30769,46.14686],[21.30767,46.14674],[21.30764,46.14654],[21.30752,46.14593],[21.30744,46.14548],[21.30736,46.14505],[21.30737,46.14499],[21.30739,46.14495],[21.30741,46.14493],[21.30737,46.1449],[21.31115,46.14461],[21.31116,46.14191],[21.31088,46.14169],[21.31041,46.14164],[21.3102,46.14168],[21.31,46.14182],[21.30966,46.14178],[21.30958,46.14158],[21.30965,46.14139],[21.3104,46.1412],[21.31118,46.14117],[21.31286,46.14111],[21.31286,46.14111],[21.3157,46.14106],[21.3157,46.14106],[21.31986,46.14102],[21.31986,46.14102],[21.32125,46.14103],[21.32151,46.14494],[21.32151,46.14494],[21.32142,46.1462],[21.33217,46.14428],[21.33353,46.1442],[21.33414,46.14458],[21.33455,46.14532]]},"properties":{"line":"49b","dir":"0","mode":"bus"}},{"type":"Feature","geometry":{"type":"LineString","coordinates":[[21.33438,46.14532],[21.33426,46.14481],[21.33397,46.14443],[21.33349,46.14424],[21.32138,46.1462],[21.32138,46.14487],[21.32116,46.14103],[21.31998,46.14107],[21.31998,46.14107],[21.31496,46.14117],[21.31495,46.14117],[21.31169,46.14121],[21.31169,46.14121],[21.31115,46.14119],[21.31127,46.14454],[21.3074,46.14491],[21.3077,46.148],[21.3077,46.148],[21.30765,46.14908],[21.30674,46.1499],[21.30639,46.15187],[21.30234,46.15252],[21.30234,46.15252],[21.29836,46.15301],[21.29865,46.15382],[21.29865,46.15382],[21.30158,46.16601],[21.30158,46.16601],[21.30473,46.17199],[21.30473,46.17199],[21.30821,46.17873],[21.30967,46.18166],[21.31063,46.18205],[21.31055,46.18241],[21.3099,46.18277],[21.30974,46.18326],[21.30974,46.18326],[21.30954,46.18383],[21.31002,46.18673],[21.31002,46.18673],[21.30993,46.18674],[21.30994,46.18684],[21.30996,46.18693],[21.31018,46.1883],[21.3102,46.18841],[21.3102,46.18846],[21.31028,46.18894],[21.31037,46.18956],[21.3105,46.19031],[21.31052,46.19034],[21.31053,46.19036],[21.31056,46.19044],[21.31058,46.19048],[21.31064,46.19072],[21.31068,46.19089],[21.31069,46.1909],[21.3107,46.19099],[21.31072,46.19103],[21.31074,46.19108],[21.31076,46.1911],[21.3108,46.19119],[21.31105,46.19154],[21.31103,46.19161],[21.311,46.19166],[21.31095,46.19172],[21.31087,46.19178],[21.31072,46.19181],[21.30989,46.19198]]},"properties":{"line":"49b","dir":"1","mode":"bus"}},{"type":"Feature","geometry":{"type":"LineString","coordinates":[[21.32481,46.18308],[21.32509,46.18338],[21.32565,46.1838],[21.32595,46.18409],[21.32635,46.18449],[21.32647,46.18464],[21.3268,46.18506],[21.32692,46.18529],[21.327,46.18547],[21.32742,46.1863],[21.3283,46.188],[21.32945,46.19015],[21.32968,46.19058],[21.33024,46.1914],[21.33024,46.1914],[21.33061,46.1919],[21.33075,46.19205],[21.33117,46.19246],[21.33159,46.19283],[21.33174,46.19298],[21.33223,46.19342],[21.33344,46.19451],[21.33411,46.19513],[21.33507,46.19463],[21.33541,46.19444],[21.33921,46.19248],[21.33937,46.19239],[21.3395,46.19227],[21.33951,46.19227],[21.3417,46.19041],[21.34266,46.1896],[21.34285,46.18941],[21.34254,46.18874],[21.34254,46.18874],[21.34147,46.18643],[21.34132,46.18607],[21.34119,46.18583],[21.34111,46.18563],[21.34112,46.1855],[21.34117,46.18539],[21.34123,46.18534],[21.34128,46.18532],[21.34154,46.18529],[21.34376,46.18528],[21.34461,46.18529],[21.34548,46.18534],[21.34616,46.18539],[21.34719,46.18551],[21.34913,46.18582],[21.34939,46.18589],[21.34972,46.18602]]},"properties":{"line":"52","dir":"0","mode":"bus"}},{"type":"Feature","geometry":{"type":"LineString","coordinates":[[21.34972,46.18602],[21.34939,46.18589],[21.34913,46.18582],[21.34719,46.18551],[21.34616,46.18539],[21.34548,46.18534],[21.34461,46.18529],[21.34376,46.18528],[21.34154,46.18529],[21.34128,46.18532],[21.34123,46.18534],[21.34117,46.18539],[21.34112,46.1855],[21.34111,46.18563],[21.34119,46.18583],[21.34132,46.18607],[21.34147,46.18643],[21.34153,46.18659],[21.34149,46.1866],[21.34143,46.1866],[21.3413,46.18657],[21.34051,46.18616],[21.3405,46.18616],[21.33964,46.18566],[21.33811,46.18712],[21.3375,46.1877],[21.3375,46.1877],[21.33649,46.18865],[21.33586,46.18927],[21.33554,46.18954],[21.33543,46.18965],[21.33513,46.18995],[21.33435,46.19032],[21.33309,46.19087],[21.33124,46.19169],[21.33067,46.19197],[21.33061,46.1919],[21.33013,46.19124],[21.33013,46.19124],[21.32968,46.19058],[21.32945,46.19015],[21.3283,46.188],[21.32742,46.1863],[21.327,46.18547],[21.32668,46.18516],[21.32647,46.18506],[21.3259,46.18498],[21.32509,46.18486],[21.32485,46.18478],[21.32475,46.18473],[21.32457,46.18457],[21.32437,46.18412],[21.32419,46.1838],[21.32363,46.18309],[21.32357,46.18308],[21.32352,46.18306],[21.3234,46.18299],[21.32333,46.1829],[21.32332,46.18283],[21.32332,46.18277],[21.32338,46.18267],[21.32345,46.18261],[21.32358,46.18255],[21.3238,46.18253],[21.32394,46.18257],[21.32404,46.18263],[21.32408,46.18266],[21.32435,46.18278],[21.32508,46.18338],[21.32481,46.18308]]},"properties":{"line":"52","dir":"1","mode":"bus"}},{"type":"Feature","geometry":{"type":"LineString","coordinates":[[21.32481,46.18308],[21.32509,46.18338],[21.32569,46.18384],[21.32572,46.18395],[21.32585,46.18417],[21.32588,46.18431],[21.32588,46.18441],[21.32577,46.18468],[21.32563,46.1849],[21.3256,46.18494],[21.32532,46.1849],[21.32509,46.18486],[21.32485,46.18478],[21.32475,46.18473],[21.32457,46.18457],[21.32437,46.18412],[21.32419,46.1838],[21.32363,46.18309],[21.32357,46.18308],[21.32352,46.18306],[21.32289,46.18314],[21.32237,46.18326],[21.31954,46.18432],[21.31924,46.18441],[21.31917,46.18443],[21.31904,46.18448],[21.31878,46.18457],[21.31851,46.18466],[21.31798,46.18486],[21.31739,46.18508],[21.31712,46.18515],[21.3171,46.18516],[21.31682,46.1852],[21.31647,46.18518],[21.31612,46.18511],[21.31583,46.18501],[21.31559,46.18487],[21.3152,46.18458],[21.31492,46.18439],[21.31458,46.1841],[21.3142,46.18383],[21.31393,46.18365],[21.3129,46.18308],[21.31262,46.18294],[21.31239,46.18286],[21.31212,46.18277],[21.31188,46.18272],[21.31122,46.18263],[21.3104,46.18254],[21.31035,46.18257],[21.3102,46.18255],[21.31009,46.18251],[21.31,46.18245],[21.30994,46.18237],[21.30984,46.18213],[21.30956,46.18161],[21.30951,46.1814],[21.3094,46.18117],[21.3094,46.18117],[21.30749,46.17746],[21.3069,46.17635],[21.305,46.17264],[21.30436,46.17143],[21.30436,46.17143],[21.30334,46.16944],[21.30145,46.16938],[21.29268,46.16919],[21.29098,46.16914],[21.29093,46.16914],[21.29093,46.16914],[21.28798,46.16909],[21.28652,46.16905],[21.28271,46.16897],[21.28193,46.16894],[21.28186,46.16899],[21.28163,46.16898],[21.28138,46.169],[21.28113,46.16905],[21.28113,46.16908],[21.28113,46.16914],[21.28107,46.16924],[21.28101,46.16928],[21.28095,46.1693],[21.28085,46.16932],[21.28073,46.1693],[21.28063,46.16926],[21.28057,46.16921],[21.28053,46.16913],[21.28054,46.16906],[21.28056,46.16902],[21.28057,46.169],[21.28043,46.16894],[21.27998,46.16893],[21.2799,46.16888],[21.27932,46.16887],[21.27611,46.16879],[21.2704,46.16866],[21.26786,46.16865],[21.26085,46.16849],[21.25173,46.16834],[21.24414,46.16818],[21.24289,46.16817],[21.24285,46.16907],[21.24278,46.1708],[21.24277,46.17102],[21.24271,46.17112],[21.24259,46.17119],[21.24241,46.17122],[21.23802,46.17114],[21.23798,46.17256]]},"properties":{"line":"54","dir":"0","mode":"bus"}},{"type":"Feature","geometry":{"type":"LineString","coordinates":[[21.23798,46.17256],[21.23802,46.17114],[21.23895,46.17116],[21.24224,46.17122],[21.2425,46.17121],[21.24265,46.17116],[21.24275,46.17108],[21.24278,46.17094],[21.24289,46.16817],[21.24797,46.16825],[21.25173,46.16834],[21.26007,46.16848],[21.26251,46.16852],[21.26845,46.16865],[21.2704,46.16866],[21.27351,46.16873],[21.27853,46.16885],[21.2799,46.16888],[21.27998,46.16884],[21.28034,46.16885],[21.28056,46.16889],[21.28064,46.16893],[21.28068,46.16891],[21.28073,46.16889],[21.28078,46.16888],[21.28087,46.16888],[21.28097,46.1689],[21.28106,46.16894],[21.28109,46.16897],[21.28138,46.16891],[21.28163,46.16889],[21.28186,46.1689],[21.28193,46.16894],[21.28245,46.16896],[21.28271,46.16897],[21.28652,46.16905],[21.29034,46.16914],[21.29034,46.16914],[21.29156,46.16915],[21.29173,46.16915],[21.29467,46.16923],[21.3027,46.16942],[21.30334,46.16944],[21.30397,46.17067],[21.30456,46.17178],[21.30467,46.172],[21.30467,46.17201],[21.30629,46.17519],[21.30861,46.17962],[21.30951,46.1814],[21.30958,46.18145],[21.3097,46.18161],[21.30994,46.18177],[21.30998,46.18181],[21.31003,46.18189],[21.31006,46.18188],[21.31013,46.18187],[21.31019,46.18186],[21.31034,46.18188],[21.31044,46.18195],[21.31058,46.1821],[21.31061,46.18216],[21.31074,46.18225],[21.31092,46.18247],[21.311,46.18253],[21.31112,46.18258],[21.31153,46.18267],[21.31164,46.18268],[21.31212,46.18277],[21.31262,46.18294],[21.31356,46.18344],[21.31404,46.18371],[21.31458,46.1841],[21.31492,46.18439],[21.3152,46.18458],[21.31545,46.18477],[21.31572,46.18495],[21.31601,46.18508],[21.31612,46.18512],[21.31613,46.18512],[21.31647,46.18518],[21.31682,46.1852],[21.31719,46.18514],[21.31755,46.18502],[21.3181,46.18482],[21.31916,46.18444],[21.31928,46.18439],[21.31954,46.18432],[21.32104,46.18375],[21.32305,46.183],[21.32333,46.1829],[21.32333,46.18288],[21.32332,46.18285],[21.32332,46.18278],[21.32336,46.1827],[21.32341,46.18263],[21.32355,46.18256],[21.32374,46.18253],[21.32391,46.18256],[21.32403,46.18261],[21.3241,46.18268],[21.32434,46.18281],[21.32471,46.18309]]},"properties":{"line":"54","dir":"1","mode":"bus"}},{"type":"Feature","geometry":{"type":"LineString","coordinates":[[21.31993,46.16659],[21.32,46.16675],[21.32005,46.16681],[21.32018,46.16687],[21.32073,46.16699],[21.32086,46.16705],[21.32095,46.16713],[21.321,46.16722],[21.32101,46.16727],[21.32097,46.16742],[21.32091,46.1675],[21.32082,46.16756],[21.3207,46.1676],[21.32058,46.16762],[21.32039,46.1676],[21.32028,46.16755],[21.32019,46.16749],[21.32013,46.16741],[21.3201,46.16733],[21.3201,46.16728],[21.32011,46.16723],[21.32012,46.16721],[21.31942,46.16635],[21.31936,46.16629],[21.31675,46.16664],[21.31575,46.16681],[21.31276,46.16697],[21.31136,46.16707],[21.31078,46.16705],[21.31078,46.16705],[21.30813,46.16697],[21.3077,46.16696],[21.30742,46.16697],[21.30604,46.1669],[21.30364,46.16675],[21.30188,46.16666],[21.30301,46.16883],[21.30397,46.17067],[21.30467,46.17201],[21.30467,46.17201],[21.30629,46.17519],[21.30861,46.17962],[21.30951,46.1814],[21.30958,46.18145],[21.3097,46.18161],[21.30994,46.18177],[21.30998,46.18181],[21.31003,46.18189],[21.31006,46.18188],[21.31013,46.18187],[21.31019,46.18186],[21.31034,46.18188],[21.31044,46.18195],[21.31061,46.18216],[21.31063,46.18227],[21.31061,46.18237],[21.31056,46.18245],[21.3104,46.18254],[21.31012,46.18267],[21.30998,46.18276],[21.30981,46.18292],[21.30964,46.18323],[21.30964,46.18324],[21.30955,46.18347],[21.30952,46.18361],[21.30948,46.18385],[21.30951,46.18414],[21.30958,46.18455],[21.30976,46.18571],[21.30993,46.18674],[21.30993,46.18674],[21.3105,46.19031],[21.31056,46.19044],[21.31072,46.19103],[21.31076,46.1911],[21.31105,46.19154],[21.311,46.19166],[21.31087,46.19178],[21.30989,46.19198],[21.30982,46.192],[21.30878,46.19222],[21.30838,46.19228],[21.30803,46.19235],[21.30799,46.19247],[21.30795,46.19286],[21.30799,46.19314],[21.3082,46.19411],[21.30808,46.1943],[21.30809,46.1943],[21.30809,46.19431],[21.3081,46.19431],[21.30811,46.19433],[21.30811,46.19434],[21.3081,46.19437],[21.30806,46.19439],[21.30801,46.19438],[21.30798,46.19436],[21.30798,46.19434],[21.30792,46.19436],[21.30778,46.19442],[21.30733,46.19469],[21.30733,46.19469],[21.30475,46.19629],[21.30271,46.19752],[21.30208,46.19793],[21.30154,46.19838],[21.30096,46.19887],[21.30075,46.19904],[21.30013,46.19968],[21.2996,46.20037],[21.29886,46.2013],[21.29799,46.20233],[21.29799,46.20233],[21.29734,46.20313],[21.2972,46.20322],[21.29723,46.20325],[21.29724,46.2033],[21.2972,46.20335],[21.29713,46.20338],[21.29709,46.20338],[21.29707,46.20337],[21.29704,46.20345],[21.29673,46.20383],[21.29661,46.20393],[21.29646,46.20397],[21.29465,46.20402],[21.29402,46.20403],[21.29365,46.20412],[21.29359,46.20415],[21.29354,46.2042],[21.29346,46.20433],[21.29387,46.20617],[21.29387,46.20617],[21.29395,46.20659],[21.29398,46.20689],[21.29397,46.20712],[21.29392,46.20731],[21.29378,46.20764],[21.29363,46.20789],[21.29253,46.2093],[21.29108,46.21111],[21.29068,46.21161],[21.29067,46.21161],[21.29033,46.21203],[21.29029,46.21207],[21.29024,46.21213],[21.28908,46.21354],[21.28885,46.21381],[21.28884,46.21382],[21.28862,46.21403],[21.2884,46.21394],[21.28805,46.2138],[21.28739,46.21351],[21.28734,46.21349],[21.28718,46.21343],[21.28702,46.21337],[21.28685,46.21331],[21.28667,46.21325],[21.28625,46.21312],[21.28594,46.21304],[21.2832,46.21228],[21.28283,46.21315],[21.2828,46.2132],[21.2828,46.2132],[21.2819,46.21519],[21.28179,46.21539],[21.28168,46.21555],[21.28145,46.2158],[21.27983,46.21715],[21.27968,46.21724],[21.27959,46.21726],[21.27946,46.21725],[21.27819,46.21701],[21.27638,46.21709],[21.27616,46.21709],[21.27594,46.21707],[21.27435,46.21673],[21.27431,46.21672],[21.26956,46.21548],[21.2711,46.21284],[21.27529,46.214],[21.27529,46.214],[21.27569,46.21411],[21.27625,46.21302],[21.27712,46.21131],[21.27712,46.21131],[21.28012,46.20554],[21.28013,46.20555],[21.27753,46.20481],[21.27307,46.20358],[21.27045,46.20288],[21.26967,46.20433],[21.26941,46.2048]]},"properties":{"line":"60","dir":"0","mode":"bus"}},{"type":"Feature","geometry":{"type":"LineString","coordinates":[[21.26941,46.2048],[21.26914,46.20528],[21.27057,46.20567],[21.27175,46.20601],[21.27178,46.20602],[21.27307,46.20358],[21.27753,46.20481],[21.28008,46.20553],[21.28008,46.20555],[21.27733,46.21091],[21.27733,46.21092],[21.27569,46.21411],[21.27539,46.21402],[21.27538,46.21402],[21.27113,46.21285],[21.27103,46.21288],[21.27093,46.21291],[21.26956,46.21548],[21.27202,46.21613],[21.27435,46.21673],[21.27448,46.21676],[21.27448,46.21676],[21.27606,46.21708],[21.27627,46.21709],[21.27797,46.21701],[21.27827,46.21702],[21.27951,46.21725],[21.2796,46.21725],[21.27971,46.21723],[21.27977,46.2172],[21.28027,46.21678],[21.28151,46.21574],[21.28173,46.21548],[21.28184,46.21531],[21.28199,46.215],[21.28286,46.21308],[21.28286,46.21308],[21.2832,46.21228],[21.28594,46.21304],[21.28667,46.21325],[21.28734,46.21349],[21.28805,46.2138],[21.28862,46.21403],[21.28884,46.21382],[21.28908,46.21354],[21.29029,46.21207],[21.29041,46.21194],[21.29041,46.21194],[21.29246,46.20939],[21.2935,46.20805],[21.29375,46.20769],[21.29388,46.20743],[21.29397,46.20712],[21.29397,46.20677],[21.29388,46.20622],[21.29387,46.20616],[21.29387,46.20616],[21.29346,46.20433],[21.29337,46.20404],[21.29465,46.20402],[21.29646,46.20397],[21.29661,46.20393],[21.29673,46.20383],[21.29704,46.20345],[21.29706,46.20337],[21.29704,46.20336],[21.29701,46.20334],[21.29698,46.20329],[21.29701,46.20324],[21.29707,46.2032],[21.29715,46.2032],[21.29719,46.20322],[21.29734,46.20313],[21.29755,46.20287],[21.29784,46.20251],[21.29784,46.20251],[21.29839,46.20185],[21.29944,46.20058],[21.29988,46.20002],[21.30013,46.19968],[21.30058,46.19921],[21.30088,46.19893],[21.30108,46.19877],[21.30108,46.19877],[21.30208,46.19793],[21.30271,46.19752],[21.30364,46.19697],[21.30629,46.19533],[21.3064,46.19526],[21.3064,46.19526],[21.30778,46.19442],[21.30798,46.19434],[21.30798,46.19433],[21.30799,46.19431],[21.30803,46.1943],[21.30808,46.1943],[21.3082,46.19411],[21.30799,46.19314],[21.30795,46.19286],[21.30785,46.19263],[21.30783,46.19255],[21.30776,46.19246],[21.30772,46.19241],[21.30762,46.19243],[21.30753,46.19241],[21.30743,46.19237],[21.30735,46.19229],[21.3073,46.19219],[21.30729,46.19207],[21.30749,46.19195],[21.30759,46.19192],[21.30778,46.19188],[21.30795,46.19188],[21.30893,46.1918],[21.30894,46.1918],[21.31012,46.1917],[21.31038,46.19166],[21.31037,46.19161],[21.31037,46.19153],[21.31047,46.19129],[21.31053,46.19108],[21.31047,46.19046],[21.31048,46.19036],[21.3105,46.19031],[21.31037,46.18956],[21.3102,46.18846],[21.30994,46.18684],[21.30989,46.18654],[21.30989,46.18654],[21.30948,46.18393],[21.3095,46.18365],[21.30958,46.18333],[21.30984,46.18246],[21.30987,46.18231],[21.30988,46.18221],[21.30984,46.18213],[21.30956,46.18161],[21.30951,46.1814],[21.3094,46.18117],[21.3094,46.18117],[21.30749,46.17746],[21.3069,46.17635],[21.305,46.17264],[21.30436,46.17143],[21.30436,46.17143],[21.30334,46.16944],[21.30188,46.16666],[21.30185,46.1666],[21.30184,46.16657],[21.30359,46.16666],[21.30605,46.16681],[21.30743,46.16689],[21.30772,46.16693],[21.30779,46.16695],[21.31057,46.16705],[21.31099,46.16706],[21.31099,46.16706],[21.31145,46.16708],[21.31143,46.16699],[21.31134,46.16664],[21.31128,46.16656],[21.31131,46.16654],[21.31417,46.16618],[21.31443,46.16615],[21.3146,46.1661],[21.31496,46.16603],[21.31517,46.16602],[21.31527,46.16604],[21.3153,46.16609],[21.3167,46.16594],[21.31795,46.16578],[21.31964,46.16559],[21.31986,46.16638],[21.31989,46.16647]]},"properties":{"line":"60","dir":"1","mode":"bus"}},{"type":"Feature","geometry":{"type":"LineString","coordinates":[[21.59367,46.15645],[21.59365,46.15581],[21.59335,46.15561],[21.58982,46.15541],[21.58692,46.15513],[21.58631,46.15499],[21.58478,46.15442],[21.5835,46.15425],[21.57802,46.15395],[21.57349,46.1536],[21.56232,46.15111],[21.55894,46.15027],[21.55438,46.14955],[21.55336,46.1494],[21.55164,46.14895],[21.54376,46.14512],[21.53162,46.13894],[21.52414,46.14098],[21.52414,46.14098],[21.52126,46.14154],[21.51038,46.14514],[21.48068,46.14592],[21.48068,46.14592],[21.47359,46.14622],[21.46537,46.148],[21.46537,46.148],[21.46101,46.14905],[21.45843,46.14967],[21.45623,46.15021],[21.44641,46.15254],[21.43773,46.15463],[21.43477,46.15534],[21.43408,46.15551],[21.43353,46.15569],[21.43279,46.15585],[21.43234,46.15598],[21.43063,46.15638],[21.43034,46.15643],[21.42984,46.1565],[21.42982,46.15653],[21.42977,46.15658],[21.42969,46.15662],[21.42958,46.15666],[21.42942,46.15666],[21.42934,46.15664],[21.42925,46.15663],[21.42915,46.15665],[21.42903,46.1567],[21.42874,46.15681],[21.42846,46.15689],[21.42805,46.157],[21.42537,46.15764],[21.42349,46.1581],[21.42109,46.15872],[21.41957,46.15908],[21.41696,46.15977],[21.41555,46.16015],[21.41346,46.16074],[21.41252,46.161],[21.412,46.16117],[21.41003,46.16177],[21.4081,46.1624],[21.40597,46.1631],[21.4051,46.16337],[21.40517,46.16348],[21.40321,46.16396],[21.39764,46.16584],[21.39758,46.16574],[21.39685,46.16595],[21.39512,46.16648],[21.39353,46.16694],[21.39351,46.16689],[21.3935,46.16683],[21.39362,46.16658],[21.39382,46.16619],[21.39403,46.16576],[21.39406,46.1657],[21.39355,46.16565],[21.39323,46.16562],[21.3931,46.16561],[21.39263,46.16564],[21.39159,46.16572],[21.39027,46.16586],[21.39011,46.16588],[21.39011,46.1659],[21.39011,46.16593],[21.39007,46.166],[21.39,46.16606],[21.3899,46.16609],[21.38979,46.1661],[21.38973,46.16609],[21.38975,46.16633],[21.38975,46.16633],[21.38975,46.16654],[21.38962,46.16686],[21.38928,46.16761],[21.38927,46.16763],[21.38942,46.16785],[21.3895,46.16788],[21.38959,46.16793],[21.38962,46.16803],[21.3896,46.16811],[21.38957,46.16815],[21.3895,46.1682],[21.3894,46.16823],[21.38935,46.16823],[21.38912,46.16831],[21.38869,46.16848],[21.38833,46.16858],[21.38714,46.169],[21.38654,46.16923],[21.38648,46.16932],[21.38642,46.1694],[21.38635,46.16949],[21.38614,46.16962],[21.38592,46.16971],[21.385,46.17004],[21.38388,46.17052],[21.38323,46.17073],[21.38037,46.17188],[21.37929,46.1724],[21.37916,46.17244],[21.37875,46.1725],[21.37852,46.17252],[21.37844,46.17256],[21.37807,46.17271],[21.37714,46.17303],[21.37652,46.17319],[21.37528,46.17346],[21.37395,46.1737],[21.37381,46.17372],[21.3737,46.17377],[21.37294,46.17379],[21.3728,46.17383],[21.37277,46.17387],[21.37274,46.17391],[21.37258,46.17401],[21.37236,46.17404],[21.37191,46.17415],[21.3715,46.17426],[21.37129,46.17425],[21.37028,46.17445],[21.36831,46.17488],[21.36657,46.17527],[21.36647,46.17534],[21.36635,46.17537],[21.36521,46.17565],[21.3652,46.17565],[21.36005,46.17677],[21.36005,46.17677],[21.35592,46.17768],[21.35591,46.17768],[21.35286,46.17836],[21.35126,46.17872],[21.34976,46.17909],[21.34778,46.17955],[21.34778,46.17955],[21.34544,46.18008],[21.34437,46.18033],[21.34437,46.18033],[21.34277,46.18067],[21.34241,46.18075],[21.34187,46.18083],[21.34128,46.18086],[21.34067,46.18084],[21.34009,46.1808],[21.33963,46.18072],[21.33901,46.18059],[21.33862,46.18054],[21.33816,46.18053],[21.33754,46.18058],[21.33545,46.18089],[21.33361,46.18117],[21.3336,46.18113],[21.32913,46.1819],[21.32557,46.18239],[21.32467,46.18265],[21.32361,46.18311],[21.32335,46.1827],[21.32449,46.18243],[21.32503,46.18239]]},"properties":{"line":"Ghioroc","dir":"0","mode":"bus"}},{"type":"Feature","geometry":{"type":"LineString","coordinates":[[21.32503,46.18239],[21.33296,46.18112],[21.33296,46.18112],[21.34429,46.18019],[21.34429,46.18019],[21.34916,46.17905],[21.34916,46.17905],[21.35619,46.17745],[21.35619,46.17745],[21.36008,46.17668],[21.36008,46.17668],[21.36573,46.17545],[21.36573,46.17545],[21.37164,46.17412],[21.372,46.17388],[21.37198,46.17368],[21.37217,46.17349],[21.3727,46.17338],[21.373,46.17335],[21.37402,46.17312],[21.37595,46.17268],[21.37803,46.17212],[21.37768,46.16982],[21.37764,46.16925],[21.37842,46.16898],[21.37861,46.16922],[21.37823,46.16935],[21.37823,46.16935],[21.37782,46.16949],[21.37846,46.17039],[21.37782,46.17062],[21.37808,46.17215],[21.37627,46.17267],[21.37399,46.17318],[21.37286,46.17342],[21.37271,46.17355],[21.37298,46.17368],[21.37394,46.1737],[21.37696,46.17309],[21.37857,46.1725],[21.37923,46.17242],[21.38104,46.1716],[21.38621,46.16959],[21.38653,46.16923],[21.38864,46.16846],[21.38903,46.16816],[21.38908,46.16796],[21.3892,46.16773],[21.38982,46.16633],[21.38968,46.16679],[21.3893,46.16766],[21.38941,46.16784],[21.38966,46.16796],[21.39041,46.16791],[21.39397,46.16681],[21.39819,46.16565],[21.39819,46.16565],[21.40297,46.16402],[21.40536,46.16337],[21.40536,46.16337],[21.40619,46.16301],[21.41265,46.16097],[21.41682,46.15981],[21.42144,46.15862],[21.42878,46.15677],[21.42912,46.15658],[21.4293,46.15625],[21.42957,46.15622],[21.42985,46.15635],[21.43026,46.15643],[21.43651,46.1549],[21.44835,46.15205],[21.45809,46.14974],[21.46264,46.14864],[21.46481,46.14812],[21.46546,46.14816],[21.4665,46.14771],[21.47088,46.1467],[21.47255,46.14636],[21.47439,46.14611],[21.47935,46.14594],[21.48073,46.14602],[21.48136,46.14583],[21.48635,46.14567],[21.49184,46.1455],[21.51076,46.14495],[21.51436,46.14382],[21.51914,46.14217],[21.52221,46.1413],[21.52418,46.14107],[21.52418,46.14107],[21.52721,46.14016],[21.53131,46.13868],[21.53296,46.13959],[21.54058,46.14341],[21.55162,46.14894],[21.5609,46.15074],[21.57408,46.15361],[21.58406,46.15425],[21.58678,46.15508]]},"properties":{"line":"Ghioroc","dir":"1","mode":"bus"}},{"type":"Feature","geometry":{"type":"LineString","coordinates":[[21.32501,46.18233],[21.32826,46.18183],[21.33084,46.18145],[21.33297,46.18114],[21.33297,46.18114],[21.33496,46.18084],[21.33648,46.18062],[21.33761,46.18045],[21.33807,46.18042],[21.33871,46.18043],[21.33929,46.18052],[21.3401,46.18068],[21.34057,46.18072],[21.34105,46.18074],[21.34177,46.18071],[21.3423,46.18064],[21.34343,46.1804],[21.3443,46.1802],[21.3443,46.1802],[21.34917,46.17908],[21.34916,46.17905],[21.34916,46.17905],[21.35619,46.17745],[21.35619,46.17745],[21.36008,46.17668],[21.36008,46.17668],[21.36573,46.17545],[21.36573,46.17545],[21.36571,46.1754],[21.36643,46.17526],[21.36657,46.17527],[21.3688,46.17479],[21.37064,46.17437],[21.37129,46.17425],[21.37145,46.17416],[21.37167,46.17411],[21.37179,46.17405],[21.3719,46.17398],[21.37195,46.17393],[21.37199,46.17384],[21.37198,46.17379],[21.37198,46.17369],[21.37201,46.17362],[21.37205,46.17357],[21.37215,46.1735],[21.37234,46.17345],[21.37253,46.17347],[21.37268,46.17353],[21.37275,46.17359],[21.37277,46.17362],[21.37285,46.17366],[21.37318,46.17369],[21.37369,46.17368],[21.37381,46.17372],[21.37395,46.1737],[21.37528,46.17346],[21.37652,46.17319],[21.37714,46.17303],[21.37807,46.17271],[21.37844,46.17256],[21.37852,46.17252],[21.37875,46.1725],[21.3789,46.17248],[21.37916,46.17244],[21.37929,46.1724],[21.38037,46.17188],[21.38323,46.17073],[21.38388,46.17052],[21.385,46.17004],[21.38592,46.16971],[21.38614,46.16962],[21.38635,46.16949],[21.38648,46.16932],[21.38654,46.16923],[21.38714,46.169],[21.38833,46.16858],[21.38869,46.1684],[21.38883,46.16833],[21.38895,46.16824],[21.38906,46.16809],[21.38905,46.16806],[21.38905,46.168],[21.38907,46.16794],[21.38914,46.16788],[21.38918,46.16786],[21.38919,46.16778],[21.38927,46.16763],[21.38945,46.16724],[21.38974,46.16657],[21.38975,46.16643],[21.38975,46.16633],[21.38975,46.16654],[21.38962,46.16686],[21.38928,46.16761],[21.38927,46.16763],[21.38942,46.16785],[21.3895,46.16788],[21.38959,46.16793],[21.38985,46.16798],[21.39044,46.1679],[21.39109,46.16774],[21.39353,46.16694],[21.39512,46.16648],[21.39685,46.16595],[21.39814,46.16557],[21.39819,46.16565],[21.40536,46.16337],[21.40532,46.1633],[21.40699,46.16277],[21.41003,46.16177],[21.41294,46.16089],[21.41499,46.1603],[21.41573,46.1601],[21.41904,46.15922],[21.42076,46.1588],[21.42312,46.15819],[21.42447,46.15786],[21.42735,46.15716],[21.42812,46.15712]]},"properties":{"line":"Vladimirescu","dir":"0","mode":"bus"}},{"type":"Feature","geometry":{"type":"LineString","coordinates":[[21.42812,46.15712],[21.42716,46.15721],[21.42419,46.15793],[21.42241,46.15838],[21.42109,46.15872],[21.41957,46.15908],[21.41555,46.16015],[21.41252,46.161],[21.412,46.16117],[21.41003,46.16177],[21.4081,46.1624],[21.40597,46.1631],[21.4051,46.16337],[21.40517,46.16348],[21.39764,46.16584],[21.39758,46.16574],[21.39685,46.16595],[21.39512,46.16648],[21.39353,46.16694],[21.39351,46.16689],[21.3935,46.16683],[21.39362,46.16658],[21.39382,46.16619],[21.39403,46.16576],[21.39406,46.1657],[21.39355,46.16565],[21.39323,46.16562],[21.3931,46.16561],[21.39263,46.16564],[21.39159,46.16572],[21.39027,46.16586],[21.39011,46.16588],[21.39011,46.1659],[21.39011,46.16593],[21.39007,46.166],[21.39,46.16606],[21.3899,46.16609],[21.38979,46.1661],[21.38973,46.16609],[21.38975,46.16633],[21.38975,46.16633],[21.38975,46.16654],[21.38962,46.16686],[21.38928,46.16761],[21.38927,46.16763],[21.38942,46.16785],[21.3895,46.16788],[21.38959,46.16793],[21.38962,46.16803],[21.3896,46.16811],[21.38957,46.16815],[21.3895,46.1682],[21.3894,46.16823],[21.38935,46.16823],[21.38912,46.16831],[21.38869,46.16848],[21.38833,46.16858],[21.38714,46.169],[21.38654,46.16923],[21.38648,46.16932],[21.38642,46.1694],[21.38635,46.16949],[21.38614,46.16962],[21.38592,46.16971],[21.385,46.17004],[21.38388,46.17052],[21.38323,46.17073],[21.38037,46.17188],[21.37929,46.1724],[21.37916,46.17244],[21.37875,46.1725],[21.37852,46.17252],[21.37844,46.17256],[21.37807,46.17271],[21.37714,46.17303],[21.37652,46.17319],[21.37528,46.17346],[21.37395,46.1737],[21.37381,46.17372],[21.3737,46.17377],[21.37294,46.17379],[21.3728,46.17383],[21.37277,46.17387],[21.37274,46.17391],[21.37258,46.17401],[21.37236,46.17404],[21.37191,46.17415],[21.3715,46.17426],[21.37129,46.17425],[21.37028,46.17445],[21.36831,46.17488],[21.36657,46.17527],[21.36647,46.17534],[21.36635,46.17537],[21.36521,46.17565],[21.3652,46.17565],[21.36005,46.17677],[21.36005,46.17677],[21.35592,46.17768],[21.35591,46.17768],[21.35286,46.17836],[21.35126,46.17872],[21.34976,46.17909],[21.34778,46.17955],[21.34778,46.17955],[21.34544,46.18008],[21.34437,46.18033],[21.34437,46.18033],[21.34277,46.18067],[21.34241,46.18075],[21.34187,46.18083],[21.34128,46.18086],[21.34067,46.18084],[21.34009,46.1808],[21.33963,46.18072],[21.33901,46.18059],[21.33862,46.18054],[21.33816,46.18053],[21.33754,46.18058],[21.33545,46.18089],[21.33361,46.18117],[21.3336,46.18113],[21.32503,46.18239]]},"properties":{"line":"Vladimirescu","dir":"1","mode":"bus"}},{"type":"Feature","geometry":{"type":"LineString","coordinates":[[21.31979,46.16798],[21.31937,46.16793],[21.31877,46.16817],[21.31838,46.16837],[21.31805,46.16857],[21.31777,46.16878],[21.31743,46.16907],[21.31718,46.16933],[21.31693,46.16968],[21.31657,46.17033],[21.31633,46.1708],[21.31602,46.17153],[21.31607,46.17177],[21.31624,46.17219],[21.31645,46.17264],[21.31645,46.17266],[21.31644,46.17266],[21.31677,46.17331],[21.31697,46.17361],[21.31762,46.17448],[21.31806,46.17506],[21.31823,46.17539],[21.31831,46.17554],[21.31891,46.17636],[21.31878,46.1764],[21.31878,46.1764],[21.32007,46.17823],[21.32007,46.17823],[21.32193,46.18065],[21.32193,46.18065],[21.32437,46.1838],[21.32444,46.18399],[21.32472,46.18458],[21.32492,46.18526],[21.325,46.18558],[21.32511,46.18568],[21.32511,46.18568],[21.32508,46.18586],[21.32523,46.18624],[21.32534,46.1865],[21.32544,46.18675],[21.32555,46.18702],[21.32564,46.18727],[21.32565,46.18741],[21.32563,46.18756],[21.32559,46.18773],[21.32549,46.18791],[21.32535,46.18809],[21.3252,46.18826],[21.32501,46.18847],[21.32479,46.18865],[21.32442,46.18888],[21.32454,46.189],[21.32413,46.18919],[21.32389,46.18923],[21.32324,46.18931],[21.32195,46.18954],[21.32032,46.18987],[21.3193,46.19007],[21.3193,46.19007],[21.31394,46.19115],[21.31266,46.1914],[21.31087,46.19178],[21.30878,46.19222],[21.30803,46.19235],[21.30772,46.19241],[21.30746,46.19249],[21.30668,46.19279],[21.30501,46.19348],[21.30481,46.19356],[21.30393,46.19395],[21.30226,46.19467],[21.30162,46.19495],[21.30089,46.19521],[21.30089,46.19521],[21.2999,46.19562],[21.29955,46.19581],[21.29924,46.19603],[21.29846,46.19672],[21.29735,46.19769],[21.2966,46.1984],[21.2961,46.19878],[21.29568,46.19907],[21.29417,46.2],[21.29417,46.2],[21.29291,46.20072],[21.2928,46.20124],[21.29299,46.20202],[21.29326,46.20343],[21.29297,46.20358],[21.29261,46.20349],[21.29168,46.20273]]},"properties":{"line":"1","dir":"0","mode":"tram"}},{"type":"Feature","geometry":{"type":"LineString","coordinates":[[21.29164,46.20275],[21.2916,46.20277],[21.29115,46.20241],[21.29108,46.20232],[21.29104,46.20224],[21.29087,46.20171],[21.29086,46.20165],[21.29087,46.20157],[21.2909,46.20149],[21.29098,46.2014],[21.29122,46.20128],[21.29207,46.20094],[21.29226,46.20085],[21.29299,46.20042],[21.29426,46.19965],[21.29542,46.19897],[21.29549,46.19893],[21.29586,46.1987],[21.29637,46.19832],[21.29776,46.19709],[21.29945,46.19561],[21.30027,46.19524],[21.30146,46.19478],[21.30197,46.19456],[21.30197,46.19456],[21.30553,46.19308],[21.30598,46.19287],[21.30629,46.1927],[21.30707,46.19218],[21.30738,46.192],[21.30756,46.19192],[21.30772,46.19189],[21.3088,46.19182],[21.30913,46.19178],[21.30914,46.19178],[21.31012,46.1917],[21.31278,46.19121],[21.31864,46.19006],[21.31864,46.19006],[21.32194,46.18943],[21.3228,46.18926],[21.32361,46.18908],[21.32391,46.18898],[21.32414,46.18886],[21.32473,46.18852],[21.32503,46.18832],[21.32527,46.18806],[21.32542,46.18788],[21.32554,46.18765],[21.32557,46.18746],[21.32557,46.18734],[21.32555,46.18723],[21.32542,46.18684],[21.32517,46.18622],[21.32491,46.18563],[21.32477,46.18521],[21.32457,46.18457],[21.32437,46.18412],[21.32419,46.1838],[21.32363,46.18309],[21.32357,46.18308],[21.32352,46.18306],[21.3234,46.18299],[21.32333,46.1829],[21.32332,46.18277],[21.32306,46.18255],[21.32259,46.18208],[21.32266,46.18205],[21.32266,46.18205],[21.31991,46.17874],[21.31991,46.17874],[21.31782,46.17529],[21.31782,46.17529],[21.31594,46.17222],[21.31594,46.17222],[21.31594,46.1715],[21.31628,46.17074],[21.31663,46.17005],[21.31692,46.16956],[21.31723,46.1692],[21.31757,46.16885],[21.31793,46.16858],[21.3184,46.16829],[21.31876,46.16812],[21.31931,46.1679],[21.31969,46.16774],[21.32003,46.16742]]},"properties":{"line":"1","dir":"1","mode":"tram"}},{"type":"Feature","geometry":{"type":"LineString","coordinates":[[21.29164,46.20275],[21.2916,46.20277],[21.29129,46.20252],[21.29115,46.20241],[21.29109,46.20232],[21.29099,46.20207],[21.29088,46.20174],[21.29082,46.20166],[21.29075,46.20161],[21.29065,46.20158],[21.29056,46.20156],[21.29036,46.20158],[21.28991,46.20166],[21.28918,46.2017],[21.28873,46.2017],[21.28811,46.20158],[21.28807,46.20157],[21.28751,46.20146],[21.28747,46.20146],[21.28737,46.20146],[21.2873,46.20143],[21.28663,46.20141],[21.28597,46.20136],[21.28583,46.20134],[21.2857,46.20129],[21.28554,46.20128],[21.28458,46.20118],[21.28442,46.20117],[21.28372,46.20117],[21.28372,46.20117],[21.28129,46.2012],[21.28017,46.2012],[21.27721,46.20121],[21.27648,46.20122],[21.27641,46.20122],[21.27432,46.20121],[21.2716,46.2012],[21.27108,46.20122],[21.2687,46.20137],[21.2685,46.20139],[21.2685,46.20139],[21.26053,46.20199],[21.26054,46.20204],[21.26054,46.20204],[21.25661,46.20236],[21.25625,46.20251],[21.25609,46.20269],[21.25557,46.20375],[21.25541,46.20405],[21.25544,46.20422],[21.25559,46.20437],[21.25573,46.20442],[21.25629,46.20451],[21.25651,46.20456],[21.25665,46.20469],[21.25668,46.20479],[21.25661,46.20498],[21.25643,46.20511],[21.25623,46.20513],[21.25546,46.20504]]},"properties":{"line":"1b","dir":"0","mode":"tram"}},{"type":"Feature","geometry":{"type":"LineString","coordinates":[[21.25546,46.20504],[21.25517,46.20486],[21.25511,46.20474],[21.2556,46.20366],[21.25613,46.20263],[21.25629,46.20248],[21.25651,46.20239],[21.25668,46.20235],[21.25888,46.20218],[21.26093,46.20207],[21.26091,46.20196],[21.26884,46.20136],[21.26885,46.20136],[21.27108,46.20122],[21.2716,46.2012],[21.27432,46.20121],[21.27622,46.20122],[21.27622,46.20122],[21.27721,46.20121],[21.28017,46.2012],[21.28251,46.20119],[21.28414,46.20117],[21.28416,46.20126],[21.28407,46.20127],[21.28407,46.20127],[21.28476,46.20127],[21.28818,46.20162],[21.28818,46.20162],[21.28898,46.2017],[21.28997,46.20166],[21.2906,46.20151],[21.29092,46.20136],[21.29212,46.20099],[21.29212,46.20099],[21.29233,46.20094],[21.29257,46.20096],[21.2927,46.20106],[21.29282,46.2013],[21.29295,46.2019],[21.29312,46.20262],[21.29328,46.20351],[21.29276,46.20357],[21.29258,46.2035],[21.29259,46.20349],[21.29175,46.20284]]},"properties":{"line":"1b","dir":"1","mode":"tram"}},{"type":"Feature","geometry":{"type":"LineString","coordinates":[[21.33412,46.14465],[21.33399,46.14448],[21.33376,46.14432],[21.33354,46.14425],[21.33334,46.14422],[21.33295,46.14422],[21.33264,46.14423],[21.33211,46.1443],[21.32627,46.14537],[21.32627,46.14537],[21.32196,46.14615],[21.32195,46.14615],[21.3218,46.14619],[21.32178,46.1462],[21.32146,46.14626],[21.32141,46.14629],[21.32137,46.14661],[21.32137,46.14762],[21.32143,46.14841],[21.32169,46.15035],[21.32193,46.15224],[21.32194,46.15295],[21.32194,46.15296],[21.32196,46.15386],[21.32192,46.15462],[21.32186,46.15592],[21.32186,46.1564],[21.32185,46.15692],[21.32179,46.15692],[21.32179,46.15692],[21.32175,46.15715],[21.32175,46.15787],[21.32175,46.15846],[21.32172,46.15898],[21.32174,46.15937],[21.32202,46.15988],[21.32243,46.16061],[21.32287,46.16134],[21.32313,46.16177],[21.32321,46.16197],[21.32323,46.16217],[21.32316,46.16236],[21.32316,46.16236],[21.3231,46.16272],[21.32298,46.16311],[21.32285,46.16349],[21.32265,46.16403],[21.3222,46.16505],[21.32173,46.16594],[21.32165,46.16617],[21.32165,46.16617],[21.32168,46.16618],[21.32115,46.16705],[21.32097,46.16742],[21.32091,46.1675],[21.32082,46.16756],[21.3207,46.1676],[21.32058,46.16762],[21.32045,46.16761],[21.32039,46.1676],[21.31996,46.16768],[21.31992,46.16769],[21.31982,46.16773],[21.31967,46.16781],[21.31937,46.16793],[21.31937,46.16793],[21.31877,46.16817],[21.31838,46.16837],[21.31805,46.16857],[21.31777,46.16878],[21.31743,46.16907],[21.31718,46.16933],[21.31693,46.16968],[21.31657,46.17033],[21.31633,46.1708],[21.31602,46.17153],[21.31607,46.17177],[21.31624,46.17219],[21.31645,46.17264],[21.31645,46.17266],[21.31644,46.17266],[21.31677,46.17331],[21.31697,46.17361],[21.31762,46.17448],[21.31806,46.17506],[21.31823,46.17539],[21.31831,46.17554],[21.31891,46.17636],[21.31878,46.1764],[21.31878,46.1764],[21.32007,46.17823],[21.32007,46.17823],[21.32193,46.18065],[21.32193,46.18065],[21.32437,46.1838],[21.32463,46.18437],[21.32511,46.18568],[21.32511,46.18568],[21.32508,46.18586],[21.32519,46.18613],[21.32528,46.18636],[21.32539,46.18661],[21.32549,46.18686],[21.3256,46.18711],[21.32564,46.18725],[21.32565,46.1874],[21.32563,46.1876],[21.32556,46.18778],[21.32545,46.18796],[21.3253,46.18814],[21.32516,46.1883],[21.32496,46.18852],[21.32469,46.18871],[21.32442,46.18888],[21.32454,46.189],[21.32413,46.18919],[21.32389,46.18923],[21.32324,46.18931],[21.32195,46.18954],[21.32032,46.18987],[21.3193,46.19007],[21.3193,46.19007],[21.31394,46.19115],[21.31266,46.1914],[21.31087,46.19178],[21.30878,46.19222],[21.30803,46.19235],[21.30772,46.19241],[21.30746,46.19249],[21.30668,46.19279],[21.30501,46.19348],[21.30481,46.19356],[21.30393,46.19395],[21.30226,46.19467],[21.30162,46.19495],[21.30089,46.19521],[21.30089,46.19521],[21.2999,46.19562],[21.29955,46.19581],[21.29924,46.19603],[21.29846,46.19672],[21.29735,46.19769],[21.2966,46.1984],[21.2961,46.19878],[21.29568,46.19907],[21.29417,46.2],[21.29417,46.2],[21.29294,46.20074],[21.29285,46.20124],[21.29298,46.2021],[21.29327,46.2034],[21.29301,46.20354],[21.29261,46.20349],[21.29168,46.20273]]},"properties":{"line":"3","dir":"0","mode":"tram"}},{"type":"Feature","geometry":{"type":"LineString","coordinates":[[21.29163,46.20274],[21.2916,46.20276],[21.29129,46.20252],[21.29115,46.2024],[21.29108,46.20232],[21.29099,46.20207],[21.29088,46.20174],[21.29086,46.20165],[21.29087,46.20157],[21.2909,46.20149],[21.29097,46.2014],[21.29122,46.20128],[21.29207,46.20094],[21.29226,46.20085],[21.29299,46.20042],[21.29426,46.19965],[21.29542,46.19898],[21.2955,46.19893],[21.29586,46.1987],[21.29637,46.19832],[21.29776,46.19709],[21.29945,46.19561],[21.30027,46.19524],[21.30146,46.19478],[21.30197,46.19456],[21.30197,46.19456],[21.30553,46.19308],[21.30598,46.19287],[21.30629,46.1927],[21.30707,46.19218],[21.30738,46.192],[21.30756,46.19192],[21.30772,46.19189],[21.3088,46.19182],[21.30913,46.19178],[21.30914,46.19178],[21.31012,46.1917],[21.31278,46.19121],[21.31864,46.19006],[21.31865,46.19006],[21.31865,46.19006],[21.32194,46.18943],[21.3228,46.18926],[21.32361,46.18908],[21.32391,46.18898],[21.32414,46.18886],[21.32473,46.18852],[21.32503,46.18832],[21.32527,46.18806],[21.32542,46.18788],[21.32554,46.18765],[21.32557,46.18746],[21.32557,46.18734],[21.32555,46.18723],[21.32542,46.18684],[21.32517,46.18622],[21.32491,46.18563],[21.32477,46.18521],[21.32457,46.18457],[21.32437,46.18412],[21.32419,46.1838],[21.32363,46.18309],[21.32357,46.18308],[21.32352,46.18306],[21.3234,46.18299],[21.32333,46.1829],[21.32332,46.18277],[21.32306,46.18255],[21.32259,46.18208],[21.32259,46.18208],[21.32011,46.17871],[21.32009,46.17868],[21.31771,46.17532],[21.31771,46.17532],[21.31666,46.17373],[21.31582,46.17225],[21.31583,46.17221],[21.31594,46.17151],[21.31638,46.17052],[21.31672,46.16988],[21.31699,46.16948],[21.31752,46.16889],[21.31829,46.16835],[21.31883,46.16809],[21.31973,46.16772],[21.32006,46.16744],[21.32007,46.16743],[21.3201,46.16733],[21.3201,46.16731],[21.3201,46.16725],[21.32014,46.16716],[21.32022,46.16708],[21.32033,46.16701],[21.32054,46.16696],[21.32065,46.16697],[21.32075,46.167],[21.32099,46.16697],[21.32104,46.16694],[21.3217,46.16582],[21.32175,46.16583],[21.32175,46.16583],[21.32195,46.16556],[21.32221,46.16503],[21.32248,46.16442],[21.32271,46.16385],[21.32286,46.16349],[21.32297,46.16313],[21.32311,46.16268],[21.32323,46.16215],[21.32322,46.162],[21.32322,46.162],[21.32319,46.16188],[21.32305,46.16163],[21.32288,46.16136],[21.3227,46.16107],[21.32252,46.16077],[21.32236,46.16049],[21.3222,46.16022],[21.32204,46.15993],[21.32188,46.15961],[21.32175,46.15938],[21.32172,46.15909],[21.32175,46.15793],[21.32176,46.15642],[21.32176,46.15605],[21.32174,46.15569],[21.32174,46.15569],[21.32166,46.15569],[21.32174,46.15461],[21.32176,46.15412],[21.32174,46.15225],[21.32169,46.15174],[21.32169,46.15174],[21.32156,46.15036],[21.32134,46.14841],[21.32129,46.14804],[21.32122,46.14724],[21.32121,46.1466],[21.32121,46.14626],[21.32119,46.14624],[21.32117,46.14619],[21.32118,46.14614],[21.32122,46.1461],[21.32128,46.14608],[21.32134,46.14607],[21.32142,46.14608],[21.32149,46.14614],[21.3218,46.14616],[21.32182,46.14617],[21.32224,46.1461],[21.32225,46.1461],[21.32672,46.14529],[21.32672,46.14529],[21.33211,46.1443],[21.33264,46.14423],[21.33295,46.14422],[21.33334,46.14422],[21.33354,46.14425],[21.33376,46.14432],[21.33399,46.14448],[21.33418,46.14473],[21.33432,46.14499]]},"properties":{"line":"3","dir":"1","mode":"tram"}},{"type":"Feature","geometry":{"type":"LineString","coordinates":[[21.27807,46.20949],[21.28013,46.20555],[21.2802,46.20544],[21.2802,46.20544],[21.28176,46.20296],[21.2818,46.20297],[21.28203,46.20253],[21.28229,46.20201],[21.2825,46.20175],[21.28275,46.20151],[21.28297,46.20134],[21.28325,46.20128],[21.28372,46.20133],[21.28411,46.20131],[21.28433,46.20127],[21.28475,46.20127],[21.28818,46.20162],[21.28818,46.20162],[21.28874,46.2017],[21.28962,46.20167],[21.29074,46.2015],[21.29212,46.20099],[21.29212,46.20099],[21.29205,46.20094],[21.29226,46.20085],[21.29299,46.20042],[21.29426,46.19965],[21.29542,46.19898],[21.2955,46.19893],[21.29552,46.19895],[21.30199,46.19458],[21.30199,46.19458],[21.30197,46.19456],[21.30799,46.19214],[21.30908,46.1918],[21.30913,46.19178],[21.30996,46.1918],[21.31864,46.19006],[21.31865,46.19006],[21.31865,46.19006],[21.32194,46.18943],[21.3228,46.18926],[21.32361,46.18908],[21.32391,46.18898],[21.32414,46.18886],[21.32473,46.18852],[21.32503,46.18832],[21.32527,46.18806],[21.32542,46.18788],[21.32554,46.18765],[21.32557,46.18746],[21.32557,46.18734],[21.32555,46.18723],[21.32542,46.18684],[21.32517,46.18622],[21.32491,46.18563],[21.32477,46.18521],[21.32457,46.18457],[21.32437,46.18412],[21.32419,46.1838],[21.32363,46.18309],[21.32357,46.18308],[21.32352,46.18306],[21.3234,46.18299],[21.32333,46.1829],[21.32332,46.18277],[21.32306,46.18255],[21.32259,46.18208],[21.32259,46.18208],[21.32011,46.17871],[21.32009,46.17868],[21.31771,46.17532],[21.31771,46.17532],[21.31666,46.17373],[21.31582,46.17225],[21.31583,46.17221],[21.31597,46.17147],[21.31627,46.17078],[21.31655,46.17021],[21.31688,46.16962],[21.31711,46.16936],[21.31758,46.16886],[21.31826,46.16837],[21.31872,46.16813],[21.31968,46.16773],[21.32006,46.16744]]},"properties":{"line":"6","dir":"0","mode":"tram"}},{"type":"Feature","geometry":{"type":"LineString","coordinates":[[21.31979,46.16798],[21.31937,46.16793],[21.31877,46.16817],[21.31838,46.16837],[21.31805,46.16857],[21.31777,46.16878],[21.31743,46.16907],[21.31718,46.16933],[21.31693,46.16968],[21.31657,46.17033],[21.31633,46.1708],[21.31602,46.17153],[21.31607,46.17177],[21.31624,46.17219],[21.31645,46.17264],[21.31645,46.17266],[21.31644,46.17266],[21.31677,46.17331],[21.31697,46.17361],[21.31762,46.17448],[21.31806,46.17506],[21.31823,46.17539],[21.31831,46.17554],[21.31891,46.17636],[21.31878,46.1764],[21.31878,46.1764],[21.32007,46.17823],[21.32007,46.17823],[21.32193,46.18065],[21.32193,46.18065],[21.32437,46.1838],[21.32447,46.18403],[21.32475,46.18466],[21.32496,46.18542],[21.32511,46.18568],[21.32511,46.18568],[21.32508,46.18585],[21.32519,46.18613],[21.32528,46.18636],[21.32538,46.1866],[21.3255,46.18688],[21.32561,46.18716],[21.32565,46.18734],[21.32564,46.18754],[21.32557,46.18777],[21.32545,46.18796],[21.32528,46.18816],[21.32501,46.18847],[21.32477,46.18866],[21.32442,46.18888],[21.32454,46.189],[21.32413,46.18919],[21.32389,46.18923],[21.32324,46.18931],[21.32195,46.18954],[21.32032,46.18987],[21.3193,46.19007],[21.3193,46.19007],[21.31394,46.19115],[21.31266,46.1914],[21.31087,46.19178],[21.30878,46.19222],[21.30803,46.19235],[21.30772,46.19241],[21.30746,46.19249],[21.30668,46.19279],[21.30501,46.19348],[21.30481,46.19356],[21.30393,46.19395],[21.30226,46.19467],[21.30162,46.19495],[21.30089,46.19521],[21.30089,46.19521],[21.2999,46.19562],[21.29955,46.19581],[21.29924,46.19603],[21.29846,46.19672],[21.29735,46.19769],[21.2966,46.1984],[21.2961,46.19878],[21.29568,46.19907],[21.29417,46.2],[21.29417,46.2],[21.29282,46.2008],[21.29246,46.20097],[21.29195,46.20116],[21.29194,46.20116],[21.29135,46.20134],[21.29065,46.20148],[21.29001,46.20159],[21.28922,46.20163],[21.28856,46.20161],[21.2881,46.20158],[21.28782,46.20153],[21.28751,46.20146],[21.28747,46.20146],[21.28737,46.20146],[21.2873,46.20143],[21.28663,46.20141],[21.28597,46.20136],[21.28583,46.20134],[21.2857,46.20129],[21.28554,46.20128],[21.28458,46.20118],[21.28442,46.20117],[21.28414,46.20117],[21.28416,46.20126],[21.28415,46.2013],[21.28407,46.2013],[21.28347,46.20129],[21.28265,46.20144],[21.28176,46.20296],[21.28176,46.20296],[21.2802,46.20544],[21.28015,46.20542],[21.28015,46.20542],[21.2777,46.21018]]},"properties":{"line":"6","dir":"1","mode":"tram"}},{"type":"Feature","geometry":{"type":"LineString","coordinates":[[21.29176,46.20282],[21.29115,46.20246],[21.29083,46.20161],[21.29093,46.20142],[21.29212,46.20099],[21.29212,46.20099],[21.29544,46.199],[21.29552,46.19895],[21.29602,46.19869],[21.29713,46.19774],[21.29829,46.19672],[21.29925,46.19584],[21.29962,46.19561],[21.30172,46.19474],[21.30199,46.19458],[21.30199,46.19458],[21.30433,46.19364],[21.30564,46.1931],[21.30671,46.19263],[21.30783,46.1922],[21.30917,46.19194],[21.31865,46.19007],[21.31865,46.19007],[21.3204,46.18976],[21.32283,46.1893],[21.32395,46.18907],[21.32483,46.18859],[21.32483,46.18859],[21.32524,46.18816],[21.32553,46.18786],[21.32565,46.18726],[21.32484,46.1852],[21.3245,46.18418],[21.32416,46.18363],[21.32266,46.18205],[21.32266,46.18205],[21.31991,46.17874],[21.31991,46.17874],[21.31782,46.17529],[21.31782,46.17529],[21.31594,46.17222],[21.31594,46.17222],[21.31595,46.17159],[21.31657,46.17021],[21.31696,46.16959],[21.31767,46.1688],[21.31838,46.16835],[21.31889,46.1681],[21.31989,46.16767],[21.32003,46.16742],[21.31979,46.16798]]},"properties":{"line":"7","dir":"0","mode":"tram"}},{"type":"Feature","geometry":{"type":"LineString","coordinates":[[21.31902,46.16636],[21.31902,46.16636],[21.31563,46.16683],[21.31389,46.16693],[21.31389,46.16693],[21.31389,46.16691],[21.31276,46.16697],[21.31136,46.16707],[21.31078,46.16705],[21.31078,46.16705],[21.30813,46.16697],[21.3077,46.16696],[21.30742,46.16697],[21.3063,46.16691],[21.3063,46.16691],[21.30097,46.1666],[21.30097,46.1666],[21.29993,46.16653],[21.29986,46.16651],[21.29871,46.16643],[21.29798,46.16639],[21.29723,46.16636],[21.29672,46.16636],[21.29577,46.16631],[21.29309,46.16614],[21.29053,46.16598],[21.29038,46.166],[21.29031,46.16604],[21.29028,46.16613],[21.29027,46.16621],[21.29039,46.16647],[21.29046,46.16662],[21.29046,46.16662],[21.29162,46.16893],[21.29164,46.16897],[21.29165,46.16899],[21.29254,46.17074],[21.29269,46.17105],[21.29269,46.17105],[21.2933,46.17221],[21.29376,46.17313],[21.29388,46.17354],[21.29388,46.17356],[21.29389,46.1736],[21.29391,46.17382],[21.29395,46.1741],[21.29402,46.17434],[21.29414,46.17464],[21.29439,46.17518],[21.29456,46.17555],[21.29456,46.17555],[21.29572,46.1779],[21.29614,46.17882],[21.29643,46.17941],[21.29675,46.18003],[21.29682,46.18016],[21.2967,46.18019],[21.29682,46.18016],[21.29687,46.18029],[21.2972,46.18103],[21.2977,46.18199],[21.29785,46.18231],[21.29793,46.18257],[21.29802,46.18273],[21.29809,46.18279],[21.29883,46.18326],[21.29899,46.18337],[21.29911,46.18348],[21.29981,46.1844],[21.30012,46.18481],[21.30012,46.18482],[21.30036,46.18506],[21.30111,46.18606],[21.30147,46.18658],[21.30183,46.18707],[21.30247,46.18788],[21.30304,46.18863],[21.30304,46.18863],[21.30415,46.19002],[21.30439,46.19013],[21.30499,46.19033],[21.30587,46.19066],[21.30657,46.19097],[21.30706,46.1912],[21.30733,46.1915],[21.30766,46.19194],[21.30767,46.19218],[21.30747,46.19238],[21.30732,46.19251],[21.30726,46.19256],[21.3056,46.19323],[21.30485,46.19354],[21.30449,46.19372],[21.30261,46.1945],[21.30162,46.19495],[21.30089,46.19521],[21.30089,46.19521],[21.2999,46.19562],[21.29955,46.19581],[21.29924,46.19603],[21.29846,46.19672],[21.29735,46.19769],[21.2966,46.1984],[21.2961,46.19878],[21.29568,46.19907],[21.29417,46.2],[21.29417,46.2],[21.29311,46.20054],[21.29278,46.20099],[21.29327,46.20343],[21.29295,46.2036],[21.29261,46.20349],[21.29168,46.20273]]},"properties":{"line":"7","dir":"1","mode":"tram"}},{"type":"Feature","geometry":{"type":"LineString","coordinates":[[21.34241,46.20279],[21.34251,46.20274],[21.34119,46.20156],[21.34038,46.20083],[21.33983,46.20035],[21.33928,46.19984],[21.33886,46.19948],[21.33622,46.19707],[21.33414,46.19516],[21.33411,46.19513],[21.33159,46.19283],[21.33117,46.19246],[21.33075,46.19205],[21.33061,46.1919],[21.3303,46.19148],[21.3303,46.19148],[21.32968,46.19058],[21.32925,46.18976],[21.32786,46.18718],[21.32708,46.18563],[21.327,46.18547],[21.32694,46.18541],[21.32668,46.18516],[21.32647,46.18506],[21.3259,46.18498],[21.3256,46.18494],[21.32528,46.18536],[21.32519,46.18554],[21.32518,46.18568],[21.32519,46.18586],[21.32575,46.1872],[21.3258,46.18741],[21.32578,46.18759],[21.3257,46.18799],[21.32565,46.18819],[21.32552,46.18837],[21.32536,46.18855],[21.32524,46.18863],[21.32454,46.189],[21.32453,46.189],[21.32413,46.18919],[21.32389,46.18923],[21.32324,46.18931],[21.32195,46.18954],[21.32032,46.18987],[21.3193,46.19007],[21.3193,46.19007],[21.31394,46.19115],[21.31266,46.1914],[21.31087,46.19178],[21.30878,46.19222],[21.30803,46.19235],[21.30772,46.19241],[21.30746,46.19249],[21.30668,46.19279],[21.30501,46.19348],[21.30481,46.19356],[21.30393,46.19395],[21.30226,46.19467],[21.30162,46.19495],[21.30089,46.19521],[21.30089,46.19521],[21.2999,46.19562],[21.29955,46.19581],[21.29924,46.19603],[21.29846,46.19672],[21.29735,46.19769],[21.2966,46.1984],[21.2961,46.19878],[21.29568,46.19907],[21.29417,46.2],[21.29417,46.2],[21.29298,46.20062],[21.29281,46.2013],[21.29328,46.20337],[21.29306,46.20359],[21.29261,46.20349],[21.29168,46.20273]]},"properties":{"line":"15","dir":"0","mode":"tram"}},{"type":"Feature","geometry":{"type":"LineString","coordinates":[[21.29164,46.20275],[21.2916,46.20277],[21.29113,46.2024],[21.29106,46.20227],[21.29088,46.20174],[21.29086,46.2016],[21.2909,46.20149],[21.29101,46.20138],[21.29123,46.20128],[21.29207,46.20094],[21.29226,46.20085],[21.29299,46.20042],[21.29426,46.19965],[21.29542,46.19898],[21.2955,46.19893],[21.29586,46.1987],[21.29637,46.19832],[21.29776,46.19709],[21.29945,46.19561],[21.30027,46.19524],[21.30146,46.19478],[21.30197,46.19456],[21.30197,46.19456],[21.30553,46.19308],[21.30598,46.19287],[21.30629,46.1927],[21.30707,46.19218],[21.30738,46.192],[21.30756,46.19192],[21.30772,46.19189],[21.3088,46.19182],[21.30913,46.19178],[21.30914,46.19178],[21.31012,46.1917],[21.31278,46.19121],[21.31864,46.19006],[21.31865,46.19006],[21.32194,46.18943],[21.3228,46.18926],[21.32361,46.18908],[21.32391,46.18898],[21.32414,46.18886],[21.32473,46.18852],[21.32503,46.18832],[21.32527,46.18806],[21.32542,46.18788],[21.32554,46.18765],[21.32557,46.18746],[21.32557,46.18734],[21.32555,46.18723],[21.32542,46.18684],[21.32517,46.18622],[21.32491,46.18563],[21.32477,46.18521],[21.32484,46.1852],[21.32484,46.1852],[21.32511,46.18494],[21.32538,46.18486],[21.32586,46.18492],[21.32642,46.18501],[21.32662,46.18507],[21.32684,46.18522],[21.32706,46.18557],[21.32735,46.18617],[21.32769,46.18682],[21.32833,46.18804],[21.3289,46.1891],[21.32925,46.18978],[21.32951,46.19027],[21.32978,46.19078],[21.33004,46.19125],[21.33038,46.19175],[21.33038,46.19175],[21.33047,46.19172],[21.33067,46.19197],[21.33117,46.19246],[21.33223,46.19342],[21.33423,46.19524],[21.33423,46.19524],[21.33622,46.19707],[21.33894,46.19955],[21.33903,46.19962],[21.33903,46.19962],[21.33983,46.20035],[21.34038,46.20083],[21.34119,46.20156],[21.34287,46.20306]]},"properties":{"line":"15","dir":"1","mode":"tram"}},{"type":"Feature","geometry":{"type":"LineString","coordinates":[[21.34241,46.20279],[21.34251,46.20274],[21.34119,46.20156],[21.34038,46.20083],[21.33983,46.20035],[21.33928,46.19984],[21.33886,46.19948],[21.33622,46.19707],[21.33414,46.19516],[21.33411,46.19513],[21.33185,46.19308],[21.33117,46.19246],[21.33067,46.19197],[21.33042,46.19164],[21.3303,46.19148],[21.3303,46.19148],[21.32968,46.19058],[21.32925,46.18976],[21.32786,46.18718],[21.32708,46.18563],[21.327,46.18547],[21.32694,46.18541],[21.32668,46.18516],[21.32647,46.18506],[21.32532,46.1849],[21.32509,46.18486],[21.32485,46.18478],[21.32475,46.18473],[21.32457,46.18457],[21.32437,46.18412],[21.32419,46.1838],[21.32363,46.18309],[21.3236,46.18309],[21.32355,46.18307],[21.32346,46.18303],[21.32336,46.18294],[21.32332,46.18286],[21.32332,46.1828],[21.32332,46.18277],[21.32306,46.18255],[21.32259,46.18208],[21.32259,46.18208],[21.32011,46.17871],[21.32009,46.17868],[21.31771,46.17532],[21.31771,46.17532],[21.31666,46.17373],[21.31582,46.17225],[21.31583,46.17221],[21.31595,46.17151],[21.31644,46.1704],[21.31688,46.16963],[21.31731,46.16912],[21.31778,46.16869],[21.31824,46.16839],[21.31867,46.16814],[21.31919,46.16795],[21.31965,46.16776],[21.32006,46.16744]]},"properties":{"line":"16","dir":"0","mode":"tram"}},{"type":"Feature","geometry":{"type":"LineString","coordinates":[[21.31979,46.16798],[21.31937,46.16793],[21.31877,46.16817],[21.31838,46.16837],[21.31805,46.16857],[21.31777,46.16878],[21.31743,46.16907],[21.31718,46.16933],[21.31693,46.16968],[21.31657,46.17033],[21.31633,46.1708],[21.31602,46.17153],[21.31607,46.17177],[21.31624,46.17219],[21.31645,46.17264],[21.31645,46.17266],[21.31644,46.17266],[21.31677,46.17331],[21.31697,46.17361],[21.31762,46.17448],[21.31806,46.17506],[21.31823,46.17539],[21.31831,46.17554],[21.31891,46.17636],[21.31878,46.1764],[21.31878,46.1764],[21.32007,46.17823],[21.32007,46.17823],[21.32193,46.18065],[21.32193,46.18065],[21.32437,46.1838],[21.32443,46.18397],[21.32463,46.18439],[21.32473,46.1846],[21.32487,46.18473],[21.32516,46.18481],[21.32577,46.1849],[21.32623,46.18497],[21.32657,46.18505],[21.3267,46.18512],[21.32693,46.18534],[21.32764,46.18672],[21.32802,46.18747],[21.32873,46.18878],[21.32935,46.18996],[21.32976,46.19075],[21.33038,46.19175],[21.33038,46.19175],[21.33413,46.19529],[21.33413,46.19529],[21.33899,46.19964],[21.33899,46.19964],[21.34283,46.20308]]},"properties":{"line":"16","dir":"1","mode":"tram"}},{"type":"Feature","geometry":{"type":"LineString","coordinates":[[21.29167,46.20288],[21.29108,46.2023],[21.29087,46.20172],[21.29086,46.20151],[21.29094,46.20141],[21.29212,46.20099],[21.29212,46.20099],[21.29549,46.19903],[21.29549,46.19903],[21.2959,46.19876],[21.29622,46.19851],[21.29927,46.1958],[21.30021,46.19534],[21.30199,46.19458],[21.30199,46.19458],[21.30632,46.19281],[21.30661,46.19267],[21.30661,46.19267],[21.30738,46.19231],[21.30753,46.19217],[21.30758,46.19197],[21.30743,46.1917],[21.30708,46.19125],[21.30598,46.19074],[21.30416,46.19008],[21.304,46.1899],[21.30326,46.18898],[21.30326,46.18898],[21.30023,46.18498],[21.30023,46.18498],[21.29905,46.18345],[21.29862,46.18315],[21.29803,46.18277],[21.29793,46.18264],[21.29777,46.18217],[21.29763,46.18201],[21.29737,46.18166],[21.29669,46.18032],[21.29669,46.18032],[21.29483,46.17652],[21.29408,46.17503],[21.29379,46.17449],[21.29379,46.17449],[21.29364,46.17368],[21.29353,46.17316],[21.29332,46.17267],[21.2923,46.17065],[21.29173,46.16948],[21.29173,46.16947],[21.2901,46.16618],[21.29011,46.16606],[21.29023,46.16596],[21.29045,46.16592],[21.29121,46.16597],[21.29121,46.16597],[21.29489,46.1662],[21.29489,46.1662],[21.29576,46.16623],[21.30062,46.16651],[21.30117,46.16655],[21.30242,46.16665],[21.30242,46.16665],[21.3053,46.1668],[21.30586,46.16681],[21.30586,46.16681],[21.30762,46.16693],[21.30817,46.16694],[21.31061,46.16703],[21.31078,46.16701],[21.31088,46.16696],[21.31097,46.16682],[21.31097,46.16682],[21.31115,46.16665],[21.31134,46.16652],[21.31159,46.16647],[21.31305,46.16631],[21.31371,46.16623],[21.31438,46.16614],[21.31459,46.16608],[21.31509,46.16599],[21.31521,46.16599],[21.31538,46.16604],[21.31549,46.16604],[21.31616,46.16596],[21.31684,46.1659],[21.31717,46.16589],[21.31717,46.16589],[21.3179,46.16578],[21.31942,46.16561],[21.3196,46.16563],[21.31968,46.16573],[21.31986,46.16628],[21.32007,46.16677],[21.32017,46.16687],[21.32046,46.16699],[21.32074,46.16703],[21.32092,46.16722],[21.32089,46.16743],[21.32061,46.16755],[21.32005,46.16765],[21.3196,46.16786],[21.3194,46.16797],[21.3194,46.16797],[21.31845,46.16832],[21.31739,46.16906],[21.31633,46.17084],[21.31598,46.17158],[21.3164,46.17267],[21.3164,46.17267],[21.31878,46.1764],[21.31878,46.1764],[21.32007,46.17823],[21.32007,46.17823],[21.32172,46.18047],[21.32193,46.18065],[21.32193,46.18065],[21.32206,46.18085],[21.32379,46.18316],[21.32437,46.1838],[21.32475,46.18465],[21.32511,46.18568],[21.32511,46.18568],[21.32524,46.18616],[21.32562,46.18706],[21.32567,46.18752],[21.32554,46.18793],[21.32502,46.1885],[21.32442,46.18888],[21.32442,46.18888],[21.32383,46.18913],[21.31928,46.19002],[21.31928,46.19002],[21.31327,46.19121],[21.31007,46.19185],[21.30767,46.19232],[21.30663,46.19273],[21.30663,46.19273],[21.3018,46.19472],[21.30084,46.19514],[21.29963,46.19566],[21.29931,46.19586],[21.29874,46.19635],[21.29749,46.19746],[21.29621,46.19859],[21.29576,46.19893],[21.29499,46.19939],[21.29417,46.2],[21.29417,46.2],[21.29315,46.20053],[21.29299,46.20077],[21.29281,46.20126],[21.29286,46.20151],[21.29325,46.20328],[21.29325,46.20337],[21.29318,46.20349],[21.29304,46.20357],[21.29261,46.20349],[21.29168,46.20273]]},"properties":{"line":"18b","dir":"0","mode":"tram"}}]}