{"type":"FeatureCollection","features":[{"type":"Feature","geometry":{"type":"Point","coordinates":[21.32405,46.183042]},"properties":{"lines":"7A, 18A, 19, Ghioroc","color":"#0059a9","mode":"bus","arr":["7A","18A","19","Ghioroc"],"angle":33.2}},{"type":"Feature","geometry":{"type":"Point","coordinates":[21.324877,46.182357]},"properties":{"lines":"7A, 13, 18A, 19, Ghioroc","color":"#0059a9","mode":"bus","arr":["7A","13","18A","19","Ghioroc"],"angle":12.5,"side":-1}},{"type":"Feature","geometry":{"type":"Point","coordinates":[21.329844,46.181621]},"properties":{"lines":"7A, 13, 18A, 19, Ghioroc, Vladimirescu","color":"#0059a9","mode":"bus","arr":["7A","13","18A","19","Ghioroc","Vladimirescu"],"angle":12.2,"side":-1}},{"type":"Feature","geometry":{"type":"Point","coordinates":[21.326655,46.182087]},"properties":{"lines":"7A, 13, 18A, 19, Ghioroc, Vladimirescu","color":"#0059a9","mode":"bus","arr":["7A","13","18A","19","Ghioroc","Vladimirescu"],"angle":12.1,"extra":1,"ei":0,"side":-1}},{"type":"Feature","geometry":{"type":"Point","coordinates":[21.331987,46.181292]},"properties":{"lines":"7A, 13, 18A, 19, Ghioroc, Vladimirescu","color":"#0059a9","mode":"bus","arr":["7A","13","18A","19","Ghioroc","Vladimirescu"],"angle":12.4,"extra":1,"ei":1,"side":-1}},{"type":"Feature","geometry":{"type":"Point","coordinates":[21.337329,46.180471]},"properties":{"lines":"7A, 13, Ghioroc, Vladimirescu","color":"#0059a9","mode":"bus","arr":["7A","13","Ghioroc","Vladimirescu"],"angle":10.8}},{"type":"Feature","geometry":{"type":"Point","coordinates":[21.350403,46.178763]},"properties":{"lines":"7A, 13, Ghioroc, Vladimirescu","color":"#0059a9","mode":"bus","arr":["7A","13","Ghioroc","Vladimirescu"],"angle":17.8,"side":-1}},{"type":"Feature","geometry":{"type":"Point","coordinates":[21.341671,46.180692]},"properties":{"lines":"7A, 13, Ghioroc, Vladimirescu","color":"#0059a9","mode":"bus","arr":["7A","13","Ghioroc","Vladimirescu"],"angle":7,"extra":1,"ei":0,"side":-1}},{"type":"Feature","geometry":{"type":"Point","coordinates":[21.344287,46.180165]},"properties":{"lines":"7A, 13, Ghioroc, Vladimirescu","color":"#0059a9","mode":"bus","arr":["7A","13","Ghioroc","Vladimirescu"],"angle":18.9,"extra":1,"ei":1,"side":-1}},{"type":"Feature","geometry":{"type":"Point","coordinates":[21.346867,46.179554]},"properties":{"lines":"7A, 13, Ghioroc, Vladimirescu","color":"#0059a9","mode":"bus","arr":["7A","13","Ghioroc","Vladimirescu"],"angle":18.1,"extra":1,"ei":2,"side":-1}},{"type":"Feature","geometry":{"type":"Point","coordinates":[21.352061,46.178399]},"properties":{"lines":"7A, 13, Ghioroc, Vladimirescu","color":"#0059a9","mode":"bus","arr":["7A","13","Ghioroc","Vladimirescu"],"angle":18.1,"extra":1,"ei":3,"side":-1}},{"type":"Feature","geometry":{"type":"Point","coordinates":[21.354656,46.177817]},"properties":{"lines":"7A, 13, Ghioroc, Vladimirescu","color":"#0059a9","mode":"bus","arr":["7A","13","Ghioroc","Vladimirescu"],"angle":17.8,"extra":1,"ei":4,"side":-1}},{"type":"Feature","geometry":{"type":"Point","coordinates":[21.357259,46.177253]},"properties":{"lines":"7A, 13, Ghioroc, Vladimirescu","color":"#0059a9","mode":"bus","arr":["7A","13","Ghioroc","Vladimirescu"],"angle":17.4,"extra":1,"ei":5,"side":-1}},{"type":"Feature","geometry":{"type":"Point","coordinates":[21.35986,46.176685]},"properties":{"lines":"7A, 13, Ghioroc, Vladimirescu","color":"#0059a9","mode":"bus","arr":["7A","13","Ghioroc","Vladimirescu"],"angle":17.5,"extra":1,"ei":6,"side":-1}},{"type":"Feature","geometry":{"type":"Point","coordinates":[21.363412,46.17591]},"properties":{"lines":"13, Ghioroc, Vladimirescu","color":"#0059a9","mode":"bus","arr":["13","Ghioroc","Vladimirescu"],"angle":17.6,"side":-1}},{"type":"Feature","geometry":{"type":"Point","coordinates":[21.361746,46.176275]},"properties":{"lines":"13, Ghioroc, Vladimirescu","color":"#0059a9","mode":"bus","arr":["13","Ghioroc","Vladimirescu"],"angle":17.6,"extra":1,"ei":0,"side":-1}},{"type":"Feature","geometry":{"type":"Point","coordinates":[21.359183,46.173759]},"properties":{"lines":"7A","color":"#0059a9","mode":"bus","arr":["7A"],"angle":-73}},{"type":"Feature","geometry":{"type":"Point","coordinates":[21.360039,46.175658]},"properties":{"lines":"7A","color":"#0059a9","mode":"bus","arr":["7A"],"angle":-72.6,"extra":1,"ei":0}},{"type":"Feature","geometry":{"type":"Point","coordinates":[21.358437,46.172047]},"properties":{"lines":"7A","color":"#0059a9","mode":"bus","arr":["7A"],"angle":-73,"extra":1,"ei":1}},{"type":"Feature","geometry":{"type":"Point","coordinates":[21.361926,46.169858]},"properties":{"lines":"48","color":"#0059a9","mode":"bus","arr":["48"],"angle":17.1}},{"type":"Feature","geometry":{"type":"Point","coordinates":[21.366535,46.168284]},"properties":{"lines":"48","color":"#0059a9","mode":"bus","arr":["48"],"angle":-71,"mi":1}},{"type":"Feature","geometry":{"type":"Point","coordinates":[21.359171,46.170447]},"properties":{"lines":"48","color":"#0059a9","mode":"bus","arr":["48"],"angle":17.2,"extra":1,"ei":0}},{"type":"Feature","geometry":{"type":"Point","coordinates":[21.364381,46.169327]},"properties":{"lines":"48","color":"#0059a9","mode":"bus","arr":["48"],"angle":17.2,"extra":1,"ei":1}},{"type":"Feature","geometry":{"type":"Point","coordinates":[21.349697,46.172375]},"properties":{"lines":"18A, 48","color":"#0059a9","mode":"bus","arr":["18A","48"],"angle":5.3,"side":-1}},{"type":"Feature","geometry":{"type":"Point","coordinates":[21.354502,46.171463]},"properties":{"lines":"7A, 18A, 48","color":"#0059a9","mode":"bus","arr":["7A","18A","48"],"angle":17.6}},{"type":"Feature","geometry":{"type":"Point","coordinates":[21.356251,46.171063]},"properties":{"lines":"7A, 18A, 48","color":"#0059a9","mode":"bus","arr":["7A","18A","48"],"angle":17,"extra":1,"ei":0}},{"type":"Feature","geometry":{"type":"Point","coordinates":[21.3502,46.172442]},"properties":{"lines":"7A, 48","color":"#0059a9","mode":"bus","arr":["7A","48"],"angle":16.3}},{"type":"Feature","geometry":{"type":"Point","coordinates":[21.34853,46.174092]},"properties":{"lines":"7A, 19, 48","color":"#0059a9","mode":"bus","arr":["7A","19","48"],"angle":71.5}},{"type":"Feature","geometry":{"type":"Point","coordinates":[21.347756,46.175272]},"properties":{"lines":"7A, 19, 48","color":"#0059a9","mode":"bus","arr":["7A","19","48"],"angle":57.4,"extra":1,"ei":0}},{"type":"Feature","geometry":{"type":"Point","coordinates":[21.341398,46.178886]},"properties":{"lines":"7A, 19","color":"#0059a9","mode":"bus","arr":["7A","19"],"angle":34.9}},{"type":"Feature","geometry":{"type":"Point","coordinates":[21.346733,46.176215]},"properties":{"lines":"7A, 19","color":"#0059a9","mode":"bus","arr":["7A","19"],"angle":49.4,"extra":1,"ei":0}},{"type":"Feature","geometry":{"type":"Point","coordinates":[21.344605,46.177389]},"properties":{"lines":"7A, 19","color":"#0059a9","mode":"bus","arr":["7A","19"],"angle":33.8,"extra":1,"ei":1}},{"type":"Feature","geometry":{"type":"Point","coordinates":[21.337897,46.180628]},"properties":{"lines":"7A, 19","color":"#0059a9","mode":"bus","arr":["7A","19"],"angle":36.8,"extra":1,"ei":2}},{"type":"Feature","geometry":{"type":"Point","coordinates":[21.335308,46.181044]},"properties":{"lines":"7A, 19","color":"#0059a9","mode":"bus","arr":["7A","19"],"angle":-2.3,"extra":1,"ei":3}},{"type":"Feature","geometry":{"type":"Point","coordinates":[21.337339,46.180594]},"properties":{"lines":"18A, Ghioroc, Vladimirescu","color":"#0059a9","mode":"bus","arr":["18A","Ghioroc","Vladimirescu"],"angle":11.8}},{"type":"Feature","geometry":{"type":"Point","coordinates":[21.329728,46.181759]},"properties":{"lines":"7A, 18A, 19, Ghioroc, Vladimirescu","color":"#0059a9","mode":"bus","arr":["7A","18A","19","Ghioroc","Vladimirescu"],"angle":12.3}},{"type":"Feature","geometry":{"type":"Point","coordinates":[21.33306,46.181258]},"properties":{"lines":"7A, 18A, 19, Ghioroc, Vladimirescu","color":"#0059a9","mode":"bus","arr":["7A","18A","19","Ghioroc","Vladimirescu"],"angle":12.2,"extra":1,"ei":0}},{"type":"Feature","geometry":{"type":"Point","coordinates":[21.327726,46.182047]},"properties":{"lines":"7A, 18A, 19, Ghioroc, Vladimirescu","color":"#0059a9","mode":"bus","arr":["7A","18A","19","Ghioroc","Vladimirescu"],"angle":11.7,"extra":1,"ei":1}},{"type":"Feature","geometry":{"type":"Point","coordinates":[21.325077,46.182482]},"properties":{"lines":"7A, 18A, 19, Ghioroc, Vladimirescu","color":"#0059a9","mode":"bus","arr":["7A","18A","19","Ghioroc","Vladimirescu"],"angle":21.3,"extra":1,"ei":2}},{"type":"Feature","geometry":{"type":"Point","coordinates":[21.323517,46.182603]},"properties":{"lines":"7A, 18A, 19, 21, 31, 39b, 52, 54, Ghioroc","color":"#0059a9","mode":"bus","arr":["7A","18A","19","21","31","39b","52","54","Ghioroc"],"angle":40.7}},{"type":"Feature","geometry":{"type":"Point","coordinates":[21.370861,46.177945]},"properties":{"lines":"13","color":"#0059a9","mode":"bus","arr":["13"],"angle":-38.5}},{"type":"Feature","geometry":{"type":"Point","coordinates":[21.367371,46.175992]},"properties":{"lines":"13","color":"#0059a9","mode":"bus","arr":["13"],"angle":-39.9,"extra":1,"ei":0}},{"type":"Feature","geometry":{"type":"Point","coordinates":[21.369484,46.177186]},"properties":{"lines":"13","color":"#0059a9","mode":"bus","arr":["13"],"angle":-38.4,"extra":1,"ei":1}},{"type":"Feature","geometry":{"type":"Point","coordinates":[21.373679,46.179551]},"properties":{"lines":"13","color":"#0059a9","mode":"bus","arr":["13"],"angle":-39.8,"extra":1,"ei":2}},{"type":"Feature","geometry":{"type":"Point","coordinates":[21.440571,46.201431]},"properties":{"lines":"13","color":"#0059a9","mode":"bus","arr":["13"],"angle":-13.9}},{"type":"Feature","geometry":{"type":"Point","coordinates":[21.384213,46.185114]},"properties":{"lines":"13","color":"#0059a9","mode":"bus","arr":["13"],"angle":-35.1}},{"type":"Feature","geometry":{"type":"Point","coordinates":[21.376633,46.181198]},"properties":{"lines":"13","color":"#0059a9","mode":"bus","arr":["13"],"angle":-38.9,"extra":1,"ei":0}},{"type":"Feature","geometry":{"type":"Point","coordinates":[21.378747,46.182391]},"properties":{"lines":"13","color":"#0059a9","mode":"bus","arr":["13"],"angle":-38.6,"extra":1,"ei":1}},{"type":"Feature","geometry":{"type":"Point","coordinates":[21.380951,46.183504]},"properties":{"lines":"13","color":"#0059a9","mode":"bus","arr":["13"],"angle":-35.7,"extra":1,"ei":2}},{"type":"Feature","geometry":{"type":"Point","coordinates":[21.387584,46.18682]},"properties":{"lines":"13","color":"#0059a9","mode":"bus","arr":["13"],"angle":-36.9,"extra":1,"ei":3}},{"type":"Feature","geometry":{"type":"Point","coordinates":[21.389753,46.187965]},"properties":{"lines":"13","color":"#0059a9","mode":"bus","arr":["13"],"angle":-37.7,"extra":1,"ei":4}},{"type":"Feature","geometry":{"type":"Point","coordinates":[21.391915,46.189117]},"properties":{"lines":"13","color":"#0059a9","mode":"bus","arr":["13"],"angle":-36.2,"extra":1,"ei":5}},{"type":"Feature","geometry":{"type":"Point","coordinates":[21.43112,46.199287]},"properties":{"lines":"13","color":"#0059a9","mode":"bus","arr":["13"],"angle":-18.7,"extra":1,"ei":0}},{"type":"Feature","geometry":{"type":"Point","coordinates":[21.433674,46.199948]},"properties":{"lines":"13","color":"#0059a9","mode":"bus","arr":["13"],"angle":-20.9,"extra":1,"ei":1}},{"type":"Feature","geometry":{"type":"Point","coordinates":[21.436244,46.20058]},"properties":{"lines":"13","color":"#0059a9","mode":"bus","arr":["13"],"angle":-18.3,"extra":1,"ei":2}},{"type":"Feature","geometry":{"type":"Point","coordinates":[21.43885,46.201134]},"properties":{"lines":"13","color":"#0059a9","mode":"bus","arr":["13"],"angle":-13.9,"extra":1,"ei":3}},{"type":"Feature","geometry":{"type":"Point","coordinates":[21.444144,46.202045]},"properties":{"lines":"13","color":"#0059a9","mode":"bus","arr":["13"],"angle":-14.1,"extra":1,"ei":4}},{"type":"Feature","geometry":{"type":"Point","coordinates":[21.446782,46.202525]},"properties":{"lines":"13","color":"#0059a9","mode":"bus","arr":["13"],"angle":-18.6,"extra":1,"ei":5}},{"type":"Feature","geometry":{"type":"Point","coordinates":[21.449184,46.203389]},"properties":{"lines":"13","color":"#0059a9","mode":"bus","arr":["13"],"angle":-39.2,"extra":1,"ei":6}},{"type":"Feature","geometry":{"type":"Point","coordinates":[21.411684,46.193711]},"properties":{"lines":"13","color":"#0059a9","mode":"bus","arr":["13"],"angle":-18}},{"type":"Feature","geometry":{"type":"Point","coordinates":[21.394222,46.189849]},"properties":{"lines":"13","color":"#0059a9","mode":"bus","arr":["13"],"angle":-18.2,"extra":1,"ei":0}},{"type":"Feature","geometry":{"type":"Point","coordinates":[21.396814,46.190438]},"properties":{"lines":"13","color":"#0059a9","mode":"bus","arr":["13"],"angle":-18.2,"extra":1,"ei":1}},{"type":"Feature","geometry":{"type":"Point","coordinates":[21.399406,46.191026]},"properties":{"lines":"13","color":"#0059a9","mode":"bus","arr":["13"],"angle":-18.2,"extra":1,"ei":2}},{"type":"Feature","geometry":{"type":"Point","coordinates":[21.402003,46.191603]},"properties":{"lines":"13","color":"#0059a9","mode":"bus","arr":["13"],"angle":-17.7,"extra":1,"ei":3}},{"type":"Feature","geometry":{"type":"Point","coordinates":[21.404602,46.192177]},"properties":{"lines":"13","color":"#0059a9","mode":"bus","arr":["13"],"angle":-17.7,"extra":1,"ei":4}},{"type":"Feature","geometry":{"type":"Point","coordinates":[21.4072,46.19275]},"properties":{"lines":"13","color":"#0059a9","mode":"bus","arr":["13"],"angle":-17.1,"extra":1,"ei":5}},{"type":"Feature","geometry":{"type":"Point","coordinates":[21.409813,46.193292]},"properties":{"lines":"13","color":"#0059a9","mode":"bus","arr":["13"],"angle":-17.2,"extra":1,"ei":6}},{"type":"Feature","geometry":{"type":"Point","coordinates":[21.414994,46.194474]},"properties":{"lines":"13","color":"#0059a9","mode":"bus","arr":["13"],"angle":-18.6,"extra":1,"ei":7}},{"type":"Feature","geometry":{"type":"Point","coordinates":[21.417559,46.195116]},"properties":{"lines":"13","color":"#0059a9","mode":"bus","arr":["13"],"angle":-22.6,"extra":1,"ei":8}},{"type":"Feature","geometry":{"type":"Point","coordinates":[21.420059,46.195871]},"properties":{"lines":"13","color":"#0059a9","mode":"bus","arr":["13"],"angle":-23.8,"extra":1,"ei":9}},{"type":"Feature","geometry":{"type":"Point","coordinates":[21.422552,46.196637]},"properties":{"lines":"13","color":"#0059a9","mode":"bus","arr":["13"],"angle":-24.4,"extra":1,"ei":10}},{"type":"Feature","geometry":{"type":"Point","coordinates":[21.425035,46.197418]},"properties":{"lines":"13","color":"#0059a9","mode":"bus","arr":["13"],"angle":-24.4,"extra":1,"ei":11}},{"type":"Feature","geometry":{"type":"Point","coordinates":[21.427518,46.1982]},"properties":{"lines":"13","color":"#0059a9","mode":"bus","arr":["13"],"angle":-24.4,"extra":1,"ei":12}},{"type":"Feature","geometry":{"type":"Point","coordinates":[21.456645,46.206764]},"properties":{"lines":"13","color":"#0059a9","mode":"bus","arr":["13"],"angle":-24}},{"type":"Feature","geometry":{"type":"Point","coordinates":[21.451926,46.204947]},"properties":{"lines":"13","color":"#0059a9","mode":"bus","arr":["13"],"angle":-40.4,"extra":1,"ei":0}},{"type":"Feature","geometry":{"type":"Point","coordinates":[21.454197,46.205976]},"properties":{"lines":"13","color":"#0059a9","mode":"bus","arr":["13"],"angle":-25.3,"extra":1,"ei":1}},{"type":"Feature","geometry":{"type":"Point","coordinates":[21.45917,46.207528]},"properties":{"lines":"13","color":"#0059a9","mode":"bus","arr":["13"],"angle":-23.3,"extra":1,"ei":2}},{"type":"Feature","geometry":{"type":"Point","coordinates":[21.46167,46.208282]},"properties":{"lines":"13","color":"#0059a9","mode":"bus","arr":["13"],"angle":-23.1,"extra":1,"ei":3}},{"type":"Feature","geometry":{"type":"Point","coordinates":[21.325236,46.183471]},"properties":{"lines":"21, 31, 39b, 52, 54","color":"#0059a9","mode":"bus","arr":["21","31","39b","52","54"],"angle":-49.3}},{"type":"Feature","geometry":{"type":"Point","coordinates":[21.341309,46.178738]},"properties":{"lines":"18A, 19","color":"#0059a9","mode":"bus","arr":["18A","19"],"angle":33.8,"side":-1}},{"type":"Feature","geometry":{"type":"Point","coordinates":[21.335591,46.180527]},"properties":{"lines":"18A, 19","color":"#0059a9","mode":"bus","arr":["18A","19"],"angle":22.5,"extra":1,"ei":0,"side":-1}},{"type":"Feature","geometry":{"type":"Point","coordinates":[21.338235,46.180077]},"properties":{"lines":"18A, 19","color":"#0059a9","mode":"bus","arr":["18A","19"],"angle":17.7,"extra":1,"ei":1,"side":-1}},{"type":"Feature","geometry":{"type":"Point","coordinates":[21.342826,46.17805]},"properties":{"lines":"18A, 19","color":"#0059a9","mode":"bus","arr":["18A","19"],"angle":33.6,"extra":1,"ei":2,"side":-1}},{"type":"Feature","geometry":{"type":"Point","coordinates":[21.345064,46.176971]},"properties":{"lines":"18A, 19","color":"#0059a9","mode":"bus","arr":["18A","19"],"angle":35.9,"extra":1,"ei":3,"side":-1}},{"type":"Feature","geometry":{"type":"Point","coordinates":[21.347063,46.175702]},"properties":{"lines":"18A, 19","color":"#0059a9","mode":"bus","arr":["18A","19"],"angle":53.4,"extra":1,"ei":4,"side":-1}},{"type":"Feature","geometry":{"type":"Point","coordinates":[21.348148,46.17392]},"properties":{"lines":"18A, 19, 48","color":"#0059a9","mode":"bus","arr":["18A","19","48"],"angle":-89.3}},{"type":"Feature","geometry":{"type":"Point","coordinates":[21.359284,46.17367]},"properties":{"lines":"18A","color":"#0059a9","mode":"bus","arr":["18A"],"angle":-73.2,"side":-1}},{"type":"Feature","geometry":{"type":"Point","coordinates":[21.358373,46.171581]},"properties":{"lines":"18A","color":"#0059a9","mode":"bus","arr":["18A"],"angle":-73.8,"extra":1,"ei":0,"side":-1}},{"type":"Feature","geometry":{"type":"Point","coordinates":[21.359974,46.175192]},"properties":{"lines":"18A","color":"#0059a9","mode":"bus","arr":["18A"],"angle":-72.6,"extra":1,"ei":1,"side":-1}},{"type":"Feature","geometry":{"type":"Point","coordinates":[21.363469,46.176037]},"properties":{"lines":"Ghioroc, Vladimirescu","color":"#0059a9","mode":"bus","arr":["Ghioroc","Vladimirescu"],"angle":17.4,"mi":8}},{"type":"Feature","geometry":{"type":"Point","coordinates":[21.369313,46.174672]},"properties":{"lines":"Ghioroc, Vladimirescu","color":"#0059a9","mode":"bus","arr":["Ghioroc","Vladimirescu"],"angle":19.1,"mi":7}},{"type":"Feature","geometry":{"type":"Point","coordinates":[21.376393,46.1732]},"properties":{"lines":"Ghioroc, Vladimirescu","color":"#0059a9","mode":"bus","arr":["Ghioroc","Vladimirescu"],"angle":17.8,"mi":3}},{"type":"Feature","geometry":{"type":"Point","coordinates":[21.374,46.173679]},"properties":{"lines":"Ghioroc, Vladimirescu","color":"#0059a9","mode":"bus","arr":["Ghioroc","Vladimirescu"],"angle":61.5,"mi":4}},{"type":"Feature","geometry":{"type":"Point","coordinates":[21.361802,46.176399]},"properties":{"lines":"Ghioroc, Vladimirescu","color":"#0059a9","mode":"bus","arr":["Ghioroc","Vladimirescu"],"angle":17.4,"extra":1,"ei":0}},{"type":"Feature","geometry":{"type":"Point","coordinates":[21.3677,46.175029]},"properties":{"lines":"Ghioroc, Vladimirescu","color":"#0059a9","mode":"bus","arr":["Ghioroc","Vladimirescu"],"angle":17,"extra":1,"ei":0}},{"type":"Feature","geometry":{"type":"Point","coordinates":[21.350426,46.178885]},"properties":{"lines":"18A, Ghioroc, Vladimirescu","color":"#0059a9","mode":"bus","arr":["18A","Ghioroc","Vladimirescu"],"angle":18.2}},{"type":"Feature","geometry":{"type":"Point","coordinates":[21.359202,46.17697]},"properties":{"lines":"18A, Ghioroc, Vladimirescu","color":"#0059a9","mode":"bus","arr":["18A","Ghioroc","Vladimirescu"],"angle":17.7,"extra":1,"ei":0}},{"type":"Feature","geometry":{"type":"Point","coordinates":[21.356601,46.17754]},"properties":{"lines":"18A, Ghioroc, Vladimirescu","color":"#0059a9","mode":"bus","arr":["18A","Ghioroc","Vladimirescu"],"angle":17.5,"extra":1,"ei":1}},{"type":"Feature","geometry":{"type":"Point","coordinates":[21.354,46.178108]},"properties":{"lines":"18A, Ghioroc, Vladimirescu","color":"#0059a9","mode":"bus","arr":["18A","Ghioroc","Vladimirescu"],"angle":17.6,"extra":1,"ei":2}},{"type":"Feature","geometry":{"type":"Point","coordinates":[21.348802,46.179254]},"properties":{"lines":"18A, Ghioroc, Vladimirescu","color":"#0059a9","mode":"bus","arr":["18A","Ghioroc","Vladimirescu"],"angle":17.8,"extra":1,"ei":3}},{"type":"Feature","geometry":{"type":"Point","coordinates":[21.346217,46.179855]},"properties":{"lines":"18A, Ghioroc, Vladimirescu","color":"#0059a9","mode":"bus","arr":["18A","Ghioroc","Vladimirescu"],"angle":18.9,"extra":1,"ei":4}},{"type":"Feature","geometry":{"type":"Point","coordinates":[21.34363,46.180453]},"properties":{"lines":"18A, Ghioroc, Vladimirescu","color":"#0059a9","mode":"bus","arr":["18A","Ghioroc","Vladimirescu"],"angle":17,"extra":1,"ei":5}},{"type":"Feature","geometry":{"type":"Point","coordinates":[21.340972,46.180827]},"properties":{"lines":"18A, Ghioroc, Vladimirescu","color":"#0059a9","mode":"bus","arr":["18A","Ghioroc","Vladimirescu"],"angle":-1.3,"extra":1,"ei":6}},{"type":"Feature","geometry":{"type":"Point","coordinates":[21.310014,46.187107]},"properties":{"lines":"19, 46, 49b, 60","color":"#0059a9","mode":"bus","arr":["19","46","49b","60"],"angle":-83.5}},{"type":"Feature","geometry":{"type":"Point","coordinates":[21.310555,46.190743]},"properties":{"lines":"19, 46, 49b, 60","color":"#0059a9","mode":"bus","arr":["19","46","49b","60"],"angle":-88.6,"extra":1,"ei":0}},{"type":"Feature","geometry":{"type":"Point","coordinates":[21.309668,46.183316]},"properties":{"lines":"19, 46, 49b, 60","color":"#0059a9","mode":"bus","arr":["19","46","49b","60"],"angle":76.8,"extra":1,"ei":0}},{"type":"Feature","geometry":{"type":"Point","coordinates":[21.309713,46.185188]},"properties":{"lines":"19, 46, 49b, 60","color":"#0059a9","mode":"bus","arr":["19","46","49b","60"],"angle":-84,"extra":1,"ei":1}},{"type":"Feature","geometry":{"type":"Point","coordinates":[21.310305,46.188942]},"properties":{"lines":"19, 46, 49b, 60","color":"#0059a9","mode":"bus","arr":["19","46","49b","60"],"angle":-83.6,"extra":1,"ei":2}},{"type":"Feature","geometry":{"type":"Point","coordinates":[21.313498,46.183394]},"properties":{"lines":"19, 21, 54","color":"#0059a9","mode":"bus","arr":["19","21","54"],"angle":-38.9}},{"type":"Feature","geometry":{"type":"Point","coordinates":[21.31494,46.184394]},"properties":{"lines":"19, 21, 54","color":"#0059a9","mode":"bus","arr":["19","21","54"],"angle":-49.5,"extra":1,"ei":0}},{"type":"Feature","geometry":{"type":"Point","coordinates":[21.310404,46.182546]},"properties":{"lines":"19, 21, 54","color":"#0059a9","mode":"bus","arr":["19","21","54"],"angle":-14.7,"extra":1,"ei":1}},{"type":"Feature","geometry":{"type":"Point","coordinates":[21.319713,46.184262]},"properties":{"lines":"19, 21, 54","color":"#0059a9","mode":"bus","arr":["19","21","54"],"angle":28.1,"side":-1,"mi":1}},{"type":"Feature","geometry":{"type":"Point","coordinates":[21.31721,46.185133]},"properties":{"lines":"19, 21, 54","color":"#0059a9","mode":"bus","arr":["19","21","54"],"angle":16.7,"extra":1,"ei":0}},{"type":"Feature","geometry":{"type":"Point","coordinates":[21.32205,46.183394]},"properties":{"lines":"19, 21, 54","color":"#0059a9","mode":"bus","arr":["19","21","54"],"angle":27.9,"extra":1,"ei":1}},{"type":"Feature","geometry":{"type":"Point","coordinates":[21.341093,46.167092]},"properties":{"lines":"19","color":"#0059a9","mode":"bus","arr":["19"],"angle":-18.3}},{"type":"Feature","geometry":{"type":"Point","coordinates":[21.348369,46.170949]},"properties":{"lines":"19","color":"#0059a9","mode":"bus","arr":["19"],"angle":-68.5,"mi":1}},{"type":"Feature","geometry":{"type":"Point","coordinates":[21.346885,46.169633]},"properties":{"lines":"19","color":"#0059a9","mode":"bus","arr":["19"],"angle":-51.1,"extra":1,"ei":0}},{"type":"Feature","geometry":{"type":"Point","coordinates":[21.345063,46.168235]},"properties":{"lines":"19","color":"#0059a9","mode":"bus","arr":["19"],"angle":-37.5,"extra":1,"ei":1}},{"type":"Feature","geometry":{"type":"Point","coordinates":[21.337431,46.166248]},"properties":{"lines":"19","color":"#0059a9","mode":"bus","arr":["19"],"angle":-17.2,"extra":1,"ei":2}},{"type":"Feature","geometry":{"type":"Point","coordinates":[21.334746,46.165961]},"properties":{"lines":"19","color":"#0059a9","mode":"bus","arr":["19"],"angle":-0.3,"extra":1,"ei":3}},{"type":"Feature","geometry":{"type":"Point","coordinates":[21.332019,46.165985]},"properties":{"lines":"19","color":"#0059a9","mode":"bus","arr":["19"],"angle":1,"extra":1,"ei":4}},{"type":"Feature","geometry":{"type":"Point","coordinates":[21.3297,46.160917]},"properties":{"lines":"19","color":"#0059a9","mode":"bus","arr":["19"],"angle":-66,"mi":7}},{"type":"Feature","geometry":{"type":"Point","coordinates":[21.32724,46.156971]},"properties":{"lines":"19","color":"#0059a9","mode":"bus","arr":["19"],"angle":-65.8,"extra":1,"ei":0}},{"type":"Feature","geometry":{"type":"Point","coordinates":[21.328316,46.158706]},"properties":{"lines":"19","color":"#0059a9","mode":"bus","arr":["19"],"angle":-66.5,"extra":1,"ei":1}},{"type":"Feature","geometry":{"type":"Point","coordinates":[21.330502,46.162166]},"properties":{"lines":"19","color":"#0059a9","mode":"bus","arr":["19"],"angle":-66.5,"extra":1,"ei":2}},{"type":"Feature","geometry":{"type":"Point","coordinates":[21.330936,46.163957]},"properties":{"lines":"19","color":"#0059a9","mode":"bus","arr":["19"],"angle":69.9,"extra":1,"ei":3}},{"type":"Feature","geometry":{"type":"Point","coordinates":[21.33004,46.165725]},"properties":{"lines":"19","color":"#0059a9","mode":"bus","arr":["19"],"angle":-88.4,"extra":1,"ei":4,"side":-1}},{"type":"Feature","geometry":{"type":"Point","coordinates":[21.324203,46.156528]},"properties":{"lines":"19","color":"#0059a9","mode":"bus","arr":["19"],"angle":-9.4,"mi":6}},{"type":"Feature","geometry":{"type":"Point","coordinates":[21.322429,46.156406]},"properties":{"lines":"19","color":"#0059a9","mode":"bus","arr":["19"],"angle":-2.5,"extra":1,"ei":0}},{"type":"Feature","geometry":{"type":"Point","coordinates":[21.335059,46.147478]},"properties":{"lines":"19","color":"#0059a9","mode":"bus","arr":["19"],"angle":-81.6}},{"type":"Feature","geometry":{"type":"Point","coordinates":[21.339359,46.148072]},"properties":{"lines":"19","color":"#0059a9","mode":"bus","arr":["19"],"angle":63.7,"mi":1}},{"type":"Feature","geometry":{"type":"Point","coordinates":[21.339098,46.145946]},"properties":{"lines":"19","color":"#0059a9","mode":"bus","arr":["19"],"angle":-75.2,"extra":1,"ei":0}},{"type":"Feature","geometry":{"type":"Point","coordinates":[21.338151,46.149304]},"properties":{"lines":"19","color":"#0059a9","mode":"bus","arr":["19"],"angle":29.8,"extra":1,"ei":1}},{"type":"Feature","geometry":{"type":"Point","coordinates":[21.339039,46.143427]},"properties":{"lines":"19","color":"#0059a9","mode":"bus","arr":["19"],"angle":-75.6,"mi":2}},{"type":"Feature","geometry":{"type":"Point","coordinates":[21.345829,46.138864]},"properties":{"lines":"19","color":"#0059a9","mode":"bus","arr":["19"],"angle":36,"mi":5}},{"type":"Feature","geometry":{"type":"Point","coordinates":[21.351567,46.136066]},"properties":{"lines":"19","color":"#0059a9","mode":"bus","arr":["19"],"angle":35.2,"extra":1,"ei":0}},{"type":"Feature","geometry":{"type":"Point","coordinates":[21.349339,46.137155]},"properties":{"lines":"19","color":"#0059a9","mode":"bus","arr":["19"],"angle":35.2,"extra":1,"ei":1}},{"type":"Feature","geometry":{"type":"Point","coordinates":[21.342671,46.140437]},"properties":{"lines":"19","color":"#0059a9","mode":"bus","arr":["19"],"angle":29.1,"extra":1,"ei":2}},{"type":"Feature","geometry":{"type":"Point","coordinates":[21.340193,46.141226]},"properties":{"lines":"19","color":"#0059a9","mode":"bus","arr":["19"],"angle":23.9,"extra":1,"ei":3}},{"type":"Feature","geometry":{"type":"Point","coordinates":[21.352393,46.133639]},"properties":{"lines":"19","color":"#0059a9","mode":"bus","arr":["19"],"angle":-83.9,"mi":8}},{"type":"Feature","geometry":{"type":"Point","coordinates":[21.329001,46.146061]},"properties":{"lines":"19","color":"#0059a9","mode":"bus","arr":["19"],"angle":-87.7,"mi":3}},{"type":"Feature","geometry":{"type":"Point","coordinates":[21.32759,46.151655]},"properties":{"lines":"19","color":"#0059a9","mode":"bus","arr":["19"],"angle":77.2,"mi":4}},{"type":"Feature","geometry":{"type":"Point","coordinates":[21.328901,46.148143]},"properties":{"lines":"19","color":"#0059a9","mode":"bus","arr":["19"],"angle":74.7,"extra":1,"ei":0}},{"type":"Feature","geometry":{"type":"Point","coordinates":[21.328156,46.149959]},"properties":{"lines":"19","color":"#0059a9","mode":"bus","arr":["19"],"angle":76.8,"extra":1,"ei":1}},{"type":"Feature","geometry":{"type":"Point","coordinates":[21.326877,46.15363]},"properties":{"lines":"19","color":"#0059a9","mode":"bus","arr":["19"],"angle":76.1,"extra":1,"ei":2}},{"type":"Feature","geometry":{"type":"Point","coordinates":[21.326245,46.155467]},"properties":{"lines":"19","color":"#0059a9","mode":"bus","arr":["19"],"angle":76.7,"extra":1,"ei":3}},{"type":"Feature","geometry":{"type":"Point","coordinates":[21.323066,46.183155]},"properties":{"lines":"19, 54","color":"#0059a9","mode":"bus","arr":["19","54"],"angle":5.4}},{"type":"Feature","geometry":{"type":"Point","coordinates":[21.307833,46.191895]},"properties":{"lines":"46, 60","color":"#0059a9","mode":"bus","arr":["46","60"],"angle":12.2,"mi":1}},{"type":"Feature","geometry":{"type":"Point","coordinates":[21.325894,46.184399]},"properties":{"lines":"21, 39b, 54","color":"#0059a9","mode":"bus","arr":["21","39b","54"],"angle":87.7,"side":-1}},{"type":"Feature","geometry":{"type":"Point","coordinates":[21.325284,46.185377]},"properties":{"lines":"21, 39b","color":"#0059a9","mode":"bus","arr":["21","39b"],"angle":69.9}},{"type":"Feature","geometry":{"type":"Point","coordinates":[21.32211,46.186458]},"properties":{"lines":"21","color":"#0059a9","mode":"bus","arr":["21"],"angle":-73.3}},{"type":"Feature","geometry":{"type":"Point","coordinates":[21.322871,46.188282]},"properties":{"lines":"21","color":"#0059a9","mode":"bus","arr":["21"],"angle":-63.2,"extra":1,"ei":0}},{"type":"Feature","geometry":{"type":"Point","coordinates":[21.320369,46.185086]},"properties":{"lines":"21","color":"#0059a9","mode":"bus","arr":["21"],"angle":-40.1,"extra":1,"ei":1}},{"type":"Feature","geometry":{"type":"Point","coordinates":[21.309261,46.180865]},"properties":{"lines":"21, 46, 49b, 54, 60","color":"#0059a9","mode":"bus","arr":["21","46","49b","54","60"],"angle":-69.6}},{"type":"Feature","geometry":{"type":"Point","coordinates":[21.30545,46.173445]},"properties":{"lines":"41, 46, 49b, 54, 60","color":"#0059a9","mode":"bus","arr":["41","46","49b","54","60"],"angle":-70.2}},{"type":"Feature","geometry":{"type":"Point","coordinates":[21.307052,46.176583]},"properties":{"lines":"41, 46, 49b, 54, 60","color":"#0059a9","mode":"bus","arr":["41","46","49b","54","60"],"angle":-69.6,"extra":1,"ei":0}},{"type":"Feature","geometry":{"type":"Point","coordinates":[21.306143,46.174803]},"properties":{"lines":"41, 46, 49b, 54, 60","color":"#0059a9","mode":"bus","arr":["41","46","49b","54","60"],"angle":-70.8,"extra":1,"ei":1}},{"type":"Feature","geometry":{"type":"Point","coordinates":[21.304319,46.171243]},"properties":{"lines":"41, 46, 49b, 54, 60","color":"#0059a9","mode":"bus","arr":["41","46","49b","54","60"],"angle":-70.6,"extra":1,"ei":2}},{"type":"Feature","geometry":{"type":"Point","coordinates":[21.303403,46.169464]},"properties":{"lines":"41, 46, 49b, 54, 60","color":"#0059a9","mode":"bus","arr":["41","46","49b","54","60"],"angle":-70.3,"extra":1,"ei":3}},{"type":"Feature","geometry":{"type":"Point","coordinates":[21.308083,46.178552]},"properties":{"lines":"21, 41, 46, 49b, 54, 60","color":"#0059a9","mode":"bus","arr":["21","41","46","49b","54","60"],"angle":-70.5}},{"type":"Feature","geometry":{"type":"Point","coordinates":[21.302185,46.178812]},"properties":{"lines":"21","color":"#0059a9","mode":"bus","arr":["21"],"angle":19.9,"mi":1}},{"type":"Feature","geometry":{"type":"Point","coordinates":[21.306245,46.177786]},"properties":{"lines":"21","color":"#0059a9","mode":"bus","arr":["21"],"angle":19.7,"extra":1,"ei":0}},{"type":"Feature","geometry":{"type":"Point","coordinates":[21.298559,46.179731]},"properties":{"lines":"21","color":"#0059a9","mode":"bus","arr":["21"],"angle":20,"extra":1,"ei":1}},{"type":"Feature","geometry":{"type":"Point","coordinates":[21.28968,46.165047]},"properties":{"lines":"21","color":"#0059a9","mode":"bus","arr":["21"],"angle":-70.9}},{"type":"Feature","geometry":{"type":"Point","coordinates":[21.294081,46.174531]},"properties":{"lines":"21","color":"#0059a9","mode":"bus","arr":["21"],"angle":2.5,"side":-1}},{"type":"Feature","geometry":{"type":"Point","coordinates":[21.290398,46.16391]},"properties":{"lines":"21","color":"#0059a9","mode":"bus","arr":["21"],"angle":18.9,"mi":1}},{"type":"Feature","geometry":{"type":"Point","coordinates":[21.322985,46.202919]},"properties":{"lines":"31","color":"#0059a9","mode":"bus","arr":["31"],"angle":-84.1,"mi":3}},{"type":"Feature","geometry":{"type":"Point","coordinates":[21.322712,46.200192]},"properties":{"lines":"31","color":"#0059a9","mode":"bus","arr":["31"],"angle":84.9,"extra":1,"ei":0}},{"type":"Feature","geometry":{"type":"Point","coordinates":[21.323088,46.205833]},"properties":{"lines":"31","color":"#0059a9","mode":"bus","arr":["31"],"angle":85,"extra":1,"ei":1}},{"type":"Feature","geometry":{"type":"Point","coordinates":[21.324146,46.199327]},"properties":{"lines":"31","color":"#0059a9","mode":"bus","arr":["31"],"angle":-4.6,"mi":1}},{"type":"Feature","geometry":{"type":"Point","coordinates":[21.325644,46.198743]},"properties":{"lines":"31","color":"#0059a9","mode":"bus","arr":["31"],"angle":78.9,"mi":2}},{"type":"Feature","geometry":{"type":"Point","coordinates":[21.330465,46.197185]},"properties":{"lines":"31","color":"#0059a9","mode":"bus","arr":["31"],"angle":15.4,"mi":4}},{"type":"Feature","geometry":{"type":"Point","coordinates":[21.327202,46.197842]},"properties":{"lines":"31","color":"#0059a9","mode":"bus","arr":["31"],"angle":16.7,"extra":1,"ei":0}},{"type":"Feature","geometry":{"type":"Point","coordinates":[21.332236,46.196505]},"properties":{"lines":"31","color":"#0059a9","mode":"bus","arr":["31"],"angle":37,"extra":1,"ei":1}},{"type":"Feature","geometry":{"type":"Point","coordinates":[21.326194,46.184304]},"properties":{"lines":"31, 52","color":"#0059a9","mode":"bus","arr":["31","52"],"angle":-56.8,"side":-1,"mi":1}},{"type":"Feature","geometry":{"type":"Point","coordinates":[21.3251,46.184867]},"properties":{"lines":"31, 52, 54","color":"#0059a9","mode":"bus","arr":["31","52","54"],"angle":-19,"side":-1}},{"type":"Feature","geometry":{"type":"Point","coordinates":[21.327801,46.202331]},"properties":{"lines":"31","color":"#0059a9","mode":"bus","arr":["31"],"angle":-78.2}},{"type":"Feature","geometry":{"type":"Point","coordinates":[21.326749,46.198918]},"properties":{"lines":"31","color":"#0059a9","mode":"bus","arr":["31"],"angle":-78.2,"extra":1,"ei":0}},{"type":"Feature","geometry":{"type":"Point","coordinates":[21.327332,46.200763]},"properties":{"lines":"31","color":"#0059a9","mode":"bus","arr":["31"],"angle":-78.2,"extra":1,"ei":1}},{"type":"Feature","geometry":{"type":"Point","coordinates":[21.328591,46.204436]},"properties":{"lines":"31","color":"#0059a9","mode":"bus","arr":["31"],"angle":-78.7,"extra":1,"ei":2}},{"type":"Feature","geometry":{"type":"Point","coordinates":[21.329222,46.206273]},"properties":{"lines":"31","color":"#0059a9","mode":"bus","arr":["31"],"angle":-74.1,"extra":1,"ei":3}},{"type":"Feature","geometry":{"type":"Point","coordinates":[21.326183,46.206757]},"properties":{"lines":"31","color":"#0059a9","mode":"bus","arr":["31"],"angle":2.8,"mi":5}},{"type":"Feature","geometry":{"type":"Point","coordinates":[21.328002,46.206703]},"properties":{"lines":"31","color":"#0059a9","mode":"bus","arr":["31"],"angle":0.3,"extra":1,"ei":0}},{"type":"Feature","geometry":{"type":"Point","coordinates":[21.320618,46.20243]},"properties":{"lines":"39b","color":"#0059a9","mode":"bus","arr":["39b"],"angle":89.6,"mi":3}},{"type":"Feature","geometry":{"type":"Point","coordinates":[21.31936,46.19108]},"properties":{"lines":"39b","color":"#0059a9","mode":"bus","arr":["39b"],"angle":-77.9}},{"type":"Feature","geometry":{"type":"Point","coordinates":[21.320035,46.193333]},"properties":{"lines":"39b","color":"#0059a9","mode":"bus","arr":["39b"],"angle":-79.2,"extra":1,"ei":0}},{"type":"Feature","geometry":{"type":"Point","coordinates":[21.320525,46.19519]},"properties":{"lines":"39b","color":"#0059a9","mode":"bus","arr":["39b"],"angle":-85.8,"extra":1,"ei":1}},{"type":"Feature","geometry":{"type":"Point","coordinates":[21.320314,46.197067]},"properties":{"lines":"39b","color":"#0059a9","mode":"bus","arr":["39b"],"angle":85.8,"extra":1,"ei":2}},{"type":"Feature","geometry":{"type":"Point","coordinates":[21.320269,46.198937]},"properties":{"lines":"39b","color":"#0059a9","mode":"bus","arr":["39b"],"angle":77,"extra":1,"ei":3}},{"type":"Feature","geometry":{"type":"Point","coordinates":[21.320004,46.200748]},"properties":{"lines":"39b","color":"#0059a9","mode":"bus","arr":["39b"],"angle":-64.8,"extra":1,"ei":4}},{"type":"Feature","geometry":{"type":"Point","coordinates":[21.3206,46.204416]},"properties":{"lines":"39b","color":"#0059a9","mode":"bus","arr":["39b"],"angle":89.6,"extra":1,"ei":5}},{"type":"Feature","geometry":{"type":"Point","coordinates":[21.320579,46.206304]},"properties":{"lines":"39b","color":"#0059a9","mode":"bus","arr":["39b"],"angle":89.6,"extra":1,"ei":6}},{"type":"Feature","geometry":{"type":"Point","coordinates":[21.320568,46.208193]},"properties":{"lines":"39b","color":"#0059a9","mode":"bus","arr":["39b"],"angle":90,"extra":1,"ei":7}},{"type":"Feature","geometry":{"type":"Point","coordinates":[21.32057,46.210081]},"properties":{"lines":"39b","color":"#0059a9","mode":"bus","arr":["39b"],"angle":89.9,"extra":1,"ei":8}},{"type":"Feature","geometry":{"type":"Point","coordinates":[21.320553,46.21197]},"properties":{"lines":"39b","color":"#0059a9","mode":"bus","arr":["39b"],"angle":89.9,"extra":1,"ei":9}},{"type":"Feature","geometry":{"type":"Point","coordinates":[21.321003,46.209741]},"properties":{"lines":"39b","color":"#0059a9","mode":"bus","arr":["39b"],"angle":0}},{"type":"Feature","geometry":{"type":"Point","coordinates":[21.321631,46.211281]},"properties":{"lines":"39b","color":"#0059a9","mode":"bus","arr":["39b"],"angle":-85.1,"mi":1}},{"type":"Feature","geometry":{"type":"Point","coordinates":[21.321788,46.212564]},"properties":{"lines":"39b","color":"#0059a9","mode":"bus","arr":["39b"],"angle":-85.1,"extra":1,"ei":0}},{"type":"Feature","geometry":{"type":"Point","coordinates":[21.321186,46.212816]},"properties":{"lines":"39b","color":"#0059a9","mode":"bus","arr":["39b"],"angle":-0.7,"mi":2}},{"type":"Feature","geometry":{"type":"Point","coordinates":[21.319817,46.166778]},"properties":{"lines":"41, 60","color":"#0059a9","mode":"bus","arr":["41","60"],"angle":-61}},{"type":"Feature","geometry":{"type":"Point","coordinates":[21.302612,46.167992]},"properties":{"lines":"41, 49b, 60","color":"#0059a9","mode":"bus","arr":["41","49b","60"],"angle":-69.8}},{"type":"Feature","geometry":{"type":"Point","coordinates":[21.301997,46.166754]},"properties":{"lines":"41, 49b, 60","color":"#0059a9","mode":"bus","arr":["41","49b","60"],"angle":-70.6,"extra":1,"ei":0}},{"type":"Feature","geometry":{"type":"Point","coordinates":[21.303548,46.180915]},"properties":{"lines":"41","color":"#0059a9","mode":"bus","arr":["41"],"angle":20,"mi":10}},{"type":"Feature","geometry":{"type":"Point","coordinates":[21.299748,46.181891]},"properties":{"lines":"41","color":"#0059a9","mode":"bus","arr":["41"],"angle":20.2,"extra":1,"ei":0}},{"type":"Feature","geometry":{"type":"Point","coordinates":[21.307429,46.179938]},"properties":{"lines":"41","color":"#0059a9","mode":"bus","arr":["41"],"angle":19.9,"extra":1,"ei":1}},{"type":"Feature","geometry":{"type":"Point","coordinates":[21.297045,46.182028]},"properties":{"lines":"41","color":"#0059a9","mode":"bus","arr":["41"],"angle":-10.8,"mi":8}},{"type":"Feature","geometry":{"type":"Point","coordinates":[21.295885,46.182848]},"properties":{"lines":"41","color":"#0059a9","mode":"bus","arr":["41"],"angle":45.6,"mi":7}},{"type":"Feature","geometry":{"type":"Point","coordinates":[21.297037,46.18601]},"properties":{"lines":"41","color":"#0059a9","mode":"bus","arr":["41"],"angle":-66.4,"mi":4}},{"type":"Feature","geometry":{"type":"Point","coordinates":[21.296158,46.184603]},"properties":{"lines":"41","color":"#0059a9","mode":"bus","arr":["41"],"angle":-66.2,"extra":1,"ei":0}},{"type":"Feature","geometry":{"type":"Point","coordinates":[21.298323,46.18807]},"properties":{"lines":"41","color":"#0059a9","mode":"bus","arr":["41"],"angle":-67.5,"extra":1,"ei":1}},{"type":"Feature","geometry":{"type":"Point","coordinates":[21.298469,46.189237]},"properties":{"lines":"41","color":"#0059a9","mode":"bus","arr":["41"],"angle":-89.3,"mi":5}},{"type":"Feature","geometry":{"type":"Point","coordinates":[21.295348,46.189572]},"properties":{"lines":"41","color":"#0059a9","mode":"bus","arr":["41"],"angle":-17.1,"mi":2}},{"type":"Feature","geometry":{"type":"Point","coordinates":[21.29708,46.189941]},"properties":{"lines":"41","color":"#0059a9","mode":"bus","arr":["41"],"angle":-17.1,"extra":1,"ei":0}},{"type":"Feature","geometry":{"type":"Point","coordinates":[21.292116,46.189385]},"properties":{"lines":"41","color":"#0059a9","mode":"bus","arr":["41"],"angle":73.5}},{"type":"Feature","geometry":{"type":"Point","coordinates":[21.290775,46.189834]},"properties":{"lines":"41","color":"#0059a9","mode":"bus","arr":["41"],"angle":-0.9,"mi":1}},{"type":"Feature","geometry":{"type":"Point","coordinates":[21.288689,46.190975]},"properties":{"lines":"41","color":"#0059a9","mode":"bus","arr":["41"],"angle":59.9,"mi":3}},{"type":"Feature","geometry":{"type":"Point","coordinates":[21.287944,46.192641]},"properties":{"lines":"41","color":"#0059a9","mode":"bus","arr":["41"],"angle":77,"mi":6}},{"type":"Feature","geometry":{"type":"Point","coordinates":[21.281546,46.192959]},"properties":{"lines":"41","color":"#0059a9","mode":"bus","arr":["41"],"angle":1.7,"mi":9}},{"type":"Feature","geometry":{"type":"Point","coordinates":[21.286415,46.19288]},"properties":{"lines":"41","color":"#0059a9","mode":"bus","arr":["41"],"angle":1.5,"extra":1,"ei":0}},{"type":"Feature","geometry":{"type":"Point","coordinates":[21.283688,46.192919]},"properties":{"lines":"41","color":"#0059a9","mode":"bus","arr":["41"],"angle":1.6,"extra":1,"ei":1}},{"type":"Feature","geometry":{"type":"Point","coordinates":[21.278236,46.193038]},"properties":{"lines":"41","color":"#0059a9","mode":"bus","arr":["41"],"angle":1.7,"extra":1,"ei":2}},{"type":"Feature","geometry":{"type":"Point","coordinates":[21.27551,46.193098]},"properties":{"lines":"41","color":"#0059a9","mode":"bus","arr":["41"],"angle":1.9,"extra":1,"ei":3,"side":-1}},{"type":"Feature","geometry":{"type":"Point","coordinates":[21.275387,46.195005]},"properties":{"lines":"41","color":"#0059a9","mode":"bus","arr":["41"],"angle":-88.8,"mi":11}},{"type":"Feature","geometry":{"type":"Point","coordinates":[21.311408,46.166805]},"properties":{"lines":"41, 60","color":"#0059a9","mode":"bus","arr":["41","60"],"angle":-78.4,"side":-1,"mi":1}},{"type":"Feature","geometry":{"type":"Point","coordinates":[21.306741,46.170528]},"properties":{"lines":"46","color":"#0059a9","mode":"bus","arr":["46"],"angle":-29.8}},{"type":"Feature","geometry":{"type":"Point","coordinates":[21.308819,46.171368]},"properties":{"lines":"46","color":"#0059a9","mode":"bus","arr":["46"],"angle":-30.2,"extra":1,"ei":0}},{"type":"Feature","geometry":{"type":"Point","coordinates":[21.304086,46.16949]},"properties":{"lines":"46","color":"#0059a9","mode":"bus","arr":["46"],"angle":-20.6,"extra":1,"ei":1}},{"type":"Feature","geometry":{"type":"Point","coordinates":[21.307266,46.172057]},"properties":{"lines":"46","color":"#0059a9","mode":"bus","arr":["46"],"angle":-5.3,"mi":1}},{"type":"Feature","geometry":{"type":"Point","coordinates":[21.308078,46.193351]},"properties":{"lines":"46, 60","color":"#0059a9","mode":"bus","arr":["46","60"],"angle":-82.2}},{"type":"Feature","geometry":{"type":"Point","coordinates":[21.293603,46.207972]},"properties":{"lines":"46, 60","color":"#0059a9","mode":"bus","arr":["46","60"],"angle":63.3}},{"type":"Feature","geometry":{"type":"Point","coordinates":[21.301716,46.19826]},"properties":{"lines":"46, 60","color":"#0059a9","mode":"bus","arr":["46","60"],"angle":50.3,"mi":2}},{"type":"Feature","geometry":{"type":"Point","coordinates":[21.289383,46.213209]},"properties":{"lines":"46, 60","color":"#0059a9","mode":"bus","arr":["46","60"],"angle":60,"extra":1,"ei":0}},{"type":"Feature","geometry":{"type":"Point","coordinates":[21.290749,46.211575]},"properties":{"lines":"46, 60","color":"#0059a9","mode":"bus","arr":["46","60"],"angle":60.9,"extra":1,"ei":1}},{"type":"Feature","geometry":{"type":"Point","coordinates":[21.292079,46.209926]},"properties":{"lines":"46, 60","color":"#0059a9","mode":"bus","arr":["46","60"],"angle":60.9,"extra":1,"ei":2}},{"type":"Feature","geometry":{"type":"Point","coordinates":[21.293966,46.206468]},"properties":{"lines":"46, 60","color":"#0059a9","mode":"bus","arr":["46","60"],"angle":-82.5,"extra":1,"ei":3}},{"type":"Feature","geometry":{"type":"Point","coordinates":[21.293557,46.204601]},"properties":{"lines":"46, 60","color":"#0059a9","mode":"bus","arr":["46","60"],"angle":-81.2,"extra":1,"ei":4}},{"type":"Feature","geometry":{"type":"Point","coordinates":[21.295336,46.204007]},"properties":{"lines":"46, 60","color":"#0059a9","mode":"bus","arr":["46","60"],"angle":2.5,"extra":1,"ei":5}},{"type":"Feature","geometry":{"type":"Point","coordinates":[21.297939,46.202439]},"properties":{"lines":"46, 60","color":"#0059a9","mode":"bus","arr":["46","60"],"angle":59.8,"extra":1,"ei":0}},{"type":"Feature","geometry":{"type":"Point","coordinates":[21.299283,46.200796]},"properties":{"lines":"46, 60","color":"#0059a9","mode":"bus","arr":["46","60"],"angle":60.6,"extra":1,"ei":1}},{"type":"Feature","geometry":{"type":"Point","coordinates":[21.304465,46.196481]},"properties":{"lines":"46, 60","color":"#0059a9","mode":"bus","arr":["46","60"],"angle":41.4,"extra":1,"ei":2}},{"type":"Feature","geometry":{"type":"Point","coordinates":[21.3065,46.195224]},"properties":{"lines":"46, 60","color":"#0059a9","mode":"bus","arr":["46","60"],"angle":41.5,"extra":1,"ei":3}},{"type":"Feature","geometry":{"type":"Point","coordinates":[21.282936,46.218509]},"properties":{"lines":"46","color":"#0059a9","mode":"bus","arr":["46"],"angle":49.1}},{"type":"Feature","geometry":{"type":"Point","coordinates":[21.287769,46.214721]},"properties":{"lines":"46","color":"#0059a9","mode":"bus","arr":["46"],"angle":48,"extra":1,"ei":0}},{"type":"Feature","geometry":{"type":"Point","coordinates":[21.285965,46.216138]},"properties":{"lines":"46","color":"#0059a9","mode":"bus","arr":["46"],"angle":49,"extra":1,"ei":1}},{"type":"Feature","geometry":{"type":"Point","coordinates":[21.284147,46.217545]},"properties":{"lines":"46","color":"#0059a9","mode":"bus","arr":["46"],"angle":47.8,"extra":1,"ei":2}},{"type":"Feature","geometry":{"type":"Point","coordinates":[21.280543,46.220381]},"properties":{"lines":"46","color":"#0059a9","mode":"bus","arr":["46"],"angle":48.8,"extra":1,"ei":3}},{"type":"Feature","geometry":{"type":"Point","coordinates":[21.278746,46.221801]},"properties":{"lines":"46","color":"#0059a9","mode":"bus","arr":["46"],"angle":48.6,"extra":1,"ei":4}},{"type":"Feature","geometry":{"type":"Point","coordinates":[21.266888,46.22807]},"properties":{"lines":"46","color":"#0059a9","mode":"bus","arr":["46"],"angle":54.2}},{"type":"Feature","geometry":{"type":"Point","coordinates":[21.258729,46.233618]},"properties":{"lines":"46","color":"#0059a9","mode":"bus","arr":["46"],"angle":26,"extra":1,"ei":0}},{"type":"Feature","geometry":{"type":"Point","coordinates":[21.261119,46.232714]},"properties":{"lines":"46","color":"#0059a9","mode":"bus","arr":["46"],"angle":34.8,"extra":1,"ei":1}},{"type":"Feature","geometry":{"type":"Point","coordinates":[21.263197,46.231495]},"properties":{"lines":"46","color":"#0059a9","mode":"bus","arr":["46"],"angle":46.8,"extra":1,"ei":2}},{"type":"Feature","geometry":{"type":"Point","coordinates":[21.264859,46.230001]},"properties":{"lines":"46","color":"#0059a9","mode":"bus","arr":["46"],"angle":55,"extra":1,"ei":3}},{"type":"Feature","geometry":{"type":"Point","coordinates":[21.268051,46.226938]},"properties":{"lines":"46","color":"#0059a9","mode":"bus","arr":["46"],"angle":54.1,"extra":1,"ei":4}},{"type":"Feature","geometry":{"type":"Point","coordinates":[21.269829,46.225513]},"properties":{"lines":"46","color":"#0059a9","mode":"bus","arr":["46"],"angle":40.9,"extra":1,"ei":5}},{"type":"Feature","geometry":{"type":"Point","coordinates":[21.272071,46.224446]},"properties":{"lines":"46","color":"#0059a9","mode":"bus","arr":["46"],"angle":26.6,"extra":1,"ei":6}},{"type":"Feature","geometry":{"type":"Point","coordinates":[21.274631,46.223801]},"properties":{"lines":"46","color":"#0059a9","mode":"bus","arr":["46"],"angle":17.8,"extra":1,"ei":7}},{"type":"Feature","geometry":{"type":"Point","coordinates":[21.277079,46.222995]},"properties":{"lines":"46","color":"#0059a9","mode":"bus","arr":["46"],"angle":37,"extra":1,"ei":8}},{"type":"Feature","geometry":{"type":"Point","coordinates":[21.256235,46.238833]},"properties":{"lines":"46","color":"#0059a9","mode":"bus","arr":["46"],"angle":84.7,"mi":2}},{"type":"Feature","geometry":{"type":"Point","coordinates":[21.260865,46.25048]},"properties":{"lines":"46","color":"#0059a9","mode":"bus","arr":["46"],"angle":-72.6,"mi":1}},{"type":"Feature","geometry":{"type":"Point","coordinates":[21.257255,46.234954]},"properties":{"lines":"46","color":"#0059a9","mode":"bus","arr":["46"],"angle":78.5,"extra":1,"ei":0}},{"type":"Feature","geometry":{"type":"Point","coordinates":[21.256697,46.236802]},"properties":{"lines":"46","color":"#0059a9","mode":"bus","arr":["46"],"angle":77.5,"extra":1,"ei":1}},{"type":"Feature","geometry":{"type":"Point","coordinates":[21.256193,46.240546]},"properties":{"lines":"46","color":"#0059a9","mode":"bus","arr":["46"],"angle":-78.5,"extra":1,"ei":2}},{"type":"Feature","geometry":{"type":"Point","coordinates":[21.257107,46.242324]},"properties":{"lines":"46","color":"#0059a9","mode":"bus","arr":["46"],"angle":-69.4,"extra":1,"ei":3}},{"type":"Feature","geometry":{"type":"Point","coordinates":[21.260301,46.249249]},"properties":{"lines":"46","color":"#0059a9","mode":"bus","arr":["46"],"angle":-72.3,"extra":1,"ei":0}},{"type":"Feature","geometry":{"type":"Point","coordinates":[21.258731,46.245958]},"properties":{"lines":"46","color":"#0059a9","mode":"bus","arr":["46"],"angle":-72.8}},{"type":"Feature","geometry":{"type":"Point","coordinates":[21.258089,46.244444]},"properties":{"lines":"46","color":"#0059a9","mode":"bus","arr":["46"],"angle":-73.7,"extra":1,"ei":0}},{"type":"Feature","geometry":{"type":"Point","coordinates":[21.259745,46.248043]},"properties":{"lines":"46","color":"#0059a9","mode":"bus","arr":["46"],"angle":-71.2,"extra":1,"ei":1}},{"type":"Feature","geometry":{"type":"Point","coordinates":[21.351356,46.171275]},"properties":{"lines":"48","color":"#0059a9","mode":"bus","arr":["48"],"angle":-71.5,"mi":9}},{"type":"Feature","geometry":{"type":"Point","coordinates":[21.351704,46.170357]},"properties":{"lines":"48","color":"#0059a9","mode":"bus","arr":["48"],"angle":17.6,"mi":6}},{"type":"Feature","geometry":{"type":"Point","coordinates":[21.3517,46.168668]},"properties":{"lines":"48","color":"#0059a9","mode":"bus","arr":["48"],"angle":-72,"mi":8}},{"type":"Feature","geometry":{"type":"Point","coordinates":[21.351172,46.167502]},"properties":{"lines":"48","color":"#0059a9","mode":"bus","arr":["48"],"angle":-73.4,"extra":1,"ei":0}},{"type":"Feature","geometry":{"type":"Point","coordinates":[21.353415,46.166578]},"properties":{"lines":"48","color":"#0059a9","mode":"bus","arr":["48"],"angle":17.3,"mi":5}},{"type":"Feature","geometry":{"type":"Point","coordinates":[21.35687,46.168391]},"properties":{"lines":"48","color":"#0059a9","mode":"bus","arr":["48"],"angle":-72.9,"mi":2}},{"type":"Feature","geometry":{"type":"Point","coordinates":[21.357486,46.169816]},"properties":{"lines":"48","color":"#0059a9","mode":"bus","arr":["48"],"angle":-73.8,"extra":1,"ei":0}},{"type":"Feature","geometry":{"type":"Point","coordinates":[21.355878,46.166207]},"properties":{"lines":"48","color":"#0059a9","mode":"bus","arr":["48"],"angle":-72.4,"extra":1,"ei":1,"side":-1}},{"type":"Feature","geometry":{"type":"Point","coordinates":[21.370241,46.169249]},"properties":{"lines":"48","color":"#0059a9","mode":"bus","arr":["48"],"angle":-76.7,"mi":4}},{"type":"Feature","geometry":{"type":"Point","coordinates":[21.368271,46.168591]},"properties":{"lines":"48","color":"#0059a9","mode":"bus","arr":["48"],"angle":14,"extra":1,"ei":0}},{"type":"Feature","geometry":{"type":"Point","coordinates":[21.370801,46.170888]},"properties":{"lines":"48","color":"#0059a9","mode":"bus","arr":["48"],"angle":-76.7,"extra":1,"ei":1}},{"type":"Feature","geometry":{"type":"Point","coordinates":[21.371545,46.172146]},"properties":{"lines":"48","color":"#0059a9","mode":"bus","arr":["48"],"angle":16.2,"mi":7}},{"type":"Feature","geometry":{"type":"Point","coordinates":[21.368376,46.172725]},"properties":{"lines":"48","color":"#0059a9","mode":"bus","arr":["48"],"angle":14.3,"extra":1,"ei":0}},{"type":"Feature","geometry":{"type":"Point","coordinates":[21.378422,46.169764]},"properties":{"lines":"48","color":"#0059a9","mode":"bus","arr":["48"],"angle":25.6,"mi":10}},{"type":"Feature","geometry":{"type":"Point","coordinates":[21.373319,46.173266]},"properties":{"lines":"Ghioroc","color":"#0059a9","mode":"bus","arr":["Ghioroc"],"angle":18}},{"type":"Feature","geometry":{"type":"Point","coordinates":[21.377759,46.169184]},"properties":{"lines":"Ghioroc","color":"#0059a9","mode":"bus","arr":["Ghioroc"],"angle":44.8,"mi":2}},{"type":"Feature","geometry":{"type":"Point","coordinates":[21.372945,46.173346]},"properties":{"lines":"Ghioroc","color":"#0059a9","mode":"bus","arr":["Ghioroc"],"angle":-17.7,"mi":1}},{"type":"Feature","geometry":{"type":"Point","coordinates":[21.377914,46.172157]},"properties":{"lines":"48, Ghioroc","color":"#0059a9","mode":"bus","arr":["48","Ghioroc"],"angle":40.6}},{"type":"Feature","geometry":{"type":"Point","coordinates":[21.374926,46.172924]},"properties":{"lines":"48, Ghioroc","color":"#0059a9","mode":"bus","arr":["48","Ghioroc"],"angle":17.1,"extra":1,"ei":0}},{"type":"Feature","geometry":{"type":"Point","coordinates":[21.377852,46.170671]},"properties":{"lines":"48, Ghioroc","color":"#0059a9","mode":"bus","arr":["48","Ghioroc"],"angle":71.7,"extra":1,"ei":1}},{"type":"Feature","geometry":{"type":"Point","coordinates":[21.367456,46.170908]},"properties":{"lines":"48","color":"#0059a9","mode":"bus","arr":["48"],"angle":-75.8,"mi":3}},{"type":"Feature","geometry":{"type":"Point","coordinates":[21.321199,46.141493]},"properties":{"lines":"49","color":"#0059a9","mode":"bus","arr":["49"],"angle":-80.4}},{"type":"Feature","geometry":{"type":"Point","coordinates":[21.315143,46.155307]},"properties":{"lines":"49","color":"#0059a9","mode":"bus","arr":["49"],"angle":-13.7,"mi":3}},{"type":"Feature","geometry":{"type":"Point","coordinates":[21.320353,46.15585]},"properties":{"lines":"49","color":"#0059a9","mode":"bus","arr":["49"],"angle":-8,"extra":1,"ei":0}},{"type":"Feature","geometry":{"type":"Point","coordinates":[21.317657,46.155562]},"properties":{"lines":"49","color":"#0059a9","mode":"bus","arr":["49"],"angle":-8.7,"extra":1,"ei":1}},{"type":"Feature","geometry":{"type":"Point","coordinates":[21.312338,46.154794]},"properties":{"lines":"49","color":"#0059a9","mode":"bus","arr":["49"],"angle":-16.7,"extra":1,"ei":2}},{"type":"Feature","geometry":{"type":"Point","coordinates":[21.309711,46.154286]},"properties":{"lines":"49","color":"#0059a9","mode":"bus","arr":["49"],"angle":-14.6,"extra":1,"ei":3}},{"type":"Feature","geometry":{"type":"Point","coordinates":[21.30886,46.153481]},"properties":{"lines":"49","color":"#0059a9","mode":"bus","arr":["49"],"angle":78.6}},{"type":"Feature","geometry":{"type":"Point","coordinates":[21.307646,46.152536]},"properties":{"lines":"49","color":"#0059a9","mode":"bus","arr":["49"],"angle":-34.6,"mi":1}},{"type":"Feature","geometry":{"type":"Point","coordinates":[21.303715,46.154065]},"properties":{"lines":"49","color":"#0059a9","mode":"bus","arr":["49"],"angle":11.3,"mi":2}},{"type":"Feature","geometry":{"type":"Point","coordinates":[21.306607,46.153117]},"properties":{"lines":"49","color":"#0059a9","mode":"bus","arr":["49"],"angle":74.8,"extra":1,"ei":0}},{"type":"Feature","geometry":{"type":"Point","coordinates":[21.301826,46.154332]},"properties":{"lines":"49","color":"#0059a9","mode":"bus","arr":["49"],"angle":11.6,"extra":1,"ei":1}},{"type":"Feature","geometry":{"type":"Point","coordinates":[21.299155,46.154712]},"properties":{"lines":"49","color":"#0059a9","mode":"bus","arr":["49"],"angle":11.6,"extra":1,"ei":2}},{"type":"Feature","geometry":{"type":"Point","coordinates":[21.298654,46.153894]},"properties":{"lines":"49, 49b","color":"#0059a9","mode":"bus","arr":["49","49b"],"angle":-77.6,"mi":1}},{"type":"Feature","geometry":{"type":"Point","coordinates":[21.302291,46.152465]},"properties":{"lines":"49, 49b","color":"#0059a9","mode":"bus","arr":["49","49b"],"angle":12.1}},{"type":"Feature","geometry":{"type":"Point","coordinates":[21.304863,46.152084]},"properties":{"lines":"49, 49b","color":"#0059a9","mode":"bus","arr":["49","49b"],"angle":12.1,"extra":1,"ei":0}},{"type":"Feature","geometry":{"type":"Point","coordinates":[21.299529,46.152875]},"properties":{"lines":"49, 49b","color":"#0059a9","mode":"bus","arr":["49","49b"],"angle":12.1,"extra":1,"ei":1}},{"type":"Feature","geometry":{"type":"Point","coordinates":[21.321511,46.144017]},"properties":{"lines":"49, 49b","color":"#0059a9","mode":"bus","arr":["49","49b"],"angle":-88.9}},{"type":"Feature","geometry":{"type":"Point","coordinates":[21.315502,46.141113]},"properties":{"lines":"49, 49b","color":"#0059a9","mode":"bus","arr":["49","49b"],"angle":1.2,"mi":1}},{"type":"Feature","geometry":{"type":"Point","coordinates":[21.31973,46.141056]},"properties":{"lines":"49, 49b","color":"#0059a9","mode":"bus","arr":["49","49b"],"angle":1.1,"extra":1,"ei":0}},{"type":"Feature","geometry":{"type":"Point","coordinates":[21.31155,46.141186]},"properties":{"lines":"49, 49b","color":"#0059a9","mode":"bus","arr":["49","49b"],"angle":1.6,"extra":1,"ei":1}},{"type":"Feature","geometry":{"type":"Point","coordinates":[21.310543,46.141239]},"properties":{"lines":"49","color":"#0059a9","mode":"bus","arr":["49"],"angle":20.6,"mi":1}},{"type":"Feature","geometry":{"type":"Point","coordinates":[21.300753,46.164442]},"properties":{"lines":"49b","color":"#0059a9","mode":"bus","arr":["49b"],"angle":-70}},{"type":"Feature","geometry":{"type":"Point","coordinates":[21.300122,46.163208]},"properties":{"lines":"49b","color":"#0059a9","mode":"bus","arr":["49b"],"angle":-70.1,"extra":1,"ei":0}},{"type":"Feature","geometry":{"type":"Point","coordinates":[21.299013,46.158588]},"properties":{"lines":"49b","color":"#0059a9","mode":"bus","arr":["49b"],"angle":85,"mi":1}},{"type":"Feature","geometry":{"type":"Point","coordinates":[21.298977,46.161525]},"properties":{"lines":"49b","color":"#0059a9","mode":"bus","arr":["49b"],"angle":-82,"extra":1,"ei":0}},{"type":"Feature","geometry":{"type":"Point","coordinates":[21.299226,46.155881]},"properties":{"lines":"49b","color":"#0059a9","mode":"bus","arr":["49b"],"angle":89.6,"extra":1,"ei":1}},{"type":"Feature","geometry":{"type":"Point","coordinates":[21.307456,46.145496]},"properties":{"lines":"49b","color":"#0059a9","mode":"bus","arr":["49b"],"angle":-83.1,"mi":1}},{"type":"Feature","geometry":{"type":"Point","coordinates":[21.311202,46.142137]},"properties":{"lines":"49b","color":"#0059a9","mode":"bus","arr":["49b"],"angle":-88.7,"extra":1,"ei":0}},{"type":"Feature","geometry":{"type":"Point","coordinates":[21.311297,46.144024]},"properties":{"lines":"49b","color":"#0059a9","mode":"bus","arr":["49b"],"angle":-87.9,"extra":1,"ei":1}},{"type":"Feature","geometry":{"type":"Point","coordinates":[21.309401,46.144764]},"properties":{"lines":"49b","color":"#0059a9","mode":"bus","arr":["49b"],"angle":5,"extra":1,"ei":2}},{"type":"Feature","geometry":{"type":"Point","coordinates":[21.307713,46.147258]},"properties":{"lines":"49b","color":"#0059a9","mode":"bus","arr":["49b"],"angle":-89.7,"extra":1,"ei":3}},{"type":"Feature","geometry":{"type":"Point","coordinates":[21.30765,46.149143]},"properties":{"lines":"49b","color":"#0059a9","mode":"bus","arr":["49b"],"angle":72.2,"extra":1,"ei":4}},{"type":"Feature","geometry":{"type":"Point","coordinates":[21.306585,46.150777]},"properties":{"lines":"49b","color":"#0059a9","mode":"bus","arr":["49b"],"angle":84.2,"extra":1,"ei":5}},{"type":"Feature","geometry":{"type":"Point","coordinates":[21.310769,46.141665]},"properties":{"lines":"49b","color":"#0059a9","mode":"bus","arr":["49b"],"angle":-18.9}},{"type":"Feature","geometry":{"type":"Point","coordinates":[21.321272,46.141486]},"properties":{"lines":"49b","color":"#0059a9","mode":"bus","arr":["49b"],"angle":-86.7,"side":-1,"mi":2}},{"type":"Feature","geometry":{"type":"Point","coordinates":[21.339017,46.192613]},"properties":{"lines":"52","color":"#0059a9","mode":"bus","arr":["52"],"angle":37.5,"mi":4}},{"type":"Feature","geometry":{"type":"Point","coordinates":[21.33522,46.194557]},"properties":{"lines":"52","color":"#0059a9","mode":"bus","arr":["52"],"angle":35.4,"extra":1,"ei":0}},{"type":"Feature","geometry":{"type":"Point","coordinates":[21.337418,46.193439]},"properties":{"lines":"52","color":"#0059a9","mode":"bus","arr":["52"],"angle":36.8,"extra":1,"ei":1}},{"type":"Feature","geometry":{"type":"Point","coordinates":[21.341274,46.190806]},"properties":{"lines":"52","color":"#0059a9","mode":"bus","arr":["52"],"angle":50.8,"extra":1,"ei":2}},{"type":"Feature","geometry":{"type":"Point","coordinates":[21.341945,46.187357]},"properties":{"lines":"52","color":"#0059a9","mode":"bus","arr":["52"],"angle":-71.7}},{"type":"Feature","geometry":{"type":"Point","coordinates":[21.345537,46.185334]},"properties":{"lines":"52","color":"#0059a9","mode":"bus","arr":["52"],"angle":-5.1,"mi":3}},{"type":"Feature","geometry":{"type":"Point","coordinates":[21.342571,46.185303]},"properties":{"lines":"52","color":"#0059a9","mode":"bus","arr":["52"],"angle":1,"extra":1,"ei":0}},{"type":"Feature","geometry":{"type":"Point","coordinates":[21.347987,46.185615]},"properties":{"lines":"52","color":"#0059a9","mode":"bus","arr":["52"],"angle":-12.2,"extra":1,"ei":1}},{"type":"Feature","geometry":{"type":"Point","coordinates":[21.340608,46.186183]},"properties":{"lines":"52","color":"#0059a9","mode":"bus","arr":["52"],"angle":-37.6,"mi":1}},{"type":"Feature","geometry":{"type":"Point","coordinates":[21.335849,46.189311]},"properties":{"lines":"52","color":"#0059a9","mode":"bus","arr":["52"],"angle":54.2,"mi":2}},{"type":"Feature","geometry":{"type":"Point","coordinates":[21.338848,46.186435]},"properties":{"lines":"52","color":"#0059a9","mode":"bus","arr":["52"],"angle":54,"extra":1,"ei":0}},{"type":"Feature","geometry":{"type":"Point","coordinates":[21.337256,46.187969]},"properties":{"lines":"52","color":"#0059a9","mode":"bus","arr":["52"],"angle":54.2,"extra":1,"ei":1}},{"type":"Feature","geometry":{"type":"Point","coordinates":[21.333573,46.190679]},"properties":{"lines":"52","color":"#0059a9","mode":"bus","arr":["52"],"angle":32.5,"extra":1,"ei":2}},{"type":"Feature","geometry":{"type":"Point","coordinates":[21.331289,46.191711]},"properties":{"lines":"52","color":"#0059a9","mode":"bus","arr":["52"],"angle":33.3,"extra":1,"ei":3}},{"type":"Feature","geometry":{"type":"Point","coordinates":[21.297601,46.16929]},"properties":{"lines":"54","color":"#0059a9","mode":"bus","arr":["54"],"angle":-1.9,"mi":3}},{"type":"Feature","geometry":{"type":"Point","coordinates":[21.302017,46.169389]},"properties":{"lines":"54","color":"#0059a9","mode":"bus","arr":["54"],"angle":-1.9,"extra":1,"ei":0}},{"type":"Feature","geometry":{"type":"Point","coordinates":[21.299291,46.169328]},"properties":{"lines":"54","color":"#0059a9","mode":"bus","arr":["54"],"angle":-1.9,"extra":1,"ei":1}},{"type":"Feature","geometry":{"type":"Point","coordinates":[21.293838,46.169208]},"properties":{"lines":"54","color":"#0059a9","mode":"bus","arr":["54"],"angle":-1.6,"extra":1,"ei":2}},{"type":"Feature","geometry":{"type":"Point","coordinates":[21.274152,46.168773]},"properties":{"lines":"54","color":"#0059a9","mode":"bus","arr":["54"],"angle":-1.4,"mi":2}},{"type":"Feature","geometry":{"type":"Point","coordinates":[21.287001,46.169066]},"properties":{"lines":"54","color":"#0059a9","mode":"bus","arr":["54"],"angle":-2}},{"type":"Feature","geometry":{"type":"Point","coordinates":[21.282169,46.168954]},"properties":{"lines":"54","color":"#0059a9","mode":"bus","arr":["54"],"angle":-76.6,"mi":1}},{"type":"Feature","geometry":{"type":"Point","coordinates":[21.290459,46.169147]},"properties":{"lines":"54","color":"#0059a9","mode":"bus","arr":["54"],"angle":-1.7,"extra":1,"ei":0}},{"type":"Feature","geometry":{"type":"Point","coordinates":[21.285007,46.16902]},"properties":{"lines":"54","color":"#0059a9","mode":"bus","arr":["54"],"angle":-2,"extra":1,"ei":1}},{"type":"Feature","geometry":{"type":"Point","coordinates":[21.268931,46.16869]},"properties":{"lines":"54","color":"#0059a9","mode":"bus","arr":["54"],"angle":-2.4,"extra":1,"ei":0}},{"type":"Feature","geometry":{"type":"Point","coordinates":[21.271657,46.168731]},"properties":{"lines":"54","color":"#0059a9","mode":"bus","arr":["54"],"angle":-1.4,"extra":1,"ei":1}},{"type":"Feature","geometry":{"type":"Point","coordinates":[21.27711,46.168824]},"properties":{"lines":"54","color":"#0059a9","mode":"bus","arr":["54"],"angle":-1.4,"extra":1,"ei":2}},{"type":"Feature","geometry":{"type":"Point","coordinates":[21.279837,46.168879]},"properties":{"lines":"54","color":"#0059a9","mode":"bus","arr":["54"],"angle":1.4,"extra":1,"ei":3}},{"type":"Feature","geometry":{"type":"Point","coordinates":[21.249876,46.168295]},"properties":{"lines":"54","color":"#0059a9","mode":"bus","arr":["54"],"angle":-1.8}},{"type":"Feature","geometry":{"type":"Point","coordinates":[21.266206,46.168611]},"properties":{"lines":"54","color":"#0059a9","mode":"bus","arr":["54"],"angle":-1.8,"extra":1,"ei":0}},{"type":"Feature","geometry":{"type":"Point","coordinates":[21.26348,46.168552]},"properties":{"lines":"54","color":"#0059a9","mode":"bus","arr":["54"],"angle":-1.8,"extra":1,"ei":1}},{"type":"Feature","geometry":{"type":"Point","coordinates":[21.260753,46.168509]},"properties":{"lines":"54","color":"#0059a9","mode":"bus","arr":["54"],"angle":-1.2,"extra":1,"ei":2}},{"type":"Feature","geometry":{"type":"Point","coordinates":[21.258026,46.168461]},"properties":{"lines":"54","color":"#0059a9","mode":"bus","arr":["54"],"angle":-2.2,"extra":1,"ei":3}},{"type":"Feature","geometry":{"type":"Point","coordinates":[21.2553,46.168407]},"properties":{"lines":"54","color":"#0059a9","mode":"bus","arr":["54"],"angle":-1.6,"extra":1,"ei":4}},{"type":"Feature","geometry":{"type":"Point","coordinates":[21.252573,46.168353]},"properties":{"lines":"54","color":"#0059a9","mode":"bus","arr":["54"],"angle":-1.8,"extra":1,"ei":5}},{"type":"Feature","geometry":{"type":"Point","coordinates":[21.24712,46.168236]},"properties":{"lines":"54","color":"#0059a9","mode":"bus","arr":["54"],"angle":-1.8,"extra":1,"ei":6}},{"type":"Feature","geometry":{"type":"Point","coordinates":[21.244394,46.168184]},"properties":{"lines":"54","color":"#0059a9","mode":"bus","arr":["54"],"angle":-1.6,"extra":1,"ei":7}},{"type":"Feature","geometry":{"type":"Point","coordinates":[21.242896,46.169027]},"properties":{"lines":"54","color":"#0059a9","mode":"bus","arr":["54"],"angle":88.7,"extra":1,"ei":8}},{"type":"Feature","geometry":{"type":"Point","coordinates":[21.242838,46.170915]},"properties":{"lines":"54","color":"#0059a9","mode":"bus","arr":["54"],"angle":81.1,"extra":1,"ei":9}},{"type":"Feature","geometry":{"type":"Point","coordinates":[21.240406,46.171177]},"properties":{"lines":"54","color":"#0059a9","mode":"bus","arr":["54"],"angle":-1.5,"extra":1,"ei":10}},{"type":"Feature","geometry":{"type":"Point","coordinates":[21.238072,46.171443]},"properties":{"lines":"54","color":"#0059a9","mode":"bus","arr":["54"],"angle":89,"extra":1,"ei":11}},{"type":"Feature","geometry":{"type":"Point","coordinates":[21.286047,46.213026]},"properties":{"lines":"60","color":"#0059a9","mode":"bus","arr":["60"],"angle":-21.9,"mi":9}},{"type":"Feature","geometry":{"type":"Point","coordinates":[21.282022,46.215]},"properties":{"lines":"60","color":"#0059a9","mode":"bus","arr":["60"],"angle":71.9,"mi":7}},{"type":"Feature","geometry":{"type":"Point","coordinates":[21.280511,46.216613]},"properties":{"lines":"60","color":"#0059a9","mode":"bus","arr":["60"],"angle":50,"extra":1,"ei":0}},{"type":"Feature","geometry":{"type":"Point","coordinates":[21.282815,46.21325]},"properties":{"lines":"60","color":"#0059a9","mode":"bus","arr":["60"],"angle":72.6,"extra":1,"ei":1}},{"type":"Feature","geometry":{"type":"Point","coordinates":[21.274471,46.216759]},"properties":{"lines":"60","color":"#0059a9","mode":"bus","arr":["60"],"angle":-19.2,"mi":6}},{"type":"Feature","geometry":{"type":"Point","coordinates":[21.278257,46.217011]},"properties":{"lines":"60","color":"#0059a9","mode":"bus","arr":["60"],"angle":-5.9,"extra":1,"ei":0}},{"type":"Feature","geometry":{"type":"Point","coordinates":[21.270424,46.215706]},"properties":{"lines":"60","color":"#0059a9","mode":"bus","arr":["60"],"angle":-20.7,"extra":1,"ei":1}},{"type":"Feature","geometry":{"type":"Point","coordinates":[21.270303,46.214149]},"properties":{"lines":"60","color":"#0059a9","mode":"bus","arr":["60"],"angle":69.5,"mi":2}},{"type":"Feature","geometry":{"type":"Point","coordinates":[21.269592,46.215465]},"properties":{"lines":"60","color":"#0059a9","mode":"bus","arr":["60"],"angle":69.5,"extra":1,"ei":0}},{"type":"Feature","geometry":{"type":"Point","coordinates":[21.273381,46.213459]},"properties":{"lines":"60","color":"#0059a9","mode":"bus","arr":["60"],"angle":-21.8,"mi":1}},{"type":"Feature","geometry":{"type":"Point","coordinates":[21.277952,46.20982]},"properties":{"lines":"60","color":"#0059a9","mode":"bus","arr":["60"],"angle":70}},{"type":"Feature","geometry":{"type":"Point","coordinates":[21.276187,46.213221]},"properties":{"lines":"60","color":"#0059a9","mode":"bus","arr":["60"],"angle":70.6,"extra":1,"ei":0}},{"type":"Feature","geometry":{"type":"Point","coordinates":[21.277095,46.21144]},"properties":{"lines":"60","color":"#0059a9","mode":"bus","arr":["60"],"angle":70.5,"extra":1,"ei":1}},{"type":"Feature","geometry":{"type":"Point","coordinates":[21.278947,46.207888]},"properties":{"lines":"60","color":"#0059a9","mode":"bus","arr":["60"],"angle":69,"extra":1,"ei":2}},{"type":"Feature","geometry":{"type":"Point","coordinates":[21.27987,46.206111]},"properties":{"lines":"60","color":"#0059a9","mode":"bus","arr":["60"],"angle":69.7,"extra":1,"ei":3}},{"type":"Feature","geometry":{"type":"Point","coordinates":[21.275352,46.204191]},"properties":{"lines":"60","color":"#0059a9","mode":"bus","arr":["60"],"angle":-21.8,"mi":5}},{"type":"Feature","geometry":{"type":"Point","coordinates":[21.271782,46.203218]},"properties":{"lines":"60","color":"#0059a9","mode":"bus","arr":["60"],"angle":-21,"extra":1,"ei":0}},{"type":"Feature","geometry":{"type":"Point","coordinates":[21.279388,46.205308]},"properties":{"lines":"60","color":"#0059a9","mode":"bus","arr":["60"],"angle":-22,"extra":1,"ei":1}},{"type":"Feature","geometry":{"type":"Point","coordinates":[21.269851,46.204074]},"properties":{"lines":"60","color":"#0059a9","mode":"bus","arr":["60"],"angle":69.1,"mi":8}},{"type":"Feature","geometry":{"type":"Point","coordinates":[21.270499,46.205642]},"properties":{"lines":"60","color":"#0059a9","mode":"bus","arr":["60"],"angle":-22.4,"mi":3}},{"type":"Feature","geometry":{"type":"Point","coordinates":[21.272461,46.204794]},"properties":{"lines":"60","color":"#0059a9","mode":"bus","arr":["60"],"angle":69.6,"mi":4}},{"type":"Feature","geometry":{"type":"Point","coordinates":[21.593672,46.155925]},"properties":{"lines":"Ghioroc","color":"#0059a9","mode":"bus","arr":["Ghioroc"],"angle":-72.9}},{"type":"Feature","geometry":{"type":"Point","coordinates":[21.560651,46.150723]},"properties":{"lines":"Ghioroc","color":"#0059a9","mode":"bus","arr":["Ghioroc"],"angle":-23.7}},{"type":"Feature","geometry":{"type":"Point","coordinates":[21.531445,46.138649]},"properties":{"lines":"Ghioroc","color":"#0059a9","mode":"bus","arr":["Ghioroc"],"angle":36.6}},{"type":"Feature","geometry":{"type":"Point","coordinates":[21.59211,46.155571]},"properties":{"lines":"Ghioroc","color":"#0059a9","mode":"bus","arr":["Ghioroc"],"angle":-1.3,"extra":1,"ei":0}},{"type":"Feature","geometry":{"type":"Point","coordinates":[21.589399,46.155398]},"properties":{"lines":"Ghioroc","color":"#0059a9","mode":"bus","arr":["Ghioroc"],"angle":-8.3,"extra":1,"ei":1}},{"type":"Feature","geometry":{"type":"Point","coordinates":[21.586701,46.155127]},"properties":{"lines":"Ghioroc","color":"#0059a9","mode":"bus","arr":["Ghioroc"],"angle":-14.5,"extra":1,"ei":2}},{"type":"Feature","geometry":{"type":"Point","coordinates":[21.584247,46.154321]},"properties":{"lines":"Ghioroc","color":"#0059a9","mode":"bus","arr":["Ghioroc"],"angle":-14.3,"extra":1,"ei":3}},{"type":"Feature","geometry":{"type":"Point","coordinates":[21.581532,46.154158]},"properties":{"lines":"Ghioroc","color":"#0059a9","mode":"bus","arr":["Ghioroc"],"angle":-4.3,"extra":1,"ei":4}},{"type":"Feature","geometry":{"type":"Point","coordinates":[21.578814,46.154004]},"properties":{"lines":"Ghioroc","color":"#0059a9","mode":"bus","arr":["Ghioroc"],"angle":-5.3,"extra":1,"ei":5}},{"type":"Feature","geometry":{"type":"Point","coordinates":[21.576098,46.153832]},"properties":{"lines":"Ghioroc","color":"#0059a9","mode":"bus","arr":["Ghioroc"],"angle":-5.7,"extra":1,"ei":6}},{"type":"Feature","geometry":{"type":"Point","coordinates":[21.573409,46.153539]},"properties":{"lines":"Ghioroc","color":"#0059a9","mode":"bus","arr":["Ghioroc"],"angle":-15.9,"extra":1,"ei":7}},{"type":"Feature","geometry":{"type":"Point","coordinates":[21.570811,46.152964]},"properties":{"lines":"Ghioroc","color":"#0059a9","mode":"bus","arr":["Ghioroc"],"angle":-17.3,"extra":1,"ei":8}},{"type":"Feature","geometry":{"type":"Point","coordinates":[21.568208,46.152399]},"properties":{"lines":"Ghioroc","color":"#0059a9","mode":"bus","arr":["Ghioroc"],"angle":-17.7,"extra":1,"ei":9}},{"type":"Feature","geometry":{"type":"Point","coordinates":[21.565608,46.151829]},"properties":{"lines":"Ghioroc","color":"#0059a9","mode":"bus","arr":["Ghioroc"],"angle":-17.5,"extra":1,"ei":10}},{"type":"Feature","geometry":{"type":"Point","coordinates":[21.563004,46.151267]},"properties":{"lines":"Ghioroc","color":"#0059a9","mode":"bus","arr":["Ghioroc"],"angle":-17.3,"extra":1,"ei":11}},{"type":"Feature","geometry":{"type":"Point","coordinates":[21.557833,46.15008]},"properties":{"lines":"Ghioroc","color":"#0059a9","mode":"bus","arr":["Ghioroc"],"angle":-15,"extra":1,"ei":12}},{"type":"Feature","geometry":{"type":"Point","coordinates":[21.55517,46.149682]},"properties":{"lines":"Ghioroc","color":"#0059a9","mode":"bus","arr":["Ghioroc"],"angle":-9.2,"extra":1,"ei":13}},{"type":"Feature","geometry":{"type":"Point","coordinates":[21.552542,46.149198]},"properties":{"lines":"Ghioroc","color":"#0059a9","mode":"bus","arr":["Ghioroc"],"angle":-19.2,"extra":1,"ei":14}},{"type":"Feature","geometry":{"type":"Point","coordinates":[21.550171,46.14829]},"properties":{"lines":"Ghioroc","color":"#0059a9","mode":"bus","arr":["Ghioroc"],"angle":-36.2,"extra":1,"ei":15}},{"type":"Feature","geometry":{"type":"Point","coordinates":[21.547963,46.147182]},"properties":{"lines":"Ghioroc","color":"#0059a9","mode":"bus","arr":["Ghioroc"],"angle":-35.3,"extra":1,"ei":16}},{"type":"Feature","geometry":{"type":"Point","coordinates":[21.545753,46.146075]},"properties":{"lines":"Ghioroc","color":"#0059a9","mode":"bus","arr":["Ghioroc"],"angle":-36.6,"extra":1,"ei":17}},{"type":"Feature","geometry":{"type":"Point","coordinates":[21.543546,46.144965]},"properties":{"lines":"Ghioroc","color":"#0059a9","mode":"bus","arr":["Ghioroc"],"angle":-36,"extra":1,"ei":18}},{"type":"Feature","geometry":{"type":"Point","coordinates":[21.541334,46.14386]},"properties":{"lines":"Ghioroc","color":"#0059a9","mode":"bus","arr":["Ghioroc"],"angle":-35.8,"extra":1,"ei":19}},{"type":"Feature","geometry":{"type":"Point","coordinates":[21.539124,46.142754]},"properties":{"lines":"Ghioroc","color":"#0059a9","mode":"bus","arr":["Ghioroc"],"angle":-35.8,"extra":1,"ei":20}},{"type":"Feature","geometry":{"type":"Point","coordinates":[21.536921,46.14164]},"properties":{"lines":"Ghioroc","color":"#0059a9","mode":"bus","arr":["Ghioroc"],"angle":-36.1,"extra":1,"ei":21}},{"type":"Feature","geometry":{"type":"Point","coordinates":[21.534703,46.140541]},"properties":{"lines":"Ghioroc","color":"#0059a9","mode":"bus","arr":["Ghioroc"],"angle":-36.3,"extra":1,"ei":22}},{"type":"Feature","geometry":{"type":"Point","coordinates":[21.480755,46.145875]},"properties":{"lines":"Ghioroc","color":"#0059a9","mode":"bus","arr":["Ghioroc"],"angle":3.2}},{"type":"Feature","geometry":{"type":"Point","coordinates":[21.428626,46.156847]},"properties":{"lines":"Ghioroc","color":"#0059a9","mode":"bus","arr":["Ghioroc"],"angle":-52,"mi":1}},{"type":"Feature","geometry":{"type":"Point","coordinates":[21.430494,46.156406]},"properties":{"lines":"Ghioroc","color":"#0059a9","mode":"bus","arr":["Ghioroc"],"angle":84.8}},{"type":"Feature","geometry":{"type":"Point","coordinates":[21.530245,46.139092]},"properties":{"lines":"Ghioroc","color":"#0059a9","mode":"bus","arr":["Ghioroc"],"angle":28.5,"extra":1,"ei":0}},{"type":"Feature","geometry":{"type":"Point","coordinates":[21.527846,46.139991]},"properties":{"lines":"Ghioroc","color":"#0059a9","mode":"bus","arr":["Ghioroc"],"angle":28.2,"extra":1,"ei":1}},{"type":"Feature","geometry":{"type":"Point","coordinates":[21.52535,46.14074]},"properties":{"lines":"Ghioroc","color":"#0059a9","mode":"bus","arr":["Ghioroc"],"angle":15.8,"extra":1,"ei":2}},{"type":"Feature","geometry":{"type":"Point","coordinates":[21.522707,46.141207]},"properties":{"lines":"Ghioroc","color":"#0059a9","mode":"bus","arr":["Ghioroc"],"angle":16.1,"extra":1,"ei":3}},{"type":"Feature","geometry":{"type":"Point","coordinates":[21.520154,46.14187]},"properties":{"lines":"Ghioroc","color":"#0059a9","mode":"bus","arr":["Ghioroc"],"angle":22.6,"extra":1,"ei":4}},{"type":"Feature","geometry":{"type":"Point","coordinates":[21.517715,46.142713]},"properties":{"lines":"Ghioroc","color":"#0059a9","mode":"bus","arr":["Ghioroc"],"angle":27.5,"extra":1,"ei":5}},{"type":"Feature","geometry":{"type":"Point","coordinates":[21.515293,46.143582]},"properties":{"lines":"Ghioroc","color":"#0059a9","mode":"bus","arr":["Ghioroc"],"angle":26.9,"extra":1,"ei":6}},{"type":"Feature","geometry":{"type":"Point","coordinates":[21.512839,46.144406]},"properties":{"lines":"Ghioroc","color":"#0059a9","mode":"bus","arr":["Ghioroc"],"angle":25,"extra":1,"ei":7}},{"type":"Feature","geometry":{"type":"Point","coordinates":[21.510268,46.144996]},"properties":{"lines":"Ghioroc","color":"#0059a9","mode":"bus","arr":["Ghioroc"],"angle":4.3,"extra":1,"ei":8}},{"type":"Feature","geometry":{"type":"Point","coordinates":[21.507543,46.145069]},"properties":{"lines":"Ghioroc","color":"#0059a9","mode":"bus","arr":["Ghioroc"],"angle":2,"extra":1,"ei":9}},{"type":"Feature","geometry":{"type":"Point","coordinates":[21.504817,46.14514]},"properties":{"lines":"Ghioroc","color":"#0059a9","mode":"bus","arr":["Ghioroc"],"angle":2.3,"extra":1,"ei":10}},{"type":"Feature","geometry":{"type":"Point","coordinates":[21.502092,46.145215]},"properties":{"lines":"Ghioroc","color":"#0059a9","mode":"bus","arr":["Ghioroc"],"angle":2.3,"extra":1,"ei":11}},{"type":"Feature","geometry":{"type":"Point","coordinates":[21.499367,46.145291]},"properties":{"lines":"Ghioroc","color":"#0059a9","mode":"bus","arr":["Ghioroc"],"angle":2.3,"extra":1,"ei":12}},{"type":"Feature","geometry":{"type":"Point","coordinates":[21.496641,46.145371]},"properties":{"lines":"Ghioroc","color":"#0059a9","mode":"bus","arr":["Ghioroc"],"angle":2.5,"extra":1,"ei":13}},{"type":"Feature","geometry":{"type":"Point","coordinates":[21.493916,46.145451]},"properties":{"lines":"Ghioroc","color":"#0059a9","mode":"bus","arr":["Ghioroc"],"angle":2.3,"extra":1,"ei":14}},{"type":"Feature","geometry":{"type":"Point","coordinates":[21.491191,46.145527]},"properties":{"lines":"Ghioroc","color":"#0059a9","mode":"bus","arr":["Ghioroc"],"angle":2.3,"extra":1,"ei":15}},{"type":"Feature","geometry":{"type":"Point","coordinates":[21.488466,46.145606]},"properties":{"lines":"Ghioroc","color":"#0059a9","mode":"bus","arr":["Ghioroc"],"angle":2.4,"extra":1,"ei":16}},{"type":"Feature","geometry":{"type":"Point","coordinates":[21.485741,46.145687]},"properties":{"lines":"Ghioroc","color":"#0059a9","mode":"bus","arr":["Ghioroc"],"angle":2.6,"extra":1,"ei":17}},{"type":"Feature","geometry":{"type":"Point","coordinates":[21.483017,46.14579]},"properties":{"lines":"Ghioroc","color":"#0059a9","mode":"bus","arr":["Ghioroc"],"angle":3.2,"extra":1,"ei":18}},{"type":"Feature","geometry":{"type":"Point","coordinates":[21.47757,46.145992]},"properties":{"lines":"Ghioroc","color":"#0059a9","mode":"bus","arr":["Ghioroc"],"angle":3.2,"extra":1,"ei":19}},{"type":"Feature","geometry":{"type":"Point","coordinates":[21.474846,46.146099]},"properties":{"lines":"Ghioroc","color":"#0059a9","mode":"bus","arr":["Ghioroc"],"angle":4.4,"extra":1,"ei":20}},{"type":"Feature","geometry":{"type":"Point","coordinates":[21.472171,46.146445]},"properties":{"lines":"Ghioroc","color":"#0059a9","mode":"bus","arr":["Ghioroc"],"angle":16.9,"extra":1,"ei":21}},{"type":"Feature","geometry":{"type":"Point","coordinates":[21.469584,46.147044]},"properties":{"lines":"Ghioroc","color":"#0059a9","mode":"bus","arr":["Ghioroc"],"angle":18.7,"extra":1,"ei":22}},{"type":"Feature","geometry":{"type":"Point","coordinates":[21.466999,46.147647]},"properties":{"lines":"Ghioroc","color":"#0059a9","mode":"bus","arr":["Ghioroc"],"angle":19.4,"extra":1,"ei":23}},{"type":"Feature","geometry":{"type":"Point","coordinates":[21.464423,46.148266]},"properties":{"lines":"Ghioroc","color":"#0059a9","mode":"bus","arr":["Ghioroc"],"angle":19.2,"extra":1,"ei":24}},{"type":"Feature","geometry":{"type":"Point","coordinates":[21.461844,46.148882]},"properties":{"lines":"Ghioroc","color":"#0059a9","mode":"bus","arr":["Ghioroc"],"angle":19.2,"extra":1,"ei":25}},{"type":"Feature","geometry":{"type":"Point","coordinates":[21.459268,46.149502]},"properties":{"lines":"Ghioroc","color":"#0059a9","mode":"bus","arr":["Ghioroc"],"angle":19.7,"extra":1,"ei":26}},{"type":"Feature","geometry":{"type":"Point","coordinates":[21.456691,46.150121]},"properties":{"lines":"Ghioroc","color":"#0059a9","mode":"bus","arr":["Ghioroc"],"angle":19,"extra":1,"ei":27}},{"type":"Feature","geometry":{"type":"Point","coordinates":[21.45411,46.150731]},"properties":{"lines":"Ghioroc","color":"#0059a9","mode":"bus","arr":["Ghioroc"],"angle":19.1,"extra":1,"ei":28}},{"type":"Feature","geometry":{"type":"Point","coordinates":[21.45153,46.151345]},"properties":{"lines":"Ghioroc","color":"#0059a9","mode":"bus","arr":["Ghioroc"],"angle":18.8,"extra":1,"ei":29}},{"type":"Feature","geometry":{"type":"Point","coordinates":[21.44895,46.151957]},"properties":{"lines":"Ghioroc","color":"#0059a9","mode":"bus","arr":["Ghioroc"],"angle":19,"extra":1,"ei":30}},{"type":"Feature","geometry":{"type":"Point","coordinates":[21.446376,46.152581]},"properties":{"lines":"Ghioroc","color":"#0059a9","mode":"bus","arr":["Ghioroc"],"angle":19.4,"extra":1,"ei":31}},{"type":"Feature","geometry":{"type":"Point","coordinates":[21.443799,46.153201]},"properties":{"lines":"Ghioroc","color":"#0059a9","mode":"bus","arr":["Ghioroc"],"angle":19.5,"extra":1,"ei":32}},{"type":"Feature","geometry":{"type":"Point","coordinates":[21.441222,46.15382]},"properties":{"lines":"Ghioroc","color":"#0059a9","mode":"bus","arr":["Ghioroc"],"angle":19.1,"extra":1,"ei":33}},{"type":"Feature","geometry":{"type":"Point","coordinates":[21.438645,46.15444]},"properties":{"lines":"Ghioroc","color":"#0059a9","mode":"bus","arr":["Ghioroc"],"angle":18.9,"extra":1,"ei":34}},{"type":"Feature","geometry":{"type":"Point","coordinates":[21.436068,46.155058]},"properties":{"lines":"Ghioroc","color":"#0059a9","mode":"bus","arr":["Ghioroc"],"angle":19.2,"extra":1,"ei":35}},{"type":"Feature","geometry":{"type":"Point","coordinates":[21.433496,46.155687]},"properties":{"lines":"Ghioroc","color":"#0059a9","mode":"bus","arr":["Ghioroc"],"angle":19.5,"extra":1,"ei":36}},{"type":"Feature","geometry":{"type":"Point","coordinates":[21.422581,46.15836]},"properties":{"lines":"Ghioroc, Vladimirescu","color":"#0059a9","mode":"bus","arr":["Ghioroc","Vladimirescu"],"angle":20}},{"type":"Feature","geometry":{"type":"Point","coordinates":[21.427338,46.157172]},"properties":{"lines":"Ghioroc, Vladimirescu","color":"#0059a9","mode":"bus","arr":["Ghioroc","Vladimirescu"],"angle":20,"extra":1,"ei":0}},{"type":"Feature","geometry":{"type":"Point","coordinates":[21.424772,46.157814]},"properties":{"lines":"Ghioroc, Vladimirescu","color":"#0059a9","mode":"bus","arr":["Ghioroc","Vladimirescu"],"angle":19.8,"extra":1,"ei":1}},{"type":"Feature","geometry":{"type":"Point","coordinates":[21.419646,46.159106]},"properties":{"lines":"Ghioroc, Vladimirescu","color":"#0059a9","mode":"bus","arr":["Ghioroc","Vladimirescu"],"angle":20.5,"extra":1,"ei":2}},{"type":"Feature","geometry":{"type":"Point","coordinates":[21.417096,46.159776]},"properties":{"lines":"Ghioroc, Vladimirescu","color":"#0059a9","mode":"bus","arr":["Ghioroc","Vladimirescu"],"angle":21.4,"extra":1,"ei":3}},{"type":"Feature","geometry":{"type":"Point","coordinates":[21.40308,46.164012]},"properties":{"lines":"Ghioroc, Vladimirescu","color":"#0059a9","mode":"bus","arr":["Ghioroc","Vladimirescu"],"angle":25.1,"mi":9}},{"type":"Feature","geometry":{"type":"Point","coordinates":[21.387875,46.168739]},"properties":{"lines":"Ghioroc, Vladimirescu","color":"#0059a9","mode":"bus","arr":["Ghioroc","Vladimirescu"],"angle":27.4,"mi":1}},{"type":"Feature","geometry":{"type":"Point","coordinates":[21.415297,46.160259]},"properties":{"lines":"Ghioroc, Vladimirescu","color":"#0059a9","mode":"bus","arr":["Ghioroc","Vladimirescu"],"angle":20.7,"extra":1,"ei":0}},{"type":"Feature","geometry":{"type":"Point","coordinates":[21.412752,46.160939]},"properties":{"lines":"Ghioroc, Vladimirescu","color":"#0059a9","mode":"bus","arr":["Ghioroc","Vladimirescu"],"angle":22.5,"extra":1,"ei":1}},{"type":"Feature","geometry":{"type":"Point","coordinates":[21.41027,46.161722]},"properties":{"lines":"Ghioroc, Vladimirescu","color":"#0059a9","mode":"bus","arr":["Ghioroc","Vladimirescu"],"angle":24.9,"extra":1,"ei":2}},{"type":"Feature","geometry":{"type":"Point","coordinates":[21.407793,46.162512]},"properties":{"lines":"Ghioroc, Vladimirescu","color":"#0059a9","mode":"bus","arr":["Ghioroc","Vladimirescu"],"angle":24.8,"extra":1,"ei":3}},{"type":"Feature","geometry":{"type":"Point","coordinates":[21.405316,46.163303]},"properties":{"lines":"Ghioroc, Vladimirescu","color":"#0059a9","mode":"bus","arr":["Ghioroc","Vladimirescu"],"angle":25.3,"extra":1,"ei":4}},{"type":"Feature","geometry":{"type":"Point","coordinates":[21.400363,46.164887]},"properties":{"lines":"Ghioroc, Vladimirescu","color":"#0059a9","mode":"bus","arr":["Ghioroc","Vladimirescu"],"angle":24.2,"extra":1,"ei":5}},{"type":"Feature","geometry":{"type":"Point","coordinates":[21.397868,46.165648]},"properties":{"lines":"Ghioroc, Vladimirescu","color":"#0059a9","mode":"bus","arr":["Ghioroc","Vladimirescu"],"angle":23.7,"extra":1,"ei":6}},{"type":"Feature","geometry":{"type":"Point","coordinates":[21.395366,46.166401]},"properties":{"lines":"Ghioroc, Vladimirescu","color":"#0059a9","mode":"bus","arr":["Ghioroc","Vladimirescu"],"angle":23.6,"extra":1,"ei":7}},{"type":"Feature","geometry":{"type":"Point","coordinates":[21.392878,46.167175]},"properties":{"lines":"Ghioroc, Vladimirescu","color":"#0059a9","mode":"bus","arr":["Ghioroc","Vladimirescu"],"angle":24.4,"extra":1,"ei":8}},{"type":"Feature","geometry":{"type":"Point","coordinates":[21.390375,46.167918]},"properties":{"lines":"Ghioroc, Vladimirescu","color":"#0059a9","mode":"bus","arr":["Ghioroc","Vladimirescu"],"angle":13.4,"extra":1,"ei":9}},{"type":"Feature","geometry":{"type":"Point","coordinates":[21.393721,46.166339]},"properties":{"lines":"Ghioroc, Vladimirescu","color":"#0059a9","mode":"bus","arr":["Ghioroc","Vladimirescu"],"angle":72.2,"mi":6}},{"type":"Feature","geometry":{"type":"Point","coordinates":[21.392082,46.165678]},"properties":{"lines":"Ghioroc, Vladimirescu","color":"#0059a9","mode":"bus","arr":["Ghioroc","Vladimirescu"],"angle":6.8,"mi":5}},{"type":"Feature","geometry":{"type":"Point","coordinates":[21.389611,46.166797]},"properties":{"lines":"Ghioroc, Vladimirescu","color":"#0059a9","mode":"bus","arr":["Ghioroc","Vladimirescu"],"angle":73.7,"mi":2}},{"type":"Feature","geometry":{"type":"Point","coordinates":[21.382623,46.170926]},"properties":{"lines":"Ghioroc, Vladimirescu","color":"#0059a9","mode":"bus","arr":["Ghioroc","Vladimirescu"],"angle":28.5}},{"type":"Feature","geometry":{"type":"Point","coordinates":[21.385541,46.169851]},"properties":{"lines":"Ghioroc, Vladimirescu","color":"#0059a9","mode":"bus","arr":["Ghioroc","Vladimirescu"],"angle":28,"extra":1,"ei":0}},{"type":"Feature","geometry":{"type":"Point","coordinates":[21.380768,46.171677]},"properties":{"lines":"Ghioroc, Vladimirescu","color":"#0059a9","mode":"bus","arr":["Ghioroc","Vladimirescu"],"angle":33.3,"extra":1,"ei":1}},{"type":"Feature","geometry":{"type":"Point","coordinates":[21.326741,46.184995]},"properties":{"lines":"31, 52","color":"#0059a9","mode":"bus","arr":["31","52"],"angle":-78.6,"side":-1}},{"type":"Feature","geometry":{"type":"Point","coordinates":[21.31815,46.175362]},"properties":{"lines":"1, 3, 6, 16, 18b","color":"#d6212b","mode":"tram","arr":["1","3","6","16","18b"],"angle":-63.3,"side":-1}},{"type":"Feature","geometry":{"type":"Point","coordinates":[21.318405,46.168382]},"properties":{"lines":"1, 3, 6, 16, 18b","color":"#d6212b","mode":"tram","arr":["1","3","6","16","18b"],"angle":39.6,"extra":1,"ei":0}},{"type":"Feature","geometry":{"type":"Point","coordinates":[21.316825,46.1699]},"properties":{"lines":"1, 3, 6, 16, 18b","color":"#d6212b","mode":"tram","arr":["1","3","6","16","18b"],"angle":65.8,"extra":1,"ei":1}},{"type":"Feature","geometry":{"type":"Point","coordinates":[21.315966,46.171687]},"properties":{"lines":"1, 3, 6, 16, 18b","color":"#d6212b","mode":"tram","arr":["1","3","6","16","18b"],"angle":82.6,"extra":1,"ei":2}},{"type":"Feature","geometry":{"type":"Point","coordinates":[21.316777,46.173468]},"properties":{"lines":"1, 3, 6, 16, 18b","color":"#d6212b","mode":"tram","arr":["1","3","6","16","18b"],"angle":-65.9,"extra":1,"ei":3,"side":-1}},{"type":"Feature","geometry":{"type":"Point","coordinates":[21.319134,46.176872]},"properties":{"lines":"1, 3, 6, 16, 18b","color":"#d6212b","mode":"tram","arr":["1","3","6","16","18b"],"angle":-66.8,"extra":1,"ei":4,"side":-1}},{"type":"Feature","geometry":{"type":"Point","coordinates":[21.320261,46.178591]},"properties":{"lines":"1, 3, 6, 16, 18b","color":"#d6212b","mode":"tram","arr":["1","3","6","16","18b"],"angle":-61.8,"extra":1,"ei":5,"side":-1}},{"type":"Feature","geometry":{"type":"Point","coordinates":[21.321518,46.180267]},"properties":{"lines":"1, 3, 6, 16, 18b","color":"#d6212b","mode":"tram","arr":["1","3","6","16","18b"],"angle":-62.4,"extra":1,"ei":6,"side":-1}},{"type":"Feature","geometry":{"type":"Point","coordinates":[21.322863,46.181909]},"properties":{"lines":"1, 3, 6, 16, 18b","color":"#d6212b","mode":"tram","arr":["1","3","6","16","18b"],"angle":-61,"extra":1,"ei":7,"side":-1}},{"type":"Feature","geometry":{"type":"Point","coordinates":[21.32438,46.183873]},"properties":{"lines":"1, 3, 6, 7, 16, 18b","color":"#d6212b","mode":"tram","arr":["1","3","6","7","16","18b","31","39b","52","54"],"busLines":"31, 39b, 52, 54","angle":-64.5,"side":-1}},{"type":"Feature","geometry":{"type":"Point","coordinates":[21.329381,46.189993]},"properties":{"lines":"15, 16","color":"#d6212b","mode":"tram","arr":["15","16","31","52"],"busLines":"31, 52","angle":-70.4}},{"type":"Feature","geometry":{"type":"Point","coordinates":[21.326614,46.185087]},"properties":{"lines":"15, 16","color":"#d6212b","mode":"tram","arr":["15","16","31","52"],"busLines":"31, 52","angle":-33,"extra":1,"ei":0}},{"type":"Feature","geometry":{"type":"Point","coordinates":[21.327716,46.186787]},"properties":{"lines":"15, 16","color":"#d6212b","mode":"tram","arr":["15","16","31","52"],"busLines":"31, 52","angle":-70.1,"extra":1,"ei":1}},{"type":"Feature","geometry":{"type":"Point","coordinates":[21.328643,46.188563]},"properties":{"lines":"15, 16","color":"#d6212b","mode":"tram","arr":["15","16","31","52"],"busLines":"31, 52","angle":-70.4,"extra":1,"ei":2}},{"type":"Feature","geometry":{"type":"Point","coordinates":[21.330648,46.192064]},"properties":{"lines":"15, 16","color":"#d6212b","mode":"tram","arr":["15","16","31","52"],"busLines":"31, 52","angle":-53.1,"extra":1,"ei":3}},{"type":"Feature","geometry":{"type":"Point","coordinates":[21.332292,46.193571]},"properties":{"lines":"15, 16","color":"#d6212b","mode":"tram","arr":["15","16","31","52"],"busLines":"31, 52","angle":-52.9,"extra":1,"ei":4}},{"type":"Feature","geometry":{"type":"Point","coordinates":[21.333963,46.195064]},"properties":{"lines":"15, 16","color":"#d6212b","mode":"tram","arr":["15","16","31","52"],"busLines":"31, 52","angle":-54.9,"extra":1,"ei":5}},{"type":"Feature","geometry":{"type":"Point","coordinates":[21.334278,46.195431]},"properties":{"lines":"15, 16","color":"#d6212b","mode":"tram","arr":["15","16","31"],"busLines":"31","angle":-55.8}},{"type":"Feature","geometry":{"type":"Point","coordinates":[21.338609,46.199369]},"properties":{"lines":"15, 16","color":"#d6212b","mode":"tram","arr":["15","16"],"angle":-53.6}},{"type":"Feature","geometry":{"type":"Point","coordinates":[21.335312,46.196355]},"properties":{"lines":"15, 16","color":"#d6212b","mode":"tram","arr":["15","16"],"angle":-52.6,"extra":1,"ei":0}},{"type":"Feature","geometry":{"type":"Point","coordinates":[21.336966,46.197856]},"properties":{"lines":"15, 16","color":"#d6212b","mode":"tram","arr":["15","16"],"angle":-52.4,"extra":1,"ei":1}},{"type":"Feature","geometry":{"type":"Point","coordinates":[21.340283,46.200854]},"properties":{"lines":"15, 16","color":"#d6212b","mode":"tram","arr":["15","16"],"angle":-51.8,"extra":1,"ei":2}},{"type":"Feature","geometry":{"type":"Point","coordinates":[21.34193,46.20236]},"properties":{"lines":"15, 16","color":"#d6212b","mode":"tram","arr":["15","16"],"angle":-51.7,"extra":1,"ei":3}},{"type":"Feature","geometry":{"type":"Point","coordinates":[21.333823,46.195001]},"properties":{"lines":"16","color":"#d6212b","mode":"tram","arr":["16","31","52"],"busLines":"31, 52","angle":-54.3}},{"type":"Feature","geometry":{"type":"Point","coordinates":[21.324922,46.184994]},"properties":{"lines":"1, 3, 6, 18b","color":"#d6212b","mode":"tram","arr":["1","3","6","18b","39b"],"busLines":"39b","angle":-78.1}},{"type":"Feature","geometry":{"type":"Point","coordinates":[21.3257,46.187588]},"properties":{"lines":"1, 3, 6, 15, 18b","color":"#d6212b","mode":"tram","arr":["1","3","6","15","18b","21","39b"],"busLines":"21, 39b","angle":80.3}},{"type":"Feature","geometry":{"type":"Point","coordinates":[21.325267,46.186158]},"properties":{"lines":"1, 3, 6, 15, 18b","color":"#d6212b","mode":"tram","arr":["1","3","6","15","18b","21","39b"],"busLines":"21, 39b","angle":-73.9,"extra":1,"ei":0,"side":-1}},{"type":"Feature","geometry":{"type":"Point","coordinates":[21.323522,46.189182]},"properties":{"lines":"1, 3, 6, 15, 18b","color":"#d6212b","mode":"tram","arr":["1","3","6","15","18b","21","39b"],"busLines":"21, 39b","angle":17.1,"extra":1,"ei":1}},{"type":"Feature","geometry":{"type":"Point","coordinates":[21.321024,46.189678]},"properties":{"lines":"1, 3, 6, 15, 18b","color":"#d6212b","mode":"tram","arr":["1","3","6","15","18b","39b"],"busLines":"39b","angle":15.3}},{"type":"Feature","geometry":{"type":"Point","coordinates":[21.314936,46.190881]},"properties":{"lines":"1, 3, 6, 15, 18b","color":"#d6212b","mode":"tram","arr":["1","3","6","15","18b"],"angle":16.2}},{"type":"Feature","geometry":{"type":"Point","coordinates":[21.317369,46.190396]},"properties":{"lines":"1, 3, 6, 15, 18b","color":"#d6212b","mode":"tram","arr":["1","3","6","15","18b"],"angle":16,"extra":1,"ei":0}},{"type":"Feature","geometry":{"type":"Point","coordinates":[21.312129,46.191445]},"properties":{"lines":"1, 3, 6, 15, 18b","color":"#d6212b","mode":"tram","arr":["1","3","6","15","18b"],"angle":15.8,"extra":1,"ei":1}},{"type":"Feature","geometry":{"type":"Point","coordinates":[21.310255,46.191812]},"properties":{"lines":"1, 3, 6, 15, 18b","color":"#d6212b","mode":"tram","arr":["1","3","6","15","18b","19","46","49b","60"],"busLines":"19, 46, 49b, 60","angle":15.8}},{"type":"Feature","geometry":{"type":"Point","coordinates":[21.308694,46.192122]},"properties":{"lines":"1, 3, 6, 15, 18b","color":"#d6212b","mode":"tram","arr":["1","3","6","15","18b","46","60"],"busLines":"46, 60","angle":16}},{"type":"Feature","geometry":{"type":"Point","coordinates":[21.307001,46.1926]},"properties":{"lines":"1, 3, 6, 15, 18b","color":"#d6212b","mode":"tram","arr":["1","3","6","15","18b"],"angle":30,"mi":1}},{"type":"Feature","geometry":{"type":"Point","coordinates":[21.298959,46.196216]},"properties":{"lines":"1, 3, 6, 7, 15, 18b","color":"#d6212b","mode":"tram","arr":["1","3","6","7","15","18b"],"angle":52.2}},{"type":"Feature","geometry":{"type":"Point","coordinates":[21.304803,46.1935]},"properties":{"lines":"1, 3, 6, 7, 15, 18b","color":"#d6212b","mode":"tram","arr":["1","3","6","7","15","18b"],"angle":30.9,"extra":1,"ei":0}},{"type":"Feature","geometry":{"type":"Point","coordinates":[21.302468,46.194477]},"properties":{"lines":"1, 3, 6, 7, 15, 18b","color":"#d6212b","mode":"tram","arr":["1","3","6","7","15","18b"],"angle":30.8,"extra":1,"ei":1}},{"type":"Feature","geometry":{"type":"Point","coordinates":[21.29661,46.198309]},"properties":{"lines":"1, 3, 6, 7, 15, 18b","color":"#d6212b","mode":"tram","arr":["1","3","6","7","15","18b"],"angle":51.7,"extra":1,"ei":2}},{"type":"Feature","geometry":{"type":"Point","coordinates":[21.294659,46.199622]},"properties":{"lines":"1, 3, 6, 7, 15, 18b","color":"#d6212b","mode":"tram","arr":["1","3","6","7","15","18b"],"angle":41.6,"extra":1,"ei":3}},{"type":"Feature","geometry":{"type":"Point","coordinates":[21.298555,46.19652]},"properties":{"lines":"1, 3, 6, 7, 15, 18b","color":"#d6212b","mode":"tram","arr":["1","3","6","7","15","18b"],"angle":52.3,"mi":1}},{"type":"Feature","geometry":{"type":"Point","coordinates":[21.293298,46.200401]},"properties":{"lines":"1, 3, 6, 7, 15, 18b","color":"#d6212b","mode":"tram","arr":["1","3","6","7","15","18b"],"angle":41.3,"extra":1,"ei":0,"side":-1}},{"type":"Feature","geometry":{"type":"Point","coordinates":[21.29535,46.199157]},"properties":{"lines":"1, 3, 6, 7, 15, 18b","color":"#d6212b","mode":"tram","arr":["1","3","6","7","15","18b"],"angle":42.4,"extra":1,"ei":1}},{"type":"Feature","geometry":{"type":"Point","coordinates":[21.297169,46.197756]},"properties":{"lines":"1, 3, 6, 7, 15, 18b","color":"#d6212b","mode":"tram","arr":["1","3","6","7","15","18b"],"angle":52.3,"extra":1,"ei":2,"side":-1}},{"type":"Feature","geometry":{"type":"Point","coordinates":[21.30092,46.195077]},"properties":{"lines":"1, 3, 6, 7, 15, 18b","color":"#d6212b","mode":"tram","arr":["1","3","6","7","15","18b"],"angle":31.9,"extra":1,"ei":3}},{"type":"Feature","geometry":{"type":"Point","coordinates":[21.303256,46.194102]},"properties":{"lines":"1, 3, 6, 7, 15, 18b","color":"#d6212b","mode":"tram","arr":["1","3","6","7","15","18b"],"angle":31.9,"extra":1,"ei":4,"side":-1}},{"type":"Feature","geometry":{"type":"Point","coordinates":[21.305594,46.19313]},"properties":{"lines":"1, 3, 6, 7, 15, 18b","color":"#d6212b","mode":"tram","arr":["1","3","6","7","15","18b"],"angle":32.2,"extra":1,"ei":5,"side":-1}},{"type":"Feature","geometry":{"type":"Point","coordinates":[21.292972,46.200874]},"properties":{"lines":"1, 3, 7, 15, 18b","color":"#d6212b","mode":"tram","arr":["1","3","7","15","18b"],"angle":72.5,"mi":1}},{"type":"Feature","geometry":{"type":"Point","coordinates":[21.290915,46.201552]},"properties":{"lines":"1, 3, 7, 15, 18b","color":"#d6212b","mode":"tram","arr":["1","3","7","15","18b"],"angle":75.8}},{"type":"Feature","geometry":{"type":"Point","coordinates":[21.293257,46.203107]},"properties":{"lines":"1, 1b, 3, 7, 15, 18b","color":"#d6212b","mode":"tram","arr":["1","1b","3","7","15","18b"],"angle":-84.3}},{"type":"Feature","geometry":{"type":"Point","coordinates":[21.291075,46.202171]},"properties":{"lines":"1, 1b, 3, 7, 15, 18b","color":"#d6212b","mode":"tram","arr":["1","1b","3","7","15","18b"],"angle":-72,"mi":1}},{"type":"Feature","geometry":{"type":"Point","coordinates":[21.291715,46.201148]},"properties":{"lines":"1, 1b, 3, 6, 7, 15, 18b","color":"#d6212b","mode":"tram","arr":["1","1b","3","6","7","15","18b"],"angle":25.9}},{"type":"Feature","geometry":{"type":"Point","coordinates":[21.307409,46.192357]},"properties":{"lines":"1, 3, 6, 7, 15","color":"#d6212b","mode":"tram","arr":["1","3","6","7","15"],"angle":28.3,"side":-1}},{"type":"Feature","geometry":{"type":"Point","coordinates":[21.309967,46.191825]},"properties":{"lines":"1, 3, 6, 7, 15","color":"#d6212b","mode":"tram","arr":["1","3","6","7","15","19","46","49b","60"],"busLines":"19, 46, 49b, 60","angle":14.5,"side":-1}},{"type":"Feature","geometry":{"type":"Point","coordinates":[21.314809,46.190875]},"properties":{"lines":"1, 3, 6, 7, 15","color":"#d6212b","mode":"tram","arr":["1","3","6","7","15"],"angle":16,"mi":1}},{"type":"Feature","geometry":{"type":"Point","coordinates":[21.312218,46.191389]},"properties":{"lines":"1, 3, 6, 7, 15","color":"#d6212b","mode":"tram","arr":["1","3","6","7","15"],"angle":15,"extra":1,"ei":0,"side":-1}},{"type":"Feature","geometry":{"type":"Point","coordinates":[21.317462,46.190347]},"properties":{"lines":"1, 3, 6, 7, 15","color":"#d6212b","mode":"tram","arr":["1","3","6","7","15"],"angle":16,"extra":1,"ei":1}},{"type":"Feature","geometry":{"type":"Point","coordinates":[21.321054,46.189641]},"properties":{"lines":"1, 3, 6, 7, 15","color":"#d6212b","mode":"tram","arr":["1","3","6","7","15","39b"],"busLines":"39b","angle":15.7}},{"type":"Feature","geometry":{"type":"Point","coordinates":[21.323857,46.18907]},"properties":{"lines":"1, 3, 6, 7, 15","color":"#d6212b","mode":"tram","arr":["1","3","6","7","15","21","39b"],"busLines":"21, 39b","angle":21,"side":-1,"mi":1}},{"type":"Feature","geometry":{"type":"Point","coordinates":[21.324999,46.188467]},"properties":{"lines":"1, 3, 6, 7, 15","color":"#d6212b","mode":"tram","arr":["1","3","6","7","15","39b"],"busLines":"39b","angle":53.7,"side":-1,"mi":1}},{"type":"Feature","geometry":{"type":"Point","coordinates":[21.325372,46.186547]},"properties":{"lines":"1, 3, 6, 7, 15","color":"#d6212b","mode":"tram","arr":["1","3","6","7","15","21","39b"],"busLines":"21, 39b","angle":-73.7}},{"type":"Feature","geometry":{"type":"Point","coordinates":[21.324848,46.184926]},"properties":{"lines":"1, 3, 6, 7","color":"#d6212b","mode":"tram","arr":["1","3","6","7","39b"],"busLines":"39b","angle":-77.1}},{"type":"Feature","geometry":{"type":"Point","coordinates":[21.318003,46.175335]},"properties":{"lines":"1, 3, 6, 7, 16","color":"#d6212b","mode":"tram","arr":["1","3","6","7","16"],"angle":-64.4}},{"type":"Feature","geometry":{"type":"Point","coordinates":[21.323038,46.182366]},"properties":{"lines":"1, 3, 6, 7, 16","color":"#d6212b","mode":"tram","arr":["1","3","6","7","16"],"angle":-57.9,"extra":1,"ei":0}},{"type":"Feature","geometry":{"type":"Point","coordinates":[21.321617,46.180754]},"properties":{"lines":"1, 3, 6, 7, 16","color":"#d6212b","mode":"tram","arr":["1","3","6","7","16"],"angle":-60.8,"extra":1,"ei":1}},{"type":"Feature","geometry":{"type":"Point","coordinates":[21.32036,46.179078]},"properties":{"lines":"1, 3, 6, 7, 16","color":"#d6212b","mode":"tram","arr":["1","3","6","7","16"],"angle":-63.7,"extra":1,"ei":2}},{"type":"Feature","geometry":{"type":"Point","coordinates":[21.319245,46.177355]},"properties":{"lines":"1, 3, 6, 7, 16","color":"#d6212b","mode":"tram","arr":["1","3","6","7","16"],"angle":-67.2,"extra":1,"ei":3}},{"type":"Feature","geometry":{"type":"Point","coordinates":[21.316971,46.173925]},"properties":{"lines":"1, 3, 6, 7, 16","color":"#d6212b","mode":"tram","arr":["1","3","6","7","16"],"angle":-64.2,"extra":1,"ei":4}},{"type":"Feature","geometry":{"type":"Point","coordinates":[21.315936,46.17218]},"properties":{"lines":"1, 3, 6, 7, 16","color":"#d6212b","mode":"tram","arr":["1","3","6","7","16"],"angle":-75.5,"extra":1,"ei":5}},{"type":"Feature","geometry":{"type":"Point","coordinates":[21.316502,46.170361]},"properties":{"lines":"1, 3, 6, 7, 16","color":"#d6212b","mode":"tram","arr":["1","3","6","7","16"],"angle":69.3,"extra":1,"ei":6}},{"type":"Feature","geometry":{"type":"Point","coordinates":[21.317828,46.168725]},"properties":{"lines":"1, 3, 6, 7, 16","color":"#d6212b","mode":"tram","arr":["1","3","6","7","16"],"angle":47.4,"extra":1,"ei":7,"side":-1}},{"type":"Feature","geometry":{"type":"Point","coordinates":[21.319871,46.167662]},"properties":{"lines":"1, 3, 6, 16","color":"#d6212b","mode":"tram","arr":["1","3","6","16"],"angle":55.2,"side":-1}},{"type":"Feature","geometry":{"type":"Point","coordinates":[21.29071,46.201584]},"properties":{"lines":"1b","color":"#d6212b","mode":"tram","arr":["1b"],"angle":-24.3}},{"type":"Feature","geometry":{"type":"Point","coordinates":[21.266133,46.201625]},"properties":{"lines":"1b","color":"#d6212b","mode":"tram","arr":["1b"],"angle":6.2}},{"type":"Feature","geometry":{"type":"Point","coordinates":[21.281894,46.201286]},"properties":{"lines":"1b","color":"#d6212b","mode":"tram","arr":["1b"],"angle":1,"extra":1,"ei":0}},{"type":"Feature","geometry":{"type":"Point","coordinates":[21.279167,46.201321]},"properties":{"lines":"1b","color":"#d6212b","mode":"tram","arr":["1b"],"angle":0.7,"extra":1,"ei":1}},{"type":"Feature","geometry":{"type":"Point","coordinates":[21.27644,46.201331]},"properties":{"lines":"1b","color":"#d6212b","mode":"tram","arr":["1b"],"angle":0.4,"extra":1,"ei":2}},{"type":"Feature","geometry":{"type":"Point","coordinates":[21.273712,46.201358]},"properties":{"lines":"1b","color":"#d6212b","mode":"tram","arr":["1b"],"angle":1.3,"extra":1,"ei":3}},{"type":"Feature","geometry":{"type":"Point","coordinates":[21.270986,46.201333]},"properties":{"lines":"1b","color":"#d6212b","mode":"tram","arr":["1b"],"angle":-1.9,"extra":1,"ei":4}},{"type":"Feature","geometry":{"type":"Point","coordinates":[21.268267,46.201463]},"properties":{"lines":"1b","color":"#d6212b","mode":"tram","arr":["1b"],"angle":6.3,"extra":1,"ei":5}},{"type":"Feature","geometry":{"type":"Point","coordinates":[21.262845,46.201874]},"properties":{"lines":"1b","color":"#d6212b","mode":"tram","arr":["1b"],"angle":6.2,"extra":1,"ei":6}},{"type":"Feature","geometry":{"type":"Point","coordinates":[21.260135,46.202087]},"properties":{"lines":"1b","color":"#d6212b","mode":"tram","arr":["1b"],"angle":6.4,"extra":1,"ei":7}},{"type":"Feature","geometry":{"type":"Point","coordinates":[21.257422,46.202286]},"properties":{"lines":"1b","color":"#d6212b","mode":"tram","arr":["1b"],"angle":6,"extra":1,"ei":8}},{"type":"Feature","geometry":{"type":"Point","coordinates":[21.255753,46.203514]},"properties":{"lines":"1b","color":"#d6212b","mode":"tram","arr":["1b"],"angle":70.4,"extra":1,"ei":9}},{"type":"Feature","geometry":{"type":"Point","coordinates":[21.255935,46.205014]},"properties":{"lines":"1b","color":"#d6212b","mode":"tram","arr":["1b"],"angle":-13.5,"extra":1,"ei":10}},{"type":"Feature","geometry":{"type":"Point","coordinates":[21.292674,46.200995]},"properties":{"lines":"1b","color":"#d6212b","mode":"tram","arr":["1b"],"angle":-37.3,"mi":1}},{"type":"Feature","geometry":{"type":"Point","coordinates":[21.287061,46.201515]},"properties":{"lines":"1b, 6","color":"#d6212b","mode":"tram","arr":["1b","6"],"angle":-9.1}},{"type":"Feature","geometry":{"type":"Point","coordinates":[21.284621,46.201263]},"properties":{"lines":"1b, 6","color":"#d6212b","mode":"tram","arr":["1b","6"],"angle":-4.4,"extra":1,"ei":0}},{"type":"Feature","geometry":{"type":"Point","coordinates":[21.290027,46.20164]},"properties":{"lines":"1b, 6","color":"#d6212b","mode":"tram","arr":["1b","6"],"angle":11.3,"extra":1,"ei":1}},{"type":"Feature","geometry":{"type":"Point","coordinates":[21.327957,46.144993]},"properties":{"lines":"3","color":"#d6212b","mode":"tram","arr":["3","19","49b"],"busLines":"19, 49b","angle":14.9,"side":-1}},{"type":"Feature","geometry":{"type":"Point","coordinates":[21.333017,46.144151]},"properties":{"lines":"3","color":"#d6212b","mode":"tram","arr":["3","19","49b"],"busLines":"19, 49b","angle":1.6,"extra":1,"ei":0}},{"type":"Feature","geometry":{"type":"Point","coordinates":[21.330361,46.14456]},"properties":{"lines":"3","color":"#d6212b","mode":"tram","arr":["3","19","49b"],"busLines":"19, 49b","angle":14.7,"extra":1,"ei":1,"side":-1}},{"type":"Feature","geometry":{"type":"Point","coordinates":[21.325085,46.145521]},"properties":{"lines":"3","color":"#d6212b","mode":"tram","arr":["3","19","49b"],"busLines":"19, 49b","angle":14.6,"extra":1,"ei":2}},{"type":"Feature","geometry":{"type":"Point","coordinates":[21.322443,46.145988]},"properties":{"lines":"3","color":"#d6212b","mode":"tram","arr":["3","19","49b"],"busLines":"19, 49b","angle":13.9,"extra":1,"ei":3}},{"type":"Feature","geometry":{"type":"Point","coordinates":[21.321823,46.151452]},"properties":{"lines":"3","color":"#d6212b","mode":"tram","arr":["3","19","49"],"busLines":"19, 49","angle":-85.7,"side":-1}},{"type":"Feature","geometry":{"type":"Point","coordinates":[21.321361,46.147238]},"properties":{"lines":"3","color":"#d6212b","mode":"tram","arr":["3","19","49"],"busLines":"19, 49","angle":-87.8,"extra":1,"ei":0,"side":-1}},{"type":"Feature","geometry":{"type":"Point","coordinates":[21.32154,46.149122]},"properties":{"lines":"3","color":"#d6212b","mode":"tram","arr":["3","19","49"],"busLines":"19, 49","angle":-84.7,"extra":1,"ei":1,"side":-1}},{"type":"Feature","geometry":{"type":"Point","coordinates":[21.321909,46.152889]},"properties":{"lines":"3","color":"#d6212b","mode":"tram","arr":["3","19","49"],"busLines":"19, 49","angle":-89.4,"extra":1,"ei":2,"side":-1}},{"type":"Feature","geometry":{"type":"Point","coordinates":[21.321888,46.154777]},"properties":{"lines":"3","color":"#d6212b","mode":"tram","arr":["3","19","49"],"busLines":"19, 49","angle":88.3,"extra":1,"ei":3}},{"type":"Feature","geometry":{"type":"Point","coordinates":[21.323283,46.162016]},"properties":{"lines":"3","color":"#d6212b","mode":"tram","arr":["3"],"angle":-83.7,"side":-1}},{"type":"Feature","geometry":{"type":"Point","coordinates":[21.321823,46.157564]},"properties":{"lines":"3","color":"#d6212b","mode":"tram","arr":["3"],"angle":89.8,"extra":1,"ei":0}},{"type":"Feature","geometry":{"type":"Point","coordinates":[21.321844,46.159449]},"properties":{"lines":"3","color":"#d6212b","mode":"tram","arr":["3"],"angle":-75.5,"extra":1,"ei":1}},{"type":"Feature","geometry":{"type":"Point","coordinates":[21.322352,46.164844]},"properties":{"lines":"3","color":"#d6212b","mode":"tram","arr":["3"],"angle":72.7,"extra":1,"ei":2}},{"type":"Feature","geometry":{"type":"Point","coordinates":[21.321397,46.166613]},"properties":{"lines":"3","color":"#d6212b","mode":"tram","arr":["3"],"angle":67.6,"extra":1,"ei":3}},{"type":"Feature","geometry":{"type":"Point","coordinates":[21.320225,46.167155]},"properties":{"lines":"3","color":"#d6212b","mode":"tram","arr":["3"],"angle":48.4,"mi":2}},{"type":"Feature","geometry":{"type":"Point","coordinates":[21.323197,46.161919]},"properties":{"lines":"3","color":"#d6212b","mode":"tram","arr":["3"],"angle":-79.8,"mi":1}},{"type":"Feature","geometry":{"type":"Point","coordinates":[21.321497,46.166359]},"properties":{"lines":"3","color":"#d6212b","mode":"tram","arr":["3"],"angle":67.7,"extra":1,"ei":0}},{"type":"Feature","geometry":{"type":"Point","coordinates":[21.322421,46.164583]},"properties":{"lines":"3","color":"#d6212b","mode":"tram","arr":["3"],"angle":73.8,"extra":1,"ei":1}},{"type":"Feature","geometry":{"type":"Point","coordinates":[21.321755,46.159173]},"properties":{"lines":"3","color":"#d6212b","mode":"tram","arr":["3"],"angle":-87.2,"extra":1,"ei":2}},{"type":"Feature","geometry":{"type":"Point","coordinates":[21.32177,46.157285]},"properties":{"lines":"3","color":"#d6212b","mode":"tram","arr":["3"],"angle":89.8,"extra":1,"ei":3}},{"type":"Feature","geometry":{"type":"Point","coordinates":[21.321768,46.151487]},"properties":{"lines":"3","color":"#d6212b","mode":"tram","arr":["3","19","49"],"busLines":"19, 49","angle":-85.2,"mi":1}},{"type":"Feature","geometry":{"type":"Point","coordinates":[21.321794,46.155599]},"properties":{"lines":"3","color":"#d6212b","mode":"tram","arr":["3","19","49"],"busLines":"19, 49","angle":88.4,"extra":1,"ei":0,"side":-1}},{"type":"Feature","geometry":{"type":"Point","coordinates":[21.321861,46.153711]},"properties":{"lines":"3","color":"#d6212b","mode":"tram","arr":["3","19","49"],"busLines":"19, 49","angle":89.9,"extra":1,"ei":1,"side":-1}},{"type":"Feature","geometry":{"type":"Point","coordinates":[21.32158,46.149941]},"properties":{"lines":"3","color":"#d6212b","mode":"tram","arr":["3","19","49"],"busLines":"19, 49","angle":-85,"extra":1,"ei":2}},{"type":"Feature","geometry":{"type":"Point","coordinates":[21.321354,46.148059]},"properties":{"lines":"3","color":"#d6212b","mode":"tram","arr":["3","19","49"],"busLines":"19, 49","angle":-86.5,"extra":1,"ei":3}},{"type":"Feature","geometry":{"type":"Point","coordinates":[21.321376,46.146231]},"properties":{"lines":"3","color":"#d6212b","mode":"tram","arr":["3","19","49","49b"],"busLines":"19, 49, 49b","angle":54.3}},{"type":"Feature","geometry":{"type":"Point","coordinates":[21.328391,46.14488]},"properties":{"lines":"3","color":"#d6212b","mode":"tram","arr":["3","19","49b"],"busLines":"19, 49b","angle":14.9,"side":-1,"mi":1}},{"type":"Feature","geometry":{"type":"Point","coordinates":[21.322954,46.145861]},"properties":{"lines":"3","color":"#d6212b","mode":"tram","arr":["3","19","49b"],"busLines":"19, 49b","angle":14.4,"extra":1,"ei":0,"side":-1}},{"type":"Feature","geometry":{"type":"Point","coordinates":[21.325594,46.145385]},"properties":{"lines":"3","color":"#d6212b","mode":"tram","arr":["3","19","49b"],"busLines":"19, 49b","angle":14.9,"extra":1,"ei":1,"side":-1}},{"type":"Feature","geometry":{"type":"Point","coordinates":[21.330874,46.144436]},"properties":{"lines":"3","color":"#d6212b","mode":"tram","arr":["3","19","49b"],"busLines":"19, 49b","angle":14.3,"extra":1,"ei":2,"side":-1}},{"type":"Feature","geometry":{"type":"Point","coordinates":[21.333544,46.144109]},"properties":{"lines":"3","color":"#d6212b","mode":"tram","arr":["3","19","49b"],"busLines":"19, 49b","angle":-7.8,"extra":1,"ei":3,"side":-1}},{"type":"Feature","geometry":{"type":"Point","coordinates":[21.320298,46.167618]},"properties":{"lines":"3, 18b","color":"#d6212b","mode":"tram","arr":["3","18b"],"angle":20.4}},{"type":"Feature","geometry":{"type":"Point","coordinates":[21.280086,46.205574]},"properties":{"lines":"6","color":"#d6212b","mode":"tram","arr":["6"],"angle":67.9,"side":-1,"mi":1}},{"type":"Feature","geometry":{"type":"Point","coordinates":[21.282377,46.201957]},"properties":{"lines":"6","color":"#d6212b","mode":"tram","arr":["6"],"angle":63.1,"extra":1,"ei":0}},{"type":"Feature","geometry":{"type":"Point","coordinates":[21.281273,46.203683]},"properties":{"lines":"6","color":"#d6212b","mode":"tram","arr":["6"],"angle":66.2,"extra":1,"ei":1}},{"type":"Feature","geometry":{"type":"Point","coordinates":[21.27924,46.207186]},"properties":{"lines":"6","color":"#d6212b","mode":"tram","arr":["6"],"angle":70.3,"extra":1,"ei":2,"side":-1}},{"type":"Feature","geometry":{"type":"Point","coordinates":[21.278318,46.208964]},"properties":{"lines":"6","color":"#d6212b","mode":"tram","arr":["6"],"angle":70.2,"extra":1,"ei":3,"side":-1}},{"type":"Feature","geometry":{"type":"Point","coordinates":[21.283903,46.201297]},"properties":{"lines":"6","color":"#d6212b","mode":"tram","arr":["6"],"angle":1.4}},{"type":"Feature","geometry":{"type":"Point","coordinates":[21.292095,46.201045]},"properties":{"lines":"6","color":"#d6212b","mode":"tram","arr":["6"],"angle":29.3,"mi":2}},{"type":"Feature","geometry":{"type":"Point","coordinates":[21.310434,46.167048]},"properties":{"lines":"7","color":"#d6212b","mode":"tram","arr":["7","41","60"],"busLines":"41, 60","angle":-3.4}},{"type":"Feature","geometry":{"type":"Point","coordinates":[21.317687,46.166559]},"properties":{"lines":"7","color":"#d6212b","mode":"tram","arr":["7","41","60"],"busLines":"41, 60","angle":10.8,"extra":1,"ei":0}},{"type":"Feature","geometry":{"type":"Point","coordinates":[21.315006,46.166894]},"properties":{"lines":"7","color":"#d6212b","mode":"tram","arr":["7","41","60"],"busLines":"41, 60","angle":4.7,"extra":1,"ei":1}},{"type":"Feature","geometry":{"type":"Point","coordinates":[21.312288,46.16705]},"properties":{"lines":"7","color":"#d6212b","mode":"tram","arr":["7","41","60"],"busLines":"41, 60","angle":7.9,"extra":1,"ei":2}},{"type":"Feature","geometry":{"type":"Point","coordinates":[21.306854,46.166887]},"properties":{"lines":"7","color":"#d6212b","mode":"tram","arr":["7","41","60"],"busLines":"41, 60","angle":-6,"extra":1,"ei":3}},{"type":"Feature","geometry":{"type":"Point","coordinates":[21.304135,46.166742]},"properties":{"lines":"7","color":"#d6212b","mode":"tram","arr":["7","41","60"],"busLines":"41, 60","angle":-4.6,"extra":1,"ei":4}},{"type":"Feature","geometry":{"type":"Point","coordinates":[21.296112,46.16627]},"properties":{"lines":"7","color":"#d6212b","mode":"tram","arr":["7"],"angle":-5.1}},{"type":"Feature","geometry":{"type":"Point","coordinates":[21.300414,46.166526]},"properties":{"lines":"7","color":"#d6212b","mode":"tram","arr":["7"],"angle":-4.3,"extra":1,"ei":0}},{"type":"Feature","geometry":{"type":"Point","coordinates":[21.292259,46.166064]},"properties":{"lines":"7","color":"#d6212b","mode":"tram","arr":["7"],"angle":-5.2,"extra":1,"ei":1}},{"type":"Feature","geometry":{"type":"Point","coordinates":[21.29361,46.173177]},"properties":{"lines":"7","color":"#d6212b","mode":"tram","arr":["7","21"],"busLines":"21","angle":-78.1}},{"type":"Feature","geometry":{"type":"Point","coordinates":[21.290418,46.166736]},"properties":{"lines":"7","color":"#d6212b","mode":"tram","arr":["7","21"],"busLines":"21","angle":-70.3,"extra":1,"ei":0}},{"type":"Feature","geometry":{"type":"Point","coordinates":[21.29134,46.168513]},"properties":{"lines":"7","color":"#d6212b","mode":"tram","arr":["7","21"],"busLines":"21","angle":-70.2,"extra":1,"ei":1}},{"type":"Feature","geometry":{"type":"Point","coordinates":[21.29222,46.170301]},"properties":{"lines":"7","color":"#d6212b","mode":"tram","arr":["7","21"],"busLines":"21","angle":-71.6,"extra":1,"ei":2}},{"type":"Feature","geometry":{"type":"Point","coordinates":[21.294425,46.175517]},"properties":{"lines":"7","color":"#d6212b","mode":"tram","arr":["7","21"],"busLines":"21","angle":-70.8,"extra":1,"ei":3}},{"type":"Feature","geometry":{"type":"Point","coordinates":[21.295311,46.177303]},"properties":{"lines":"7","color":"#d6212b","mode":"tram","arr":["7","21"],"busLines":"21","angle":-71,"extra":1,"ei":4}},{"type":"Feature","geometry":{"type":"Point","coordinates":[21.296187,46.179092]},"properties":{"lines":"7","color":"#d6212b","mode":"tram","arr":["7","21"],"busLines":"21","angle":-71.3,"extra":1,"ei":5}},{"type":"Feature","geometry":{"type":"Point","coordinates":[21.302122,46.187338]},"properties":{"lines":"7","color":"#d6212b","mode":"tram","arr":["7"],"angle":-62.1}},{"type":"Feature","geometry":{"type":"Point","coordinates":[21.297251,46.181264]},"properties":{"lines":"7","color":"#d6212b","mode":"tram","arr":["7"],"angle":-71.5,"extra":1,"ei":0}},{"type":"Feature","geometry":{"type":"Point","coordinates":[21.298415,46.182937]},"properties":{"lines":"7","color":"#d6212b","mode":"tram","arr":["7"],"angle":-43.4,"extra":1,"ei":1,"side":-1}},{"type":"Feature","geometry":{"type":"Point","coordinates":[21.299949,46.184471]},"properties":{"lines":"7","color":"#d6212b","mode":"tram","arr":["7"],"angle":-62.1,"extra":1,"ei":2}},{"type":"Feature","geometry":{"type":"Point","coordinates":[21.301215,46.186144]},"properties":{"lines":"7","color":"#d6212b","mode":"tram","arr":["7"],"angle":-62.4,"extra":1,"ei":3}},{"type":"Feature","geometry":{"type":"Point","coordinates":[21.303774,46.189479]},"properties":{"lines":"7","color":"#d6212b","mode":"tram","arr":["7"],"angle":-61.8,"extra":1,"ei":4}},{"type":"Feature","geometry":{"type":"Point","coordinates":[21.305829,46.190615]},"properties":{"lines":"7","color":"#d6212b","mode":"tram","arr":["7"],"angle":-30.5,"extra":1,"ei":5}},{"type":"Feature","geometry":{"type":"Point","coordinates":[21.307699,46.191906]},"properties":{"lines":"7","color":"#d6212b","mode":"tram","arr":["7"],"angle":-74.1,"extra":1,"ei":6,"side":-1}},{"type":"Feature","geometry":{"type":"Point","coordinates":[21.325108,46.184988]},"properties":{"lines":"15","color":"#d6212b","mode":"tram","arr":["15"],"angle":47.1}},{"type":"Feature","geometry":{"type":"Point","coordinates":[21.325024,46.184987]},"properties":{"lines":"15","color":"#d6212b","mode":"tram","arr":["15"],"angle":52.4,"mi":1}},{"type":"Feature","geometry":{"type":"Point","coordinates":[21.291521,46.202704]},"properties":{"lines":"18b","color":"#d6212b","mode":"tram","arr":["18b"],"angle":-52.7}},{"type":"Feature","geometry":{"type":"Point","coordinates":[21.306551,46.19268]},"properties":{"lines":"18b","color":"#d6212b","mode":"tram","arr":["18b"],"angle":32.4,"side":-1}},{"type":"Feature","geometry":{"type":"Point","coordinates":[21.307546,46.192206]},"properties":{"lines":"18b","color":"#d6212b","mode":"tram","arr":["18b","46","60"],"busLines":"46, 60","angle":60.6,"side":-1}},{"type":"Feature","geometry":{"type":"Point","coordinates":[21.301446,46.186523]},"properties":{"lines":"18b","color":"#d6212b","mode":"tram","arr":["18b"],"angle":-62.3,"mi":1}},{"type":"Feature","geometry":{"type":"Point","coordinates":[21.30686,46.191109]},"properties":{"lines":"18b","color":"#d6212b","mode":"tram","arr":["18b"],"angle":-36.2,"extra":1,"ei":0}},{"type":"Feature","geometry":{"type":"Point","coordinates":[21.304498,46.190169]},"properties":{"lines":"18b","color":"#d6212b","mode":"tram","arr":["18b"],"angle":-29.3,"extra":1,"ei":1}},{"type":"Feature","geometry":{"type":"Point","coordinates":[21.303055,46.188604]},"properties":{"lines":"18b","color":"#d6212b","mode":"tram","arr":["18b"],"angle":-62.5,"extra":1,"ei":2}},{"type":"Feature","geometry":{"type":"Point","coordinates":[21.300497,46.185268]},"properties":{"lines":"18b","color":"#d6212b","mode":"tram","arr":["18b"],"angle":-62.4,"extra":1,"ei":3}},{"type":"Feature","geometry":{"type":"Point","coordinates":[21.299224,46.183598]},"properties":{"lines":"18b","color":"#d6212b","mode":"tram","arr":["18b"],"angle":-60.2,"extra":1,"ei":4}},{"type":"Feature","geometry":{"type":"Point","coordinates":[21.297754,46.182075]},"properties":{"lines":"18b","color":"#d6212b","mode":"tram","arr":["18b"],"angle":-65.1,"extra":1,"ei":5}},{"type":"Feature","geometry":{"type":"Point","coordinates":[21.296752,46.180328]},"properties":{"lines":"18b","color":"#d6212b","mode":"tram","arr":["18b"],"angle":-71.5,"extra":1,"ei":6}},{"type":"Feature","geometry":{"type":"Point","coordinates":[21.293515,46.173041]},"properties":{"lines":"18b","color":"#d6212b","mode":"tram","arr":["18b","21"],"busLines":"21","angle":-76.6}},{"type":"Feature","geometry":{"type":"Point","coordinates":[21.296306,46.179436]},"properties":{"lines":"18b","color":"#d6212b","mode":"tram","arr":["18b","21"],"busLines":"21","angle":-70.9,"extra":1,"ei":0}},{"type":"Feature","geometry":{"type":"Point","coordinates":[21.295433,46.177647]},"properties":{"lines":"18b","color":"#d6212b","mode":"tram","arr":["18b","21"],"busLines":"21","angle":-71.1,"extra":1,"ei":1}},{"type":"Feature","geometry":{"type":"Point","coordinates":[21.294547,46.17586]},"properties":{"lines":"18b","color":"#d6212b","mode":"tram","arr":["18b","21"],"busLines":"21","angle":-70.8,"extra":1,"ei":2}},{"type":"Feature","geometry":{"type":"Point","coordinates":[21.292245,46.170444]},"properties":{"lines":"18b","color":"#d6212b","mode":"tram","arr":["18b","21"],"busLines":"21","angle":-71.7,"extra":1,"ei":3}},{"type":"Feature","geometry":{"type":"Point","coordinates":[21.291369,46.168656]},"properties":{"lines":"18b","color":"#d6212b","mode":"tram","arr":["18b","21"],"busLines":"21","angle":-70.2,"extra":1,"ei":4}},{"type":"Feature","geometry":{"type":"Point","coordinates":[21.290447,46.166878]},"properties":{"lines":"18b","color":"#d6212b","mode":"tram","arr":["18b","21"],"busLines":"21","angle":-70.2,"extra":1,"ei":5}},{"type":"Feature","geometry":{"type":"Point","coordinates":[21.296074,46.166231]},"properties":{"lines":"18b","color":"#d6212b","mode":"tram","arr":["18b"],"angle":-5.1,"side":-1}},{"type":"Feature","geometry":{"type":"Point","coordinates":[21.291768,46.166]},"properties":{"lines":"18b","color":"#d6212b","mode":"tram","arr":["18b"],"angle":-5.1,"extra":1,"ei":0}},{"type":"Feature","geometry":{"type":"Point","coordinates":[21.299923,46.166465]},"properties":{"lines":"18b","color":"#d6212b","mode":"tram","arr":["18b"],"angle":-5.2,"extra":1,"ei":1}},{"type":"Feature","geometry":{"type":"Point","coordinates":[21.311765,46.166499]},"properties":{"lines":"18b","color":"#d6212b","mode":"tram","arr":["18b","41","60"],"busLines":"41, 60","angle":10.4}},{"type":"Feature","geometry":{"type":"Point","coordinates":[21.303092,46.16666]},"properties":{"lines":"18b","color":"#d6212b","mode":"tram","arr":["18b","41","60"],"busLines":"41, 60","angle":-4.5,"extra":1,"ei":0}},{"type":"Feature","geometry":{"type":"Point","coordinates":[21.305812,46.166804]},"properties":{"lines":"18b","color":"#d6212b","mode":"tram","arr":["18b","41","60"],"busLines":"41, 60","angle":-3.8,"extra":1,"ei":1}},{"type":"Feature","geometry":{"type":"Point","coordinates":[21.30853,46.166951]},"properties":{"lines":"18b","color":"#d6212b","mode":"tram","arr":["18b","41","60"],"busLines":"41, 60","angle":-2.5,"extra":1,"ei":2}},{"type":"Feature","geometry":{"type":"Point","coordinates":[21.313619,46.166278]},"properties":{"lines":"18b","color":"#d6212b","mode":"tram","arr":["18b","41","60"],"busLines":"41, 60","angle":9.4,"extra":1,"ei":3}},{"type":"Feature","geometry":{"type":"Point","coordinates":[21.316288,46.165999]},"properties":{"lines":"18b","color":"#d6212b","mode":"tram","arr":["18b","41","60"],"busLines":"41, 60","angle":8.4,"extra":1,"ei":4}},{"type":"Feature","geometry":{"type":"Point","coordinates":[21.318981,46.165701]},"properties":{"lines":"18b","color":"#d6212b","mode":"tram","arr":["18b","41","60"],"busLines":"41, 60","angle":9.4,"extra":1,"ei":5}},{"type":"Feature","geometry":{"type":"Point","coordinates":[21.32032,46.166949]},"properties":{"lines":"18b","color":"#d6212b","mode":"tram","arr":["18b","41","60"],"busLines":"41, 60","angle":-30.6,"extra":1,"ei":6,"side":-1}},{"type":"Feature","geometry":{"type":"Point","coordinates":[21.320925,46.167167]},"properties":{"lines":"18b","color":"#d6212b","mode":"tram","arr":["18b"],"angle":-64.4}}]}