{"type":"FeatureCollection","features":[{"type":"Feature","properties":{"line":"13","mode":"bus","color":"#11a2e3","oi":0,"n":1},"geometry":{"type":"LineString","coordinates":[[21.462874,46.208638],[21.456375,46.206681],[21.453371,46.205689],[21.452611,46.205347],[21.448761,46.20315],[21.448424,46.203002],[21.447312,46.202659],[21.446455,46.202452],[21.438119,46.201009],[21.435439,46.200396],[21.433806,46.199984],[21.431883,46.199466],[21.430572,46.199159],[21.422004,46.196464],[21.418016,46.195248],[21.41627,46.194771],[21.409918,46.193314],[21.407169,46.192744],[21.399854,46.191128],[21.392928,46.189551],[21.392403,46.189348],[21.391821,46.18907],[21.386207,46.186086],[21.379063,46.182565],[21.375898,46.180793],[21.375867,46.180767],[21.375855,46.180734],[21.375836,46.180513],[21.375859,46.180432],[21.375832,46.180352],[21.37576,46.180286],[21.375655,46.180247],[21.375536,46.180241],[21.375385,46.18029],[21.375331,46.180336],[21.375293,46.180448],[21.375358,46.180561],[21.375466,46.180616],[21.375643,46.180626],[21.37579,46.180564],[21.375836,46.180513]]}},{"type":"Feature","properties":{"line":"13","mode":"bus","color":"#11a2e3","oi":0,"n":1},"geometry":{"type":"LineString","coordinates":[[21.375536,46.180241],[21.374852,46.180138],[21.374662,46.180083],[21.374162,46.17983],[21.372679,46.178978],[21.372231,46.178858],[21.371594,46.178348],[21.368836,46.17683],[21.366674,46.175602]]}},{"type":"Feature","properties":{"line":"13","mode":"bus","color":"#11a2e3","oi":0,"n":1,"sw":1},"geometry":{"type":"LineString","coordinates":[[21.366677,46.175604],[21.366651,46.175589]]}},{"type":"Feature","properties":{"line":"13","mode":"bus","color":"#11a2e3","oi":0.01,"n":1,"sw":1},"geometry":{"type":"LineString","coordinates":[[21.366657,46.175593],[21.366631,46.175578]]}},{"type":"Feature","properties":{"line":"13","mode":"bus","color":"#11a2e3","oi":0.038,"n":1,"sw":1},"geometry":{"type":"LineString","coordinates":[[21.366637,46.175581],[21.366626,46.175575],[21.366612,46.175565]]}},{"type":"Feature","properties":{"line":"13","mode":"bus","color":"#11a2e3","oi":0.082,"n":1,"sw":1},"geometry":{"type":"LineString","coordinates":[[21.366618,46.175569],[21.366594,46.175553]]}},{"type":"Feature","properties":{"line":"13","mode":"bus","color":"#11a2e3","oi":0.14,"n":1,"sw":1},"geometry":{"type":"LineString","coordinates":[[21.366599,46.175557],[21.366575,46.17554]]}},{"type":"Feature","properties":{"line":"13","mode":"bus","color":"#11a2e3","oi":0.209,"n":1,"sw":1},"geometry":{"type":"LineString","coordinates":[[21.366581,46.175544],[21.366557,46.175527]]}},{"type":"Feature","properties":{"line":"13","mode":"bus","color":"#11a2e3","oi":0.286,"n":1,"sw":1},"geometry":{"type":"LineString","coordinates":[[21.366562,46.175531],[21.366538,46.175515]]}},{"type":"Feature","properties":{"line":"13","mode":"bus","color":"#11a2e3","oi":0.369,"n":1,"sw":1},"geometry":{"type":"LineString","coordinates":[[21.366544,46.175518],[21.36652,46.175502]]}},{"type":"Feature","properties":{"line":"13","mode":"bus","color":"#11a2e3","oi":0.456,"n":1,"sw":1},"geometry":{"type":"LineString","coordinates":[[21.366526,46.175506],[21.366502,46.175489]]}},{"type":"Feature","properties":{"line":"13","mode":"bus","color":"#11a2e3","oi":0.544,"n":1,"sw":1},"geometry":{"type":"LineString","coordinates":[[21.366507,46.175493],[21.366497,46.175486],[21.36649,46.175474]]}},{"type":"Feature","properties":{"line":"13","mode":"bus","color":"#11a2e3","oi":0.631,"n":1,"sw":1},"geometry":{"type":"LineString","coordinates":[[21.366493,46.175479],[21.36648,46.175457]]}},{"type":"Feature","properties":{"line":"13","mode":"bus","color":"#11a2e3","oi":0.714,"n":1,"sw":1},"geometry":{"type":"LineString","coordinates":[[21.366483,46.175462],[21.36647,46.17544]]}},{"type":"Feature","properties":{"line":"13","mode":"bus","color":"#11a2e3","oi":0.791,"n":1,"sw":1},"geometry":{"type":"LineString","coordinates":[[21.366473,46.175445],[21.36646,46.175424]]}},{"type":"Feature","properties":{"line":"13","mode":"bus","color":"#11a2e3","oi":0.86,"n":1,"sw":1},"geometry":{"type":"LineString","coordinates":[[21.366463,46.175429],[21.36645,46.175407]]}},{"type":"Feature","properties":{"line":"13","mode":"bus","color":"#11a2e3","oi":0.918,"n":1,"sw":1},"geometry":{"type":"LineString","coordinates":[[21.366453,46.175412],[21.36644,46.17539]]}},{"type":"Feature","properties":{"line":"13","mode":"bus","color":"#11a2e3","oi":0.962,"n":1,"sw":1},"geometry":{"type":"LineString","coordinates":[[21.366443,46.175395],[21.36643,46.175374]]}},{"type":"Feature","properties":{"line":"13","mode":"bus","color":"#11a2e3","oi":0.99,"n":1,"sw":1},"geometry":{"type":"LineString","coordinates":[[21.366433,46.175379],[21.36642,46.175357]]}},{"type":"Feature","properties":{"line":"13","mode":"bus","color":"#11a2e3","oi":1,"n":1,"sw":1},"geometry":{"type":"LineString","coordinates":[[21.366423,46.175362],[21.366412,46.175343]]}},{"type":"Feature","properties":{"line":"13","mode":"bus","color":"#11a2e3","oi":0,"n":1},"geometry":{"type":"LineString","coordinates":[[21.324712,46.183048],[21.324813,46.183071]]}},{"type":"Feature","properties":{"line":"13","mode":"bus","color":"#11a2e3","oi":0,"n":1},"geometry":{"type":"LineString","coordinates":[[21.324432,46.182425],[21.324505,46.182413],[21.324529,46.182413],[21.324545,46.18242],[21.324556,46.182434],[21.324613,46.182581],[21.324559,46.182719]]}},{"type":"Feature","properties":{"line":"13","mode":"bus","color":"#11a2e3","oi":0.5,"n":4},"geometry":{"type":"LineString","coordinates":[[21.360445,46.176559],[21.353141,46.178149],[21.345779,46.1798],[21.343,46.180465],[21.342332,46.180601],[21.341653,46.180694],[21.340717,46.1807],[21.340118,46.180638],[21.338926,46.180409],[21.338433,46.180378],[21.338119,46.180387],[21.337905,46.180397],[21.336851,46.180535],[21.334813,46.180858]]}},{"type":"Feature","properties":{"line":"13","mode":"bus","color":"#11a2e3","oi":0.5,"n":4,"sw":1},"geometry":{"type":"LineString","coordinates":[[21.334817,46.180857],[21.334764,46.180866]]}},{"type":"Feature","properties":{"line":"13","mode":"bus","color":"#11a2e3","oi":0.483,"n":4,"sw":1},"geometry":{"type":"LineString","coordinates":[[21.334772,46.180864],[21.334719,46.180873]]}},{"type":"Feature","properties":{"line":"13","mode":"bus","color":"#11a2e3","oi":0.437,"n":4,"sw":1},"geometry":{"type":"LineString","coordinates":[[21.334726,46.180872],[21.334673,46.18088]]}},{"type":"Feature","properties":{"line":"13","mode":"bus","color":"#11a2e3","oi":0.37,"n":4,"sw":1},"geometry":{"type":"LineString","coordinates":[[21.334681,46.180879],[21.334627,46.180887]]}},{"type":"Feature","properties":{"line":"13","mode":"bus","color":"#11a2e3","oi":0.291,"n":4,"sw":1},"geometry":{"type":"LineString","coordinates":[[21.334635,46.180886],[21.334582,46.180895]]}},{"type":"Feature","properties":{"line":"13","mode":"bus","color":"#11a2e3","oi":0.209,"n":4,"sw":1},"geometry":{"type":"LineString","coordinates":[[21.33459,46.180893],[21.334536,46.180902]]}},{"type":"Feature","properties":{"line":"13","mode":"bus","color":"#11a2e3","oi":0.13,"n":4,"sw":1},"geometry":{"type":"LineString","coordinates":[[21.334544,46.180901],[21.334491,46.180909]]}},{"type":"Feature","properties":{"line":"13","mode":"bus","color":"#11a2e3","oi":0.063,"n":4,"sw":1},"geometry":{"type":"LineString","coordinates":[[21.334498,46.180908],[21.334445,46.180916]]}},{"type":"Feature","properties":{"line":"13","mode":"bus","color":"#11a2e3","oi":0.017,"n":4,"sw":1},"geometry":{"type":"LineString","coordinates":[[21.334453,46.180915],[21.3344,46.180923]]}},{"type":"Feature","properties":{"line":"13","mode":"bus","color":"#11a2e3","oi":0,"n":4,"sw":1},"geometry":{"type":"LineString","coordinates":[[21.334407,46.180922],[21.334358,46.18093]]}},{"type":"Feature","properties":{"line":"13","mode":"bus","color":"#11a2e3","oi":1,"n":3},"geometry":{"type":"LineString","coordinates":[[21.366412,46.175343],[21.366396,46.175306],[21.366389,46.175296],[21.366376,46.175291],[21.366359,46.175292],[21.365032,46.175555],[21.36089,46.176461]]}},{"type":"Feature","properties":{"line":"13","mode":"bus","color":"#11a2e3","oi":1,"n":3,"sw":1},"geometry":{"type":"LineString","coordinates":[[21.360894,46.176461],[21.360842,46.176472]]}},{"type":"Feature","properties":{"line":"13","mode":"bus","color":"#11a2e3","oi":0.983,"n":3,"sw":1},"geometry":{"type":"LineString","coordinates":[[21.36085,46.17647],[21.360798,46.176482]]}},{"type":"Feature","properties":{"line":"13","mode":"bus","color":"#11a2e3","oi":0.937,"n":3,"sw":1},"geometry":{"type":"LineString","coordinates":[[21.360805,46.17648],[21.360753,46.176492]]}},{"type":"Feature","properties":{"line":"13","mode":"bus","color":"#11a2e3","oi":0.87,"n":3,"sw":1},"geometry":{"type":"LineString","coordinates":[[21.360761,46.17649],[21.360709,46.176501]]}},{"type":"Feature","properties":{"line":"13","mode":"bus","color":"#11a2e3","oi":0.791,"n":3,"sw":1},"geometry":{"type":"LineString","coordinates":[[21.360716,46.1765],[21.360664,46.176511]]}},{"type":"Feature","properties":{"line":"13","mode":"bus","color":"#11a2e3","oi":0.709,"n":3,"sw":1},"geometry":{"type":"LineString","coordinates":[[21.360671,46.176509],[21.360619,46.176521]]}},{"type":"Feature","properties":{"line":"13","mode":"bus","color":"#11a2e3","oi":0.63,"n":3,"sw":1},"geometry":{"type":"LineString","coordinates":[[21.360627,46.176519],[21.360575,46.176531]]}},{"type":"Feature","properties":{"line":"13","mode":"bus","color":"#11a2e3","oi":0.563,"n":3,"sw":1},"geometry":{"type":"LineString","coordinates":[[21.360582,46.176529],[21.36053,46.17654]]}},{"type":"Feature","properties":{"line":"13","mode":"bus","color":"#11a2e3","oi":0.517,"n":3,"sw":1},"geometry":{"type":"LineString","coordinates":[[21.360538,46.176539],[21.360486,46.17655]]}},{"type":"Feature","properties":{"line":"13","mode":"bus","color":"#11a2e3","oi":0.5,"n":3,"sw":1},"geometry":{"type":"LineString","coordinates":[[21.360493,46.176548],[21.360445,46.176559]]}},{"type":"Feature","properties":{"line":"19","mode":"bus","color":"#03636c","oi":0,"n":1},"geometry":{"type":"LineString","coordinates":[[21.309887,46.182135],[21.309914,46.182046],[21.309995,46.181952],[21.310078,46.181906],[21.310288,46.181876]]}},{"type":"Feature","properties":{"line":"19","mode":"bus","color":"#03636c","oi":0,"n":1},"geometry":{"type":"LineString","coordinates":[[21.322373,46.156406],[21.323156,46.156428],[21.324152,46.156521],[21.325501,46.156684],[21.325693,46.156625],[21.325947,46.156401],[21.325984,46.156379],[21.326031,46.15637],[21.326285,46.156356],[21.326657,46.156468],[21.326834,46.156545],[21.327038,46.156678],[21.330477,46.162125],[21.330998,46.162972],[21.331097,46.16323],[21.331113,46.163483],[21.331076,46.163665],[21.33097,46.163897],[21.330092,46.165379],[21.330042,46.165527],[21.330045,46.165743],[21.33008,46.165818],[21.330194,46.165902],[21.330192,46.166004],[21.330095,46.166078],[21.329992,46.166095],[21.329853,46.166054],[21.32979,46.16596],[21.329851,46.165749],[21.330092,46.165379]]}},{"type":"Feature","properties":{"line":"19","mode":"bus","color":"#03636c","oi":0.5,"n":1,"sw":1},"geometry":{"type":"LineString","coordinates":[[21.321906,46.156393],[21.321957,46.156394]]}},{"type":"Feature","properties":{"line":"19","mode":"bus","color":"#03636c","oi":0.483,"n":1,"sw":1},"geometry":{"type":"LineString","coordinates":[[21.321949,46.156394],[21.322003,46.156396]]}},{"type":"Feature","properties":{"line":"19","mode":"bus","color":"#03636c","oi":0.437,"n":1,"sw":1},"geometry":{"type":"LineString","coordinates":[[21.321995,46.156396],[21.32205,46.156397]]}},{"type":"Feature","properties":{"line":"19","mode":"bus","color":"#03636c","oi":0.37,"n":1,"sw":1},"geometry":{"type":"LineString","coordinates":[[21.322042,46.156397],[21.322097,46.156398]]}},{"type":"Feature","properties":{"line":"19","mode":"bus","color":"#03636c","oi":0.291,"n":1,"sw":1},"geometry":{"type":"LineString","coordinates":[[21.322089,46.156398],[21.322143,46.1564]]}},{"type":"Feature","properties":{"line":"19","mode":"bus","color":"#03636c","oi":0.209,"n":1,"sw":1},"geometry":{"type":"LineString","coordinates":[[21.322136,46.156399],[21.32219,46.156401]]}},{"type":"Feature","properties":{"line":"19","mode":"bus","color":"#03636c","oi":0.13,"n":1,"sw":1},"geometry":{"type":"LineString","coordinates":[[21.322182,46.156401],[21.322237,46.156402]]}},{"type":"Feature","properties":{"line":"19","mode":"bus","color":"#03636c","oi":0.063,"n":1,"sw":1},"geometry":{"type":"LineString","coordinates":[[21.322229,46.156402],[21.322283,46.156404]]}},{"type":"Feature","properties":{"line":"19","mode":"bus","color":"#03636c","oi":0.017,"n":1,"sw":1},"geometry":{"type":"LineString","coordinates":[[21.322276,46.156403],[21.32233,46.156405]]}},{"type":"Feature","properties":{"line":"19","mode":"bus","color":"#03636c","oi":0,"n":1,"sw":1},"geometry":{"type":"LineString","coordinates":[[21.322322,46.156405],[21.322377,46.156406]]}},{"type":"Feature","properties":{"line":"19","mode":"bus","color":"#03636c","oi":0,"n":1},"geometry":{"type":"LineString","coordinates":[[21.321365,46.146066],[21.321326,46.146075],[21.321241,46.146108]]}},{"type":"Feature","properties":{"line":"19","mode":"bus","color":"#03636c","oi":0.5,"n":1,"sw":1},"geometry":{"type":"LineString","coordinates":[[21.321498,46.146087],[21.321481,46.146083]]}},{"type":"Feature","properties":{"line":"19","mode":"bus","color":"#03636c","oi":0.483,"n":1,"sw":1},"geometry":{"type":"LineString","coordinates":[[21.321489,46.146085],[21.321468,46.146081]]}},{"type":"Feature","properties":{"line":"19","mode":"bus","color":"#03636c","oi":0.437,"n":1,"sw":1},"geometry":{"type":"LineString","coordinates":[[21.321475,46.146082],[21.321455,46.146078]]}},{"type":"Feature","properties":{"line":"19","mode":"bus","color":"#03636c","oi":0.37,"n":1,"sw":1},"geometry":{"type":"LineString","coordinates":[[21.321462,46.146079],[21.321442,46.146075]]}},{"type":"Feature","properties":{"line":"19","mode":"bus","color":"#03636c","oi":0.291,"n":1,"sw":1},"geometry":{"type":"LineString","coordinates":[[21.321449,46.146076],[21.321428,46.146072]]}},{"type":"Feature","properties":{"line":"19","mode":"bus","color":"#03636c","oi":0.209,"n":1,"sw":1},"geometry":{"type":"LineString","coordinates":[[21.321436,46.146074],[21.321415,46.146069]]}},{"type":"Feature","properties":{"line":"19","mode":"bus","color":"#03636c","oi":0.13,"n":1,"sw":1},"geometry":{"type":"LineString","coordinates":[[21.321423,46.146071],[21.321414,46.146069],[21.321402,46.146068]]}},{"type":"Feature","properties":{"line":"19","mode":"bus","color":"#03636c","oi":0.063,"n":1,"sw":1},"geometry":{"type":"LineString","coordinates":[[21.321409,46.146068],[21.321388,46.146067]]}},{"type":"Feature","properties":{"line":"19","mode":"bus","color":"#03636c","oi":0.017,"n":1,"sw":1},"geometry":{"type":"LineString","coordinates":[[21.321396,46.146067],[21.321374,46.146066]]}},{"type":"Feature","properties":{"line":"19","mode":"bus","color":"#03636c","oi":0,"n":1,"sw":1},"geometry":{"type":"LineString","coordinates":[[21.321382,46.146066],[21.321369,46.146065],[21.321361,46.146067]]}},{"type":"Feature","properties":{"line":"19","mode":"bus","color":"#03636c","oi":0,"n":1},"geometry":{"type":"LineString","coordinates":[[21.336282,46.149679],[21.33593,46.149685],[21.335766,46.149656],[21.335724,46.149641],[21.335696,46.149614],[21.335522,46.149323],[21.335516,46.149314],[21.335511,46.149309],[21.335507,46.149307],[21.335504,46.14931],[21.335502,46.149316],[21.335502,46.149326],[21.335498,46.149685],[21.335442,46.149778],[21.335452,46.149829],[21.335542,46.149908],[21.335658,46.149929],[21.335771,46.149902],[21.335952,46.149775],[21.336282,46.149679],[21.337604,46.149458],[21.337874,46.149395],[21.338279,46.149252],[21.338554,46.149088],[21.338821,46.148819],[21.339664,46.147647],[21.33972,46.147528],[21.339738,46.147328],[21.339706,46.147155],[21.339632,46.147007],[21.339395,46.146688],[21.338868,46.145346],[21.338829,46.145173],[21.338897,46.145035],[21.339325,46.144721],[21.33941,46.14461],[21.339438,46.144488],[21.3384,46.141704]]}},{"type":"Feature","properties":{"line":"19","mode":"bus","color":"#03636c","oi":0,"n":1},"geometry":{"type":"LineString","coordinates":[[21.339149,46.141413],[21.338359,46.141381],[21.338336,46.141383],[21.338317,46.141393],[21.338286,46.141417],[21.338279,46.141461],[21.338383,46.14167],[21.338388,46.141679],[21.338393,46.141685],[21.338398,46.141687],[21.338401,46.141684],[21.338405,46.141678],[21.338407,46.141668],[21.338429,46.141562],[21.338468,46.141511],[21.338495,46.141489],[21.338532,46.141477],[21.338681,46.141451],[21.339526,46.141398],[21.339856,46.141328],[21.342189,46.140602],[21.342573,46.140476],[21.342966,46.140314],[21.345762,46.138896],[21.352639,46.135542],[21.352662,46.135526],[21.352674,46.135507],[21.352675,46.135485],[21.352101,46.131757]]}},{"type":"Feature","properties":{"line":"19","mode":"bus","color":"#03636c","oi":0,"n":1},"geometry":{"type":"LineString","coordinates":[[21.330192,46.166004],[21.335099,46.165965],[21.336026,46.166023],[21.33653,46.166088],[21.337268,46.166211],[21.337697,46.166308],[21.343164,46.167566],[21.344057,46.16781],[21.344618,46.168014],[21.345024,46.168213],[21.345557,46.168529],[21.346569,46.169358],[21.347422,46.170109],[21.347764,46.170543],[21.347929,46.170884],[21.348046,46.172255],[21.348097,46.172621],[21.348144,46.173694],[21.348131,46.174358],[21.348008,46.174636],[21.34773,46.175064],[21.347338,46.175444]]}},{"type":"Feature","properties":{"line":"19","mode":"bus","color":"#03636c","oi":0,"n":1},"geometry":{"type":"LineString","coordinates":[[21.34756,46.175465],[21.34797,46.175018],[21.348575,46.174],[21.348863,46.172972],[21.348896,46.172583],[21.348841,46.172124],[21.348551,46.171337],[21.348289,46.17081],[21.348124,46.170607],[21.347089,46.169566],[21.347074,46.169554],[21.347057,46.169549],[21.34704,46.169551],[21.34702,46.169559],[21.346889,46.169637]]}},{"type":"Feature","properties":{"line":"19","mode":"bus","color":"#03636c","oi":0,"n":1},"geometry":{"type":"LineString","coordinates":[[21.335502,46.14929],[21.335115,46.147741],[21.33493,46.146872],[21.334787,46.146016],[21.334773,46.145977]]}},{"type":"Feature","properties":{"line":"19","mode":"bus","color":"#03636c","oi":0,"n":1,"sw":1},"geometry":{"type":"LineString","coordinates":[[21.334774,46.14598],[21.334761,46.145943]]}},{"type":"Feature","properties":{"line":"19","mode":"bus","color":"#03636c","oi":0.017,"n":1,"sw":1},"geometry":{"type":"LineString","coordinates":[[21.334763,46.145948],[21.33475,46.145912]]}},{"type":"Feature","properties":{"line":"19","mode":"bus","color":"#03636c","oi":0.063,"n":1,"sw":1},"geometry":{"type":"LineString","coordinates":[[21.334751,46.145917],[21.334738,46.14588]]}},{"type":"Feature","properties":{"line":"19","mode":"bus","color":"#03636c","oi":0.13,"n":1,"sw":1},"geometry":{"type":"LineString","coordinates":[[21.33474,46.145886],[21.334727,46.145849]]}},{"type":"Feature","properties":{"line":"19","mode":"bus","color":"#03636c","oi":0.209,"n":1,"sw":1},"geometry":{"type":"LineString","coordinates":[[21.334729,46.145854],[21.334716,46.145818]]}},{"type":"Feature","properties":{"line":"19","mode":"bus","color":"#03636c","oi":0.291,"n":1,"sw":1},"geometry":{"type":"LineString","coordinates":[[21.334717,46.145823],[21.334704,46.145786]]}},{"type":"Feature","properties":{"line":"19","mode":"bus","color":"#03636c","oi":0.37,"n":1,"sw":1},"geometry":{"type":"LineString","coordinates":[[21.334706,46.145791],[21.334693,46.145755]]}},{"type":"Feature","properties":{"line":"19","mode":"bus","color":"#03636c","oi":0.437,"n":1,"sw":1},"geometry":{"type":"LineString","coordinates":[[21.334695,46.14576],[21.334682,46.145723]]}},{"type":"Feature","properties":{"line":"19","mode":"bus","color":"#03636c","oi":0.483,"n":1,"sw":1},"geometry":{"type":"LineString","coordinates":[[21.334684,46.145728],[21.33467,46.145692]]}},{"type":"Feature","properties":{"line":"19","mode":"bus","color":"#03636c","oi":0.5,"n":1,"sw":1},"geometry":{"type":"LineString","coordinates":[[21.334672,46.145697],[21.33466,46.145663]]}},{"type":"Feature","properties":{"line":"19","mode":"bus","color":"#03636c","oi":0,"n":1},"geometry":{"type":"LineString","coordinates":[[21.325922,46.15641],[21.326883,46.153614],[21.327474,46.152009],[21.328349,46.149402],[21.32891,46.148123],[21.329048,46.147716],[21.329068,46.147211],[21.328933,46.144911]]}},{"type":"Feature","properties":{"line":"19","mode":"bus","color":"#03636c","oi":1,"n":3},"geometry":{"type":"LineString","coordinates":[[21.321241,46.146108],[21.321216,46.146219]]}},{"type":"Feature","properties":{"line":"19","mode":"bus","color":"#03636c","oi":0,"n":4,"sw":1},"geometry":{"type":"LineString","coordinates":[[21.324432,46.182425],[21.324402,46.18243]]}},{"type":"Feature","properties":{"line":"19","mode":"bus","color":"#03636c","oi":-0.017,"n":4,"sw":1},"geometry":{"type":"LineString","coordinates":[[21.324409,46.182428],[21.324375,46.182433]]}},{"type":"Feature","properties":{"line":"19","mode":"bus","color":"#03636c","oi":-0.063,"n":4,"sw":1},"geometry":{"type":"LineString","coordinates":[[21.324383,46.182432],[21.324349,46.182437]]}},{"type":"Feature","properties":{"line":"19","mode":"bus","color":"#03636c","oi":-0.13,"n":4,"sw":1},"geometry":{"type":"LineString","coordinates":[[21.324356,46.182436],[21.324322,46.182441]]}},{"type":"Feature","properties":{"line":"19","mode":"bus","color":"#03636c","oi":-0.209,"n":4,"sw":1},"geometry":{"type":"LineString","coordinates":[[21.32433,46.18244],[21.324296,46.182445]]}},{"type":"Feature","properties":{"line":"19","mode":"bus","color":"#03636c","oi":-0.291,"n":4,"sw":1},"geometry":{"type":"LineString","coordinates":[[21.324303,46.182444],[21.324269,46.182449]]}},{"type":"Feature","properties":{"line":"19","mode":"bus","color":"#03636c","oi":-0.37,"n":4,"sw":1},"geometry":{"type":"LineString","coordinates":[[21.324277,46.182448],[21.324243,46.182453]]}},{"type":"Feature","properties":{"line":"19","mode":"bus","color":"#03636c","oi":-0.437,"n":4,"sw":1},"geometry":{"type":"LineString","coordinates":[[21.32425,46.182452],[21.324216,46.182457]]}},{"type":"Feature","properties":{"line":"19","mode":"bus","color":"#03636c","oi":-0.483,"n":4,"sw":1},"geometry":{"type":"LineString","coordinates":[[21.324224,46.182456],[21.32419,46.182461]]}},{"type":"Feature","properties":{"line":"19","mode":"bus","color":"#03636c","oi":-0.5,"n":4,"sw":1},"geometry":{"type":"LineString","coordinates":[[21.324197,46.18246],[21.324163,46.182465]]}},{"type":"Feature","properties":{"line":"19","mode":"bus","color":"#03636c","oi":-0.5,"n":4,"sw":1},"geometry":{"type":"LineString","coordinates":[[21.324171,46.182464],[21.324137,46.182469]]}},{"type":"Feature","properties":{"line":"19","mode":"bus","color":"#03636c","oi":-0.483,"n":4,"sw":1},"geometry":{"type":"LineString","coordinates":[[21.324144,46.182468],[21.32411,46.182473]]}},{"type":"Feature","properties":{"line":"19","mode":"bus","color":"#03636c","oi":-0.437,"n":4,"sw":1},"geometry":{"type":"LineString","coordinates":[[21.324118,46.182472],[21.324084,46.182477]]}},{"type":"Feature","properties":{"line":"19","mode":"bus","color":"#03636c","oi":-0.37,"n":4,"sw":1},"geometry":{"type":"LineString","coordinates":[[21.324091,46.182476],[21.324057,46.182481]]}},{"type":"Feature","properties":{"line":"19","mode":"bus","color":"#03636c","oi":-0.291,"n":4,"sw":1},"geometry":{"type":"LineString","coordinates":[[21.324065,46.18248],[21.324031,46.182485]]}},{"type":"Feature","properties":{"line":"19","mode":"bus","color":"#03636c","oi":-0.209,"n":4,"sw":1},"geometry":{"type":"LineString","coordinates":[[21.324038,46.182484],[21.324004,46.182489]]}},{"type":"Feature","properties":{"line":"19","mode":"bus","color":"#03636c","oi":-0.13,"n":4,"sw":1},"geometry":{"type":"LineString","coordinates":[[21.324012,46.182488],[21.323978,46.182493]]}},{"type":"Feature","properties":{"line":"19","mode":"bus","color":"#03636c","oi":-0.063,"n":4,"sw":1},"geometry":{"type":"LineString","coordinates":[[21.323985,46.182492],[21.323951,46.182497]]}},{"type":"Feature","properties":{"line":"19","mode":"bus","color":"#03636c","oi":-0.017,"n":4,"sw":1},"geometry":{"type":"LineString","coordinates":[[21.323959,46.182496],[21.323925,46.182501]]}},{"type":"Feature","properties":{"line":"19","mode":"bus","color":"#03636c","oi":0,"n":4,"sw":1},"geometry":{"type":"LineString","coordinates":[[21.323932,46.182499],[21.323902,46.182504]]}},{"type":"Feature","properties":{"line":"19","mode":"bus","color":"#03636c","oi":0,"n":4,"sw":1},"geometry":{"type":"LineString","coordinates":[[21.325076,46.182482],[21.325047,46.182495]]}},{"type":"Feature","properties":{"line":"19","mode":"bus","color":"#03636c","oi":-0.017,"n":4,"sw":1},"geometry":{"type":"LineString","coordinates":[[21.325053,46.182492],[21.325021,46.182507]]}},{"type":"Feature","properties":{"line":"19","mode":"bus","color":"#03636c","oi":-0.063,"n":4,"sw":1},"geometry":{"type":"LineString","coordinates":[[21.325028,46.182504],[21.324995,46.182519]]}},{"type":"Feature","properties":{"line":"19","mode":"bus","color":"#03636c","oi":-0.13,"n":4,"sw":1},"geometry":{"type":"LineString","coordinates":[[21.325002,46.182516],[21.324969,46.182531]]}},{"type":"Feature","properties":{"line":"19","mode":"bus","color":"#03636c","oi":-0.209,"n":4,"sw":1},"geometry":{"type":"LineString","coordinates":[[21.324976,46.182528],[21.324944,46.182543]]}},{"type":"Feature","properties":{"line":"19","mode":"bus","color":"#03636c","oi":-0.291,"n":4,"sw":1},"geometry":{"type":"LineString","coordinates":[[21.32495,46.18254],[21.324918,46.182555]]}},{"type":"Feature","properties":{"line":"19","mode":"bus","color":"#03636c","oi":-0.37,"n":4,"sw":1},"geometry":{"type":"LineString","coordinates":[[21.324924,46.182552],[21.324892,46.182566]]}},{"type":"Feature","properties":{"line":"19","mode":"bus","color":"#03636c","oi":-0.437,"n":4,"sw":1},"geometry":{"type":"LineString","coordinates":[[21.324898,46.182563],[21.324866,46.182578]]}},{"type":"Feature","properties":{"line":"19","mode":"bus","color":"#03636c","oi":-0.483,"n":4,"sw":1},"geometry":{"type":"LineString","coordinates":[[21.324872,46.182575],[21.32484,46.18259]]}},{"type":"Feature","properties":{"line":"19","mode":"bus","color":"#03636c","oi":-0.5,"n":4,"sw":1},"geometry":{"type":"LineString","coordinates":[[21.324847,46.182587],[21.324814,46.182602]]}},{"type":"Feature","properties":{"line":"19","mode":"bus","color":"#03636c","oi":-0.5,"n":4,"sw":1},"geometry":{"type":"LineString","coordinates":[[21.324821,46.182599],[21.324788,46.182614]]}},{"type":"Feature","properties":{"line":"19","mode":"bus","color":"#03636c","oi":-0.483,"n":4,"sw":1},"geometry":{"type":"LineString","coordinates":[[21.324795,46.182611],[21.324763,46.182626]]}},{"type":"Feature","properties":{"line":"19","mode":"bus","color":"#03636c","oi":-0.437,"n":4,"sw":1},"geometry":{"type":"LineString","coordinates":[[21.324769,46.182623],[21.324737,46.182638]]}},{"type":"Feature","properties":{"line":"19","mode":"bus","color":"#03636c","oi":-0.37,"n":4,"sw":1},"geometry":{"type":"LineString","coordinates":[[21.324743,46.182635],[21.324711,46.182649]]}},{"type":"Feature","properties":{"line":"19","mode":"bus","color":"#03636c","oi":-0.291,"n":4,"sw":1},"geometry":{"type":"LineString","coordinates":[[21.324717,46.182646],[21.324685,46.182661]]}},{"type":"Feature","properties":{"line":"19","mode":"bus","color":"#03636c","oi":-0.209,"n":4,"sw":1},"geometry":{"type":"LineString","coordinates":[[21.324691,46.182658],[21.324659,46.182673]]}},{"type":"Feature","properties":{"line":"19","mode":"bus","color":"#03636c","oi":-0.13,"n":4,"sw":1},"geometry":{"type":"LineString","coordinates":[[21.324666,46.18267],[21.324633,46.182685]]}},{"type":"Feature","properties":{"line":"19","mode":"bus","color":"#03636c","oi":-0.063,"n":4,"sw":1},"geometry":{"type":"LineString","coordinates":[[21.32464,46.182682],[21.324607,46.182697]]}},{"type":"Feature","properties":{"line":"19","mode":"bus","color":"#03636c","oi":-0.017,"n":4,"sw":1},"geometry":{"type":"LineString","coordinates":[[21.324614,46.182694],[21.324582,46.182709]]}},{"type":"Feature","properties":{"line":"19","mode":"bus","color":"#03636c","oi":0,"n":4,"sw":1},"geometry":{"type":"LineString","coordinates":[[21.324588,46.182706],[21.324559,46.182719]]}},{"type":"Feature","properties":{"line":"19","mode":"bus","color":"#03636c","oi":-0.5,"n":4},"geometry":{"type":"LineString","coordinates":[[21.324057,46.18303],[21.323965,46.183088],[21.323804,46.18313],[21.323603,46.183147]]}},{"type":"Feature","properties":{"line":"19","mode":"bus","color":"#03636c","oi":0,"n":4,"sw":1},"geometry":{"type":"LineString","coordinates":[[21.324401,46.182811],[21.324364,46.182835]]}},{"type":"Feature","properties":{"line":"19","mode":"bus","color":"#03636c","oi":-0.017,"n":4,"sw":1},"geometry":{"type":"LineString","coordinates":[[21.324369,46.182831],[21.324329,46.182857]]}},{"type":"Feature","properties":{"line":"19","mode":"bus","color":"#03636c","oi":-0.063,"n":4,"sw":1},"geometry":{"type":"LineString","coordinates":[[21.324335,46.182853],[21.324295,46.182878]]}},{"type":"Feature","properties":{"line":"19","mode":"bus","color":"#03636c","oi":-0.13,"n":4,"sw":1},"geometry":{"type":"LineString","coordinates":[[21.324301,46.182875],[21.32426,46.1829]]}},{"type":"Feature","properties":{"line":"19","mode":"bus","color":"#03636c","oi":-0.209,"n":4,"sw":1},"geometry":{"type":"LineString","coordinates":[[21.324266,46.182897],[21.324226,46.182922]]}},{"type":"Feature","properties":{"line":"19","mode":"bus","color":"#03636c","oi":-0.291,"n":4,"sw":1},"geometry":{"type":"LineString","coordinates":[[21.324232,46.182919],[21.324191,46.182944]]}},{"type":"Feature","properties":{"line":"19","mode":"bus","color":"#03636c","oi":-0.37,"n":4,"sw":1},"geometry":{"type":"LineString","coordinates":[[21.324197,46.18294],[21.324157,46.182966]]}},{"type":"Feature","properties":{"line":"19","mode":"bus","color":"#03636c","oi":-0.437,"n":4,"sw":1},"geometry":{"type":"LineString","coordinates":[[21.324163,46.182962],[21.324123,46.182988]]}},{"type":"Feature","properties":{"line":"19","mode":"bus","color":"#03636c","oi":-0.483,"n":4,"sw":1},"geometry":{"type":"LineString","coordinates":[[21.324128,46.182984],[21.324088,46.18301]]}},{"type":"Feature","properties":{"line":"19","mode":"bus","color":"#03636c","oi":-0.5,"n":4,"sw":1},"geometry":{"type":"LineString","coordinates":[[21.324094,46.183006],[21.324054,46.183032]]}},{"type":"Feature","properties":{"line":"19","mode":"bus","color":"#03636c","oi":-0.5,"n":2},"geometry":{"type":"LineString","coordinates":[[21.334858,46.181035],[21.334917,46.181033],[21.336059,46.181062],[21.336358,46.181048],[21.337043,46.180949],[21.337527,46.180799],[21.337878,46.180638],[21.338516,46.180268],[21.339336,46.179851],[21.342671,46.17827],[21.344662,46.177363],[21.346173,46.176595],[21.34655,46.176358],[21.346769,46.176187],[21.347277,46.175723]]}},{"type":"Feature","properties":{"line":"19","mode":"bus","color":"#03636c","oi":0,"n":2,"sw":1},"geometry":{"type":"LineString","coordinates":[[21.334391,46.181051],[21.334442,46.181049]]}},{"type":"Feature","properties":{"line":"19","mode":"bus","color":"#03636c","oi":-0.017,"n":2,"sw":1},"geometry":{"type":"LineString","coordinates":[[21.334434,46.18105],[21.334488,46.181048]]}},{"type":"Feature","properties":{"line":"19","mode":"bus","color":"#03636c","oi":-0.063,"n":2,"sw":1},"geometry":{"type":"LineString","coordinates":[[21.33448,46.181048],[21.334535,46.181046]]}},{"type":"Feature","properties":{"line":"19","mode":"bus","color":"#03636c","oi":-0.13,"n":2,"sw":1},"geometry":{"type":"LineString","coordinates":[[21.334527,46.181046],[21.334582,46.181044]]}},{"type":"Feature","properties":{"line":"19","mode":"bus","color":"#03636c","oi":-0.209,"n":2,"sw":1},"geometry":{"type":"LineString","coordinates":[[21.334574,46.181045],[21.334628,46.181043]]}},{"type":"Feature","properties":{"line":"19","mode":"bus","color":"#03636c","oi":-0.291,"n":2,"sw":1},"geometry":{"type":"LineString","coordinates":[[21.33462,46.181043],[21.334675,46.181041]]}},{"type":"Feature","properties":{"line":"19","mode":"bus","color":"#03636c","oi":-0.37,"n":2,"sw":1},"geometry":{"type":"LineString","coordinates":[[21.334667,46.181042],[21.334722,46.18104]]}},{"type":"Feature","properties":{"line":"19","mode":"bus","color":"#03636c","oi":-0.437,"n":2,"sw":1},"geometry":{"type":"LineString","coordinates":[[21.334714,46.18104],[21.334768,46.181038]]}},{"type":"Feature","properties":{"line":"19","mode":"bus","color":"#03636c","oi":-0.483,"n":2,"sw":1},"geometry":{"type":"LineString","coordinates":[[21.33476,46.181038],[21.334815,46.181036]]}},{"type":"Feature","properties":{"line":"19","mode":"bus","color":"#03636c","oi":-0.5,"n":2,"sw":1},"geometry":{"type":"LineString","coordinates":[[21.334807,46.181037],[21.334861,46.181035]]}},{"type":"Feature","properties":{"line":"19","mode":"bus","color":"#03636c","oi":-0.5,"n":2,"sw":1},"geometry":{"type":"LineString","coordinates":[[21.347275,46.175725],[21.347308,46.175695]]}},{"type":"Feature","properties":{"line":"19","mode":"bus","color":"#03636c","oi":-0.483,"n":2,"sw":1},"geometry":{"type":"LineString","coordinates":[[21.347303,46.175699],[21.347336,46.175669]]}},{"type":"Feature","properties":{"line":"19","mode":"bus","color":"#03636c","oi":-0.437,"n":2,"sw":1},"geometry":{"type":"LineString","coordinates":[[21.347332,46.175674],[21.347365,46.175643]]}},{"type":"Feature","properties":{"line":"19","mode":"bus","color":"#03636c","oi":-0.37,"n":2,"sw":1},"geometry":{"type":"LineString","coordinates":[[21.34736,46.175648],[21.347393,46.175618]]}},{"type":"Feature","properties":{"line":"19","mode":"bus","color":"#03636c","oi":-0.291,"n":2,"sw":1},"geometry":{"type":"LineString","coordinates":[[21.347388,46.175622],[21.347421,46.175592]]}},{"type":"Feature","properties":{"line":"19","mode":"bus","color":"#03636c","oi":-0.209,"n":2,"sw":1},"geometry":{"type":"LineString","coordinates":[[21.347416,46.175596],[21.347449,46.175566]]}},{"type":"Feature","properties":{"line":"19","mode":"bus","color":"#03636c","oi":-0.13,"n":2,"sw":1},"geometry":{"type":"LineString","coordinates":[[21.347445,46.17557],[21.347478,46.17554]]}},{"type":"Feature","properties":{"line":"19","mode":"bus","color":"#03636c","oi":-0.063,"n":2,"sw":1},"geometry":{"type":"LineString","coordinates":[[21.347473,46.175545],[21.347506,46.175514]]}},{"type":"Feature","properties":{"line":"19","mode":"bus","color":"#03636c","oi":-0.017,"n":2,"sw":1},"geometry":{"type":"LineString","coordinates":[[21.347501,46.175519],[21.347534,46.175489]]}},{"type":"Feature","properties":{"line":"19","mode":"bus","color":"#03636c","oi":0,"n":2,"sw":1},"geometry":{"type":"LineString","coordinates":[[21.347529,46.175493],[21.34756,46.175465]]}},{"type":"Feature","properties":{"line":"19","mode":"bus","color":"#03636c","oi":-0.5,"n":2},"geometry":{"type":"LineString","coordinates":[[21.34706,46.175704],[21.34685,46.175901],[21.346478,46.1762],[21.345355,46.176822],[21.343287,46.177838],[21.338743,46.179923],[21.338542,46.180003],[21.338128,46.180099],[21.336029,46.180411],[21.335201,46.180647],[21.334778,46.180789]]}},{"type":"Feature","properties":{"line":"19","mode":"bus","color":"#03636c","oi":0,"n":2,"sw":1},"geometry":{"type":"LineString","coordinates":[[21.347338,46.175444],[21.347308,46.175472]]}},{"type":"Feature","properties":{"line":"19","mode":"bus","color":"#03636c","oi":-0.017,"n":2,"sw":1},"geometry":{"type":"LineString","coordinates":[[21.347313,46.175468],[21.34728,46.175498]]}},{"type":"Feature","properties":{"line":"19","mode":"bus","color":"#03636c","oi":-0.063,"n":2,"sw":1},"geometry":{"type":"LineString","coordinates":[[21.347285,46.175494],[21.347252,46.175524]]}},{"type":"Feature","properties":{"line":"19","mode":"bus","color":"#03636c","oi":-0.13,"n":2,"sw":1},"geometry":{"type":"LineString","coordinates":[[21.347257,46.17552],[21.347224,46.17555]]}},{"type":"Feature","properties":{"line":"19","mode":"bus","color":"#03636c","oi":-0.209,"n":2,"sw":1},"geometry":{"type":"LineString","coordinates":[[21.347229,46.175546],[21.347197,46.175576]]}},{"type":"Feature","properties":{"line":"19","mode":"bus","color":"#03636c","oi":-0.291,"n":2,"sw":1},"geometry":{"type":"LineString","coordinates":[[21.347201,46.175572],[21.347169,46.175602]]}},{"type":"Feature","properties":{"line":"19","mode":"bus","color":"#03636c","oi":-0.37,"n":2,"sw":1},"geometry":{"type":"LineString","coordinates":[[21.347174,46.175598],[21.347141,46.175628]]}},{"type":"Feature","properties":{"line":"19","mode":"bus","color":"#03636c","oi":-0.437,"n":2,"sw":1},"geometry":{"type":"LineString","coordinates":[[21.347146,46.175624],[21.347113,46.175654]]}},{"type":"Feature","properties":{"line":"19","mode":"bus","color":"#03636c","oi":-0.483,"n":2,"sw":1},"geometry":{"type":"LineString","coordinates":[[21.347118,46.17565],[21.347085,46.17568]]}},{"type":"Feature","properties":{"line":"19","mode":"bus","color":"#03636c","oi":-0.5,"n":2,"sw":1},"geometry":{"type":"LineString","coordinates":[[21.34709,46.175676],[21.347058,46.175707]]}},{"type":"Feature","properties":{"line":"19","mode":"bus","color":"#03636c","oi":-0.5,"n":2,"sw":1},"geometry":{"type":"LineString","coordinates":[[21.334782,46.180788],[21.334733,46.180804]]}},{"type":"Feature","properties":{"line":"19","mode":"bus","color":"#03636c","oi":-0.483,"n":2,"sw":1},"geometry":{"type":"LineString","coordinates":[[21.33474,46.180802],[21.334691,46.180818]]}},{"type":"Feature","properties":{"line":"19","mode":"bus","color":"#03636c","oi":-0.437,"n":2,"sw":1},"geometry":{"type":"LineString","coordinates":[[21.334698,46.180816],[21.334649,46.180832]]}},{"type":"Feature","properties":{"line":"19","mode":"bus","color":"#03636c","oi":-0.37,"n":2,"sw":1},"geometry":{"type":"LineString","coordinates":[[21.334656,46.18083],[21.334607,46.180846]]}},{"type":"Feature","properties":{"line":"19","mode":"bus","color":"#03636c","oi":-0.291,"n":2,"sw":1},"geometry":{"type":"LineString","coordinates":[[21.334614,46.180844],[21.334565,46.180861]]}},{"type":"Feature","properties":{"line":"19","mode":"bus","color":"#03636c","oi":-0.209,"n":2,"sw":1},"geometry":{"type":"LineString","coordinates":[[21.334572,46.180858],[21.334523,46.180875]]}},{"type":"Feature","properties":{"line":"19","mode":"bus","color":"#03636c","oi":-0.13,"n":2,"sw":1},"geometry":{"type":"LineString","coordinates":[[21.33453,46.180872],[21.334481,46.180889]]}},{"type":"Feature","properties":{"line":"19","mode":"bus","color":"#03636c","oi":-0.063,"n":2,"sw":1},"geometry":{"type":"LineString","coordinates":[[21.334488,46.180886],[21.334439,46.180903]]}},{"type":"Feature","properties":{"line":"19","mode":"bus","color":"#03636c","oi":-0.017,"n":2,"sw":1},"geometry":{"type":"LineString","coordinates":[[21.334446,46.180901],[21.334397,46.180917]]}},{"type":"Feature","properties":{"line":"19","mode":"bus","color":"#03636c","oi":0,"n":2,"sw":1},"geometry":{"type":"LineString","coordinates":[[21.334404,46.180915],[21.334358,46.18093]]}},{"type":"Feature","properties":{"line":"19","mode":"bus","color":"#03636c","oi":1.5,"n":4},"geometry":{"type":"LineString","coordinates":[[21.310551,46.190516],[21.310564,46.191186],[21.310394,46.19152],[21.310411,46.191629],[21.310408,46.19165],[21.310393,46.191664],[21.310365,46.191672],[21.309845,46.191742],[21.309108,46.191806]]}},{"type":"Feature","properties":{"line":"19","mode":"bus","color":"#03636c","oi":1.5,"n":4},"geometry":{"type":"LineString","coordinates":[[21.310024,46.182758],[21.309909,46.182857],[21.309765,46.183033],[21.309567,46.183621],[21.30952,46.183884],[21.310551,46.190516],[21.310815,46.191155],[21.311023,46.19142],[21.311072,46.191563],[21.311042,46.191646],[21.310941,46.19176],[21.309683,46.19203]]}},{"type":"Feature","properties":{"line":"19","mode":"bus","color":"#03636c","oi":0,"n":4,"sw":1},"geometry":{"type":"LineString","coordinates":[[21.31038,46.18255],[21.310363,46.182559]]}},{"type":"Feature","properties":{"line":"19","mode":"bus","color":"#03636c","oi":0.007,"n":4,"sw":1},"geometry":{"type":"LineString","coordinates":[[21.310369,46.182556],[21.310349,46.182567]]}},{"type":"Feature","properties":{"line":"19","mode":"bus","color":"#03636c","oi":0.027,"n":4,"sw":1},"geometry":{"type":"LineString","coordinates":[[21.310355,46.182564],[21.310335,46.182575]]}},{"type":"Feature","properties":{"line":"19","mode":"bus","color":"#03636c","oi":0.06,"n":4,"sw":1},"geometry":{"type":"LineString","coordinates":[[21.310341,46.182571],[21.31032,46.182583]]}},{"type":"Feature","properties":{"line":"19","mode":"bus","color":"#03636c","oi":0.103,"n":4,"sw":1},"geometry":{"type":"LineString","coordinates":[[21.310327,46.182579],[21.310306,46.18259]]}},{"type":"Feature","properties":{"line":"19","mode":"bus","color":"#03636c","oi":0.156,"n":4,"sw":1},"geometry":{"type":"LineString","coordinates":[[21.310312,46.182587],[21.310292,46.182598]]}},{"type":"Feature","properties":{"line":"19","mode":"bus","color":"#03636c","oi":0.218,"n":4,"sw":1},"geometry":{"type":"LineString","coordinates":[[21.310298,46.182595],[21.310278,46.182606]]}},{"type":"Feature","properties":{"line":"19","mode":"bus","color":"#03636c","oi":0.287,"n":4,"sw":1},"geometry":{"type":"LineString","coordinates":[[21.310284,46.182602],[21.310264,46.182613]]}},{"type":"Feature","properties":{"line":"19","mode":"bus","color":"#03636c","oi":0.362,"n":4,"sw":1},"geometry":{"type":"LineString","coordinates":[[21.31027,46.18261],[21.31025,46.182621]]}},{"type":"Feature","properties":{"line":"19","mode":"bus","color":"#03636c","oi":0.443,"n":4,"sw":1},"geometry":{"type":"LineString","coordinates":[[21.310256,46.182618],[21.310236,46.182629]]}},{"type":"Feature","properties":{"line":"19","mode":"bus","color":"#03636c","oi":0.528,"n":4,"sw":1},"geometry":{"type":"LineString","coordinates":[[21.310242,46.182625],[21.310222,46.182636]]}},{"type":"Feature","properties":{"line":"19","mode":"bus","color":"#03636c","oi":0.616,"n":4,"sw":1},"geometry":{"type":"LineString","coordinates":[[21.310228,46.182633],[21.310208,46.182644]]}},{"type":"Feature","properties":{"line":"19","mode":"bus","color":"#03636c","oi":0.705,"n":4,"sw":1},"geometry":{"type":"LineString","coordinates":[[21.310214,46.182641],[21.310193,46.182652]]}},{"type":"Feature","properties":{"line":"19","mode":"bus","color":"#03636c","oi":0.795,"n":4,"sw":1},"geometry":{"type":"LineString","coordinates":[[21.3102,46.182649],[21.310179,46.18266]]}},{"type":"Feature","properties":{"line":"19","mode":"bus","color":"#03636c","oi":0.884,"n":4,"sw":1},"geometry":{"type":"LineString","coordinates":[[21.310185,46.182656],[21.310165,46.182667]]}},{"type":"Feature","properties":{"line":"19","mode":"bus","color":"#03636c","oi":0.972,"n":4,"sw":1},"geometry":{"type":"LineString","coordinates":[[21.310171,46.182664],[21.310151,46.182675]]}},{"type":"Feature","properties":{"line":"19","mode":"bus","color":"#03636c","oi":1.057,"n":4,"sw":1},"geometry":{"type":"LineString","coordinates":[[21.310157,46.182672],[21.310137,46.182683]]}},{"type":"Feature","properties":{"line":"19","mode":"bus","color":"#03636c","oi":1.138,"n":4,"sw":1},"geometry":{"type":"LineString","coordinates":[[21.310143,46.182679],[21.310123,46.18269]]}},{"type":"Feature","properties":{"line":"19","mode":"bus","color":"#03636c","oi":1.213,"n":4,"sw":1},"geometry":{"type":"LineString","coordinates":[[21.310129,46.182687],[21.310109,46.182698]]}},{"type":"Feature","properties":{"line":"19","mode":"bus","color":"#03636c","oi":1.282,"n":4,"sw":1},"geometry":{"type":"LineString","coordinates":[[21.310115,46.182695],[21.310095,46.182706]]}},{"type":"Feature","properties":{"line":"19","mode":"bus","color":"#03636c","oi":1.344,"n":4,"sw":1},"geometry":{"type":"LineString","coordinates":[[21.310101,46.182703],[21.310081,46.182714]]}},{"type":"Feature","properties":{"line":"19","mode":"bus","color":"#03636c","oi":1.397,"n":4,"sw":1},"geometry":{"type":"LineString","coordinates":[[21.310087,46.18271],[21.310067,46.182721],[21.310067,46.182721]]}},{"type":"Feature","properties":{"line":"19","mode":"bus","color":"#03636c","oi":1.44,"n":4,"sw":1},"geometry":{"type":"LineString","coordinates":[[21.310073,46.182718],[21.310067,46.182721],[21.310055,46.182731]]}},{"type":"Feature","properties":{"line":"19","mode":"bus","color":"#03636c","oi":1.473,"n":4,"sw":1},"geometry":{"type":"LineString","coordinates":[[21.31006,46.182727],[21.310044,46.182741]]}},{"type":"Feature","properties":{"line":"19","mode":"bus","color":"#03636c","oi":1.493,"n":4,"sw":1},"geometry":{"type":"LineString","coordinates":[[21.310049,46.182737],[21.310033,46.18275]]}},{"type":"Feature","properties":{"line":"19","mode":"bus","color":"#03636c","oi":1.5,"n":4,"sw":1},"geometry":{"type":"LineString","coordinates":[[21.310038,46.182746],[21.310021,46.18276]]}},{"type":"Feature","properties":{"line":"19","mode":"bus","color":"#03636c","oi":1.5,"n":4},"geometry":{"type":"LineString","coordinates":[[21.309765,46.183033],[21.309782,46.1828],[21.309842,46.182631]]}},{"type":"Feature","properties":{"line":"19","mode":"bus","color":"#03636c","oi":1.5,"n":4,"sw":1},"geometry":{"type":"LineString","coordinates":[[21.309841,46.182633],[21.309847,46.182616]]}},{"type":"Feature","properties":{"line":"19","mode":"bus","color":"#03636c","oi":1.493,"n":4,"sw":1},"geometry":{"type":"LineString","coordinates":[[21.309845,46.182621],[21.309851,46.182604]]}},{"type":"Feature","properties":{"line":"19","mode":"bus","color":"#03636c","oi":1.473,"n":4,"sw":1},"geometry":{"type":"LineString","coordinates":[[21.309849,46.182609],[21.309856,46.182592]]}},{"type":"Feature","properties":{"line":"19","mode":"bus","color":"#03636c","oi":1.44,"n":4,"sw":1},"geometry":{"type":"LineString","coordinates":[[21.309854,46.182597],[21.30986,46.18258]]}},{"type":"Feature","properties":{"line":"19","mode":"bus","color":"#03636c","oi":1.397,"n":4,"sw":1},"geometry":{"type":"LineString","coordinates":[[21.309858,46.182585],[21.309864,46.182568]]}},{"type":"Feature","properties":{"line":"19","mode":"bus","color":"#03636c","oi":1.344,"n":4,"sw":1},"geometry":{"type":"LineString","coordinates":[[21.309862,46.182573],[21.309868,46.182555]]}},{"type":"Feature","properties":{"line":"19","mode":"bus","color":"#03636c","oi":1.282,"n":4,"sw":1},"geometry":{"type":"LineString","coordinates":[[21.309867,46.182561],[21.309873,46.182543]]}},{"type":"Feature","properties":{"line":"19","mode":"bus","color":"#03636c","oi":1.213,"n":4,"sw":1},"geometry":{"type":"LineString","coordinates":[[21.309871,46.182549],[21.309877,46.182531]]}},{"type":"Feature","properties":{"line":"19","mode":"bus","color":"#03636c","oi":1.138,"n":4,"sw":1},"geometry":{"type":"LineString","coordinates":[[21.309875,46.182536],[21.309881,46.182519]]}},{"type":"Feature","properties":{"line":"19","mode":"bus","color":"#03636c","oi":1.057,"n":4,"sw":1},"geometry":{"type":"LineString","coordinates":[[21.309879,46.182524],[21.309886,46.182507]]}},{"type":"Feature","properties":{"line":"19","mode":"bus","color":"#03636c","oi":0.972,"n":4,"sw":1},"geometry":{"type":"LineString","coordinates":[[21.309884,46.182512],[21.30989,46.182495]]}},{"type":"Feature","properties":{"line":"19","mode":"bus","color":"#03636c","oi":0.884,"n":4,"sw":1},"geometry":{"type":"LineString","coordinates":[[21.309888,46.1825],[21.309894,46.182483]]}},{"type":"Feature","properties":{"line":"19","mode":"bus","color":"#03636c","oi":0.795,"n":4,"sw":1},"geometry":{"type":"LineString","coordinates":[[21.309892,46.182488],[21.309898,46.182471]]}},{"type":"Feature","properties":{"line":"19","mode":"bus","color":"#03636c","oi":0.705,"n":4,"sw":1},"geometry":{"type":"LineString","coordinates":[[21.309896,46.182476],[21.309903,46.182459]]}},{"type":"Feature","properties":{"line":"19","mode":"bus","color":"#03636c","oi":0.616,"n":4,"sw":1},"geometry":{"type":"LineString","coordinates":[[21.309901,46.182464],[21.309907,46.182446]]}},{"type":"Feature","properties":{"line":"19","mode":"bus","color":"#03636c","oi":0.528,"n":4,"sw":1},"geometry":{"type":"LineString","coordinates":[[21.309905,46.182452],[21.309911,46.182434]]}},{"type":"Feature","properties":{"line":"19","mode":"bus","color":"#03636c","oi":0.443,"n":4,"sw":1},"geometry":{"type":"LineString","coordinates":[[21.309909,46.18244],[21.309915,46.182422]]}},{"type":"Feature","properties":{"line":"19","mode":"bus","color":"#03636c","oi":0.362,"n":4,"sw":1},"geometry":{"type":"LineString","coordinates":[[21.309914,46.182428],[21.30992,46.18241]]}},{"type":"Feature","properties":{"line":"19","mode":"bus","color":"#03636c","oi":0.287,"n":4,"sw":1},"geometry":{"type":"LineString","coordinates":[[21.309918,46.182415],[21.309924,46.182398]]}},{"type":"Feature","properties":{"line":"19","mode":"bus","color":"#03636c","oi":0.218,"n":4,"sw":1},"geometry":{"type":"LineString","coordinates":[[21.309922,46.182403],[21.309928,46.182386]]}},{"type":"Feature","properties":{"line":"19","mode":"bus","color":"#03636c","oi":0.156,"n":4,"sw":1},"geometry":{"type":"LineString","coordinates":[[21.309926,46.182391],[21.309933,46.182374]]}},{"type":"Feature","properties":{"line":"19","mode":"bus","color":"#03636c","oi":0.103,"n":4,"sw":1},"geometry":{"type":"LineString","coordinates":[[21.309931,46.182379],[21.309937,46.182362]]}},{"type":"Feature","properties":{"line":"19","mode":"bus","color":"#03636c","oi":0.06,"n":4,"sw":1},"geometry":{"type":"LineString","coordinates":[[21.309935,46.182367],[21.309941,46.18235]]}},{"type":"Feature","properties":{"line":"19","mode":"bus","color":"#03636c","oi":0.027,"n":4,"sw":1},"geometry":{"type":"LineString","coordinates":[[21.309939,46.182355],[21.309945,46.182338]]}},{"type":"Feature","properties":{"line":"19","mode":"bus","color":"#03636c","oi":0.007,"n":4,"sw":1},"geometry":{"type":"LineString","coordinates":[[21.309944,46.182343],[21.30995,46.182325]]}},{"type":"Feature","properties":{"line":"19","mode":"bus","color":"#03636c","oi":0,"n":4,"sw":1},"geometry":{"type":"LineString","coordinates":[[21.309948,46.182331],[21.309953,46.182316]]}},{"type":"Feature","properties":{"line":"19","mode":"bus","color":"#03636c","oi":1,"n":3},"geometry":{"type":"LineString","coordinates":[[21.310849,46.182383],[21.310863,46.182401],[21.311013,46.182524],[21.311249,46.182631]]}},{"type":"Feature","properties":{"line":"19","mode":"bus","color":"#03636c","oi":0,"n":3,"sw":1},"geometry":{"type":"LineString","coordinates":[[21.310581,46.182122],[21.310603,46.182136]]}},{"type":"Feature","properties":{"line":"19","mode":"bus","color":"#03636c","oi":0.01,"n":3,"sw":1},"geometry":{"type":"LineString","coordinates":[[21.310597,46.182132],[21.310622,46.182148]]}},{"type":"Feature","properties":{"line":"19","mode":"bus","color":"#03636c","oi":0.038,"n":3,"sw":1},"geometry":{"type":"LineString","coordinates":[[21.310616,46.182145],[21.310641,46.18216]]}},{"type":"Feature","properties":{"line":"19","mode":"bus","color":"#03636c","oi":0.082,"n":3,"sw":1},"geometry":{"type":"LineString","coordinates":[[21.310635,46.182157],[21.31066,46.182173]]}},{"type":"Feature","properties":{"line":"19","mode":"bus","color":"#03636c","oi":0.14,"n":3,"sw":1},"geometry":{"type":"LineString","coordinates":[[21.310654,46.182169],[21.310679,46.182185]]}},{"type":"Feature","properties":{"line":"19","mode":"bus","color":"#03636c","oi":0.209,"n":3,"sw":1},"geometry":{"type":"LineString","coordinates":[[21.310674,46.182181],[21.310698,46.182197]]}},{"type":"Feature","properties":{"line":"19","mode":"bus","color":"#03636c","oi":0.286,"n":3,"sw":1},"geometry":{"type":"LineString","coordinates":[[21.310693,46.182193],[21.3107,46.182198],[21.310712,46.182212]]}},{"type":"Feature","properties":{"line":"19","mode":"bus","color":"#03636c","oi":0.369,"n":3,"sw":1},"geometry":{"type":"LineString","coordinates":[[21.310708,46.182208],[21.310724,46.182228]]}},{"type":"Feature","properties":{"line":"19","mode":"bus","color":"#03636c","oi":0.456,"n":3,"sw":1},"geometry":{"type":"LineString","coordinates":[[21.31072,46.182223],[21.310737,46.182244]]}},{"type":"Feature","properties":{"line":"19","mode":"bus","color":"#03636c","oi":0.544,"n":3,"sw":1},"geometry":{"type":"LineString","coordinates":[[21.310733,46.182239],[21.310749,46.18226]]}},{"type":"Feature","properties":{"line":"19","mode":"bus","color":"#03636c","oi":0.631,"n":3,"sw":1},"geometry":{"type":"LineString","coordinates":[[21.310746,46.182255],[21.310762,46.182275]]}},{"type":"Feature","properties":{"line":"19","mode":"bus","color":"#03636c","oi":0.714,"n":3,"sw":1},"geometry":{"type":"LineString","coordinates":[[21.310758,46.182271],[21.310775,46.182291]]}},{"type":"Feature","properties":{"line":"19","mode":"bus","color":"#03636c","oi":0.791,"n":3,"sw":1},"geometry":{"type":"LineString","coordinates":[[21.310771,46.182286],[21.310787,46.182307]]}},{"type":"Feature","properties":{"line":"19","mode":"bus","color":"#03636c","oi":0.86,"n":3,"sw":1},"geometry":{"type":"LineString","coordinates":[[21.310784,46.182302],[21.3108,46.182322]]}},{"type":"Feature","properties":{"line":"19","mode":"bus","color":"#03636c","oi":0.918,"n":3,"sw":1},"geometry":{"type":"LineString","coordinates":[[21.310796,46.182318],[21.310813,46.182338]]}},{"type":"Feature","properties":{"line":"19","mode":"bus","color":"#03636c","oi":0.962,"n":3,"sw":1},"geometry":{"type":"LineString","coordinates":[[21.310809,46.182333],[21.310825,46.182354]]}},{"type":"Feature","properties":{"line":"19","mode":"bus","color":"#03636c","oi":0.99,"n":3,"sw":1},"geometry":{"type":"LineString","coordinates":[[21.310821,46.182349],[21.310838,46.18237]]}},{"type":"Feature","properties":{"line":"19","mode":"bus","color":"#03636c","oi":1,"n":3,"sw":1},"geometry":{"type":"LineString","coordinates":[[21.310834,46.182365],[21.31085,46.182385]]}},{"type":"Feature","properties":{"line":"19","mode":"bus","color":"#03636c","oi":1,"n":3},"geometry":{"type":"LineString","coordinates":[[21.322962,46.183042],[21.322536,46.183216],[21.318315,46.184779],[21.317246,46.185126],[21.316939,46.185177],[21.316652,46.185179],[21.316056,46.185123],[21.31576,46.185029],[21.315352,46.184739],[21.314639,46.184158],[21.31397,46.18366],[21.312722,46.182986],[21.312123,46.182772],[21.311249,46.182631],[21.310937,46.182632],[21.310859,46.182619]]}},{"type":"Feature","properties":{"line":"19","mode":"bus","color":"#03636c","oi":0,"n":3,"sw":1},"geometry":{"type":"LineString","coordinates":[[21.323328,46.182849],[21.32331,46.182865]]}},{"type":"Feature","properties":{"line":"19","mode":"bus","color":"#03636c","oi":0.01,"n":3,"sw":1},"geometry":{"type":"LineString","coordinates":[[21.323315,46.182861],[21.323294,46.18288]]}},{"type":"Feature","properties":{"line":"19","mode":"bus","color":"#03636c","oi":0.038,"n":3,"sw":1},"geometry":{"type":"LineString","coordinates":[[21.323299,46.182875],[21.323278,46.182894]]}},{"type":"Feature","properties":{"line":"19","mode":"bus","color":"#03636c","oi":0.082,"n":3,"sw":1},"geometry":{"type":"LineString","coordinates":[[21.323283,46.18289],[21.323262,46.182908]]}},{"type":"Feature","properties":{"line":"19","mode":"bus","color":"#03636c","oi":0.14,"n":3,"sw":1},"geometry":{"type":"LineString","coordinates":[[21.323267,46.182904],[21.323246,46.182922]]}},{"type":"Feature","properties":{"line":"19","mode":"bus","color":"#03636c","oi":0.209,"n":3,"sw":1},"geometry":{"type":"LineString","coordinates":[[21.323251,46.182918],[21.323239,46.182929],[21.323227,46.182934]]}},{"type":"Feature","properties":{"line":"19","mode":"bus","color":"#03636c","oi":0.286,"n":3,"sw":1},"geometry":{"type":"LineString","coordinates":[[21.323234,46.182931],[21.323205,46.182943]]}},{"type":"Feature","properties":{"line":"19","mode":"bus","color":"#03636c","oi":0.369,"n":3,"sw":1},"geometry":{"type":"LineString","coordinates":[[21.323211,46.18294],[21.323182,46.182952]]}},{"type":"Feature","properties":{"line":"19","mode":"bus","color":"#03636c","oi":0.456,"n":3,"sw":1},"geometry":{"type":"LineString","coordinates":[[21.323189,46.182949],[21.32316,46.182961]]}},{"type":"Feature","properties":{"line":"19","mode":"bus","color":"#03636c","oi":0.544,"n":3,"sw":1},"geometry":{"type":"LineString","coordinates":[[21.323167,46.182959],[21.323138,46.18297]]}},{"type":"Feature","properties":{"line":"19","mode":"bus","color":"#03636c","oi":0.631,"n":3,"sw":1},"geometry":{"type":"LineString","coordinates":[[21.323144,46.182968],[21.323115,46.18298]]}},{"type":"Feature","properties":{"line":"19","mode":"bus","color":"#03636c","oi":0.714,"n":3,"sw":1},"geometry":{"type":"LineString","coordinates":[[21.323122,46.182977],[21.323093,46.182989]]}},{"type":"Feature","properties":{"line":"19","mode":"bus","color":"#03636c","oi":0.791,"n":3,"sw":1},"geometry":{"type":"LineString","coordinates":[[21.3231,46.182986],[21.32307,46.182998]]}},{"type":"Feature","properties":{"line":"19","mode":"bus","color":"#03636c","oi":0.86,"n":3,"sw":1},"geometry":{"type":"LineString","coordinates":[[21.323077,46.182995],[21.323048,46.183007]]}},{"type":"Feature","properties":{"line":"19","mode":"bus","color":"#03636c","oi":0.918,"n":3,"sw":1},"geometry":{"type":"LineString","coordinates":[[21.323055,46.183004],[21.323026,46.183016]]}},{"type":"Feature","properties":{"line":"19","mode":"bus","color":"#03636c","oi":0.962,"n":3,"sw":1},"geometry":{"type":"LineString","coordinates":[[21.323032,46.183013],[21.323003,46.183025]]}},{"type":"Feature","properties":{"line":"19","mode":"bus","color":"#03636c","oi":0.99,"n":3,"sw":1},"geometry":{"type":"LineString","coordinates":[[21.32301,46.183022],[21.322981,46.183034]]}},{"type":"Feature","properties":{"line":"19","mode":"bus","color":"#03636c","oi":1,"n":3,"sw":1},"geometry":{"type":"LineString","coordinates":[[21.322988,46.183032],[21.322959,46.183043]]}},{"type":"Feature","properties":{"line":"19","mode":"bus","color":"#03636c","oi":1,"n":3,"sw":1},"geometry":{"type":"LineString","coordinates":[[21.310863,46.18262],[21.31083,46.182615]]}},{"type":"Feature","properties":{"line":"19","mode":"bus","color":"#03636c","oi":0.99,"n":3,"sw":1},"geometry":{"type":"LineString","coordinates":[[21.310838,46.182616],[21.310805,46.182611]]}},{"type":"Feature","properties":{"line":"19","mode":"bus","color":"#03636c","oi":0.962,"n":3,"sw":1},"geometry":{"type":"LineString","coordinates":[[21.310812,46.182612],[21.310779,46.182607]]}},{"type":"Feature","properties":{"line":"19","mode":"bus","color":"#03636c","oi":0.918,"n":3,"sw":1},"geometry":{"type":"LineString","coordinates":[[21.310787,46.182608],[21.310754,46.182602]]}},{"type":"Feature","properties":{"line":"19","mode":"bus","color":"#03636c","oi":0.86,"n":3,"sw":1},"geometry":{"type":"LineString","coordinates":[[21.310762,46.182604],[21.310729,46.182598]]}},{"type":"Feature","properties":{"line":"19","mode":"bus","color":"#03636c","oi":0.791,"n":3,"sw":1},"geometry":{"type":"LineString","coordinates":[[21.310736,46.1826],[21.310704,46.182594]]}},{"type":"Feature","properties":{"line":"19","mode":"bus","color":"#03636c","oi":0.714,"n":3,"sw":1},"geometry":{"type":"LineString","coordinates":[[21.310711,46.182596],[21.310678,46.18259]]}},{"type":"Feature","properties":{"line":"19","mode":"bus","color":"#03636c","oi":0.631,"n":3,"sw":1},"geometry":{"type":"LineString","coordinates":[[21.310686,46.182591],[21.310653,46.182586]]}},{"type":"Feature","properties":{"line":"19","mode":"bus","color":"#03636c","oi":0.544,"n":3,"sw":1},"geometry":{"type":"LineString","coordinates":[[21.310661,46.182587],[21.310628,46.182582]]}},{"type":"Feature","properties":{"line":"19","mode":"bus","color":"#03636c","oi":0.456,"n":3,"sw":1},"geometry":{"type":"LineString","coordinates":[[21.310635,46.182583],[21.310602,46.182578]]}},{"type":"Feature","properties":{"line":"19","mode":"bus","color":"#03636c","oi":0.369,"n":3,"sw":1},"geometry":{"type":"LineString","coordinates":[[21.31061,46.182579],[21.310577,46.182574]]}},{"type":"Feature","properties":{"line":"19","mode":"bus","color":"#03636c","oi":0.286,"n":3,"sw":1},"geometry":{"type":"LineString","coordinates":[[21.310585,46.182575],[21.310552,46.18257]]}},{"type":"Feature","properties":{"line":"19","mode":"bus","color":"#03636c","oi":0.209,"n":3,"sw":1},"geometry":{"type":"LineString","coordinates":[[21.310559,46.182571],[21.310527,46.182566]]}},{"type":"Feature","properties":{"line":"19","mode":"bus","color":"#03636c","oi":0.14,"n":3,"sw":1},"geometry":{"type":"LineString","coordinates":[[21.310534,46.182567],[21.310501,46.182562]]}},{"type":"Feature","properties":{"line":"19","mode":"bus","color":"#03636c","oi":0.082,"n":3,"sw":1},"geometry":{"type":"LineString","coordinates":[[21.310509,46.182563],[21.310476,46.182558]]}},{"type":"Feature","properties":{"line":"19","mode":"bus","color":"#03636c","oi":0.038,"n":3,"sw":1},"geometry":{"type":"LineString","coordinates":[[21.310484,46.182559],[21.310451,46.182554]]}},{"type":"Feature","properties":{"line":"19","mode":"bus","color":"#03636c","oi":0.01,"n":3,"sw":1},"geometry":{"type":"LineString","coordinates":[[21.310458,46.182555],[21.310425,46.182549]]}},{"type":"Feature","properties":{"line":"19","mode":"bus","color":"#03636c","oi":0,"n":3,"sw":1},"geometry":{"type":"LineString","coordinates":[[21.310433,46.182551],[21.310404,46.182546]]}},{"type":"Feature","properties":{"line":"19","mode":"bus","color":"#03636c","oi":0.5,"n":2},"geometry":{"type":"LineString","coordinates":[[21.321211,46.146543],[21.321207,46.146865],[21.321235,46.147354],[21.321753,46.152235],[21.321776,46.153529],[21.321707,46.156356],[21.32171,46.156372],[21.321719,46.156383],[21.321735,46.15639],[21.321758,46.156392],[21.321906,46.156393]]}},{"type":"Feature","properties":{"line":"19","mode":"bus","color":"#03636c","oi":1,"n":2,"sw":1},"geometry":{"type":"LineString","coordinates":[[21.321216,46.146219],[21.321216,46.146254]]}},{"type":"Feature","properties":{"line":"19","mode":"bus","color":"#03636c","oi":0.983,"n":2,"sw":1},"geometry":{"type":"LineString","coordinates":[[21.321216,46.146249],[21.321215,46.146286]]}},{"type":"Feature","properties":{"line":"19","mode":"bus","color":"#03636c","oi":0.937,"n":2,"sw":1},"geometry":{"type":"LineString","coordinates":[[21.321215,46.146281],[21.321215,46.146319]]}},{"type":"Feature","properties":{"line":"19","mode":"bus","color":"#03636c","oi":0.87,"n":2,"sw":1},"geometry":{"type":"LineString","coordinates":[[21.321215,46.146313],[21.321214,46.146351]]}},{"type":"Feature","properties":{"line":"19","mode":"bus","color":"#03636c","oi":0.791,"n":2,"sw":1},"geometry":{"type":"LineString","coordinates":[[21.321214,46.146346],[21.321214,46.146384]]}},{"type":"Feature","properties":{"line":"19","mode":"bus","color":"#03636c","oi":0.709,"n":2,"sw":1},"geometry":{"type":"LineString","coordinates":[[21.321214,46.146378],[21.321213,46.146416]]}},{"type":"Feature","properties":{"line":"19","mode":"bus","color":"#03636c","oi":0.63,"n":2,"sw":1},"geometry":{"type":"LineString","coordinates":[[21.321213,46.146411],[21.321213,46.146448]]}},{"type":"Feature","properties":{"line":"19","mode":"bus","color":"#03636c","oi":0.563,"n":2,"sw":1},"geometry":{"type":"LineString","coordinates":[[21.321213,46.146443],[21.321212,46.146481]]}},{"type":"Feature","properties":{"line":"19","mode":"bus","color":"#03636c","oi":0.517,"n":2,"sw":1},"geometry":{"type":"LineString","coordinates":[[21.321212,46.146475],[21.321212,46.146513]]}},{"type":"Feature","properties":{"line":"19","mode":"bus","color":"#03636c","oi":0.5,"n":2,"sw":1},"geometry":{"type":"LineString","coordinates":[[21.321212,46.146508],[21.321211,46.146546]]}},{"type":"Feature","properties":{"line":"19","mode":"bus","color":"#03636c","oi":0.5,"n":2},"geometry":{"type":"LineString","coordinates":[[21.33466,46.145663],[21.334395,46.145071],[21.334154,46.144622],[21.333968,46.144399],[21.333767,46.144281],[21.333627,46.144239],[21.332999,46.144221],[21.332644,46.14424],[21.332185,46.144305],[21.327701,46.145135],[21.322853,46.145981],[21.321997,46.146147],[21.321749,46.146153],[21.321498,46.146087]]}},{"type":"Feature","properties":{"line":"19","mode":"bus","color":"#03636c","oi":0.5,"n":2},"geometry":{"type":"LineString","coordinates":[[21.323136,46.183155],[21.323047,46.183156],[21.322536,46.183216]]}},{"type":"Feature","properties":{"line":"19","mode":"bus","color":"#03636c","oi":-0.5,"n":2,"sw":1},"geometry":{"type":"LineString","coordinates":[[21.323603,46.183147],[21.323573,46.183147]]}},{"type":"Feature","properties":{"line":"19","mode":"bus","color":"#03636c","oi":-0.49,"n":2,"sw":1},"geometry":{"type":"LineString","coordinates":[[21.323581,46.183147],[21.323547,46.183148]]}},{"type":"Feature","properties":{"line":"19","mode":"bus","color":"#03636c","oi":-0.462,"n":2,"sw":1},"geometry":{"type":"LineString","coordinates":[[21.323555,46.183148],[21.323521,46.183148]]}},{"type":"Feature","properties":{"line":"19","mode":"bus","color":"#03636c","oi":-0.418,"n":2,"sw":1},"geometry":{"type":"LineString","coordinates":[[21.323529,46.183148],[21.323495,46.183149]]}},{"type":"Feature","properties":{"line":"19","mode":"bus","color":"#03636c","oi":-0.36,"n":2,"sw":1},"geometry":{"type":"LineString","coordinates":[[21.323503,46.183149],[21.323469,46.183149]]}},{"type":"Feature","properties":{"line":"19","mode":"bus","color":"#03636c","oi":-0.291,"n":2,"sw":1},"geometry":{"type":"LineString","coordinates":[[21.323477,46.183149],[21.323443,46.18315]]}},{"type":"Feature","properties":{"line":"19","mode":"bus","color":"#03636c","oi":-0.214,"n":2,"sw":1},"geometry":{"type":"LineString","coordinates":[[21.323451,46.183149],[21.323417,46.18315]]}},{"type":"Feature","properties":{"line":"19","mode":"bus","color":"#03636c","oi":-0.131,"n":2,"sw":1},"geometry":{"type":"LineString","coordinates":[[21.323425,46.18315],[21.323392,46.18315]]}},{"type":"Feature","properties":{"line":"19","mode":"bus","color":"#03636c","oi":-0.044,"n":2,"sw":1},"geometry":{"type":"LineString","coordinates":[[21.323399,46.18315],[21.323366,46.183151]]}},{"type":"Feature","properties":{"line":"19","mode":"bus","color":"#03636c","oi":0.044,"n":2,"sw":1},"geometry":{"type":"LineString","coordinates":[[21.323373,46.183151],[21.32334,46.183151]]}},{"type":"Feature","properties":{"line":"19","mode":"bus","color":"#03636c","oi":0.131,"n":2,"sw":1},"geometry":{"type":"LineString","coordinates":[[21.323347,46.183151],[21.323314,46.183152]]}},{"type":"Feature","properties":{"line":"19","mode":"bus","color":"#03636c","oi":0.214,"n":2,"sw":1},"geometry":{"type":"LineString","coordinates":[[21.323321,46.183152],[21.323288,46.183152]]}},{"type":"Feature","properties":{"line":"19","mode":"bus","color":"#03636c","oi":0.291,"n":2,"sw":1},"geometry":{"type":"LineString","coordinates":[[21.323296,46.183152],[21.323262,46.183153]]}},{"type":"Feature","properties":{"line":"19","mode":"bus","color":"#03636c","oi":0.36,"n":2,"sw":1},"geometry":{"type":"LineString","coordinates":[[21.32327,46.183152],[21.323236,46.183153]]}},{"type":"Feature","properties":{"line":"19","mode":"bus","color":"#03636c","oi":0.418,"n":2,"sw":1},"geometry":{"type":"LineString","coordinates":[[21.323244,46.183153],[21.32321,46.183153]]}},{"type":"Feature","properties":{"line":"19","mode":"bus","color":"#03636c","oi":0.462,"n":2,"sw":1},"geometry":{"type":"LineString","coordinates":[[21.323218,46.183153],[21.323184,46.183154]]}},{"type":"Feature","properties":{"line":"19","mode":"bus","color":"#03636c","oi":0.49,"n":2,"sw":1},"geometry":{"type":"LineString","coordinates":[[21.323192,46.183154],[21.323158,46.183154]]}},{"type":"Feature","properties":{"line":"19","mode":"bus","color":"#03636c","oi":0.5,"n":2,"sw":1},"geometry":{"type":"LineString","coordinates":[[21.323166,46.183154],[21.323132,46.183155]]}},{"type":"Feature","properties":{"line":"49","mode":"bus","color":"#b11526","oi":0,"n":1},"geometry":{"type":"LineString","coordinates":[[21.321488,46.146279],[21.321559,46.146197],[21.321557,46.146184]]}},{"type":"Feature","properties":{"line":"49","mode":"bus","color":"#b11526","oi":0,"n":1,"sw":1},"geometry":{"type":"LineString","coordinates":[[21.321558,46.146187],[21.321555,46.146171]]}},{"type":"Feature","properties":{"line":"49","mode":"bus","color":"#b11526","oi":0.017,"n":1,"sw":1},"geometry":{"type":"LineString","coordinates":[[21.321556,46.146176],[21.321554,46.14616]]}},{"type":"Feature","properties":{"line":"49","mode":"bus","color":"#b11526","oi":0.063,"n":1,"sw":1},"geometry":{"type":"LineString","coordinates":[[21.321554,46.146165],[21.321552,46.146149]]}},{"type":"Feature","properties":{"line":"49","mode":"bus","color":"#b11526","oi":0.13,"n":1,"sw":1},"geometry":{"type":"LineString","coordinates":[[21.321553,46.146154],[21.321551,46.146141],[21.321549,46.146139]]}},{"type":"Feature","properties":{"line":"49","mode":"bus","color":"#b11526","oi":0.209,"n":1,"sw":1},"geometry":{"type":"LineString","coordinates":[[21.321551,46.146144],[21.321551,46.146141],[21.32154,46.14613]]}},{"type":"Feature","properties":{"line":"49","mode":"bus","color":"#b11526","oi":0.291,"n":1,"sw":1},"geometry":{"type":"LineString","coordinates":[[21.321544,46.146134],[21.321531,46.146121]]}},{"type":"Feature","properties":{"line":"49","mode":"bus","color":"#b11526","oi":0.37,"n":1,"sw":1},"geometry":{"type":"LineString","coordinates":[[21.321535,46.146125],[21.321522,46.146112]]}},{"type":"Feature","properties":{"line":"49","mode":"bus","color":"#b11526","oi":0.437,"n":1,"sw":1},"geometry":{"type":"LineString","coordinates":[[21.321527,46.146116],[21.321513,46.146103]]}},{"type":"Feature","properties":{"line":"49","mode":"bus","color":"#b11526","oi":0.483,"n":1,"sw":1},"geometry":{"type":"LineString","coordinates":[[21.321518,46.146107],[21.321505,46.146094]]}},{"type":"Feature","properties":{"line":"49","mode":"bus","color":"#b11526","oi":0.5,"n":1,"sw":1},"geometry":{"type":"LineString","coordinates":[[21.321509,46.146098],[21.321498,46.146087]]}},{"type":"Feature","properties":{"line":"49","mode":"bus","color":"#b11526","oi":0,"n":1},"geometry":{"type":"LineString","coordinates":[[21.310229,46.141672],[21.310256,46.141545],[21.310222,46.14148],[21.310214,46.141446],[21.310226,46.141413],[21.310285,46.141327],[21.310484,46.141248],[21.311021,46.141194]]}},{"type":"Feature","properties":{"line":"49","mode":"bus","color":"#b11526","oi":0,"n":1},"geometry":{"type":"LineString","coordinates":[[21.321906,46.156393],[21.321997,46.153862],[21.321982,46.152254],[21.321489,46.148395],[21.321387,46.146857],[21.321392,46.14651],[21.321447,46.146295]]}},{"type":"Feature","properties":{"line":"49","mode":"bus","color":"#b11526","oi":0,"n":1},"geometry":{"type":"LineString","coordinates":[[21.321234,46.141628],[21.321094,46.141038]]}},{"type":"Feature","properties":{"line":"49","mode":"bus","color":"#b11526","oi":0.5,"n":1,"sw":1},"geometry":{"type":"LineString","coordinates":[[21.32131,46.141948],[21.321302,46.141913]]}},{"type":"Feature","properties":{"line":"49","mode":"bus","color":"#b11526","oi":0.483,"n":1,"sw":1},"geometry":{"type":"LineString","coordinates":[[21.321303,46.141919],[21.321294,46.141881]]}},{"type":"Feature","properties":{"line":"49","mode":"bus","color":"#b11526","oi":0.437,"n":1,"sw":1},"geometry":{"type":"LineString","coordinates":[[21.321295,46.141887],[21.321287,46.141849]]}},{"type":"Feature","properties":{"line":"49","mode":"bus","color":"#b11526","oi":0.37,"n":1,"sw":1},"geometry":{"type":"LineString","coordinates":[[21.321288,46.141855],[21.321279,46.141817]]}},{"type":"Feature","properties":{"line":"49","mode":"bus","color":"#b11526","oi":0.291,"n":1,"sw":1},"geometry":{"type":"LineString","coordinates":[[21.32128,46.141823],[21.321271,46.141786]]}},{"type":"Feature","properties":{"line":"49","mode":"bus","color":"#b11526","oi":0.209,"n":1,"sw":1},"geometry":{"type":"LineString","coordinates":[[21.321273,46.141791],[21.321264,46.141754]]}},{"type":"Feature","properties":{"line":"49","mode":"bus","color":"#b11526","oi":0.13,"n":1,"sw":1},"geometry":{"type":"LineString","coordinates":[[21.321265,46.141759],[21.321256,46.141722]]}},{"type":"Feature","properties":{"line":"49","mode":"bus","color":"#b11526","oi":0.063,"n":1,"sw":1},"geometry":{"type":"LineString","coordinates":[[21.321258,46.141727],[21.321249,46.14169]]}},{"type":"Feature","properties":{"line":"49","mode":"bus","color":"#b11526","oi":0.017,"n":1,"sw":1},"geometry":{"type":"LineString","coordinates":[[21.32125,46.141695],[21.321241,46.141658]]}},{"type":"Feature","properties":{"line":"49","mode":"bus","color":"#b11526","oi":0,"n":1,"sw":1},"geometry":{"type":"LineString","coordinates":[[21.321242,46.141663],[21.321233,46.141626]]}},{"type":"Feature","properties":{"line":"49","mode":"bus","color":"#b11526","oi":0,"n":1},"geometry":{"type":"LineString","coordinates":[[21.321712,46.155911],[21.320925,46.1559],[21.316982,46.15549],[21.316691,46.155465],[21.316216,46.155479],[21.316103,46.155464],[21.312904,46.15491],[21.311179,46.154552],[21.308855,46.154135],[21.308787,46.154103],[21.308757,46.154082],[21.308743,46.154055],[21.308723,46.153975],[21.309009,46.15291],[21.30901,46.152895],[21.309004,46.152884],[21.308989,46.152877],[21.308967,46.152874],[21.308692,46.152869],[21.308502,46.152844],[21.30815,46.15276],[21.306802,46.15213]]}},{"type":"Feature","properties":{"line":"49","mode":"bus","color":"#b11526","oi":0,"n":1,"sw":1},"geometry":{"type":"LineString","coordinates":[[21.306806,46.152132],[21.30676,46.15211]]}},{"type":"Feature","properties":{"line":"49","mode":"bus","color":"#b11526","oi":0.017,"n":1,"sw":1},"geometry":{"type":"LineString","coordinates":[[21.306767,46.152113],[21.306722,46.152092]]}},{"type":"Feature","properties":{"line":"49","mode":"bus","color":"#b11526","oi":0.063,"n":1,"sw":1},"geometry":{"type":"LineString","coordinates":[[21.306728,46.152095],[21.306683,46.152074]]}},{"type":"Feature","properties":{"line":"49","mode":"bus","color":"#b11526","oi":0.13,"n":1,"sw":1},"geometry":{"type":"LineString","coordinates":[[21.306689,46.152077],[21.306644,46.152056]]}},{"type":"Feature","properties":{"line":"49","mode":"bus","color":"#b11526","oi":0.209,"n":1,"sw":1},"geometry":{"type":"LineString","coordinates":[[21.306651,46.152059],[21.306605,46.152038]]}},{"type":"Feature","properties":{"line":"49","mode":"bus","color":"#b11526","oi":0.291,"n":1,"sw":1},"geometry":{"type":"LineString","coordinates":[[21.306612,46.152041],[21.306567,46.15202]]}},{"type":"Feature","properties":{"line":"49","mode":"bus","color":"#b11526","oi":0.37,"n":1,"sw":1},"geometry":{"type":"LineString","coordinates":[[21.306573,46.152023],[21.306528,46.152002]]}},{"type":"Feature","properties":{"line":"49","mode":"bus","color":"#b11526","oi":0.437,"n":1,"sw":1},"geometry":{"type":"LineString","coordinates":[[21.306534,46.152005],[21.306489,46.151984]]}},{"type":"Feature","properties":{"line":"49","mode":"bus","color":"#b11526","oi":0.483,"n":1,"sw":1},"geometry":{"type":"LineString","coordinates":[[21.306496,46.151987],[21.306451,46.151966]]}},{"type":"Feature","properties":{"line":"49","mode":"bus","color":"#b11526","oi":0.5,"n":1,"sw":1},"geometry":{"type":"LineString","coordinates":[[21.306457,46.151969],[21.306415,46.151949]]}},{"type":"Feature","properties":{"line":"49","mode":"bus","color":"#b11526","oi":0,"n":1},"geometry":{"type":"LineString","coordinates":[[21.298922,46.154745],[21.305108,46.153873],[21.306262,46.153693],[21.30636,46.153641],[21.306418,46.153579],[21.306958,46.152204]]}},{"type":"Feature","properties":{"line":"49","mode":"bus","color":"#b11526","oi":0,"n":1},"geometry":{"type":"LineString","coordinates":[[21.321997,46.153862],[21.321772,46.153862]]}},{"type":"Feature","properties":{"line":"49","mode":"bus","color":"#b11526","oi":0.5,"n":2},"geometry":{"type":"LineString","coordinates":[[21.321447,46.146295],[21.321488,46.146279]]}},{"type":"Feature","properties":{"line":"49","mode":"bus","color":"#b11526","oi":0.5,"n":2},"geometry":{"type":"LineString","coordinates":[[21.321094,46.141038],[21.311262,46.141192],[21.310472,46.141185],[21.309961,46.14134],[21.309795,46.141354],[21.309721,46.141381],[21.309586,46.141517],[21.309602,46.141667],[21.309688,46.14175],[21.30979,46.141795],[21.309929,46.141812],[21.310058,46.141791],[21.310159,46.141742],[21.310229,46.141672]]}},{"type":"Feature","properties":{"line":"49","mode":"bus","color":"#b11526","oi":0.5,"n":2},"geometry":{"type":"LineString","coordinates":[[21.306415,46.151949],[21.306174,46.15183],[21.306153,46.151824],[21.306133,46.151826],[21.306115,46.151836],[21.306068,46.151877],[21.305913,46.151928],[21.298436,46.153036],[21.298414,46.153042],[21.2984,46.153051],[21.298394,46.153063],[21.298396,46.153079],[21.298922,46.154745]]}},{"type":"Feature","properties":{"line":"49","mode":"bus","color":"#b11526","oi":0.5,"n":2},"geometry":{"type":"LineString","coordinates":[[21.321455,46.14546],[21.321345,46.145792]]}},{"type":"Feature","properties":{"line":"49","mode":"bus","color":"#b11526","oi":0.5,"n":2,"sw":1},"geometry":{"type":"LineString","coordinates":[[21.321346,46.14579],[21.321334,46.145826]]}},{"type":"Feature","properties":{"line":"49","mode":"bus","color":"#b11526","oi":0.483,"n":2,"sw":1},"geometry":{"type":"LineString","coordinates":[[21.321336,46.145821],[21.321324,46.145858]]}},{"type":"Feature","properties":{"line":"49","mode":"bus","color":"#b11526","oi":0.437,"n":2,"sw":1},"geometry":{"type":"LineString","coordinates":[[21.321325,46.145853],[21.321313,46.14589]]}},{"type":"Feature","properties":{"line":"49","mode":"bus","color":"#b11526","oi":0.37,"n":2,"sw":1},"geometry":{"type":"LineString","coordinates":[[21.321315,46.145884],[21.321303,46.145921]]}},{"type":"Feature","properties":{"line":"49","mode":"bus","color":"#b11526","oi":0.291,"n":2,"sw":1},"geometry":{"type":"LineString","coordinates":[[21.321304,46.145916],[21.321292,46.145953]]}},{"type":"Feature","properties":{"line":"49","mode":"bus","color":"#b11526","oi":0.209,"n":2,"sw":1},"geometry":{"type":"LineString","coordinates":[[21.321294,46.145947],[21.321282,46.145984]]}},{"type":"Feature","properties":{"line":"49","mode":"bus","color":"#b11526","oi":0.13,"n":2,"sw":1},"geometry":{"type":"LineString","coordinates":[[21.321284,46.145979],[21.321271,46.146016]]}},{"type":"Feature","properties":{"line":"49","mode":"bus","color":"#b11526","oi":0.063,"n":2,"sw":1},"geometry":{"type":"LineString","coordinates":[[21.321273,46.146011],[21.321261,46.146047]]}},{"type":"Feature","properties":{"line":"49","mode":"bus","color":"#b11526","oi":0.017,"n":2,"sw":1},"geometry":{"type":"LineString","coordinates":[[21.321263,46.146042],[21.321251,46.146079]]}},{"type":"Feature","properties":{"line":"49","mode":"bus","color":"#b11526","oi":0,"n":2,"sw":1},"geometry":{"type":"LineString","coordinates":[[21.321252,46.146074],[21.321241,46.146108]]}},{"type":"Feature","properties":{"line":"49","mode":"bus","color":"#b11526","oi":0.5,"n":2},"geometry":{"type":"LineString","coordinates":[[21.321498,46.146087],[21.321471,46.145991],[21.321455,46.14546],[21.321514,46.144453],[21.321509,46.143829],[21.32131,46.141948]]}},{"type":"Feature","properties":{"line":"49","mode":"bus","color":"#b11526","oi":0,"n":3},"geometry":{"type":"LineString","coordinates":[[21.321241,46.146108],[21.321216,46.146219]]}},{"type":"Feature","properties":{"line":"49","mode":"bus","color":"#b11526","oi":-0.5,"n":2},"geometry":{"type":"LineString","coordinates":[[21.321211,46.146543],[21.321207,46.146865],[21.321235,46.147354],[21.321753,46.152235],[21.321776,46.153529],[21.321707,46.156356],[21.32171,46.156372],[21.321719,46.156383],[21.321735,46.15639],[21.321758,46.156392],[21.321906,46.156393]]}},{"type":"Feature","properties":{"line":"49","mode":"bus","color":"#b11526","oi":0,"n":2,"sw":1},"geometry":{"type":"LineString","coordinates":[[21.321216,46.146219],[21.321216,46.146254]]}},{"type":"Feature","properties":{"line":"49","mode":"bus","color":"#b11526","oi":-0.017,"n":2,"sw":1},"geometry":{"type":"LineString","coordinates":[[21.321216,46.146249],[21.321215,46.146286]]}},{"type":"Feature","properties":{"line":"49","mode":"bus","color":"#b11526","oi":-0.063,"n":2,"sw":1},"geometry":{"type":"LineString","coordinates":[[21.321215,46.146281],[21.321215,46.146319]]}},{"type":"Feature","properties":{"line":"49","mode":"bus","color":"#b11526","oi":-0.13,"n":2,"sw":1},"geometry":{"type":"LineString","coordinates":[[21.321215,46.146313],[21.321214,46.146351]]}},{"type":"Feature","properties":{"line":"49","mode":"bus","color":"#b11526","oi":-0.209,"n":2,"sw":1},"geometry":{"type":"LineString","coordinates":[[21.321214,46.146346],[21.321214,46.146384]]}},{"type":"Feature","properties":{"line":"49","mode":"bus","color":"#b11526","oi":-0.291,"n":2,"sw":1},"geometry":{"type":"LineString","coordinates":[[21.321214,46.146378],[21.321213,46.146416]]}},{"type":"Feature","properties":{"line":"49","mode":"bus","color":"#b11526","oi":-0.37,"n":2,"sw":1},"geometry":{"type":"LineString","coordinates":[[21.321213,46.146411],[21.321213,46.146448]]}},{"type":"Feature","properties":{"line":"49","mode":"bus","color":"#b11526","oi":-0.437,"n":2,"sw":1},"geometry":{"type":"LineString","coordinates":[[21.321213,46.146443],[21.321212,46.146481]]}},{"type":"Feature","properties":{"line":"49","mode":"bus","color":"#b11526","oi":-0.483,"n":2,"sw":1},"geometry":{"type":"LineString","coordinates":[[21.321212,46.146475],[21.321212,46.146513]]}},{"type":"Feature","properties":{"line":"49","mode":"bus","color":"#b11526","oi":-0.5,"n":2,"sw":1},"geometry":{"type":"LineString","coordinates":[[21.321212,46.146508],[21.321211,46.146546]]}},{"type":"Feature","properties":{"line":"49b","mode":"bus","color":"#6895fc","oi":-0.5,"n":2},"geometry":{"type":"LineString","coordinates":[[21.321447,46.146295],[21.321488,46.146279]]}},{"type":"Feature","properties":{"line":"49b","mode":"bus","color":"#6895fc","oi":-0.5,"n":2},"geometry":{"type":"LineString","coordinates":[[21.321094,46.141038],[21.311262,46.141192],[21.310472,46.141185],[21.309961,46.14134],[21.309795,46.141354],[21.309721,46.141381],[21.309586,46.141517],[21.309602,46.141667],[21.309688,46.14175],[21.30979,46.141795],[21.309929,46.141812],[21.310058,46.141791],[21.310159,46.141742],[21.310229,46.141672]]}},{"type":"Feature","properties":{"line":"49b","mode":"bus","color":"#6895fc","oi":-0.5,"n":2},"geometry":{"type":"LineString","coordinates":[[21.306415,46.151949],[21.306174,46.15183],[21.306153,46.151824],[21.306133,46.151826],[21.306115,46.151836],[21.306068,46.151877],[21.305913,46.151928],[21.298436,46.153036],[21.298414,46.153042],[21.2984,46.153051],[21.298394,46.153063],[21.298396,46.153079],[21.298922,46.154745]]}},{"type":"Feature","properties":{"line":"49b","mode":"bus","color":"#6895fc","oi":-0.5,"n":2},"geometry":{"type":"LineString","coordinates":[[21.321455,46.14546],[21.321345,46.145792]]}},{"type":"Feature","properties":{"line":"49b","mode":"bus","color":"#6895fc","oi":-0.5,"n":2,"sw":1},"geometry":{"type":"LineString","coordinates":[[21.321346,46.14579],[21.321334,46.145826]]}},{"type":"Feature","properties":{"line":"49b","mode":"bus","color":"#6895fc","oi":-0.517,"n":2,"sw":1},"geometry":{"type":"LineString","coordinates":[[21.321336,46.145821],[21.321324,46.145858]]}},{"type":"Feature","properties":{"line":"49b","mode":"bus","color":"#6895fc","oi":-0.563,"n":2,"sw":1},"geometry":{"type":"LineString","coordinates":[[21.321325,46.145853],[21.321313,46.14589]]}},{"type":"Feature","properties":{"line":"49b","mode":"bus","color":"#6895fc","oi":-0.63,"n":2,"sw":1},"geometry":{"type":"LineString","coordinates":[[21.321315,46.145884],[21.321303,46.145921]]}},{"type":"Feature","properties":{"line":"49b","mode":"bus","color":"#6895fc","oi":-0.709,"n":2,"sw":1},"geometry":{"type":"LineString","coordinates":[[21.321304,46.145916],[21.321292,46.145953]]}},{"type":"Feature","properties":{"line":"49b","mode":"bus","color":"#6895fc","oi":-0.791,"n":2,"sw":1},"geometry":{"type":"LineString","coordinates":[[21.321294,46.145947],[21.321282,46.145984]]}},{"type":"Feature","properties":{"line":"49b","mode":"bus","color":"#6895fc","oi":-0.87,"n":2,"sw":1},"geometry":{"type":"LineString","coordinates":[[21.321284,46.145979],[21.321271,46.146016]]}},{"type":"Feature","properties":{"line":"49b","mode":"bus","color":"#6895fc","oi":-0.937,"n":2,"sw":1},"geometry":{"type":"LineString","coordinates":[[21.321273,46.146011],[21.321261,46.146047]]}},{"type":"Feature","properties":{"line":"49b","mode":"bus","color":"#6895fc","oi":-0.983,"n":2,"sw":1},"geometry":{"type":"LineString","coordinates":[[21.321263,46.146042],[21.321251,46.146079]]}},{"type":"Feature","properties":{"line":"49b","mode":"bus","color":"#6895fc","oi":-1,"n":2,"sw":1},"geometry":{"type":"LineString","coordinates":[[21.321252,46.146074],[21.321241,46.146108]]}},{"type":"Feature","properties":{"line":"49b","mode":"bus","color":"#6895fc","oi":-0.5,"n":2},"geometry":{"type":"LineString","coordinates":[[21.33466,46.145663],[21.334395,46.145071],[21.334154,46.144622],[21.333968,46.144399],[21.333767,46.144281],[21.333627,46.144239],[21.332999,46.144221],[21.332644,46.14424],[21.332185,46.144305],[21.327701,46.145135],[21.322853,46.145981],[21.321997,46.146147],[21.321749,46.146153],[21.321544,46.146099],[21.321507,46.146082],[21.321489,46.146053],[21.321471,46.145991],[21.321455,46.14546],[21.321514,46.144453],[21.321509,46.143829],[21.32131,46.141948]]}},{"type":"Feature","properties":{"line":"49b","mode":"bus","color":"#6895fc","oi":0,"n":1},"geometry":{"type":"LineString","coordinates":[[21.321216,46.146219],[21.321287,46.146272],[21.321322,46.146289],[21.321363,46.146295],[21.321447,46.146295]]}},{"type":"Feature","properties":{"line":"49b","mode":"bus","color":"#6895fc","oi":0,"n":1},"geometry":{"type":"LineString","coordinates":[[21.321277,46.141625],[21.321241,46.141277]]}},{"type":"Feature","properties":{"line":"49b","mode":"bus","color":"#6895fc","oi":-0.5,"n":1,"sw":1},"geometry":{"type":"LineString","coordinates":[[21.32131,46.141948],[21.321306,46.141913]]}},{"type":"Feature","properties":{"line":"49b","mode":"bus","color":"#6895fc","oi":-0.483,"n":1,"sw":1},"geometry":{"type":"LineString","coordinates":[[21.321307,46.141918],[21.321303,46.141881]]}},{"type":"Feature","properties":{"line":"49b","mode":"bus","color":"#6895fc","oi":-0.437,"n":1,"sw":1},"geometry":{"type":"LineString","coordinates":[[21.321304,46.141886],[21.3213,46.141848]]}},{"type":"Feature","properties":{"line":"49b","mode":"bus","color":"#6895fc","oi":-0.37,"n":1,"sw":1},"geometry":{"type":"LineString","coordinates":[[21.3213,46.141854],[21.321296,46.141816]]}},{"type":"Feature","properties":{"line":"49b","mode":"bus","color":"#6895fc","oi":-0.291,"n":1,"sw":1},"geometry":{"type":"LineString","coordinates":[[21.321297,46.141821],[21.321293,46.141784]]}},{"type":"Feature","properties":{"line":"49b","mode":"bus","color":"#6895fc","oi":-0.209,"n":1,"sw":1},"geometry":{"type":"LineString","coordinates":[[21.321294,46.141789],[21.32129,46.141751]]}},{"type":"Feature","properties":{"line":"49b","mode":"bus","color":"#6895fc","oi":-0.13,"n":1,"sw":1},"geometry":{"type":"LineString","coordinates":[[21.32129,46.141757],[21.321286,46.141719]]}},{"type":"Feature","properties":{"line":"49b","mode":"bus","color":"#6895fc","oi":-0.063,"n":1,"sw":1},"geometry":{"type":"LineString","coordinates":[[21.321287,46.141725],[21.321283,46.141687]]}},{"type":"Feature","properties":{"line":"49b","mode":"bus","color":"#6895fc","oi":-0.017,"n":1,"sw":1},"geometry":{"type":"LineString","coordinates":[[21.321284,46.141692],[21.32128,46.141655]]}},{"type":"Feature","properties":{"line":"49b","mode":"bus","color":"#6895fc","oi":0,"n":1,"sw":1},"geometry":{"type":"LineString","coordinates":[[21.32128,46.14166],[21.321276,46.141622]]}},{"type":"Feature","properties":{"line":"49b","mode":"bus","color":"#6895fc","oi":0,"n":1,"sw":1},"geometry":{"type":"LineString","coordinates":[[21.321241,46.14128],[21.321237,46.141242]]}},{"type":"Feature","properties":{"line":"49b","mode":"bus","color":"#6895fc","oi":-0.017,"n":1,"sw":1},"geometry":{"type":"LineString","coordinates":[[21.321238,46.141247],[21.321234,46.14121]]}},{"type":"Feature","properties":{"line":"49b","mode":"bus","color":"#6895fc","oi":-0.063,"n":1,"sw":1},"geometry":{"type":"LineString","coordinates":[[21.321234,46.141215],[21.321231,46.141177]]}},{"type":"Feature","properties":{"line":"49b","mode":"bus","color":"#6895fc","oi":-0.13,"n":1,"sw":1},"geometry":{"type":"LineString","coordinates":[[21.321231,46.141183],[21.321227,46.141145]]}},{"type":"Feature","properties":{"line":"49b","mode":"bus","color":"#6895fc","oi":-0.209,"n":1,"sw":1},"geometry":{"type":"LineString","coordinates":[[21.321228,46.14115],[21.321224,46.141113]]}},{"type":"Feature","properties":{"line":"49b","mode":"bus","color":"#6895fc","oi":-0.291,"n":1,"sw":1},"geometry":{"type":"LineString","coordinates":[[21.321224,46.141118],[21.321221,46.14108]]}},{"type":"Feature","properties":{"line":"49b","mode":"bus","color":"#6895fc","oi":-0.37,"n":1,"sw":1},"geometry":{"type":"LineString","coordinates":[[21.321221,46.141086],[21.321218,46.141056],[21.321216,46.141048]]}},{"type":"Feature","properties":{"line":"49b","mode":"bus","color":"#6895fc","oi":-0.437,"n":1,"sw":1},"geometry":{"type":"LineString","coordinates":[[21.321217,46.141054],[21.321214,46.141043],[21.321205,46.141034],[21.321191,46.14103],[21.321183,46.14103]]}},{"type":"Feature","properties":{"line":"49b","mode":"bus","color":"#6895fc","oi":-0.483,"n":1,"sw":1},"geometry":{"type":"LineString","coordinates":[[21.321191,46.14103],[21.321173,46.14103],[21.321136,46.141034]]}},{"type":"Feature","properties":{"line":"49b","mode":"bus","color":"#6895fc","oi":-0.5,"n":1,"sw":1},"geometry":{"type":"LineString","coordinates":[[21.321144,46.141033],[21.321094,46.141038]]}},{"type":"Feature","properties":{"line":"49b","mode":"bus","color":"#6895fc","oi":0,"n":1},"geometry":{"type":"LineString","coordinates":[[21.299025,46.155061],[21.299176,46.155523],[21.299227,46.155869],[21.299004,46.15705],[21.29909,46.158277],[21.299018,46.158455],[21.298925,46.161112],[21.298985,46.161597],[21.299019,46.161707],[21.299177,46.16196],[21.299696,46.162417],[21.30189,46.166553],[21.302514,46.167809],[21.30338,46.16942]]}},{"type":"Feature","properties":{"line":"49b","mode":"bus","color":"#6895fc","oi":-0.5,"n":1,"sw":1},"geometry":{"type":"LineString","coordinates":[[21.298922,46.154745],[21.298933,46.154779]]}},{"type":"Feature","properties":{"line":"49b","mode":"bus","color":"#6895fc","oi":-0.483,"n":1,"sw":1},"geometry":{"type":"LineString","coordinates":[[21.298931,46.154774],[21.298943,46.154811]]}},{"type":"Feature","properties":{"line":"49b","mode":"bus","color":"#6895fc","oi":-0.437,"n":1,"sw":1},"geometry":{"type":"LineString","coordinates":[[21.298942,46.154806],[21.298954,46.154842]]}},{"type":"Feature","properties":{"line":"49b","mode":"bus","color":"#6895fc","oi":-0.37,"n":1,"sw":1},"geometry":{"type":"LineString","coordinates":[[21.298952,46.154837],[21.298964,46.154874]]}},{"type":"Feature","properties":{"line":"49b","mode":"bus","color":"#6895fc","oi":-0.291,"n":1,"sw":1},"geometry":{"type":"LineString","coordinates":[[21.298962,46.154869],[21.298974,46.154906]]}},{"type":"Feature","properties":{"line":"49b","mode":"bus","color":"#6895fc","oi":-0.209,"n":1,"sw":1},"geometry":{"type":"LineString","coordinates":[[21.298973,46.1549],[21.298985,46.154937]]}},{"type":"Feature","properties":{"line":"49b","mode":"bus","color":"#6895fc","oi":-0.13,"n":1,"sw":1},"geometry":{"type":"LineString","coordinates":[[21.298983,46.154932],[21.298995,46.154969]]}},{"type":"Feature","properties":{"line":"49b","mode":"bus","color":"#6895fc","oi":-0.063,"n":1,"sw":1},"geometry":{"type":"LineString","coordinates":[[21.298993,46.154964],[21.299005,46.155]]}},{"type":"Feature","properties":{"line":"49b","mode":"bus","color":"#6895fc","oi":-0.017,"n":1,"sw":1},"geometry":{"type":"LineString","coordinates":[[21.299004,46.154995],[21.299016,46.155032]]}},{"type":"Feature","properties":{"line":"49b","mode":"bus","color":"#6895fc","oi":0,"n":1,"sw":1},"geometry":{"type":"LineString","coordinates":[[21.299014,46.155027],[21.299026,46.155064]]}},{"type":"Feature","properties":{"line":"49b","mode":"bus","color":"#6895fc","oi":0,"n":1},"geometry":{"type":"LineString","coordinates":[[21.311171,46.141193],[21.311237,46.143191],[21.311307,46.144205],[21.311308,46.144453],[21.31126,46.144581],[21.311244,46.144604],[21.311216,46.144621],[21.311153,46.144646],[21.310917,46.144673],[21.308628,46.14481],[21.307609,46.144835],[21.30744,46.144877],[21.307375,46.144959],[21.307718,46.147098],[21.307686,46.149013],[21.307658,46.14913],[21.307483,46.149364],[21.307354,46.149466],[21.306893,46.149726],[21.306758,46.149858],[21.306711,46.149954],[21.306415,46.151949]]}},{"type":"Feature","properties":{"line":"49b","mode":"bus","color":"#6895fc","oi":0,"n":1},"geometry":{"type":"LineString","coordinates":[[21.310229,46.141672],[21.31039,46.14164],[21.310709,46.141651],[21.310951,46.141727],[21.311194,46.141896]]}},{"type":"Feature","properties":{"line":"49b","mode":"bus","color":"#6895fc","oi":0,"n":1},"geometry":{"type":"LineString","coordinates":[[21.321743,46.146213],[21.321997,46.146147]]}},{"type":"Feature","properties":{"line":"49b","mode":"bus","color":"#6895fc","oi":-0.5,"n":1,"sw":1},"geometry":{"type":"LineString","coordinates":[[21.321488,46.146279],[21.321517,46.146271]]}},{"type":"Feature","properties":{"line":"49b","mode":"bus","color":"#6895fc","oi":-0.483,"n":1,"sw":1},"geometry":{"type":"LineString","coordinates":[[21.32151,46.146273],[21.321543,46.146265]]}},{"type":"Feature","properties":{"line":"49b","mode":"bus","color":"#6895fc","oi":-0.437,"n":1,"sw":1},"geometry":{"type":"LineString","coordinates":[[21.321535,46.146267],[21.321568,46.146258]]}},{"type":"Feature","properties":{"line":"49b","mode":"bus","color":"#6895fc","oi":-0.37,"n":1,"sw":1},"geometry":{"type":"LineString","coordinates":[[21.321561,46.14626],[21.321593,46.146252]]}},{"type":"Feature","properties":{"line":"49b","mode":"bus","color":"#6895fc","oi":-0.291,"n":1,"sw":1},"geometry":{"type":"LineString","coordinates":[[21.321586,46.146254],[21.321619,46.146245]]}},{"type":"Feature","properties":{"line":"49b","mode":"bus","color":"#6895fc","oi":-0.209,"n":1,"sw":1},"geometry":{"type":"LineString","coordinates":[[21.321612,46.146247],[21.321644,46.146238]]}},{"type":"Feature","properties":{"line":"49b","mode":"bus","color":"#6895fc","oi":-0.13,"n":1,"sw":1},"geometry":{"type":"LineString","coordinates":[[21.321637,46.14624],[21.32167,46.146232]]}},{"type":"Feature","properties":{"line":"49b","mode":"bus","color":"#6895fc","oi":-0.063,"n":1,"sw":1},"geometry":{"type":"LineString","coordinates":[[21.321663,46.146234],[21.321695,46.146225]]}},{"type":"Feature","properties":{"line":"49b","mode":"bus","color":"#6895fc","oi":-0.017,"n":1,"sw":1},"geometry":{"type":"LineString","coordinates":[[21.321688,46.146227],[21.321721,46.146219]]}},{"type":"Feature","properties":{"line":"49b","mode":"bus","color":"#6895fc","oi":0,"n":1,"sw":1},"geometry":{"type":"LineString","coordinates":[[21.321713,46.146221],[21.321746,46.146212]]}},{"type":"Feature","properties":{"line":"49b","mode":"bus","color":"#6895fc","oi":-1,"n":3},"geometry":{"type":"LineString","coordinates":[[21.321241,46.146108],[21.321216,46.146219]]}},{"type":"Feature","properties":{"line":"49b","mode":"bus","color":"#6895fc","oi":0,"n":3},"geometry":{"type":"LineString","coordinates":[[21.310581,46.182122],[21.310652,46.182292],[21.310646,46.182361],[21.310565,46.182463],[21.310404,46.182546]]}},{"type":"Feature","properties":{"line":"49b","mode":"bus","color":"#6895fc","oi":-0.5,"n":4},"geometry":{"type":"LineString","coordinates":[[21.310551,46.190516],[21.310564,46.191186],[21.310394,46.19152],[21.310411,46.191629],[21.310408,46.19165],[21.310393,46.191664],[21.310365,46.191672],[21.309845,46.191742],[21.309108,46.191806]]}},{"type":"Feature","properties":{"line":"49b","mode":"bus","color":"#6895fc","oi":-0.5,"n":4},"geometry":{"type":"LineString","coordinates":[[21.310024,46.182758],[21.309909,46.182857],[21.309765,46.183033],[21.309567,46.183621],[21.30952,46.183884],[21.310551,46.190516],[21.310815,46.191155],[21.311023,46.19142],[21.311072,46.191563],[21.311042,46.191646],[21.310941,46.19176],[21.309683,46.19203]]}},{"type":"Feature","properties":{"line":"49b","mode":"bus","color":"#6895fc","oi":0,"n":4,"sw":1},"geometry":{"type":"LineString","coordinates":[[21.31038,46.18255],[21.31034,46.182572]]}},{"type":"Feature","properties":{"line":"49b","mode":"bus","color":"#6895fc","oi":-0.017,"n":4,"sw":1},"geometry":{"type":"LineString","coordinates":[[21.310346,46.182568],[21.310304,46.182592]]}},{"type":"Feature","properties":{"line":"49b","mode":"bus","color":"#6895fc","oi":-0.063,"n":4,"sw":1},"geometry":{"type":"LineString","coordinates":[[21.31031,46.182588],[21.310267,46.182612]]}},{"type":"Feature","properties":{"line":"49b","mode":"bus","color":"#6895fc","oi":-0.13,"n":4,"sw":1},"geometry":{"type":"LineString","coordinates":[[21.310273,46.182608],[21.31023,46.182632]]}},{"type":"Feature","properties":{"line":"49b","mode":"bus","color":"#6895fc","oi":-0.209,"n":4,"sw":1},"geometry":{"type":"LineString","coordinates":[[21.310236,46.182629],[21.310193,46.182652]]}},{"type":"Feature","properties":{"line":"49b","mode":"bus","color":"#6895fc","oi":-0.291,"n":4,"sw":1},"geometry":{"type":"LineString","coordinates":[[21.3102,46.182649],[21.310157,46.182672]]}},{"type":"Feature","properties":{"line":"49b","mode":"bus","color":"#6895fc","oi":-0.37,"n":4,"sw":1},"geometry":{"type":"LineString","coordinates":[[21.310163,46.182669],[21.31012,46.182692]]}},{"type":"Feature","properties":{"line":"49b","mode":"bus","color":"#6895fc","oi":-0.437,"n":4,"sw":1},"geometry":{"type":"LineString","coordinates":[[21.310126,46.182689],[21.310083,46.182712]]}},{"type":"Feature","properties":{"line":"49b","mode":"bus","color":"#6895fc","oi":-0.483,"n":4,"sw":1},"geometry":{"type":"LineString","coordinates":[[21.310089,46.182709],[21.310067,46.182721],[21.310051,46.182735]]}},{"type":"Feature","properties":{"line":"49b","mode":"bus","color":"#6895fc","oi":-0.5,"n":4,"sw":1},"geometry":{"type":"LineString","coordinates":[[21.310056,46.182731],[21.310021,46.18276]]}},{"type":"Feature","properties":{"line":"49b","mode":"bus","color":"#6895fc","oi":-0.5,"n":4},"geometry":{"type":"LineString","coordinates":[[21.309765,46.183033],[21.309782,46.1828],[21.309842,46.182631]]}},{"type":"Feature","properties":{"line":"49b","mode":"bus","color":"#6895fc","oi":-0.5,"n":4,"sw":1},"geometry":{"type":"LineString","coordinates":[[21.309841,46.182633],[21.309854,46.182597]]}},{"type":"Feature","properties":{"line":"49b","mode":"bus","color":"#6895fc","oi":-0.483,"n":4,"sw":1},"geometry":{"type":"LineString","coordinates":[[21.309852,46.182602],[21.309865,46.182565]]}},{"type":"Feature","properties":{"line":"49b","mode":"bus","color":"#6895fc","oi":-0.437,"n":4,"sw":1},"geometry":{"type":"LineString","coordinates":[[21.309863,46.18257],[21.309876,46.182534]]}},{"type":"Feature","properties":{"line":"49b","mode":"bus","color":"#6895fc","oi":-0.37,"n":4,"sw":1},"geometry":{"type":"LineString","coordinates":[[21.309874,46.182539],[21.309887,46.182502]]}},{"type":"Feature","properties":{"line":"49b","mode":"bus","color":"#6895fc","oi":-0.291,"n":4,"sw":1},"geometry":{"type":"LineString","coordinates":[[21.309885,46.182507],[21.309898,46.182471]]}},{"type":"Feature","properties":{"line":"49b","mode":"bus","color":"#6895fc","oi":-0.209,"n":4,"sw":1},"geometry":{"type":"LineString","coordinates":[[21.309896,46.182476],[21.309909,46.182439]]}},{"type":"Feature","properties":{"line":"49b","mode":"bus","color":"#6895fc","oi":-0.13,"n":4,"sw":1},"geometry":{"type":"LineString","coordinates":[[21.309908,46.182444],[21.309921,46.182408]]}},{"type":"Feature","properties":{"line":"49b","mode":"bus","color":"#6895fc","oi":-0.063,"n":4,"sw":1},"geometry":{"type":"LineString","coordinates":[[21.309919,46.182413],[21.309932,46.182376]]}},{"type":"Feature","properties":{"line":"49b","mode":"bus","color":"#6895fc","oi":-0.017,"n":4,"sw":1},"geometry":{"type":"LineString","coordinates":[[21.30993,46.182382],[21.309943,46.182345]]}},{"type":"Feature","properties":{"line":"49b","mode":"bus","color":"#6895fc","oi":0,"n":4,"sw":1},"geometry":{"type":"LineString","coordinates":[[21.309941,46.18235],[21.309953,46.182316]]}},{"type":"Feature","properties":{"line":"21","mode":"bus","color":"#07ad80","oi":0,"n":2,"sw":1},"geometry":{"type":"LineString","coordinates":[[21.31038,46.18255],[21.310347,46.182547]]}},{"type":"Feature","properties":{"line":"21","mode":"bus","color":"#07ad80","oi":0.017,"n":2,"sw":1},"geometry":{"type":"LineString","coordinates":[[21.310355,46.182548],[21.310318,46.182545]]}},{"type":"Feature","properties":{"line":"21","mode":"bus","color":"#07ad80","oi":0.063,"n":2,"sw":1},"geometry":{"type":"LineString","coordinates":[[21.310326,46.182546],[21.310289,46.182543]]}},{"type":"Feature","properties":{"line":"21","mode":"bus","color":"#07ad80","oi":0.13,"n":2,"sw":1},"geometry":{"type":"LineString","coordinates":[[21.310297,46.182543],[21.31026,46.18254]]}},{"type":"Feature","properties":{"line":"21","mode":"bus","color":"#07ad80","oi":0.209,"n":2,"sw":1},"geometry":{"type":"LineString","coordinates":[[21.310267,46.182541],[21.310231,46.182538],[21.310231,46.182538]]}},{"type":"Feature","properties":{"line":"21","mode":"bus","color":"#07ad80","oi":0.291,"n":2,"sw":1},"geometry":{"type":"LineString","coordinates":[[21.310238,46.182539],[21.310231,46.182538],[21.310205,46.182528]]}},{"type":"Feature","properties":{"line":"21","mode":"bus","color":"#07ad80","oi":0.37,"n":2,"sw":1},"geometry":{"type":"LineString","coordinates":[[21.310212,46.182531],[21.310179,46.182519]]}},{"type":"Feature","properties":{"line":"21","mode":"bus","color":"#07ad80","oi":0.437,"n":2,"sw":1},"geometry":{"type":"LineString","coordinates":[[21.310186,46.182521],[21.310153,46.182509]]}},{"type":"Feature","properties":{"line":"21","mode":"bus","color":"#07ad80","oi":0.483,"n":2,"sw":1},"geometry":{"type":"LineString","coordinates":[[21.31016,46.182512],[21.310136,46.182503],[21.310129,46.182498]]}},{"type":"Feature","properties":{"line":"21","mode":"bus","color":"#07ad80","oi":0.5,"n":2,"sw":1},"geometry":{"type":"LineString","coordinates":[[21.310135,46.182502],[21.31011,46.182483]]}},{"type":"Feature","properties":{"line":"21","mode":"bus","color":"#07ad80","oi":0.5,"n":2,"sw":1},"geometry":{"type":"LineString","coordinates":[[21.310115,46.182487],[21.310091,46.182467]]}},{"type":"Feature","properties":{"line":"21","mode":"bus","color":"#07ad80","oi":0.483,"n":2,"sw":1},"geometry":{"type":"LineString","coordinates":[[21.310096,46.182471],[21.310071,46.182452]]}},{"type":"Feature","properties":{"line":"21","mode":"bus","color":"#07ad80","oi":0.437,"n":2,"sw":1},"geometry":{"type":"LineString","coordinates":[[21.310076,46.182456],[21.310052,46.182437]]}},{"type":"Feature","properties":{"line":"21","mode":"bus","color":"#07ad80","oi":0.37,"n":2,"sw":1},"geometry":{"type":"LineString","coordinates":[[21.310057,46.182441],[21.310033,46.182421]]}},{"type":"Feature","properties":{"line":"21","mode":"bus","color":"#07ad80","oi":0.291,"n":2,"sw":1},"geometry":{"type":"LineString","coordinates":[[21.310038,46.182426],[21.310027,46.182417],[21.310018,46.182404]]}},{"type":"Feature","properties":{"line":"21","mode":"bus","color":"#07ad80","oi":0.209,"n":2,"sw":1},"geometry":{"type":"LineString","coordinates":[[21.310021,46.182409],[21.310004,46.182386]]}},{"type":"Feature","properties":{"line":"21","mode":"bus","color":"#07ad80","oi":0.13,"n":2,"sw":1},"geometry":{"type":"LineString","coordinates":[[21.310008,46.182391],[21.309991,46.182368]]}},{"type":"Feature","properties":{"line":"21","mode":"bus","color":"#07ad80","oi":0.063,"n":2,"sw":1},"geometry":{"type":"LineString","coordinates":[[21.309995,46.182373],[21.309978,46.18235]]}},{"type":"Feature","properties":{"line":"21","mode":"bus","color":"#07ad80","oi":0.017,"n":2,"sw":1},"geometry":{"type":"LineString","coordinates":[[21.309981,46.182355],[21.309965,46.182332]]}},{"type":"Feature","properties":{"line":"21","mode":"bus","color":"#07ad80","oi":0,"n":2,"sw":1},"geometry":{"type":"LineString","coordinates":[[21.309968,46.182337],[21.309953,46.182316]]}},{"type":"Feature","properties":{"line":"21","mode":"bus","color":"#07ad80","oi":0.5,"n":2},"geometry":{"type":"LineString","coordinates":[[21.314107,46.183776],[21.314144,46.183751],[21.314151,46.183744],[21.314153,46.183738],[21.314149,46.183732],[21.31414,46.183727],[21.31397,46.18366]]}},{"type":"Feature","properties":{"line":"21","mode":"bus","color":"#07ad80","oi":0,"n":1},"geometry":{"type":"LineString","coordinates":[[21.293933,46.17376],[21.293896,46.174231],[21.294067,46.174506],[21.294074,46.174515],[21.294079,46.17452],[21.294082,46.174522],[21.294084,46.174519],[21.294085,46.174513],[21.294085,46.174503],[21.294071,46.174323],[21.294104,46.174212],[21.29397,46.173874],[21.293848,46.17337],[21.293749,46.173123],[21.291875,46.169274],[21.290217,46.165994]]}},{"type":"Feature","properties":{"line":"21","mode":"bus","color":"#07ad80","oi":0,"n":1},"geometry":{"type":"LineString","coordinates":[[21.291843,46.16364],[21.291924,46.163628],[21.291973,46.163582],[21.291967,46.163545],[21.291959,46.163527],[21.291939,46.163515],[21.291897,46.163497],[21.291873,46.163491],[21.29185,46.163491],[21.291827,46.163499],[21.291574,46.163626],[21.291563,46.163632],[21.291556,46.163637],[21.291555,46.16364],[21.291559,46.163642],[21.291569,46.163643],[21.291583,46.163642],[21.291788,46.16362],[21.291843,46.16364]]}},{"type":"Feature","properties":{"line":"21","mode":"bus","color":"#07ad80","oi":0,"n":1},"geometry":{"type":"LineString","coordinates":[[21.3235,46.189098],[21.323594,46.189238]]}},{"type":"Feature","properties":{"line":"21","mode":"bus","color":"#07ad80","oi":0,"n":1},"geometry":{"type":"LineString","coordinates":[[21.31953,46.184331],[21.319831,46.184707],[21.320148,46.184967],[21.321512,46.185739],[21.321792,46.185913],[21.321875,46.185998],[21.321961,46.186125],[21.322126,46.186493],[21.322895,46.188326],[21.32333,46.188713],[21.323456,46.188846],[21.323605,46.18907]]}},{"type":"Feature","properties":{"line":"21","mode":"bus","color":"#07ad80","oi":0,"n":1},"geometry":{"type":"LineString","coordinates":[[21.294088,46.174539],[21.296828,46.180128],[21.296839,46.180142],[21.296853,46.18015],[21.296871,46.180153],[21.296894,46.18015],[21.307529,46.177468]]}},{"type":"Feature","properties":{"line":"21","mode":"bus","color":"#07ad80","oi":0,"n":1},"geometry":{"type":"LineString","coordinates":[[21.290123,46.165903],[21.289286,46.164217],[21.289282,46.164201],[21.289286,46.164189],[21.289298,46.164179],[21.289318,46.164171],[21.291532,46.163647]]}},{"type":"Feature","properties":{"line":"21","mode":"bus","color":"#07ad80","oi":0,"n":1},"geometry":{"type":"LineString","coordinates":[[21.290217,46.165994],[21.290181,46.165982],[21.290164,46.165974],[21.290154,46.165962],[21.29013,46.165916],[21.290128,46.165912],[21.290128,46.165909],[21.290131,46.165907],[21.290135,46.165907],[21.290142,46.165909],[21.290157,46.165913],[21.290173,46.165921],[21.290183,46.165932],[21.290217,46.165994]]}},{"type":"Feature","properties":{"line":"21","mode":"bus","color":"#07ad80","oi":0,"n":3},"geometry":{"type":"LineString","coordinates":[[21.310581,46.182122],[21.3107,46.182198],[21.310863,46.182401],[21.311013,46.182524],[21.311249,46.182631]]}},{"type":"Feature","properties":{"line":"21","mode":"bus","color":"#07ad80","oi":0,"n":3},"geometry":{"type":"LineString","coordinates":[[21.323328,46.182849],[21.323239,46.182929],[21.322536,46.183216],[21.318315,46.184779],[21.317246,46.185126],[21.316939,46.185177],[21.316652,46.185179],[21.316056,46.185123],[21.31576,46.185029],[21.315352,46.184739],[21.314639,46.184158],[21.31397,46.18366],[21.312722,46.182986],[21.312123,46.182772],[21.311249,46.182631],[21.310937,46.182632],[21.310404,46.182546]]}},{"type":"Feature","properties":{"line":"21","mode":"bus","color":"#07ad80","oi":1,"n":3},"geometry":{"type":"LineString","coordinates":[[21.325615,46.184942],[21.325823,46.184626],[21.325898,46.184354],[21.325859,46.18419],[21.325835,46.18415]]}},{"type":"Feature","properties":{"line":"21","mode":"bus","color":"#07ad80","oi":1,"n":3,"sw":1},"geometry":{"type":"LineString","coordinates":[[21.325837,46.184152],[21.325824,46.184131]]}},{"type":"Feature","properties":{"line":"21","mode":"bus","color":"#07ad80","oi":0.99,"n":3,"sw":1},"geometry":{"type":"LineString","coordinates":[[21.325827,46.184136],[21.325814,46.184114]]}},{"type":"Feature","properties":{"line":"21","mode":"bus","color":"#07ad80","oi":0.962,"n":3,"sw":1},"geometry":{"type":"LineString","coordinates":[[21.325817,46.184119],[21.325804,46.184098]]}},{"type":"Feature","properties":{"line":"21","mode":"bus","color":"#07ad80","oi":0.918,"n":3,"sw":1},"geometry":{"type":"LineString","coordinates":[[21.325807,46.184103],[21.325794,46.184081]]}},{"type":"Feature","properties":{"line":"21","mode":"bus","color":"#07ad80","oi":0.86,"n":3,"sw":1},"geometry":{"type":"LineString","coordinates":[[21.325797,46.184086],[21.325784,46.184064]]}},{"type":"Feature","properties":{"line":"21","mode":"bus","color":"#07ad80","oi":0.791,"n":3,"sw":1},"geometry":{"type":"LineString","coordinates":[[21.325787,46.184069],[21.325774,46.184048]]}},{"type":"Feature","properties":{"line":"21","mode":"bus","color":"#07ad80","oi":0.714,"n":3,"sw":1},"geometry":{"type":"LineString","coordinates":[[21.325777,46.184053],[21.325764,46.184031]]}},{"type":"Feature","properties":{"line":"21","mode":"bus","color":"#07ad80","oi":0.631,"n":3,"sw":1},"geometry":{"type":"LineString","coordinates":[[21.325767,46.184036],[21.325754,46.184014]]}},{"type":"Feature","properties":{"line":"21","mode":"bus","color":"#07ad80","oi":0.544,"n":3,"sw":1},"geometry":{"type":"LineString","coordinates":[[21.325757,46.184019],[21.325745,46.183998]]}},{"type":"Feature","properties":{"line":"21","mode":"bus","color":"#07ad80","oi":0.456,"n":3,"sw":1},"geometry":{"type":"LineString","coordinates":[[21.325748,46.184003],[21.325735,46.183981]]}},{"type":"Feature","properties":{"line":"21","mode":"bus","color":"#07ad80","oi":0.369,"n":3,"sw":1},"geometry":{"type":"LineString","coordinates":[[21.325738,46.183986],[21.325725,46.183964]]}},{"type":"Feature","properties":{"line":"21","mode":"bus","color":"#07ad80","oi":0.286,"n":3,"sw":1},"geometry":{"type":"LineString","coordinates":[[21.325728,46.183969],[21.325715,46.183948]]}},{"type":"Feature","properties":{"line":"21","mode":"bus","color":"#07ad80","oi":0.209,"n":3,"sw":1},"geometry":{"type":"LineString","coordinates":[[21.325718,46.183953],[21.325712,46.183943],[21.325709,46.18393]]}},{"type":"Feature","properties":{"line":"21","mode":"bus","color":"#07ad80","oi":0.14,"n":3,"sw":1},"geometry":{"type":"LineString","coordinates":[[21.32571,46.183936],[21.325706,46.183913]]}},{"type":"Feature","properties":{"line":"21","mode":"bus","color":"#07ad80","oi":0.082,"n":3,"sw":1},"geometry":{"type":"LineString","coordinates":[[21.325707,46.183918],[21.325702,46.183895]]}},{"type":"Feature","properties":{"line":"21","mode":"bus","color":"#07ad80","oi":0.038,"n":3,"sw":1},"geometry":{"type":"LineString","coordinates":[[21.325703,46.1839],[21.325698,46.183877]]}},{"type":"Feature","properties":{"line":"21","mode":"bus","color":"#07ad80","oi":0.01,"n":3,"sw":1},"geometry":{"type":"LineString","coordinates":[[21.325699,46.183882],[21.325694,46.183859]]}},{"type":"Feature","properties":{"line":"21","mode":"bus","color":"#07ad80","oi":0,"n":3,"sw":1},"geometry":{"type":"LineString","coordinates":[[21.325695,46.183864],[21.325691,46.183844]]}},{"type":"Feature","properties":{"line":"21","mode":"bus","color":"#07ad80","oi":0.5,"n":2},"geometry":{"type":"LineString","coordinates":[[21.323594,46.189238],[21.324051,46.189183],[21.324371,46.18909],[21.325093,46.188702],[21.325341,46.188542],[21.325586,46.188209],[21.325748,46.187736],[21.325786,46.187475],[21.325773,46.187241],[21.32524,46.18594],[21.325203,46.185633],[21.325246,46.18543],[21.325398,46.185229]]}},{"type":"Feature","properties":{"line":"21","mode":"bus","color":"#07ad80","oi":0.5,"n":2,"sw":1},"geometry":{"type":"LineString","coordinates":[[21.325396,46.185231],[21.325422,46.185198]]}},{"type":"Feature","properties":{"line":"21","mode":"bus","color":"#07ad80","oi":0.517,"n":2,"sw":1},"geometry":{"type":"LineString","coordinates":[[21.325418,46.185203],[21.325443,46.185169]]}},{"type":"Feature","properties":{"line":"21","mode":"bus","color":"#07ad80","oi":0.563,"n":2,"sw":1},"geometry":{"type":"LineString","coordinates":[[21.32544,46.185174],[21.325465,46.18514]]}},{"type":"Feature","properties":{"line":"21","mode":"bus","color":"#07ad80","oi":0.63,"n":2,"sw":1},"geometry":{"type":"LineString","coordinates":[[21.325461,46.185145],[21.325487,46.185112]]}},{"type":"Feature","properties":{"line":"21","mode":"bus","color":"#07ad80","oi":0.709,"n":2,"sw":1},"geometry":{"type":"LineString","coordinates":[[21.325483,46.185117],[21.325508,46.185083]]}},{"type":"Feature","properties":{"line":"21","mode":"bus","color":"#07ad80","oi":0.791,"n":2,"sw":1},"geometry":{"type":"LineString","coordinates":[[21.325505,46.185088],[21.32553,46.185054]]}},{"type":"Feature","properties":{"line":"21","mode":"bus","color":"#07ad80","oi":0.87,"n":2,"sw":1},"geometry":{"type":"LineString","coordinates":[[21.325526,46.185059],[21.325552,46.185026]]}},{"type":"Feature","properties":{"line":"21","mode":"bus","color":"#07ad80","oi":0.937,"n":2,"sw":1},"geometry":{"type":"LineString","coordinates":[[21.325548,46.18503],[21.325573,46.184997]]}},{"type":"Feature","properties":{"line":"21","mode":"bus","color":"#07ad80","oi":0.983,"n":2,"sw":1},"geometry":{"type":"LineString","coordinates":[[21.32557,46.185002],[21.325595,46.184968]]}},{"type":"Feature","properties":{"line":"21","mode":"bus","color":"#07ad80","oi":1,"n":2,"sw":1},"geometry":{"type":"LineString","coordinates":[[21.325591,46.184973],[21.325615,46.184942]]}},{"type":"Feature","properties":{"line":"21","mode":"bus","color":"#07ad80","oi":0.5,"n":2},"geometry":{"type":"LineString","coordinates":[[21.323605,46.18907],[21.3235,46.189098]]}},{"type":"Feature","properties":{"line":"54","mode":"bus","color":"#f661b9","oi":0,"n":2,"sw":1},"geometry":{"type":"LineString","coordinates":[[21.31038,46.18255],[21.310347,46.182547]]}},{"type":"Feature","properties":{"line":"54","mode":"bus","color":"#f661b9","oi":-0.017,"n":2,"sw":1},"geometry":{"type":"LineString","coordinates":[[21.310355,46.182548],[21.310318,46.182545]]}},{"type":"Feature","properties":{"line":"54","mode":"bus","color":"#f661b9","oi":-0.063,"n":2,"sw":1},"geometry":{"type":"LineString","coordinates":[[21.310326,46.182546],[21.310289,46.182543]]}},{"type":"Feature","properties":{"line":"54","mode":"bus","color":"#f661b9","oi":-0.13,"n":2,"sw":1},"geometry":{"type":"LineString","coordinates":[[21.310297,46.182543],[21.31026,46.18254]]}},{"type":"Feature","properties":{"line":"54","mode":"bus","color":"#f661b9","oi":-0.209,"n":2,"sw":1},"geometry":{"type":"LineString","coordinates":[[21.310267,46.182541],[21.310231,46.182538],[21.310231,46.182538]]}},{"type":"Feature","properties":{"line":"54","mode":"bus","color":"#f661b9","oi":-0.291,"n":2,"sw":1},"geometry":{"type":"LineString","coordinates":[[21.310238,46.182539],[21.310231,46.182538],[21.310205,46.182528]]}},{"type":"Feature","properties":{"line":"54","mode":"bus","color":"#f661b9","oi":-0.37,"n":2,"sw":1},"geometry":{"type":"LineString","coordinates":[[21.310212,46.182531],[21.310179,46.182519]]}},{"type":"Feature","properties":{"line":"54","mode":"bus","color":"#f661b9","oi":-0.437,"n":2,"sw":1},"geometry":{"type":"LineString","coordinates":[[21.310186,46.182521],[21.310153,46.182509]]}},{"type":"Feature","properties":{"line":"54","mode":"bus","color":"#f661b9","oi":-0.483,"n":2,"sw":1},"geometry":{"type":"LineString","coordinates":[[21.31016,46.182512],[21.310136,46.182503],[21.310129,46.182498]]}},{"type":"Feature","properties":{"line":"54","mode":"bus","color":"#f661b9","oi":-0.5,"n":2,"sw":1},"geometry":{"type":"LineString","coordinates":[[21.310135,46.182502],[21.31011,46.182483]]}},{"type":"Feature","properties":{"line":"54","mode":"bus","color":"#f661b9","oi":-0.5,"n":2,"sw":1},"geometry":{"type":"LineString","coordinates":[[21.310115,46.182487],[21.310091,46.182467]]}},{"type":"Feature","properties":{"line":"54","mode":"bus","color":"#f661b9","oi":-0.483,"n":2,"sw":1},"geometry":{"type":"LineString","coordinates":[[21.310096,46.182471],[21.310071,46.182452]]}},{"type":"Feature","properties":{"line":"54","mode":"bus","color":"#f661b9","oi":-0.437,"n":2,"sw":1},"geometry":{"type":"LineString","coordinates":[[21.310076,46.182456],[21.310052,46.182437]]}},{"type":"Feature","properties":{"line":"54","mode":"bus","color":"#f661b9","oi":-0.37,"n":2,"sw":1},"geometry":{"type":"LineString","coordinates":[[21.310057,46.182441],[21.310033,46.182421]]}},{"type":"Feature","properties":{"line":"54","mode":"bus","color":"#f661b9","oi":-0.291,"n":2,"sw":1},"geometry":{"type":"LineString","coordinates":[[21.310038,46.182426],[21.310027,46.182417],[21.310018,46.182404]]}},{"type":"Feature","properties":{"line":"54","mode":"bus","color":"#f661b9","oi":-0.209,"n":2,"sw":1},"geometry":{"type":"LineString","coordinates":[[21.310021,46.182409],[21.310004,46.182386]]}},{"type":"Feature","properties":{"line":"54","mode":"bus","color":"#f661b9","oi":-0.13,"n":2,"sw":1},"geometry":{"type":"LineString","coordinates":[[21.310008,46.182391],[21.309991,46.182368]]}},{"type":"Feature","properties":{"line":"54","mode":"bus","color":"#f661b9","oi":-0.063,"n":2,"sw":1},"geometry":{"type":"LineString","coordinates":[[21.309995,46.182373],[21.309978,46.18235]]}},{"type":"Feature","properties":{"line":"54","mode":"bus","color":"#f661b9","oi":-0.017,"n":2,"sw":1},"geometry":{"type":"LineString","coordinates":[[21.309981,46.182355],[21.309965,46.182332]]}},{"type":"Feature","properties":{"line":"54","mode":"bus","color":"#f661b9","oi":0,"n":2,"sw":1},"geometry":{"type":"LineString","coordinates":[[21.309968,46.182337],[21.309953,46.182316]]}},{"type":"Feature","properties":{"line":"54","mode":"bus","color":"#f661b9","oi":-0.5,"n":2},"geometry":{"type":"LineString","coordinates":[[21.314107,46.183776],[21.314144,46.183751],[21.314151,46.183744],[21.314153,46.183738],[21.314149,46.183732],[21.31414,46.183727],[21.31397,46.18366]]}},{"type":"Feature","properties":{"line":"54","mode":"bus","color":"#f661b9","oi":0,"n":1},"geometry":{"type":"LineString","coordinates":[[21.279765,46.168882],[21.280434,46.168941],[21.280493,46.168973],[21.280569,46.169068],[21.280575,46.169167],[21.28062,46.169231],[21.280741,46.1693],[21.280849,46.169319],[21.281054,46.169277],[21.281149,46.169195],[21.281211,46.16908],[21.281325,46.169021],[21.281557,46.168988],[21.28213,46.16896],[21.282144,46.168958],[21.282153,46.168957],[21.282156,46.168955],[21.282154,46.168953],[21.282146,46.16895],[21.282132,46.168947],[21.282041,46.168929],[21.281681,46.168916],[21.281169,46.168964],[21.281084,46.168956],[21.280927,46.168899],[21.280723,46.168922],[21.280424,46.168861],[21.279765,46.168882],[21.269014,46.168695],[21.267569,46.16864],[21.262806,46.168538],[21.258623,46.168478],[21.242977,46.168157],[21.242954,46.168159],[21.242938,46.168165],[21.242928,46.168176],[21.242924,46.168192],[21.242838,46.170915],[21.242823,46.171053],[21.242722,46.171171],[21.242562,46.171214],[21.242377,46.171215],[21.239174,46.171157],[21.238126,46.171169],[21.238097,46.171174],[21.238079,46.171186],[21.238073,46.171206],[21.23804,46.172347]]}},{"type":"Feature","properties":{"line":"54","mode":"bus","color":"#f661b9","oi":0,"n":1},"geometry":{"type":"LineString","coordinates":[[21.282181,46.168957],[21.30338,46.16942]]}},{"type":"Feature","properties":{"line":"54","mode":"bus","color":"#f661b9","oi":-1,"n":3},"geometry":{"type":"LineString","coordinates":[[21.310849,46.182383],[21.310863,46.182401],[21.311013,46.182524],[21.311249,46.182631]]}},{"type":"Feature","properties":{"line":"54","mode":"bus","color":"#f661b9","oi":0,"n":3,"sw":1},"geometry":{"type":"LineString","coordinates":[[21.310581,46.182122],[21.310603,46.182136]]}},{"type":"Feature","properties":{"line":"54","mode":"bus","color":"#f661b9","oi":-0.01,"n":3,"sw":1},"geometry":{"type":"LineString","coordinates":[[21.310597,46.182132],[21.310622,46.182148]]}},{"type":"Feature","properties":{"line":"54","mode":"bus","color":"#f661b9","oi":-0.038,"n":3,"sw":1},"geometry":{"type":"LineString","coordinates":[[21.310616,46.182145],[21.310641,46.18216]]}},{"type":"Feature","properties":{"line":"54","mode":"bus","color":"#f661b9","oi":-0.082,"n":3,"sw":1},"geometry":{"type":"LineString","coordinates":[[21.310635,46.182157],[21.31066,46.182173]]}},{"type":"Feature","properties":{"line":"54","mode":"bus","color":"#f661b9","oi":-0.14,"n":3,"sw":1},"geometry":{"type":"LineString","coordinates":[[21.310654,46.182169],[21.310679,46.182185]]}},{"type":"Feature","properties":{"line":"54","mode":"bus","color":"#f661b9","oi":-0.209,"n":3,"sw":1},"geometry":{"type":"LineString","coordinates":[[21.310674,46.182181],[21.310698,46.182197]]}},{"type":"Feature","properties":{"line":"54","mode":"bus","color":"#f661b9","oi":-0.286,"n":3,"sw":1},"geometry":{"type":"LineString","coordinates":[[21.310693,46.182193],[21.3107,46.182198],[21.310712,46.182212]]}},{"type":"Feature","properties":{"line":"54","mode":"bus","color":"#f661b9","oi":-0.369,"n":3,"sw":1},"geometry":{"type":"LineString","coordinates":[[21.310708,46.182208],[21.310724,46.182228]]}},{"type":"Feature","properties":{"line":"54","mode":"bus","color":"#f661b9","oi":-0.456,"n":3,"sw":1},"geometry":{"type":"LineString","coordinates":[[21.31072,46.182223],[21.310737,46.182244]]}},{"type":"Feature","properties":{"line":"54","mode":"bus","color":"#f661b9","oi":-0.544,"n":3,"sw":1},"geometry":{"type":"LineString","coordinates":[[21.310733,46.182239],[21.310749,46.18226]]}},{"type":"Feature","properties":{"line":"54","mode":"bus","color":"#f661b9","oi":-0.631,"n":3,"sw":1},"geometry":{"type":"LineString","coordinates":[[21.310746,46.182255],[21.310762,46.182275]]}},{"type":"Feature","properties":{"line":"54","mode":"bus","color":"#f661b9","oi":-0.714,"n":3,"sw":1},"geometry":{"type":"LineString","coordinates":[[21.310758,46.182271],[21.310775,46.182291]]}},{"type":"Feature","properties":{"line":"54","mode":"bus","color":"#f661b9","oi":-0.791,"n":3,"sw":1},"geometry":{"type":"LineString","coordinates":[[21.310771,46.182286],[21.310787,46.182307]]}},{"type":"Feature","properties":{"line":"54","mode":"bus","color":"#f661b9","oi":-0.86,"n":3,"sw":1},"geometry":{"type":"LineString","coordinates":[[21.310784,46.182302],[21.3108,46.182322]]}},{"type":"Feature","properties":{"line":"54","mode":"bus","color":"#f661b9","oi":-0.918,"n":3,"sw":1},"geometry":{"type":"LineString","coordinates":[[21.310796,46.182318],[21.310813,46.182338]]}},{"type":"Feature","properties":{"line":"54","mode":"bus","color":"#f661b9","oi":-0.962,"n":3,"sw":1},"geometry":{"type":"LineString","coordinates":[[21.310809,46.182333],[21.310825,46.182354]]}},{"type":"Feature","properties":{"line":"54","mode":"bus","color":"#f661b9","oi":-0.99,"n":3,"sw":1},"geometry":{"type":"LineString","coordinates":[[21.310821,46.182349],[21.310838,46.18237]]}},{"type":"Feature","properties":{"line":"54","mode":"bus","color":"#f661b9","oi":-1,"n":3,"sw":1},"geometry":{"type":"LineString","coordinates":[[21.310834,46.182365],[21.31085,46.182385]]}},{"type":"Feature","properties":{"line":"54","mode":"bus","color":"#f661b9","oi":-1,"n":3},"geometry":{"type":"LineString","coordinates":[[21.322962,46.183042],[21.322536,46.183216],[21.318315,46.184779],[21.317246,46.185126],[21.316939,46.185177],[21.316652,46.185179],[21.316056,46.185123],[21.31576,46.185029],[21.315352,46.184739],[21.314639,46.184158],[21.31397,46.18366],[21.312722,46.182986],[21.312123,46.182772],[21.311249,46.182631],[21.310937,46.182632],[21.310859,46.182619]]}},{"type":"Feature","properties":{"line":"54","mode":"bus","color":"#f661b9","oi":0,"n":3,"sw":1},"geometry":{"type":"LineString","coordinates":[[21.323328,46.182849],[21.32331,46.182865]]}},{"type":"Feature","properties":{"line":"54","mode":"bus","color":"#f661b9","oi":-0.01,"n":3,"sw":1},"geometry":{"type":"LineString","coordinates":[[21.323315,46.182861],[21.323294,46.18288]]}},{"type":"Feature","properties":{"line":"54","mode":"bus","color":"#f661b9","oi":-0.038,"n":3,"sw":1},"geometry":{"type":"LineString","coordinates":[[21.323299,46.182875],[21.323278,46.182894]]}},{"type":"Feature","properties":{"line":"54","mode":"bus","color":"#f661b9","oi":-0.082,"n":3,"sw":1},"geometry":{"type":"LineString","coordinates":[[21.323283,46.18289],[21.323262,46.182908]]}},{"type":"Feature","properties":{"line":"54","mode":"bus","color":"#f661b9","oi":-0.14,"n":3,"sw":1},"geometry":{"type":"LineString","coordinates":[[21.323267,46.182904],[21.323246,46.182922]]}},{"type":"Feature","properties":{"line":"54","mode":"bus","color":"#f661b9","oi":-0.209,"n":3,"sw":1},"geometry":{"type":"LineString","coordinates":[[21.323251,46.182918],[21.323239,46.182929],[21.323227,46.182934]]}},{"type":"Feature","properties":{"line":"54","mode":"bus","color":"#f661b9","oi":-0.286,"n":3,"sw":1},"geometry":{"type":"LineString","coordinates":[[21.323234,46.182931],[21.323205,46.182943]]}},{"type":"Feature","properties":{"line":"54","mode":"bus","color":"#f661b9","oi":-0.369,"n":3,"sw":1},"geometry":{"type":"LineString","coordinates":[[21.323211,46.18294],[21.323182,46.182952]]}},{"type":"Feature","properties":{"line":"54","mode":"bus","color":"#f661b9","oi":-0.456,"n":3,"sw":1},"geometry":{"type":"LineString","coordinates":[[21.323189,46.182949],[21.32316,46.182961]]}},{"type":"Feature","properties":{"line":"54","mode":"bus","color":"#f661b9","oi":-0.544,"n":3,"sw":1},"geometry":{"type":"LineString","coordinates":[[21.323167,46.182959],[21.323138,46.18297]]}},{"type":"Feature","properties":{"line":"54","mode":"bus","color":"#f661b9","oi":-0.631,"n":3,"sw":1},"geometry":{"type":"LineString","coordinates":[[21.323144,46.182968],[21.323115,46.18298]]}},{"type":"Feature","properties":{"line":"54","mode":"bus","color":"#f661b9","oi":-0.714,"n":3,"sw":1},"geometry":{"type":"LineString","coordinates":[[21.323122,46.182977],[21.323093,46.182989]]}},{"type":"Feature","properties":{"line":"54","mode":"bus","color":"#f661b9","oi":-0.791,"n":3,"sw":1},"geometry":{"type":"LineString","coordinates":[[21.3231,46.182986],[21.32307,46.182998]]}},{"type":"Feature","properties":{"line":"54","mode":"bus","color":"#f661b9","oi":-0.86,"n":3,"sw":1},"geometry":{"type":"LineString","coordinates":[[21.323077,46.182995],[21.323048,46.183007]]}},{"type":"Feature","properties":{"line":"54","mode":"bus","color":"#f661b9","oi":-0.918,"n":3,"sw":1},"geometry":{"type":"LineString","coordinates":[[21.323055,46.183004],[21.323026,46.183016]]}},{"type":"Feature","properties":{"line":"54","mode":"bus","color":"#f661b9","oi":-0.962,"n":3,"sw":1},"geometry":{"type":"LineString","coordinates":[[21.323032,46.183013],[21.323003,46.183025]]}},{"type":"Feature","properties":{"line":"54","mode":"bus","color":"#f661b9","oi":-0.99,"n":3,"sw":1},"geometry":{"type":"LineString","coordinates":[[21.32301,46.183022],[21.322981,46.183034]]}},{"type":"Feature","properties":{"line":"54","mode":"bus","color":"#f661b9","oi":-1,"n":3,"sw":1},"geometry":{"type":"LineString","coordinates":[[21.322988,46.183032],[21.322959,46.183043]]}},{"type":"Feature","properties":{"line":"54","mode":"bus","color":"#f661b9","oi":-1,"n":3,"sw":1},"geometry":{"type":"LineString","coordinates":[[21.310863,46.18262],[21.31083,46.182615]]}},{"type":"Feature","properties":{"line":"54","mode":"bus","color":"#f661b9","oi":-0.99,"n":3,"sw":1},"geometry":{"type":"LineString","coordinates":[[21.310838,46.182616],[21.310805,46.182611]]}},{"type":"Feature","properties":{"line":"54","mode":"bus","color":"#f661b9","oi":-0.962,"n":3,"sw":1},"geometry":{"type":"LineString","coordinates":[[21.310812,46.182612],[21.310779,46.182607]]}},{"type":"Feature","properties":{"line":"54","mode":"bus","color":"#f661b9","oi":-0.918,"n":3,"sw":1},"geometry":{"type":"LineString","coordinates":[[21.310787,46.182608],[21.310754,46.182602]]}},{"type":"Feature","properties":{"line":"54","mode":"bus","color":"#f661b9","oi":-0.86,"n":3,"sw":1},"geometry":{"type":"LineString","coordinates":[[21.310762,46.182604],[21.310729,46.182598]]}},{"type":"Feature","properties":{"line":"54","mode":"bus","color":"#f661b9","oi":-0.791,"n":3,"sw":1},"geometry":{"type":"LineString","coordinates":[[21.310736,46.1826],[21.310704,46.182594]]}},{"type":"Feature","properties":{"line":"54","mode":"bus","color":"#f661b9","oi":-0.714,"n":3,"sw":1},"geometry":{"type":"LineString","coordinates":[[21.310711,46.182596],[21.310678,46.18259]]}},{"type":"Feature","properties":{"line":"54","mode":"bus","color":"#f661b9","oi":-0.631,"n":3,"sw":1},"geometry":{"type":"LineString","coordinates":[[21.310686,46.182591],[21.310653,46.182586]]}},{"type":"Feature","properties":{"line":"54","mode":"bus","color":"#f661b9","oi":-0.544,"n":3,"sw":1},"geometry":{"type":"LineString","coordinates":[[21.310661,46.182587],[21.310628,46.182582]]}},{"type":"Feature","properties":{"line":"54","mode":"bus","color":"#f661b9","oi":-0.456,"n":3,"sw":1},"geometry":{"type":"LineString","coordinates":[[21.310635,46.182583],[21.310602,46.182578]]}},{"type":"Feature","properties":{"line":"54","mode":"bus","color":"#f661b9","oi":-0.369,"n":3,"sw":1},"geometry":{"type":"LineString","coordinates":[[21.31061,46.182579],[21.310577,46.182574]]}},{"type":"Feature","properties":{"line":"54","mode":"bus","color":"#f661b9","oi":-0.286,"n":3,"sw":1},"geometry":{"type":"LineString","coordinates":[[21.310585,46.182575],[21.310552,46.18257]]}},{"type":"Feature","properties":{"line":"54","mode":"bus","color":"#f661b9","oi":-0.209,"n":3,"sw":1},"geometry":{"type":"LineString","coordinates":[[21.310559,46.182571],[21.310527,46.182566]]}},{"type":"Feature","properties":{"line":"54","mode":"bus","color":"#f661b9","oi":-0.14,"n":3,"sw":1},"geometry":{"type":"LineString","coordinates":[[21.310534,46.182567],[21.310501,46.182562]]}},{"type":"Feature","properties":{"line":"54","mode":"bus","color":"#f661b9","oi":-0.082,"n":3,"sw":1},"geometry":{"type":"LineString","coordinates":[[21.310509,46.182563],[21.310476,46.182558]]}},{"type":"Feature","properties":{"line":"54","mode":"bus","color":"#f661b9","oi":-0.038,"n":3,"sw":1},"geometry":{"type":"LineString","coordinates":[[21.310484,46.182559],[21.310451,46.182554]]}},{"type":"Feature","properties":{"line":"54","mode":"bus","color":"#f661b9","oi":-0.01,"n":3,"sw":1},"geometry":{"type":"LineString","coordinates":[[21.310458,46.182555],[21.310425,46.182549]]}},{"type":"Feature","properties":{"line":"54","mode":"bus","color":"#f661b9","oi":0,"n":3,"sw":1},"geometry":{"type":"LineString","coordinates":[[21.310433,46.182551],[21.310404,46.182546]]}},{"type":"Feature","properties":{"line":"54","mode":"bus","color":"#f661b9","oi":-0.5,"n":2},"geometry":{"type":"LineString","coordinates":[[21.323136,46.183155],[21.323047,46.183156],[21.322536,46.183216]]}},{"type":"Feature","properties":{"line":"54","mode":"bus","color":"#f661b9","oi":0,"n":2,"sw":1},"geometry":{"type":"LineString","coordinates":[[21.323603,46.183147],[21.323552,46.183148]]}},{"type":"Feature","properties":{"line":"54","mode":"bus","color":"#f661b9","oi":-0.017,"n":2,"sw":1},"geometry":{"type":"LineString","coordinates":[[21.32356,46.183148],[21.323506,46.183149]]}},{"type":"Feature","properties":{"line":"54","mode":"bus","color":"#f661b9","oi":-0.063,"n":2,"sw":1},"geometry":{"type":"LineString","coordinates":[[21.323513,46.183148],[21.323459,46.183149]]}},{"type":"Feature","properties":{"line":"54","mode":"bus","color":"#f661b9","oi":-0.13,"n":2,"sw":1},"geometry":{"type":"LineString","coordinates":[[21.323467,46.183149],[21.323412,46.18315]]}},{"type":"Feature","properties":{"line":"54","mode":"bus","color":"#f661b9","oi":-0.209,"n":2,"sw":1},"geometry":{"type":"LineString","coordinates":[[21.32342,46.18315],[21.323366,46.183151]]}},{"type":"Feature","properties":{"line":"54","mode":"bus","color":"#f661b9","oi":-0.291,"n":2,"sw":1},"geometry":{"type":"LineString","coordinates":[[21.323373,46.183151],[21.323319,46.183152]]}},{"type":"Feature","properties":{"line":"54","mode":"bus","color":"#f661b9","oi":-0.37,"n":2,"sw":1},"geometry":{"type":"LineString","coordinates":[[21.323327,46.183151],[21.323272,46.183152]]}},{"type":"Feature","properties":{"line":"54","mode":"bus","color":"#f661b9","oi":-0.437,"n":2,"sw":1},"geometry":{"type":"LineString","coordinates":[[21.32328,46.183152],[21.323225,46.183153]]}},{"type":"Feature","properties":{"line":"54","mode":"bus","color":"#f661b9","oi":-0.483,"n":2,"sw":1},"geometry":{"type":"LineString","coordinates":[[21.323233,46.183153],[21.323179,46.183154]]}},{"type":"Feature","properties":{"line":"54","mode":"bus","color":"#f661b9","oi":-0.5,"n":2,"sw":1},"geometry":{"type":"LineString","coordinates":[[21.323187,46.183154],[21.323132,46.183155]]}},{"type":"Feature","properties":{"line":"54","mode":"bus","color":"#f661b9","oi":-1,"n":3},"geometry":{"type":"LineString","coordinates":[[21.325047,46.184858],[21.325564,46.184934],[21.325595,46.184935],[21.325619,46.184927],[21.325637,46.184909],[21.325823,46.184626],[21.325898,46.184354],[21.325859,46.18419],[21.325835,46.18415]]}},{"type":"Feature","properties":{"line":"54","mode":"bus","color":"#f661b9","oi":0,"n":3,"sw":1},"geometry":{"type":"LineString","coordinates":[[21.324629,46.184722],[21.324658,46.184726]]}},{"type":"Feature","properties":{"line":"54","mode":"bus","color":"#f661b9","oi":-0.01,"n":3,"sw":1},"geometry":{"type":"LineString","coordinates":[[21.324651,46.184725],[21.324684,46.184729]]}},{"type":"Feature","properties":{"line":"54","mode":"bus","color":"#f661b9","oi":-0.038,"n":3,"sw":1},"geometry":{"type":"LineString","coordinates":[[21.324676,46.184728],[21.324709,46.184733]]}},{"type":"Feature","properties":{"line":"54","mode":"bus","color":"#f661b9","oi":-0.082,"n":3,"sw":1},"geometry":{"type":"LineString","coordinates":[[21.324702,46.184732],[21.324727,46.184735],[21.324734,46.184738]]}},{"type":"Feature","properties":{"line":"54","mode":"bus","color":"#f661b9","oi":-0.14,"n":3,"sw":1},"geometry":{"type":"LineString","coordinates":[[21.324727,46.184735],[21.324756,46.184747]]}},{"type":"Feature","properties":{"line":"54","mode":"bus","color":"#f661b9","oi":-0.209,"n":3,"sw":1},"geometry":{"type":"LineString","coordinates":[[21.324749,46.184744],[21.324778,46.184756]]}},{"type":"Feature","properties":{"line":"54","mode":"bus","color":"#f661b9","oi":-0.286,"n":3,"sw":1},"geometry":{"type":"LineString","coordinates":[[21.324772,46.184753],[21.324801,46.184765]]}},{"type":"Feature","properties":{"line":"54","mode":"bus","color":"#f661b9","oi":-0.369,"n":3,"sw":1},"geometry":{"type":"LineString","coordinates":[[21.324794,46.184763],[21.324823,46.184775]]}},{"type":"Feature","properties":{"line":"54","mode":"bus","color":"#f661b9","oi":-0.456,"n":3,"sw":1},"geometry":{"type":"LineString","coordinates":[[21.324816,46.184772],[21.324845,46.184784]]}},{"type":"Feature","properties":{"line":"54","mode":"bus","color":"#f661b9","oi":-0.544,"n":3,"sw":1},"geometry":{"type":"LineString","coordinates":[[21.324839,46.184781],[21.324868,46.184793]]}},{"type":"Feature","properties":{"line":"54","mode":"bus","color":"#f661b9","oi":-0.631,"n":3,"sw":1},"geometry":{"type":"LineString","coordinates":[[21.324861,46.18479],[21.32489,46.184802]]}},{"type":"Feature","properties":{"line":"54","mode":"bus","color":"#f661b9","oi":-0.714,"n":3,"sw":1},"geometry":{"type":"LineString","coordinates":[[21.324883,46.184799],[21.324912,46.184811]]}},{"type":"Feature","properties":{"line":"54","mode":"bus","color":"#f661b9","oi":-0.791,"n":3,"sw":1},"geometry":{"type":"LineString","coordinates":[[21.324906,46.184809],[21.324935,46.184821]]}},{"type":"Feature","properties":{"line":"54","mode":"bus","color":"#f661b9","oi":-0.86,"n":3,"sw":1},"geometry":{"type":"LineString","coordinates":[[21.324928,46.184818],[21.324957,46.18483]]}},{"type":"Feature","properties":{"line":"54","mode":"bus","color":"#f661b9","oi":-0.918,"n":3,"sw":1},"geometry":{"type":"LineString","coordinates":[[21.32495,46.184827],[21.324979,46.184839]]}},{"type":"Feature","properties":{"line":"54","mode":"bus","color":"#f661b9","oi":-0.962,"n":3,"sw":1},"geometry":{"type":"LineString","coordinates":[[21.324972,46.184836],[21.325001,46.184848]]}},{"type":"Feature","properties":{"line":"54","mode":"bus","color":"#f661b9","oi":-0.99,"n":3,"sw":1},"geometry":{"type":"LineString","coordinates":[[21.324995,46.184845],[21.325013,46.184853],[21.325025,46.184855]]}},{"type":"Feature","properties":{"line":"54","mode":"bus","color":"#f661b9","oi":-1,"n":3,"sw":1},"geometry":{"type":"LineString","coordinates":[[21.325018,46.184854],[21.325051,46.184859]]}},{"type":"Feature","properties":{"line":"54","mode":"bus","color":"#f661b9","oi":-1,"n":3,"sw":1},"geometry":{"type":"LineString","coordinates":[[21.325837,46.184152],[21.325824,46.184131]]}},{"type":"Feature","properties":{"line":"54","mode":"bus","color":"#f661b9","oi":-0.99,"n":3,"sw":1},"geometry":{"type":"LineString","coordinates":[[21.325827,46.184136],[21.325814,46.184114]]}},{"type":"Feature","properties":{"line":"54","mode":"bus","color":"#f661b9","oi":-0.962,"n":3,"sw":1},"geometry":{"type":"LineString","coordinates":[[21.325817,46.184119],[21.325804,46.184098]]}},{"type":"Feature","properties":{"line":"54","mode":"bus","color":"#f661b9","oi":-0.918,"n":3,"sw":1},"geometry":{"type":"LineString","coordinates":[[21.325807,46.184103],[21.325794,46.184081]]}},{"type":"Feature","properties":{"line":"54","mode":"bus","color":"#f661b9","oi":-0.86,"n":3,"sw":1},"geometry":{"type":"LineString","coordinates":[[21.325797,46.184086],[21.325784,46.184064]]}},{"type":"Feature","properties":{"line":"54","mode":"bus","color":"#f661b9","oi":-0.791,"n":3,"sw":1},"geometry":{"type":"LineString","coordinates":[[21.325787,46.184069],[21.325774,46.184048]]}},{"type":"Feature","properties":{"line":"54","mode":"bus","color":"#f661b9","oi":-0.714,"n":3,"sw":1},"geometry":{"type":"LineString","coordinates":[[21.325777,46.184053],[21.325764,46.184031]]}},{"type":"Feature","properties":{"line":"54","mode":"bus","color":"#f661b9","oi":-0.631,"n":3,"sw":1},"geometry":{"type":"LineString","coordinates":[[21.325767,46.184036],[21.325754,46.184014]]}},{"type":"Feature","properties":{"line":"54","mode":"bus","color":"#f661b9","oi":-0.544,"n":3,"sw":1},"geometry":{"type":"LineString","coordinates":[[21.325757,46.184019],[21.325745,46.183998]]}},{"type":"Feature","properties":{"line":"54","mode":"bus","color":"#f661b9","oi":-0.456,"n":3,"sw":1},"geometry":{"type":"LineString","coordinates":[[21.325748,46.184003],[21.325735,46.183981]]}},{"type":"Feature","properties":{"line":"54","mode":"bus","color":"#f661b9","oi":-0.369,"n":3,"sw":1},"geometry":{"type":"LineString","coordinates":[[21.325738,46.183986],[21.325725,46.183964]]}},{"type":"Feature","properties":{"line":"54","mode":"bus","color":"#f661b9","oi":-0.286,"n":3,"sw":1},"geometry":{"type":"LineString","coordinates":[[21.325728,46.183969],[21.325715,46.183948]]}},{"type":"Feature","properties":{"line":"54","mode":"bus","color":"#f661b9","oi":-0.209,"n":3,"sw":1},"geometry":{"type":"LineString","coordinates":[[21.325718,46.183953],[21.325712,46.183943],[21.325709,46.18393]]}},{"type":"Feature","properties":{"line":"54","mode":"bus","color":"#f661b9","oi":-0.14,"n":3,"sw":1},"geometry":{"type":"LineString","coordinates":[[21.32571,46.183936],[21.325706,46.183913]]}},{"type":"Feature","properties":{"line":"54","mode":"bus","color":"#f661b9","oi":-0.082,"n":3,"sw":1},"geometry":{"type":"LineString","coordinates":[[21.325707,46.183918],[21.325702,46.183895]]}},{"type":"Feature","properties":{"line":"54","mode":"bus","color":"#f661b9","oi":-0.038,"n":3,"sw":1},"geometry":{"type":"LineString","coordinates":[[21.325703,46.1839],[21.325698,46.183877]]}},{"type":"Feature","properties":{"line":"54","mode":"bus","color":"#f661b9","oi":-0.01,"n":3,"sw":1},"geometry":{"type":"LineString","coordinates":[[21.325699,46.183882],[21.325694,46.183859]]}},{"type":"Feature","properties":{"line":"54","mode":"bus","color":"#f661b9","oi":0,"n":3,"sw":1},"geometry":{"type":"LineString","coordinates":[[21.325695,46.183864],[21.325691,46.183844]]}},{"type":"Feature","properties":{"line":"54","mode":"bus","color":"#f661b9","oi":-1.5,"n":4},"geometry":{"type":"LineString","coordinates":[[21.323603,46.183147],[21.32423,46.183879],[21.324365,46.1841],[21.324629,46.184722]]}},{"type":"Feature","properties":{"line":"39b","mode":"bus","color":"#999f01","oi":0,"n":1},"geometry":{"type":"LineString","coordinates":[[21.319624,46.192183],[21.319498,46.192199],[21.319412,46.192264],[21.319395,46.19231],[21.31943,46.1924],[21.319539,46.192454],[21.319673,46.192449],[21.319731,46.192424],[21.319793,46.192347],[21.319775,46.192259],[21.319738,46.192223],[21.319624,46.192183]]}},{"type":"Feature","properties":{"line":"39b","mode":"bus","color":"#999f01","oi":0,"n":1},"geometry":{"type":"LineString","coordinates":[[21.319054,46.190116],[21.322738,46.189383],[21.32314,46.189315]]}},{"type":"Feature","properties":{"line":"39b","mode":"bus","color":"#999f01","oi":0,"n":1,"sw":1},"geometry":{"type":"LineString","coordinates":[[21.323136,46.189316],[21.323189,46.189307]]}},{"type":"Feature","properties":{"line":"39b","mode":"bus","color":"#999f01","oi":-0.017,"n":1,"sw":1},"geometry":{"type":"LineString","coordinates":[[21.323182,46.189308],[21.323235,46.189299]]}},{"type":"Feature","properties":{"line":"39b","mode":"bus","color":"#999f01","oi":-0.063,"n":1,"sw":1},"geometry":{"type":"LineString","coordinates":[[21.323227,46.1893],[21.32328,46.189291]]}},{"type":"Feature","properties":{"line":"39b","mode":"bus","color":"#999f01","oi":-0.13,"n":1,"sw":1},"geometry":{"type":"LineString","coordinates":[[21.323273,46.189292],[21.323325,46.189283]]}},{"type":"Feature","properties":{"line":"39b","mode":"bus","color":"#999f01","oi":-0.209,"n":1,"sw":1},"geometry":{"type":"LineString","coordinates":[[21.323318,46.189285],[21.323371,46.189276]]}},{"type":"Feature","properties":{"line":"39b","mode":"bus","color":"#999f01","oi":-0.291,"n":1,"sw":1},"geometry":{"type":"LineString","coordinates":[[21.323363,46.189277],[21.323416,46.189268]]}},{"type":"Feature","properties":{"line":"39b","mode":"bus","color":"#999f01","oi":-0.37,"n":1,"sw":1},"geometry":{"type":"LineString","coordinates":[[21.323409,46.189269],[21.323462,46.18926]]}},{"type":"Feature","properties":{"line":"39b","mode":"bus","color":"#999f01","oi":-0.437,"n":1,"sw":1},"geometry":{"type":"LineString","coordinates":[[21.323454,46.189262],[21.323507,46.189253]]}},{"type":"Feature","properties":{"line":"39b","mode":"bus","color":"#999f01","oi":-0.483,"n":1,"sw":1},"geometry":{"type":"LineString","coordinates":[[21.323499,46.189254],[21.323552,46.189245]]}},{"type":"Feature","properties":{"line":"39b","mode":"bus","color":"#999f01","oi":-0.5,"n":1,"sw":1},"geometry":{"type":"LineString","coordinates":[[21.323545,46.189246],[21.323594,46.189238]]}},{"type":"Feature","properties":{"line":"39b","mode":"bus","color":"#999f01","oi":0,"n":1},"geometry":{"type":"LineString","coordinates":[[21.323052,46.18919],[21.321947,46.189416],[21.321368,46.189497],[21.320496,46.189655],[21.319049,46.189943],[21.319022,46.189952],[21.319009,46.189968],[21.31901,46.189988],[21.31971,46.192209]]}},{"type":"Feature","properties":{"line":"39b","mode":"bus","color":"#999f01","oi":-0.5,"n":1,"sw":1},"geometry":{"type":"LineString","coordinates":[[21.3235,46.189098],[21.323451,46.189108]]}},{"type":"Feature","properties":{"line":"39b","mode":"bus","color":"#999f01","oi":-0.483,"n":1,"sw":1},"geometry":{"type":"LineString","coordinates":[[21.323459,46.189106],[21.323407,46.189117]]}},{"type":"Feature","properties":{"line":"39b","mode":"bus","color":"#999f01","oi":-0.437,"n":1,"sw":1},"geometry":{"type":"LineString","coordinates":[[21.323414,46.189116],[21.323362,46.189126]]}},{"type":"Feature","properties":{"line":"39b","mode":"bus","color":"#999f01","oi":-0.37,"n":1,"sw":1},"geometry":{"type":"LineString","coordinates":[[21.323369,46.189125],[21.323317,46.189135]]}},{"type":"Feature","properties":{"line":"39b","mode":"bus","color":"#999f01","oi":-0.291,"n":1,"sw":1},"geometry":{"type":"LineString","coordinates":[[21.323325,46.189134],[21.323272,46.189145]]}},{"type":"Feature","properties":{"line":"39b","mode":"bus","color":"#999f01","oi":-0.209,"n":1,"sw":1},"geometry":{"type":"LineString","coordinates":[[21.32328,46.189143],[21.323227,46.189154]]}},{"type":"Feature","properties":{"line":"39b","mode":"bus","color":"#999f01","oi":-0.13,"n":1,"sw":1},"geometry":{"type":"LineString","coordinates":[[21.323235,46.189152],[21.323183,46.189163]]}},{"type":"Feature","properties":{"line":"39b","mode":"bus","color":"#999f01","oi":-0.063,"n":1,"sw":1},"geometry":{"type":"LineString","coordinates":[[21.32319,46.189161],[21.323138,46.189172]]}},{"type":"Feature","properties":{"line":"39b","mode":"bus","color":"#999f01","oi":-0.017,"n":1,"sw":1},"geometry":{"type":"LineString","coordinates":[[21.323145,46.189171],[21.323093,46.189181]]}},{"type":"Feature","properties":{"line":"39b","mode":"bus","color":"#999f01","oi":0,"n":1,"sw":1},"geometry":{"type":"LineString","coordinates":[[21.3231,46.18918],[21.323048,46.189191]]}},{"type":"Feature","properties":{"line":"39b","mode":"bus","color":"#999f01","oi":0,"n":1},"geometry":{"type":"LineString","coordinates":[[21.320551,46.21272],[21.320622,46.201615],[21.320567,46.201434],[21.320104,46.200891],[21.3199,46.200582],[21.319783,46.200336],[21.319767,46.200192],[21.319804,46.200033],[21.320172,46.199213],[21.320451,46.198313],[21.320318,46.197456],[21.320309,46.19711],[21.320512,46.196166],[21.320529,46.195232],[21.3205,46.195028],[21.3199,46.192841],[21.319747,46.19241]]}},{"type":"Feature","properties":{"line":"39b","mode":"bus","color":"#999f01","oi":0,"n":1},"geometry":{"type":"LineString","coordinates":[[21.320564,46.209741],[21.32139,46.209741],[21.321419,46.209745],[21.321438,46.209757],[21.321446,46.209777],[21.321816,46.212785],[21.321814,46.212801],[21.321806,46.212812],[21.321791,46.212819],[21.321768,46.212821],[21.320551,46.21281]]}},{"type":"Feature","properties":{"line":"39b","mode":"bus","color":"#999f01","oi":0,"n":1},"geometry":{"type":"LineString","coordinates":[[21.324726,46.185039],[21.324991,46.185905],[21.325554,46.187139],[21.325586,46.18729],[21.325555,46.187571],[21.325485,46.187779],[21.325342,46.188004],[21.324996,46.188343],[21.324014,46.188909],[21.324011,46.18891]]}},{"type":"Feature","properties":{"line":"39b","mode":"bus","color":"#999f01","oi":0.5,"n":1,"sw":1},"geometry":{"type":"LineString","coordinates":[[21.324629,46.184722],[21.32464,46.184756]]}},{"type":"Feature","properties":{"line":"39b","mode":"bus","color":"#999f01","oi":0.483,"n":1,"sw":1},"geometry":{"type":"LineString","coordinates":[[21.324638,46.184751],[21.324649,46.184788]]}},{"type":"Feature","properties":{"line":"39b","mode":"bus","color":"#999f01","oi":0.437,"n":1,"sw":1},"geometry":{"type":"LineString","coordinates":[[21.324648,46.184783],[21.324659,46.18482]]}},{"type":"Feature","properties":{"line":"39b","mode":"bus","color":"#999f01","oi":0.37,"n":1,"sw":1},"geometry":{"type":"LineString","coordinates":[[21.324657,46.184814],[21.324669,46.184851]]}},{"type":"Feature","properties":{"line":"39b","mode":"bus","color":"#999f01","oi":0.291,"n":1,"sw":1},"geometry":{"type":"LineString","coordinates":[[21.324667,46.184846],[21.324678,46.184883]]}},{"type":"Feature","properties":{"line":"39b","mode":"bus","color":"#999f01","oi":0.209,"n":1,"sw":1},"geometry":{"type":"LineString","coordinates":[[21.324677,46.184878],[21.324688,46.184915]]}},{"type":"Feature","properties":{"line":"39b","mode":"bus","color":"#999f01","oi":0.13,"n":1,"sw":1},"geometry":{"type":"LineString","coordinates":[[21.324686,46.184909],[21.324698,46.184946]]}},{"type":"Feature","properties":{"line":"39b","mode":"bus","color":"#999f01","oi":0.063,"n":1,"sw":1},"geometry":{"type":"LineString","coordinates":[[21.324696,46.184941],[21.324707,46.184978]]}},{"type":"Feature","properties":{"line":"39b","mode":"bus","color":"#999f01","oi":0.017,"n":1,"sw":1},"geometry":{"type":"LineString","coordinates":[[21.324706,46.184973],[21.324717,46.18501]]}},{"type":"Feature","properties":{"line":"39b","mode":"bus","color":"#999f01","oi":0,"n":1,"sw":1},"geometry":{"type":"LineString","coordinates":[[21.324715,46.185005],[21.324727,46.185042]]}},{"type":"Feature","properties":{"line":"39b","mode":"bus","color":"#999f01","oi":0,"n":1,"sw":1},"geometry":{"type":"LineString","coordinates":[[21.324015,46.188909],[21.324014,46.188909],[21.323967,46.188927]]}},{"type":"Feature","properties":{"line":"39b","mode":"bus","color":"#999f01","oi":-0.017,"n":1,"sw":1},"geometry":{"type":"LineString","coordinates":[[21.323974,46.188925],[21.323927,46.188943]]}},{"type":"Feature","properties":{"line":"39b","mode":"bus","color":"#999f01","oi":-0.063,"n":1,"sw":1},"geometry":{"type":"LineString","coordinates":[[21.323933,46.188941],[21.323886,46.188959]]}},{"type":"Feature","properties":{"line":"39b","mode":"bus","color":"#999f01","oi":-0.13,"n":1,"sw":1},"geometry":{"type":"LineString","coordinates":[[21.323893,46.188957],[21.323845,46.188975]]}},{"type":"Feature","properties":{"line":"39b","mode":"bus","color":"#999f01","oi":-0.209,"n":1,"sw":1},"geometry":{"type":"LineString","coordinates":[[21.323852,46.188973],[21.323805,46.188991]]}},{"type":"Feature","properties":{"line":"39b","mode":"bus","color":"#999f01","oi":-0.291,"n":1,"sw":1},"geometry":{"type":"LineString","coordinates":[[21.323812,46.188989],[21.323764,46.189007]]}},{"type":"Feature","properties":{"line":"39b","mode":"bus","color":"#999f01","oi":-0.37,"n":1,"sw":1},"geometry":{"type":"LineString","coordinates":[[21.323771,46.189005],[21.323723,46.189023]]}},{"type":"Feature","properties":{"line":"39b","mode":"bus","color":"#999f01","oi":-0.437,"n":1,"sw":1},"geometry":{"type":"LineString","coordinates":[[21.32373,46.189021],[21.323683,46.189039]]}},{"type":"Feature","properties":{"line":"39b","mode":"bus","color":"#999f01","oi":-0.483,"n":1,"sw":1},"geometry":{"type":"LineString","coordinates":[[21.32369,46.189037],[21.323642,46.189055]]}},{"type":"Feature","properties":{"line":"39b","mode":"bus","color":"#999f01","oi":-0.5,"n":1,"sw":1},"geometry":{"type":"LineString","coordinates":[[21.323649,46.189053],[21.323605,46.18907]]}},{"type":"Feature","properties":{"line":"39b","mode":"bus","color":"#999f01","oi":0,"n":3},"geometry":{"type":"LineString","coordinates":[[21.325615,46.184942],[21.325823,46.184626],[21.325898,46.184354],[21.325859,46.18419],[21.325712,46.183943],[21.325691,46.183844]]}},{"type":"Feature","properties":{"line":"39b","mode":"bus","color":"#999f01","oi":-0.5,"n":2},"geometry":{"type":"LineString","coordinates":[[21.323594,46.189238],[21.324051,46.189183],[21.324371,46.18909],[21.325093,46.188702],[21.325341,46.188542],[21.325586,46.188209],[21.325748,46.187736],[21.325786,46.187475],[21.325773,46.187241],[21.32524,46.18594],[21.325203,46.185633],[21.325246,46.18543],[21.325398,46.185229]]}},{"type":"Feature","properties":{"line":"39b","mode":"bus","color":"#999f01","oi":-0.5,"n":2,"sw":1},"geometry":{"type":"LineString","coordinates":[[21.325396,46.185231],[21.325422,46.185198]]}},{"type":"Feature","properties":{"line":"39b","mode":"bus","color":"#999f01","oi":-0.483,"n":2,"sw":1},"geometry":{"type":"LineString","coordinates":[[21.325418,46.185203],[21.325443,46.185169]]}},{"type":"Feature","properties":{"line":"39b","mode":"bus","color":"#999f01","oi":-0.437,"n":2,"sw":1},"geometry":{"type":"LineString","coordinates":[[21.32544,46.185174],[21.325465,46.18514]]}},{"type":"Feature","properties":{"line":"39b","mode":"bus","color":"#999f01","oi":-0.37,"n":2,"sw":1},"geometry":{"type":"LineString","coordinates":[[21.325461,46.185145],[21.325487,46.185112]]}},{"type":"Feature","properties":{"line":"39b","mode":"bus","color":"#999f01","oi":-0.291,"n":2,"sw":1},"geometry":{"type":"LineString","coordinates":[[21.325483,46.185117],[21.325508,46.185083]]}},{"type":"Feature","properties":{"line":"39b","mode":"bus","color":"#999f01","oi":-0.209,"n":2,"sw":1},"geometry":{"type":"LineString","coordinates":[[21.325505,46.185088],[21.32553,46.185054]]}},{"type":"Feature","properties":{"line":"39b","mode":"bus","color":"#999f01","oi":-0.13,"n":2,"sw":1},"geometry":{"type":"LineString","coordinates":[[21.325526,46.185059],[21.325552,46.185026]]}},{"type":"Feature","properties":{"line":"39b","mode":"bus","color":"#999f01","oi":-0.063,"n":2,"sw":1},"geometry":{"type":"LineString","coordinates":[[21.325548,46.18503],[21.325573,46.184997]]}},{"type":"Feature","properties":{"line":"39b","mode":"bus","color":"#999f01","oi":-0.017,"n":2,"sw":1},"geometry":{"type":"LineString","coordinates":[[21.32557,46.185002],[21.325595,46.184968]]}},{"type":"Feature","properties":{"line":"39b","mode":"bus","color":"#999f01","oi":0,"n":2,"sw":1},"geometry":{"type":"LineString","coordinates":[[21.325591,46.184973],[21.325615,46.184942]]}},{"type":"Feature","properties":{"line":"39b","mode":"bus","color":"#999f01","oi":-0.5,"n":2},"geometry":{"type":"LineString","coordinates":[[21.323605,46.18907],[21.3235,46.189098]]}},{"type":"Feature","properties":{"line":"39b","mode":"bus","color":"#999f01","oi":0.5,"n":4},"geometry":{"type":"LineString","coordinates":[[21.323842,46.183426],[21.32423,46.183879],[21.324365,46.1841],[21.324629,46.184722]]}},{"type":"Feature","properties":{"line":"39b","mode":"bus","color":"#999f01","oi":0,"n":4,"sw":1},"geometry":{"type":"LineString","coordinates":[[21.323603,46.183147],[21.323629,46.183177]]}},{"type":"Feature","properties":{"line":"39b","mode":"bus","color":"#999f01","oi":0.017,"n":4,"sw":1},"geometry":{"type":"LineString","coordinates":[[21.323625,46.183173],[21.323653,46.183205]]}},{"type":"Feature","properties":{"line":"39b","mode":"bus","color":"#999f01","oi":0.063,"n":4,"sw":1},"geometry":{"type":"LineString","coordinates":[[21.323649,46.1832],[21.323677,46.183233]]}},{"type":"Feature","properties":{"line":"39b","mode":"bus","color":"#999f01","oi":0.13,"n":4,"sw":1},"geometry":{"type":"LineString","coordinates":[[21.323673,46.183228],[21.3237,46.183261]]}},{"type":"Feature","properties":{"line":"39b","mode":"bus","color":"#999f01","oi":0.209,"n":4,"sw":1},"geometry":{"type":"LineString","coordinates":[[21.323696,46.183256],[21.323724,46.183289]]}},{"type":"Feature","properties":{"line":"39b","mode":"bus","color":"#999f01","oi":0.291,"n":4,"sw":1},"geometry":{"type":"LineString","coordinates":[[21.32372,46.183284],[21.323748,46.183316]]}},{"type":"Feature","properties":{"line":"39b","mode":"bus","color":"#999f01","oi":0.37,"n":4,"sw":1},"geometry":{"type":"LineString","coordinates":[[21.323744,46.183312],[21.323772,46.183344]]}},{"type":"Feature","properties":{"line":"39b","mode":"bus","color":"#999f01","oi":0.437,"n":4,"sw":1},"geometry":{"type":"LineString","coordinates":[[21.323768,46.18334],[21.323796,46.183372]]}},{"type":"Feature","properties":{"line":"39b","mode":"bus","color":"#999f01","oi":0.483,"n":4,"sw":1},"geometry":{"type":"LineString","coordinates":[[21.323792,46.183367],[21.32382,46.1834]]}},{"type":"Feature","properties":{"line":"39b","mode":"bus","color":"#999f01","oi":0.5,"n":4,"sw":1},"geometry":{"type":"LineString","coordinates":[[21.323816,46.183395],[21.323844,46.183428]]}},{"type":"Feature","properties":{"line":"41","mode":"bus","color":"#05617d","oi":0.5,"n":2},"geometry":{"type":"LineString","coordinates":[[21.311489,46.167078],[21.313271,46.166955],[21.31553,46.166844],[21.31682,46.166651],[21.319371,46.166316],[21.319402,46.166315],[21.319428,46.166324],[21.319448,46.16634],[21.320062,46.167086],[21.320142,46.16727],[21.320138,46.16737],[21.320202,46.167467],[21.320316,46.167548],[21.320437,46.16759],[21.32072,46.167584],[21.320893,46.16751],[21.320983,46.167427],[21.321041,46.167295],[21.321008,46.167155],[21.320941,46.167075],[21.320797,46.166999],[21.320252,46.166874],[21.320153,46.166831],[21.320087,46.166763],[21.319948,46.166499],[21.319679,46.165642],[21.319667,46.165623],[21.319646,46.165613],[21.319617,46.165613],[21.315515,46.166057],[21.315292,46.166016],[21.3151,46.166016],[21.314653,46.166083],[21.314348,46.166158],[21.311378,46.166527],[21.311356,46.166532],[21.311342,46.16654],[21.311336,46.166552],[21.311337,46.166568],[21.311479,46.167043],[21.31148,46.167058],[21.311473,46.167069],[21.311459,46.167075],[21.311437,46.167076],[21.308156,46.166956]]}},{"type":"Feature","properties":{"line":"41","mode":"bus","color":"#05617d","oi":0.5,"n":2},"geometry":{"type":"LineString","coordinates":[[21.301935,46.166636],[21.307502,46.166959],[21.308104,46.166956],[21.308119,46.166956],[21.308127,46.166955],[21.30813,46.166955],[21.308127,46.166953],[21.308119,46.166952],[21.308105,46.16695],[21.307695,46.166903],[21.30642,46.166808],[21.302356,46.166579]]}},{"type":"Feature","properties":{"line":"41","mode":"bus","color":"#05617d","oi":0.5,"n":2,"sw":1},"geometry":{"type":"LineString","coordinates":[[21.30236,46.166579],[21.302305,46.166576]]}},{"type":"Feature","properties":{"line":"41","mode":"bus","color":"#05617d","oi":0.483,"n":2,"sw":1},"geometry":{"type":"LineString","coordinates":[[21.302313,46.166577],[21.302259,46.166574]]}},{"type":"Feature","properties":{"line":"41","mode":"bus","color":"#05617d","oi":0.437,"n":2,"sw":1},"geometry":{"type":"LineString","coordinates":[[21.302266,46.166574],[21.302212,46.166571]]}},{"type":"Feature","properties":{"line":"41","mode":"bus","color":"#05617d","oi":0.37,"n":2,"sw":1},"geometry":{"type":"LineString","coordinates":[[21.30222,46.166572],[21.302166,46.166569]]}},{"type":"Feature","properties":{"line":"41","mode":"bus","color":"#05617d","oi":0.291,"n":2,"sw":1},"geometry":{"type":"LineString","coordinates":[[21.302173,46.166569],[21.302119,46.166566]]}},{"type":"Feature","properties":{"line":"41","mode":"bus","color":"#05617d","oi":0.209,"n":2,"sw":1},"geometry":{"type":"LineString","coordinates":[[21.302127,46.166566],[21.302072,46.166563]]}},{"type":"Feature","properties":{"line":"41","mode":"bus","color":"#05617d","oi":0.13,"n":2,"sw":1},"geometry":{"type":"LineString","coordinates":[[21.30208,46.166564],[21.302026,46.166561]]}},{"type":"Feature","properties":{"line":"41","mode":"bus","color":"#05617d","oi":0.063,"n":2,"sw":1},"geometry":{"type":"LineString","coordinates":[[21.302034,46.166561],[21.301979,46.166558]]}},{"type":"Feature","properties":{"line":"41","mode":"bus","color":"#05617d","oi":0.017,"n":2,"sw":1},"geometry":{"type":"LineString","coordinates":[[21.301987,46.166558],[21.301933,46.166555]]}},{"type":"Feature","properties":{"line":"41","mode":"bus","color":"#05617d","oi":0,"n":2,"sw":1},"geometry":{"type":"LineString","coordinates":[[21.30194,46.166556],[21.30189,46.166553]]}},{"type":"Feature","properties":{"line":"41","mode":"bus","color":"#05617d","oi":0,"n":1},"geometry":{"type":"LineString","coordinates":[[21.298408,46.190304],[21.298476,46.190312],[21.298496,46.190311],[21.298514,46.190305],[21.298545,46.190287],[21.298553,46.19026],[21.298554,46.190247],[21.298546,46.190234],[21.298527,46.190214],[21.298507,46.1902],[21.29848,46.190196],[21.298443,46.190195],[21.298424,46.190198],[21.298407,46.190206],[21.29838,46.190226],[21.298374,46.190268],[21.298408,46.190304]]}},{"type":"Feature","properties":{"line":"41","mode":"bus","color":"#05617d","oi":0,"n":1},"geometry":{"type":"LineString","coordinates":[[21.308639,46.179635],[21.298531,46.182187],[21.298365,46.182187],[21.297232,46.182054],[21.295832,46.181864],[21.295732,46.181867],[21.295681,46.181891],[21.295661,46.181906],[21.295656,46.181927],[21.295667,46.182027],[21.296012,46.182581],[21.296051,46.182693],[21.296035,46.18276],[21.295968,46.18282],[21.295637,46.182932],[21.295518,46.183004],[21.295481,46.1833],[21.295506,46.183561],[21.298452,46.188285],[21.298481,46.190189]]}},{"type":"Feature","properties":{"line":"41","mode":"bus","color":"#05617d","oi":0,"n":1},"geometry":{"type":"LineString","coordinates":[[21.276065,46.196721],[21.27546,46.196331],[21.27543,46.196263],[21.275316,46.193139],[21.275321,46.193119],[21.275338,46.193106],[21.275367,46.193102],[21.281413,46.192961],[21.287598,46.192859],[21.287777,46.192842],[21.287861,46.192812],[21.287918,46.19275],[21.287941,46.192474],[21.287895,46.192327],[21.287747,46.192164],[21.287734,46.192144],[21.287734,46.192124],[21.287745,46.192103],[21.289638,46.189861],[21.289744,46.189826],[21.291604,46.189848],[21.291761,46.18984],[21.291849,46.189813],[21.291936,46.189762],[21.291984,46.189698],[21.292298,46.188962],[21.292308,46.188947],[21.292322,46.188938],[21.29234,46.188935],[21.292363,46.188938],[21.29838,46.190226]]}},{"type":"Feature","properties":{"line":"41","mode":"bus","color":"#05617d","oi":1,"n":3},"geometry":{"type":"LineString","coordinates":[[21.30189,46.166553],[21.302514,46.167809],[21.303217,46.169116]]}},{"type":"Feature","properties":{"line":"41","mode":"bus","color":"#05617d","oi":1,"n":3,"sw":1},"geometry":{"type":"LineString","coordinates":[[21.303215,46.169114],[21.303227,46.169136]]}},{"type":"Feature","properties":{"line":"41","mode":"bus","color":"#05617d","oi":0.99,"n":3,"sw":1},"geometry":{"type":"LineString","coordinates":[[21.303225,46.169131],[21.303236,46.169153]]}},{"type":"Feature","properties":{"line":"41","mode":"bus","color":"#05617d","oi":0.962,"n":3,"sw":1},"geometry":{"type":"LineString","coordinates":[[21.303234,46.169148],[21.303245,46.16917]]}},{"type":"Feature","properties":{"line":"41","mode":"bus","color":"#05617d","oi":0.918,"n":3,"sw":1},"geometry":{"type":"LineString","coordinates":[[21.303243,46.169165],[21.303254,46.169186]]}},{"type":"Feature","properties":{"line":"41","mode":"bus","color":"#05617d","oi":0.86,"n":3,"sw":1},"geometry":{"type":"LineString","coordinates":[[21.303252,46.169181],[21.303264,46.169203]]}},{"type":"Feature","properties":{"line":"41","mode":"bus","color":"#05617d","oi":0.791,"n":3,"sw":1},"geometry":{"type":"LineString","coordinates":[[21.303261,46.169198],[21.303273,46.16922]]}},{"type":"Feature","properties":{"line":"41","mode":"bus","color":"#05617d","oi":0.714,"n":3,"sw":1},"geometry":{"type":"LineString","coordinates":[[21.30327,46.169215],[21.303282,46.169237]]}},{"type":"Feature","properties":{"line":"41","mode":"bus","color":"#05617d","oi":0.631,"n":3,"sw":1},"geometry":{"type":"LineString","coordinates":[[21.303279,46.169232],[21.303291,46.169254]]}},{"type":"Feature","properties":{"line":"41","mode":"bus","color":"#05617d","oi":0.544,"n":3,"sw":1},"geometry":{"type":"LineString","coordinates":[[21.303288,46.169249],[21.3033,46.169271]]}},{"type":"Feature","properties":{"line":"41","mode":"bus","color":"#05617d","oi":0.456,"n":3,"sw":1},"geometry":{"type":"LineString","coordinates":[[21.303297,46.169266],[21.303309,46.169288]]}},{"type":"Feature","properties":{"line":"41","mode":"bus","color":"#05617d","oi":0.369,"n":3,"sw":1},"geometry":{"type":"LineString","coordinates":[[21.303306,46.169283],[21.303318,46.169304]]}},{"type":"Feature","properties":{"line":"41","mode":"bus","color":"#05617d","oi":0.286,"n":3,"sw":1},"geometry":{"type":"LineString","coordinates":[[21.303315,46.169299],[21.303327,46.169321]]}},{"type":"Feature","properties":{"line":"41","mode":"bus","color":"#05617d","oi":0.209,"n":3,"sw":1},"geometry":{"type":"LineString","coordinates":[[21.303324,46.169316],[21.303336,46.169338]]}},{"type":"Feature","properties":{"line":"41","mode":"bus","color":"#05617d","oi":0.14,"n":3,"sw":1},"geometry":{"type":"LineString","coordinates":[[21.303333,46.169333],[21.303345,46.169355]]}},{"type":"Feature","properties":{"line":"41","mode":"bus","color":"#05617d","oi":0.082,"n":3,"sw":1},"geometry":{"type":"LineString","coordinates":[[21.303342,46.16935],[21.303354,46.169372]]}},{"type":"Feature","properties":{"line":"41","mode":"bus","color":"#05617d","oi":0.038,"n":3,"sw":1},"geometry":{"type":"LineString","coordinates":[[21.303351,46.169367],[21.303363,46.169389]]}},{"type":"Feature","properties":{"line":"41","mode":"bus","color":"#05617d","oi":0.01,"n":3,"sw":1},"geometry":{"type":"LineString","coordinates":[[21.303361,46.169384],[21.303372,46.169406]]}},{"type":"Feature","properties":{"line":"41","mode":"bus","color":"#05617d","oi":0,"n":3,"sw":1},"geometry":{"type":"LineString","coordinates":[[21.30337,46.169401],[21.30338,46.16942]]}},{"type":"Feature","properties":{"line":"60","mode":"bus","color":"#b20b42","oi":-0.5,"n":2},"geometry":{"type":"LineString","coordinates":[[21.311489,46.167078],[21.313271,46.166955],[21.31553,46.166844],[21.31682,46.166651],[21.319371,46.166316],[21.319402,46.166315],[21.319428,46.166324],[21.319448,46.16634],[21.320062,46.167086],[21.320142,46.16727],[21.320138,46.16737],[21.320202,46.167467],[21.320316,46.167548],[21.320437,46.16759],[21.32072,46.167584],[21.320893,46.16751],[21.320983,46.167427],[21.321041,46.167295],[21.321008,46.167155],[21.320941,46.167075],[21.320797,46.166999],[21.320252,46.166874],[21.320153,46.166831],[21.320087,46.166763],[21.319948,46.166499],[21.319679,46.165642],[21.319667,46.165623],[21.319646,46.165613],[21.319617,46.165613],[21.315515,46.166057],[21.315292,46.166016],[21.3151,46.166016],[21.314653,46.166083],[21.314348,46.166158],[21.311378,46.166527],[21.311356,46.166532],[21.311342,46.16654],[21.311336,46.166552],[21.311337,46.166568],[21.311479,46.167043],[21.31148,46.167058],[21.311473,46.167069],[21.311459,46.167075],[21.311437,46.167076],[21.308156,46.166956]]}},{"type":"Feature","properties":{"line":"60","mode":"bus","color":"#b20b42","oi":-0.5,"n":2},"geometry":{"type":"LineString","coordinates":[[21.301935,46.166636],[21.307502,46.166959],[21.308104,46.166956],[21.308119,46.166956],[21.308127,46.166955],[21.30813,46.166955],[21.308127,46.166953],[21.308119,46.166952],[21.308105,46.16695],[21.307695,46.166903],[21.30642,46.166808],[21.302356,46.166579]]}},{"type":"Feature","properties":{"line":"60","mode":"bus","color":"#b20b42","oi":-0.5,"n":2,"sw":1},"geometry":{"type":"LineString","coordinates":[[21.30236,46.166579],[21.302305,46.166576]]}},{"type":"Feature","properties":{"line":"60","mode":"bus","color":"#b20b42","oi":-0.483,"n":2,"sw":1},"geometry":{"type":"LineString","coordinates":[[21.302313,46.166577],[21.302259,46.166574]]}},{"type":"Feature","properties":{"line":"60","mode":"bus","color":"#b20b42","oi":-0.437,"n":2,"sw":1},"geometry":{"type":"LineString","coordinates":[[21.302266,46.166574],[21.302212,46.166571]]}},{"type":"Feature","properties":{"line":"60","mode":"bus","color":"#b20b42","oi":-0.37,"n":2,"sw":1},"geometry":{"type":"LineString","coordinates":[[21.30222,46.166572],[21.302166,46.166569]]}},{"type":"Feature","properties":{"line":"60","mode":"bus","color":"#b20b42","oi":-0.291,"n":2,"sw":1},"geometry":{"type":"LineString","coordinates":[[21.302173,46.166569],[21.302119,46.166566]]}},{"type":"Feature","properties":{"line":"60","mode":"bus","color":"#b20b42","oi":-0.209,"n":2,"sw":1},"geometry":{"type":"LineString","coordinates":[[21.302127,46.166566],[21.302072,46.166563]]}},{"type":"Feature","properties":{"line":"60","mode":"bus","color":"#b20b42","oi":-0.13,"n":2,"sw":1},"geometry":{"type":"LineString","coordinates":[[21.30208,46.166564],[21.302026,46.166561]]}},{"type":"Feature","properties":{"line":"60","mode":"bus","color":"#b20b42","oi":-0.063,"n":2,"sw":1},"geometry":{"type":"LineString","coordinates":[[21.302034,46.166561],[21.301979,46.166558]]}},{"type":"Feature","properties":{"line":"60","mode":"bus","color":"#b20b42","oi":-0.017,"n":2,"sw":1},"geometry":{"type":"LineString","coordinates":[[21.301987,46.166558],[21.301933,46.166555]]}},{"type":"Feature","properties":{"line":"60","mode":"bus","color":"#b20b42","oi":0,"n":2,"sw":1},"geometry":{"type":"LineString","coordinates":[[21.30194,46.166556],[21.30189,46.166553]]}},{"type":"Feature","properties":{"line":"60","mode":"bus","color":"#b20b42","oi":0,"n":3,"sw":1},"geometry":{"type":"LineString","coordinates":[[21.310581,46.182122],[21.310588,46.182138]]}},{"type":"Feature","properties":{"line":"60","mode":"bus","color":"#b20b42","oi":-0.01,"n":3,"sw":1},"geometry":{"type":"LineString","coordinates":[[21.310586,46.182133],[21.310593,46.182151]]}},{"type":"Feature","properties":{"line":"60","mode":"bus","color":"#b20b42","oi":-0.038,"n":3,"sw":1},"geometry":{"type":"LineString","coordinates":[[21.310591,46.182146],[21.310599,46.182165]]}},{"type":"Feature","properties":{"line":"60","mode":"bus","color":"#b20b42","oi":-0.082,"n":3,"sw":1},"geometry":{"type":"LineString","coordinates":[[21.310597,46.18216],[21.310604,46.182178]]}},{"type":"Feature","properties":{"line":"60","mode":"bus","color":"#b20b42","oi":-0.14,"n":3,"sw":1},"geometry":{"type":"LineString","coordinates":[[21.310602,46.182173],[21.31061,46.182192]]}},{"type":"Feature","properties":{"line":"60","mode":"bus","color":"#b20b42","oi":-0.209,"n":3,"sw":1},"geometry":{"type":"LineString","coordinates":[[21.310608,46.182186],[21.310616,46.182205]]}},{"type":"Feature","properties":{"line":"60","mode":"bus","color":"#b20b42","oi":-0.286,"n":3,"sw":1},"geometry":{"type":"LineString","coordinates":[[21.310613,46.1822],[21.310621,46.182218]]}},{"type":"Feature","properties":{"line":"60","mode":"bus","color":"#b20b42","oi":-0.369,"n":3,"sw":1},"geometry":{"type":"LineString","coordinates":[[21.310619,46.182213],[21.310627,46.182232]]}},{"type":"Feature","properties":{"line":"60","mode":"bus","color":"#b20b42","oi":-0.456,"n":3,"sw":1},"geometry":{"type":"LineString","coordinates":[[21.310625,46.182226],[21.310632,46.182245]]}},{"type":"Feature","properties":{"line":"60","mode":"bus","color":"#b20b42","oi":-0.544,"n":3,"sw":1},"geometry":{"type":"LineString","coordinates":[[21.31063,46.18224],[21.310638,46.182258]]}},{"type":"Feature","properties":{"line":"60","mode":"bus","color":"#b20b42","oi":-0.631,"n":3,"sw":1},"geometry":{"type":"LineString","coordinates":[[21.310636,46.182253],[21.310644,46.182272]]}},{"type":"Feature","properties":{"line":"60","mode":"bus","color":"#b20b42","oi":-0.714,"n":3,"sw":1},"geometry":{"type":"LineString","coordinates":[[21.310641,46.182267],[21.310649,46.182285]]}},{"type":"Feature","properties":{"line":"60","mode":"bus","color":"#b20b42","oi":-0.791,"n":3,"sw":1},"geometry":{"type":"LineString","coordinates":[[21.310647,46.18228],[21.310652,46.182292],[21.310651,46.182299]]}},{"type":"Feature","properties":{"line":"60","mode":"bus","color":"#b20b42","oi":-0.86,"n":3,"sw":1},"geometry":{"type":"LineString","coordinates":[[21.310652,46.182293],[21.31065,46.182313]]}},{"type":"Feature","properties":{"line":"60","mode":"bus","color":"#b20b42","oi":-0.918,"n":3,"sw":1},"geometry":{"type":"LineString","coordinates":[[21.310651,46.182307],[21.310649,46.182327]]}},{"type":"Feature","properties":{"line":"60","mode":"bus","color":"#b20b42","oi":-0.962,"n":3,"sw":1},"geometry":{"type":"LineString","coordinates":[[21.310649,46.182321],[21.310648,46.182341]]}},{"type":"Feature","properties":{"line":"60","mode":"bus","color":"#b20b42","oi":-0.99,"n":3,"sw":1},"geometry":{"type":"LineString","coordinates":[[21.310648,46.182335],[21.310647,46.182354]]}},{"type":"Feature","properties":{"line":"60","mode":"bus","color":"#b20b42","oi":-1,"n":3,"sw":1},"geometry":{"type":"LineString","coordinates":[[21.310647,46.182349],[21.310646,46.182361],[21.310641,46.182368]]}},{"type":"Feature","properties":{"line":"60","mode":"bus","color":"#b20b42","oi":-1,"n":3,"sw":1},"geometry":{"type":"LineString","coordinates":[[21.310645,46.182363],[21.310631,46.18238]]}},{"type":"Feature","properties":{"line":"60","mode":"bus","color":"#b20b42","oi":-0.99,"n":3,"sw":1},"geometry":{"type":"LineString","coordinates":[[21.310635,46.182375],[21.310621,46.182392]]}},{"type":"Feature","properties":{"line":"60","mode":"bus","color":"#b20b42","oi":-0.962,"n":3,"sw":1},"geometry":{"type":"LineString","coordinates":[[21.310625,46.182387],[21.310612,46.182404]]}},{"type":"Feature","properties":{"line":"60","mode":"bus","color":"#b20b42","oi":-0.918,"n":3,"sw":1},"geometry":{"type":"LineString","coordinates":[[21.310616,46.182399],[21.310602,46.182416]]}},{"type":"Feature","properties":{"line":"60","mode":"bus","color":"#b20b42","oi":-0.86,"n":3,"sw":1},"geometry":{"type":"LineString","coordinates":[[21.310606,46.182412],[21.310592,46.182429]]}},{"type":"Feature","properties":{"line":"60","mode":"bus","color":"#b20b42","oi":-0.791,"n":3,"sw":1},"geometry":{"type":"LineString","coordinates":[[21.310596,46.182424],[21.310583,46.182441]]}},{"type":"Feature","properties":{"line":"60","mode":"bus","color":"#b20b42","oi":-0.714,"n":3,"sw":1},"geometry":{"type":"LineString","coordinates":[[21.310586,46.182436],[21.310573,46.182453]]}},{"type":"Feature","properties":{"line":"60","mode":"bus","color":"#b20b42","oi":-0.631,"n":3,"sw":1},"geometry":{"type":"LineString","coordinates":[[21.310577,46.182448],[21.310565,46.182463],[21.310562,46.182464]]}},{"type":"Feature","properties":{"line":"60","mode":"bus","color":"#b20b42","oi":-0.544,"n":3,"sw":1},"geometry":{"type":"LineString","coordinates":[[21.310567,46.18246],[21.310565,46.182463],[21.310546,46.182473]]}},{"type":"Feature","properties":{"line":"60","mode":"bus","color":"#b20b42","oi":-0.456,"n":3,"sw":1},"geometry":{"type":"LineString","coordinates":[[21.310552,46.18247],[21.31053,46.182481]]}},{"type":"Feature","properties":{"line":"60","mode":"bus","color":"#b20b42","oi":-0.369,"n":3,"sw":1},"geometry":{"type":"LineString","coordinates":[[21.310536,46.182478],[21.310514,46.182489]]}},{"type":"Feature","properties":{"line":"60","mode":"bus","color":"#b20b42","oi":-0.286,"n":3,"sw":1},"geometry":{"type":"LineString","coordinates":[[21.31052,46.182486],[21.310498,46.182498]]}},{"type":"Feature","properties":{"line":"60","mode":"bus","color":"#b20b42","oi":-0.209,"n":3,"sw":1},"geometry":{"type":"LineString","coordinates":[[21.310504,46.182495],[21.310482,46.182506]]}},{"type":"Feature","properties":{"line":"60","mode":"bus","color":"#b20b42","oi":-0.14,"n":3,"sw":1},"geometry":{"type":"LineString","coordinates":[[21.310488,46.182503],[21.310465,46.182514]]}},{"type":"Feature","properties":{"line":"60","mode":"bus","color":"#b20b42","oi":-0.082,"n":3,"sw":1},"geometry":{"type":"LineString","coordinates":[[21.310472,46.182511],[21.310449,46.182523]]}},{"type":"Feature","properties":{"line":"60","mode":"bus","color":"#b20b42","oi":-0.038,"n":3,"sw":1},"geometry":{"type":"LineString","coordinates":[[21.310456,46.182519],[21.310433,46.182531]]}},{"type":"Feature","properties":{"line":"60","mode":"bus","color":"#b20b42","oi":-0.01,"n":3,"sw":1},"geometry":{"type":"LineString","coordinates":[[21.310439,46.182528],[21.310417,46.182539]]}},{"type":"Feature","properties":{"line":"60","mode":"bus","color":"#b20b42","oi":0,"n":3,"sw":1},"geometry":{"type":"LineString","coordinates":[[21.310423,46.182536],[21.310404,46.182546]]}},{"type":"Feature","properties":{"line":"60","mode":"bus","color":"#b20b42","oi":-0.5,"n":2},"geometry":{"type":"LineString","coordinates":[[21.307769,46.194447],[21.30812,46.194401],[21.30814,46.194395],[21.308156,46.194386],[21.308166,46.194372],[21.308175,46.194352],[21.308179,46.194336],[21.308174,46.194323],[21.308162,46.19431],[21.308136,46.19429],[21.308115,46.19428],[21.30809,46.194278],[21.308039,46.194281],[21.30789,46.194347],[21.307769,46.194447],[21.302225,46.197857],[21.300611,46.199183],[21.300165,46.199665],[21.298439,46.201846],[21.297461,46.203018],[21.297287,46.203134],[21.297155,46.203195],[21.297078,46.203204],[21.297023,46.203246],[21.296966,46.203588],[21.296771,46.203823],[21.296661,46.203914],[21.296558,46.203955],[21.29632,46.20398],[21.294065,46.204042],[21.29348,46.204041],[21.293458,46.204043],[21.293443,46.20405],[21.293436,46.204061],[21.293436,46.204077],[21.293969,46.206484],[21.294019,46.206812],[21.29399,46.207205],[21.29382,46.207643],[21.293661,46.207896],[21.292528,46.209368],[21.290398,46.212013],[21.288978,46.213704],[21.288674,46.214015]]}},{"type":"Feature","properties":{"line":"60","mode":"bus","color":"#b20b42","oi":-0.5,"n":2},"geometry":{"type":"LineString","coordinates":[[21.296966,46.203588],[21.297231,46.20333],[21.297461,46.203018]]}},{"type":"Feature","properties":{"line":"60","mode":"bus","color":"#b20b42","oi":-0.5,"n":2},"geometry":{"type":"LineString","coordinates":[[21.309234,46.19212],[21.308135,46.192339],[21.308055,46.192422],[21.308013,46.192515],[21.307979,46.192847]]}},{"type":"Feature","properties":{"line":"60","mode":"bus","color":"#b20b42","oi":-1.5,"n":2,"sw":1},"geometry":{"type":"LineString","coordinates":[[21.309683,46.19203],[21.309654,46.192036]]}},{"type":"Feature","properties":{"line":"60","mode":"bus","color":"#b20b42","oi":-1.49,"n":2,"sw":1},"geometry":{"type":"LineString","coordinates":[[21.309662,46.192034],[21.309629,46.192041]]}},{"type":"Feature","properties":{"line":"60","mode":"bus","color":"#b20b42","oi":-1.462,"n":2,"sw":1},"geometry":{"type":"LineString","coordinates":[[21.309637,46.192039],[21.309604,46.192046]]}},{"type":"Feature","properties":{"line":"60","mode":"bus","color":"#b20b42","oi":-1.418,"n":2,"sw":1},"geometry":{"type":"LineString","coordinates":[[21.309612,46.192044],[21.309579,46.192051]]}},{"type":"Feature","properties":{"line":"60","mode":"bus","color":"#b20b42","oi":-1.36,"n":2,"sw":1},"geometry":{"type":"LineString","coordinates":[[21.309587,46.192049],[21.309555,46.192056]]}},{"type":"Feature","properties":{"line":"60","mode":"bus","color":"#b20b42","oi":-1.291,"n":2,"sw":1},"geometry":{"type":"LineString","coordinates":[[21.309562,46.192054],[21.30953,46.192061]]}},{"type":"Feature","properties":{"line":"60","mode":"bus","color":"#b20b42","oi":-1.214,"n":2,"sw":1},"geometry":{"type":"LineString","coordinates":[[21.309537,46.192059],[21.309505,46.192066]]}},{"type":"Feature","properties":{"line":"60","mode":"bus","color":"#b20b42","oi":-1.131,"n":2,"sw":1},"geometry":{"type":"LineString","coordinates":[[21.309512,46.192064],[21.30948,46.192071]]}},{"type":"Feature","properties":{"line":"60","mode":"bus","color":"#b20b42","oi":-1.044,"n":2,"sw":1},"geometry":{"type":"LineString","coordinates":[[21.309487,46.192069],[21.309455,46.192076]]}},{"type":"Feature","properties":{"line":"60","mode":"bus","color":"#b20b42","oi":-0.956,"n":2,"sw":1},"geometry":{"type":"LineString","coordinates":[[21.309462,46.192074],[21.30943,46.192081]]}},{"type":"Feature","properties":{"line":"60","mode":"bus","color":"#b20b42","oi":-0.869,"n":2,"sw":1},"geometry":{"type":"LineString","coordinates":[[21.309437,46.192079],[21.309405,46.192086]]}},{"type":"Feature","properties":{"line":"60","mode":"bus","color":"#b20b42","oi":-0.786,"n":2,"sw":1},"geometry":{"type":"LineString","coordinates":[[21.309412,46.192084],[21.30938,46.19209]]}},{"type":"Feature","properties":{"line":"60","mode":"bus","color":"#b20b42","oi":-0.709,"n":2,"sw":1},"geometry":{"type":"LineString","coordinates":[[21.309387,46.192089],[21.309355,46.192095]]}},{"type":"Feature","properties":{"line":"60","mode":"bus","color":"#b20b42","oi":-0.64,"n":2,"sw":1},"geometry":{"type":"LineString","coordinates":[[21.309363,46.192094],[21.30933,46.1921]]}},{"type":"Feature","properties":{"line":"60","mode":"bus","color":"#b20b42","oi":-0.582,"n":2,"sw":1},"geometry":{"type":"LineString","coordinates":[[21.309338,46.192099],[21.309305,46.192105]]}},{"type":"Feature","properties":{"line":"60","mode":"bus","color":"#b20b42","oi":-0.538,"n":2,"sw":1},"geometry":{"type":"LineString","coordinates":[[21.309313,46.192104],[21.30928,46.19211]]}},{"type":"Feature","properties":{"line":"60","mode":"bus","color":"#b20b42","oi":-0.51,"n":2,"sw":1},"geometry":{"type":"LineString","coordinates":[[21.309288,46.192109],[21.309255,46.192115]]}},{"type":"Feature","properties":{"line":"60","mode":"bus","color":"#b20b42","oi":-0.5,"n":2,"sw":1},"geometry":{"type":"LineString","coordinates":[[21.309263,46.192114],[21.30923,46.19212]]}},{"type":"Feature","properties":{"line":"60","mode":"bus","color":"#b20b42","oi":-0.5,"n":2},"geometry":{"type":"LineString","coordinates":[[21.308643,46.191839],[21.307699,46.191907],[21.307559,46.191946],[21.307399,46.192026],[21.307366,46.192051],[21.307351,46.192083],[21.307331,46.192198],[21.307369,46.192294],[21.307463,46.192371],[21.307754,46.19247],[21.307819,46.192513],[21.307979,46.192847],[21.308221,46.19408],[21.308218,46.194114],[21.308196,46.194144],[21.308039,46.194281]]}},{"type":"Feature","properties":{"line":"60","mode":"bus","color":"#b20b42","oi":-1.5,"n":2,"sw":1},"geometry":{"type":"LineString","coordinates":[[21.309108,46.191806],[21.309078,46.191808]]}},{"type":"Feature","properties":{"line":"60","mode":"bus","color":"#b20b42","oi":-1.49,"n":2,"sw":1},"geometry":{"type":"LineString","coordinates":[[21.309086,46.191808],[21.309052,46.19181]]}},{"type":"Feature","properties":{"line":"60","mode":"bus","color":"#b20b42","oi":-1.462,"n":2,"sw":1},"geometry":{"type":"LineString","coordinates":[[21.30906,46.191809],[21.309027,46.191812]]}},{"type":"Feature","properties":{"line":"60","mode":"bus","color":"#b20b42","oi":-1.418,"n":2,"sw":1},"geometry":{"type":"LineString","coordinates":[[21.309034,46.191811],[21.309001,46.191814]]}},{"type":"Feature","properties":{"line":"60","mode":"bus","color":"#b20b42","oi":-1.36,"n":2,"sw":1},"geometry":{"type":"LineString","coordinates":[[21.309009,46.191813],[21.308975,46.191816]]}},{"type":"Feature","properties":{"line":"60","mode":"bus","color":"#b20b42","oi":-1.291,"n":2,"sw":1},"geometry":{"type":"LineString","coordinates":[[21.308983,46.191815],[21.308949,46.191817]]}},{"type":"Feature","properties":{"line":"60","mode":"bus","color":"#b20b42","oi":-1.214,"n":2,"sw":1},"geometry":{"type":"LineString","coordinates":[[21.308957,46.191817],[21.308923,46.191819]]}},{"type":"Feature","properties":{"line":"60","mode":"bus","color":"#b20b42","oi":-1.131,"n":2,"sw":1},"geometry":{"type":"LineString","coordinates":[[21.308931,46.191819],[21.308898,46.191821]]}},{"type":"Feature","properties":{"line":"60","mode":"bus","color":"#b20b42","oi":-1.044,"n":2,"sw":1},"geometry":{"type":"LineString","coordinates":[[21.308905,46.191821],[21.308872,46.191823]]}},{"type":"Feature","properties":{"line":"60","mode":"bus","color":"#b20b42","oi":-0.956,"n":2,"sw":1},"geometry":{"type":"LineString","coordinates":[[21.30888,46.191822],[21.308846,46.191825]]}},{"type":"Feature","properties":{"line":"60","mode":"bus","color":"#b20b42","oi":-0.869,"n":2,"sw":1},"geometry":{"type":"LineString","coordinates":[[21.308854,46.191824],[21.30882,46.191827]]}},{"type":"Feature","properties":{"line":"60","mode":"bus","color":"#b20b42","oi":-0.786,"n":2,"sw":1},"geometry":{"type":"LineString","coordinates":[[21.308828,46.191826],[21.308794,46.191828]]}},{"type":"Feature","properties":{"line":"60","mode":"bus","color":"#b20b42","oi":-0.709,"n":2,"sw":1},"geometry":{"type":"LineString","coordinates":[[21.308802,46.191828],[21.308769,46.19183]]}},{"type":"Feature","properties":{"line":"60","mode":"bus","color":"#b20b42","oi":-0.64,"n":2,"sw":1},"geometry":{"type":"LineString","coordinates":[[21.308776,46.19183],[21.308743,46.191832]]}},{"type":"Feature","properties":{"line":"60","mode":"bus","color":"#b20b42","oi":-0.582,"n":2,"sw":1},"geometry":{"type":"LineString","coordinates":[[21.30875,46.191832],[21.308717,46.191834]]}},{"type":"Feature","properties":{"line":"60","mode":"bus","color":"#b20b42","oi":-0.538,"n":2,"sw":1},"geometry":{"type":"LineString","coordinates":[[21.308725,46.191833],[21.308691,46.191836]]}},{"type":"Feature","properties":{"line":"60","mode":"bus","color":"#b20b42","oi":-0.51,"n":2,"sw":1},"geometry":{"type":"LineString","coordinates":[[21.308699,46.191835],[21.308665,46.191838]]}},{"type":"Feature","properties":{"line":"60","mode":"bus","color":"#b20b42","oi":-0.5,"n":2,"sw":1},"geometry":{"type":"LineString","coordinates":[[21.308673,46.191837],[21.308639,46.19184]]}},{"type":"Feature","properties":{"line":"60","mode":"bus","color":"#b20b42","oi":-0.5,"n":2},"geometry":{"type":"LineString","coordinates":[[21.293484,46.204285],[21.29358,46.204173],[21.293682,46.204113],[21.294065,46.204042]]}},{"type":"Feature","properties":{"line":"60","mode":"bus","color":"#b20b42","oi":-1.5,"n":4},"geometry":{"type":"LineString","coordinates":[[21.310551,46.190516],[21.310564,46.191186],[21.310394,46.19152],[21.310411,46.191629],[21.310408,46.19165],[21.310393,46.191664],[21.310365,46.191672],[21.309845,46.191742],[21.309108,46.191806]]}},{"type":"Feature","properties":{"line":"60","mode":"bus","color":"#b20b42","oi":-1.5,"n":4},"geometry":{"type":"LineString","coordinates":[[21.310024,46.182758],[21.309909,46.182857],[21.309765,46.183033],[21.309567,46.183621],[21.30952,46.183884],[21.310551,46.190516],[21.310815,46.191155],[21.311023,46.19142],[21.311072,46.191563],[21.311042,46.191646],[21.310941,46.19176],[21.309683,46.19203]]}},{"type":"Feature","properties":{"line":"60","mode":"bus","color":"#b20b42","oi":0,"n":4,"sw":1},"geometry":{"type":"LineString","coordinates":[[21.31038,46.18255],[21.310363,46.182559]]}},{"type":"Feature","properties":{"line":"60","mode":"bus","color":"#b20b42","oi":-0.007,"n":4,"sw":1},"geometry":{"type":"LineString","coordinates":[[21.310369,46.182556],[21.310349,46.182567]]}},{"type":"Feature","properties":{"line":"60","mode":"bus","color":"#b20b42","oi":-0.027,"n":4,"sw":1},"geometry":{"type":"LineString","coordinates":[[21.310355,46.182564],[21.310335,46.182575]]}},{"type":"Feature","properties":{"line":"60","mode":"bus","color":"#b20b42","oi":-0.06,"n":4,"sw":1},"geometry":{"type":"LineString","coordinates":[[21.310341,46.182571],[21.31032,46.182583]]}},{"type":"Feature","properties":{"line":"60","mode":"bus","color":"#b20b42","oi":-0.103,"n":4,"sw":1},"geometry":{"type":"LineString","coordinates":[[21.310327,46.182579],[21.310306,46.18259]]}},{"type":"Feature","properties":{"line":"60","mode":"bus","color":"#b20b42","oi":-0.156,"n":4,"sw":1},"geometry":{"type":"LineString","coordinates":[[21.310312,46.182587],[21.310292,46.182598]]}},{"type":"Feature","properties":{"line":"60","mode":"bus","color":"#b20b42","oi":-0.218,"n":4,"sw":1},"geometry":{"type":"LineString","coordinates":[[21.310298,46.182595],[21.310278,46.182606]]}},{"type":"Feature","properties":{"line":"60","mode":"bus","color":"#b20b42","oi":-0.287,"n":4,"sw":1},"geometry":{"type":"LineString","coordinates":[[21.310284,46.182602],[21.310264,46.182613]]}},{"type":"Feature","properties":{"line":"60","mode":"bus","color":"#b20b42","oi":-0.362,"n":4,"sw":1},"geometry":{"type":"LineString","coordinates":[[21.31027,46.18261],[21.31025,46.182621]]}},{"type":"Feature","properties":{"line":"60","mode":"bus","color":"#b20b42","oi":-0.443,"n":4,"sw":1},"geometry":{"type":"LineString","coordinates":[[21.310256,46.182618],[21.310236,46.182629]]}},{"type":"Feature","properties":{"line":"60","mode":"bus","color":"#b20b42","oi":-0.528,"n":4,"sw":1},"geometry":{"type":"LineString","coordinates":[[21.310242,46.182625],[21.310222,46.182636]]}},{"type":"Feature","properties":{"line":"60","mode":"bus","color":"#b20b42","oi":-0.616,"n":4,"sw":1},"geometry":{"type":"LineString","coordinates":[[21.310228,46.182633],[21.310208,46.182644]]}},{"type":"Feature","properties":{"line":"60","mode":"bus","color":"#b20b42","oi":-0.705,"n":4,"sw":1},"geometry":{"type":"LineString","coordinates":[[21.310214,46.182641],[21.310193,46.182652]]}},{"type":"Feature","properties":{"line":"60","mode":"bus","color":"#b20b42","oi":-0.795,"n":4,"sw":1},"geometry":{"type":"LineString","coordinates":[[21.3102,46.182649],[21.310179,46.18266]]}},{"type":"Feature","properties":{"line":"60","mode":"bus","color":"#b20b42","oi":-0.884,"n":4,"sw":1},"geometry":{"type":"LineString","coordinates":[[21.310185,46.182656],[21.310165,46.182667]]}},{"type":"Feature","properties":{"line":"60","mode":"bus","color":"#b20b42","oi":-0.972,"n":4,"sw":1},"geometry":{"type":"LineString","coordinates":[[21.310171,46.182664],[21.310151,46.182675]]}},{"type":"Feature","properties":{"line":"60","mode":"bus","color":"#b20b42","oi":-1.057,"n":4,"sw":1},"geometry":{"type":"LineString","coordinates":[[21.310157,46.182672],[21.310137,46.182683]]}},{"type":"Feature","properties":{"line":"60","mode":"bus","color":"#b20b42","oi":-1.138,"n":4,"sw":1},"geometry":{"type":"LineString","coordinates":[[21.310143,46.182679],[21.310123,46.18269]]}},{"type":"Feature","properties":{"line":"60","mode":"bus","color":"#b20b42","oi":-1.213,"n":4,"sw":1},"geometry":{"type":"LineString","coordinates":[[21.310129,46.182687],[21.310109,46.182698]]}},{"type":"Feature","properties":{"line":"60","mode":"bus","color":"#b20b42","oi":-1.282,"n":4,"sw":1},"geometry":{"type":"LineString","coordinates":[[21.310115,46.182695],[21.310095,46.182706]]}},{"type":"Feature","properties":{"line":"60","mode":"bus","color":"#b20b42","oi":-1.344,"n":4,"sw":1},"geometry":{"type":"LineString","coordinates":[[21.310101,46.182703],[21.310081,46.182714]]}},{"type":"Feature","properties":{"line":"60","mode":"bus","color":"#b20b42","oi":-1.397,"n":4,"sw":1},"geometry":{"type":"LineString","coordinates":[[21.310087,46.18271],[21.310067,46.182721],[21.310067,46.182721]]}},{"type":"Feature","properties":{"line":"60","mode":"bus","color":"#b20b42","oi":-1.44,"n":4,"sw":1},"geometry":{"type":"LineString","coordinates":[[21.310073,46.182718],[21.310067,46.182721],[21.310055,46.182731]]}},{"type":"Feature","properties":{"line":"60","mode":"bus","color":"#b20b42","oi":-1.473,"n":4,"sw":1},"geometry":{"type":"LineString","coordinates":[[21.31006,46.182727],[21.310044,46.182741]]}},{"type":"Feature","properties":{"line":"60","mode":"bus","color":"#b20b42","oi":-1.493,"n":4,"sw":1},"geometry":{"type":"LineString","coordinates":[[21.310049,46.182737],[21.310033,46.18275]]}},{"type":"Feature","properties":{"line":"60","mode":"bus","color":"#b20b42","oi":-1.5,"n":4,"sw":1},"geometry":{"type":"LineString","coordinates":[[21.310038,46.182746],[21.310021,46.18276]]}},{"type":"Feature","properties":{"line":"60","mode":"bus","color":"#b20b42","oi":-1.5,"n":4},"geometry":{"type":"LineString","coordinates":[[21.309765,46.183033],[21.309782,46.1828],[21.309842,46.182631]]}},{"type":"Feature","properties":{"line":"60","mode":"bus","color":"#b20b42","oi":-1.5,"n":4,"sw":1},"geometry":{"type":"LineString","coordinates":[[21.309841,46.182633],[21.309847,46.182616]]}},{"type":"Feature","properties":{"line":"60","mode":"bus","color":"#b20b42","oi":-1.493,"n":4,"sw":1},"geometry":{"type":"LineString","coordinates":[[21.309845,46.182621],[21.309851,46.182604]]}},{"type":"Feature","properties":{"line":"60","mode":"bus","color":"#b20b42","oi":-1.473,"n":4,"sw":1},"geometry":{"type":"LineString","coordinates":[[21.309849,46.182609],[21.309856,46.182592]]}},{"type":"Feature","properties":{"line":"60","mode":"bus","color":"#b20b42","oi":-1.44,"n":4,"sw":1},"geometry":{"type":"LineString","coordinates":[[21.309854,46.182597],[21.30986,46.18258]]}},{"type":"Feature","properties":{"line":"60","mode":"bus","color":"#b20b42","oi":-1.397,"n":4,"sw":1},"geometry":{"type":"LineString","coordinates":[[21.309858,46.182585],[21.309864,46.182568]]}},{"type":"Feature","properties":{"line":"60","mode":"bus","color":"#b20b42","oi":-1.344,"n":4,"sw":1},"geometry":{"type":"LineString","coordinates":[[21.309862,46.182573],[21.309868,46.182555]]}},{"type":"Feature","properties":{"line":"60","mode":"bus","color":"#b20b42","oi":-1.282,"n":4,"sw":1},"geometry":{"type":"LineString","coordinates":[[21.309867,46.182561],[21.309873,46.182543]]}},{"type":"Feature","properties":{"line":"60","mode":"bus","color":"#b20b42","oi":-1.213,"n":4,"sw":1},"geometry":{"type":"LineString","coordinates":[[21.309871,46.182549],[21.309877,46.182531]]}},{"type":"Feature","properties":{"line":"60","mode":"bus","color":"#b20b42","oi":-1.138,"n":4,"sw":1},"geometry":{"type":"LineString","coordinates":[[21.309875,46.182536],[21.309881,46.182519]]}},{"type":"Feature","properties":{"line":"60","mode":"bus","color":"#b20b42","oi":-1.057,"n":4,"sw":1},"geometry":{"type":"LineString","coordinates":[[21.309879,46.182524],[21.309886,46.182507]]}},{"type":"Feature","properties":{"line":"60","mode":"bus","color":"#b20b42","oi":-0.972,"n":4,"sw":1},"geometry":{"type":"LineString","coordinates":[[21.309884,46.182512],[21.30989,46.182495]]}},{"type":"Feature","properties":{"line":"60","mode":"bus","color":"#b20b42","oi":-0.884,"n":4,"sw":1},"geometry":{"type":"LineString","coordinates":[[21.309888,46.1825],[21.309894,46.182483]]}},{"type":"Feature","properties":{"line":"60","mode":"bus","color":"#b20b42","oi":-0.795,"n":4,"sw":1},"geometry":{"type":"LineString","coordinates":[[21.309892,46.182488],[21.309898,46.182471]]}},{"type":"Feature","properties":{"line":"60","mode":"bus","color":"#b20b42","oi":-0.705,"n":4,"sw":1},"geometry":{"type":"LineString","coordinates":[[21.309896,46.182476],[21.309903,46.182459]]}},{"type":"Feature","properties":{"line":"60","mode":"bus","color":"#b20b42","oi":-0.616,"n":4,"sw":1},"geometry":{"type":"LineString","coordinates":[[21.309901,46.182464],[21.309907,46.182446]]}},{"type":"Feature","properties":{"line":"60","mode":"bus","color":"#b20b42","oi":-0.528,"n":4,"sw":1},"geometry":{"type":"LineString","coordinates":[[21.309905,46.182452],[21.309911,46.182434]]}},{"type":"Feature","properties":{"line":"60","mode":"bus","color":"#b20b42","oi":-0.443,"n":4,"sw":1},"geometry":{"type":"LineString","coordinates":[[21.309909,46.18244],[21.309915,46.182422]]}},{"type":"Feature","properties":{"line":"60","mode":"bus","color":"#b20b42","oi":-0.362,"n":4,"sw":1},"geometry":{"type":"LineString","coordinates":[[21.309914,46.182428],[21.30992,46.18241]]}},{"type":"Feature","properties":{"line":"60","mode":"bus","color":"#b20b42","oi":-0.287,"n":4,"sw":1},"geometry":{"type":"LineString","coordinates":[[21.309918,46.182415],[21.309924,46.182398]]}},{"type":"Feature","properties":{"line":"60","mode":"bus","color":"#b20b42","oi":-0.218,"n":4,"sw":1},"geometry":{"type":"LineString","coordinates":[[21.309922,46.182403],[21.309928,46.182386]]}},{"type":"Feature","properties":{"line":"60","mode":"bus","color":"#b20b42","oi":-0.156,"n":4,"sw":1},"geometry":{"type":"LineString","coordinates":[[21.309926,46.182391],[21.309933,46.182374]]}},{"type":"Feature","properties":{"line":"60","mode":"bus","color":"#b20b42","oi":-0.103,"n":4,"sw":1},"geometry":{"type":"LineString","coordinates":[[21.309931,46.182379],[21.309937,46.182362]]}},{"type":"Feature","properties":{"line":"60","mode":"bus","color":"#b20b42","oi":-0.06,"n":4,"sw":1},"geometry":{"type":"LineString","coordinates":[[21.309935,46.182367],[21.309941,46.18235]]}},{"type":"Feature","properties":{"line":"60","mode":"bus","color":"#b20b42","oi":-0.027,"n":4,"sw":1},"geometry":{"type":"LineString","coordinates":[[21.309939,46.182355],[21.309945,46.182338]]}},{"type":"Feature","properties":{"line":"60","mode":"bus","color":"#b20b42","oi":-0.007,"n":4,"sw":1},"geometry":{"type":"LineString","coordinates":[[21.309944,46.182343],[21.30995,46.182325]]}},{"type":"Feature","properties":{"line":"60","mode":"bus","color":"#b20b42","oi":0,"n":4,"sw":1},"geometry":{"type":"LineString","coordinates":[[21.309948,46.182331],[21.309953,46.182316]]}},{"type":"Feature","properties":{"line":"60","mode":"bus","color":"#b20b42","oi":-1,"n":3},"geometry":{"type":"LineString","coordinates":[[21.30189,46.166553],[21.302514,46.167809],[21.303217,46.169116]]}},{"type":"Feature","properties":{"line":"60","mode":"bus","color":"#b20b42","oi":-1,"n":3,"sw":1},"geometry":{"type":"LineString","coordinates":[[21.303215,46.169114],[21.303227,46.169136]]}},{"type":"Feature","properties":{"line":"60","mode":"bus","color":"#b20b42","oi":-0.99,"n":3,"sw":1},"geometry":{"type":"LineString","coordinates":[[21.303225,46.169131],[21.303236,46.169153]]}},{"type":"Feature","properties":{"line":"60","mode":"bus","color":"#b20b42","oi":-0.962,"n":3,"sw":1},"geometry":{"type":"LineString","coordinates":[[21.303234,46.169148],[21.303245,46.16917]]}},{"type":"Feature","properties":{"line":"60","mode":"bus","color":"#b20b42","oi":-0.918,"n":3,"sw":1},"geometry":{"type":"LineString","coordinates":[[21.303243,46.169165],[21.303254,46.169186]]}},{"type":"Feature","properties":{"line":"60","mode":"bus","color":"#b20b42","oi":-0.86,"n":3,"sw":1},"geometry":{"type":"LineString","coordinates":[[21.303252,46.169181],[21.303264,46.169203]]}},{"type":"Feature","properties":{"line":"60","mode":"bus","color":"#b20b42","oi":-0.791,"n":3,"sw":1},"geometry":{"type":"LineString","coordinates":[[21.303261,46.169198],[21.303273,46.16922]]}},{"type":"Feature","properties":{"line":"60","mode":"bus","color":"#b20b42","oi":-0.714,"n":3,"sw":1},"geometry":{"type":"LineString","coordinates":[[21.30327,46.169215],[21.303282,46.169237]]}},{"type":"Feature","properties":{"line":"60","mode":"bus","color":"#b20b42","oi":-0.631,"n":3,"sw":1},"geometry":{"type":"LineString","coordinates":[[21.303279,46.169232],[21.303291,46.169254]]}},{"type":"Feature","properties":{"line":"60","mode":"bus","color":"#b20b42","oi":-0.544,"n":3,"sw":1},"geometry":{"type":"LineString","coordinates":[[21.303288,46.169249],[21.3033,46.169271]]}},{"type":"Feature","properties":{"line":"60","mode":"bus","color":"#b20b42","oi":-0.456,"n":3,"sw":1},"geometry":{"type":"LineString","coordinates":[[21.303297,46.169266],[21.303309,46.169288]]}},{"type":"Feature","properties":{"line":"60","mode":"bus","color":"#b20b42","oi":-0.369,"n":3,"sw":1},"geometry":{"type":"LineString","coordinates":[[21.303306,46.169283],[21.303318,46.169304]]}},{"type":"Feature","properties":{"line":"60","mode":"bus","color":"#b20b42","oi":-0.286,"n":3,"sw":1},"geometry":{"type":"LineString","coordinates":[[21.303315,46.169299],[21.303327,46.169321]]}},{"type":"Feature","properties":{"line":"60","mode":"bus","color":"#b20b42","oi":-0.209,"n":3,"sw":1},"geometry":{"type":"LineString","coordinates":[[21.303324,46.169316],[21.303336,46.169338]]}},{"type":"Feature","properties":{"line":"60","mode":"bus","color":"#b20b42","oi":-0.14,"n":3,"sw":1},"geometry":{"type":"LineString","coordinates":[[21.303333,46.169333],[21.303345,46.169355]]}},{"type":"Feature","properties":{"line":"60","mode":"bus","color":"#b20b42","oi":-0.082,"n":3,"sw":1},"geometry":{"type":"LineString","coordinates":[[21.303342,46.16935],[21.303354,46.169372]]}},{"type":"Feature","properties":{"line":"60","mode":"bus","color":"#b20b42","oi":-0.038,"n":3,"sw":1},"geometry":{"type":"LineString","coordinates":[[21.303351,46.169367],[21.303363,46.169389]]}},{"type":"Feature","properties":{"line":"60","mode":"bus","color":"#b20b42","oi":-0.01,"n":3,"sw":1},"geometry":{"type":"LineString","coordinates":[[21.303361,46.169384],[21.303372,46.169406]]}},{"type":"Feature","properties":{"line":"60","mode":"bus","color":"#b20b42","oi":0,"n":3,"sw":1},"geometry":{"type":"LineString","coordinates":[[21.30337,46.169401],[21.30338,46.16942]]}},{"type":"Feature","properties":{"line":"60","mode":"bus","color":"#b20b42","oi":0,"n":1},"geometry":{"type":"LineString","coordinates":[[21.288674,46.214015],[21.286877,46.213263],[21.283318,46.212258],[21.283296,46.212254],[21.283278,46.212256],[21.283264,46.212264],[21.283254,46.212278],[21.28203,46.214983],[21.281741,46.21551],[21.281404,46.21588],[21.279763,46.217225],[21.279633,46.217263],[21.278448,46.217032],[21.278138,46.217004],[21.276379,46.21709],[21.275986,46.217075],[21.274383,46.216738],[21.26963,46.215499],[21.269605,46.215488],[21.269594,46.215472],[21.269599,46.215452],[21.271006,46.212845],[21.271017,46.212831],[21.271032,46.212823],[21.27105,46.212821],[21.271072,46.212824],[21.275687,46.214099],[21.275709,46.214102],[21.275727,46.2141],[21.275742,46.214092],[21.275752,46.214078],[21.277411,46.21082],[21.280161,46.205565],[21.280166,46.205545],[21.280156,46.205529],[21.280131,46.205518],[21.273116,46.203572],[21.270557,46.202893],[21.270535,46.202889],[21.270516,46.202892],[21.270502,46.2029],[21.27049,46.202914],[21.269211,46.205234],[21.269206,46.205255],[21.269215,46.20527],[21.26924,46.205282],[21.271758,46.206001],[21.27178,46.206005],[21.271799,46.206003],[21.271813,46.205995],[21.271824,46.205981],[21.273116,46.203572]]}},{"type":"Feature","properties":{"line":"46","mode":"bus","color":"#a76e00","oi":0,"n":3,"sw":1},"geometry":{"type":"LineString","coordinates":[[21.310581,46.182122],[21.310588,46.182138]]}},{"type":"Feature","properties":{"line":"46","mode":"bus","color":"#a76e00","oi":0.01,"n":3,"sw":1},"geometry":{"type":"LineString","coordinates":[[21.310586,46.182133],[21.310593,46.182151]]}},{"type":"Feature","properties":{"line":"46","mode":"bus","color":"#a76e00","oi":0.038,"n":3,"sw":1},"geometry":{"type":"LineString","coordinates":[[21.310591,46.182146],[21.310599,46.182165]]}},{"type":"Feature","properties":{"line":"46","mode":"bus","color":"#a76e00","oi":0.082,"n":3,"sw":1},"geometry":{"type":"LineString","coordinates":[[21.310597,46.18216],[21.310604,46.182178]]}},{"type":"Feature","properties":{"line":"46","mode":"bus","color":"#a76e00","oi":0.14,"n":3,"sw":1},"geometry":{"type":"LineString","coordinates":[[21.310602,46.182173],[21.31061,46.182192]]}},{"type":"Feature","properties":{"line":"46","mode":"bus","color":"#a76e00","oi":0.209,"n":3,"sw":1},"geometry":{"type":"LineString","coordinates":[[21.310608,46.182186],[21.310616,46.182205]]}},{"type":"Feature","properties":{"line":"46","mode":"bus","color":"#a76e00","oi":0.286,"n":3,"sw":1},"geometry":{"type":"LineString","coordinates":[[21.310613,46.1822],[21.310621,46.182218]]}},{"type":"Feature","properties":{"line":"46","mode":"bus","color":"#a76e00","oi":0.369,"n":3,"sw":1},"geometry":{"type":"LineString","coordinates":[[21.310619,46.182213],[21.310627,46.182232]]}},{"type":"Feature","properties":{"line":"46","mode":"bus","color":"#a76e00","oi":0.456,"n":3,"sw":1},"geometry":{"type":"LineString","coordinates":[[21.310625,46.182226],[21.310632,46.182245]]}},{"type":"Feature","properties":{"line":"46","mode":"bus","color":"#a76e00","oi":0.544,"n":3,"sw":1},"geometry":{"type":"LineString","coordinates":[[21.31063,46.18224],[21.310638,46.182258]]}},{"type":"Feature","properties":{"line":"46","mode":"bus","color":"#a76e00","oi":0.631,"n":3,"sw":1},"geometry":{"type":"LineString","coordinates":[[21.310636,46.182253],[21.310644,46.182272]]}},{"type":"Feature","properties":{"line":"46","mode":"bus","color":"#a76e00","oi":0.714,"n":3,"sw":1},"geometry":{"type":"LineString","coordinates":[[21.310641,46.182267],[21.310649,46.182285]]}},{"type":"Feature","properties":{"line":"46","mode":"bus","color":"#a76e00","oi":0.791,"n":3,"sw":1},"geometry":{"type":"LineString","coordinates":[[21.310647,46.18228],[21.310652,46.182292],[21.310651,46.182299]]}},{"type":"Feature","properties":{"line":"46","mode":"bus","color":"#a76e00","oi":0.86,"n":3,"sw":1},"geometry":{"type":"LineString","coordinates":[[21.310652,46.182293],[21.31065,46.182313]]}},{"type":"Feature","properties":{"line":"46","mode":"bus","color":"#a76e00","oi":0.918,"n":3,"sw":1},"geometry":{"type":"LineString","coordinates":[[21.310651,46.182307],[21.310649,46.182327]]}},{"type":"Feature","properties":{"line":"46","mode":"bus","color":"#a76e00","oi":0.962,"n":3,"sw":1},"geometry":{"type":"LineString","coordinates":[[21.310649,46.182321],[21.310648,46.182341]]}},{"type":"Feature","properties":{"line":"46","mode":"bus","color":"#a76e00","oi":0.99,"n":3,"sw":1},"geometry":{"type":"LineString","coordinates":[[21.310648,46.182335],[21.310647,46.182354]]}},{"type":"Feature","properties":{"line":"46","mode":"bus","color":"#a76e00","oi":1,"n":3,"sw":1},"geometry":{"type":"LineString","coordinates":[[21.310647,46.182349],[21.310646,46.182361],[21.310641,46.182368]]}},{"type":"Feature","properties":{"line":"46","mode":"bus","color":"#a76e00","oi":1,"n":3,"sw":1},"geometry":{"type":"LineString","coordinates":[[21.310645,46.182363],[21.310631,46.18238]]}},{"type":"Feature","properties":{"line":"46","mode":"bus","color":"#a76e00","oi":0.99,"n":3,"sw":1},"geometry":{"type":"LineString","coordinates":[[21.310635,46.182375],[21.310621,46.182392]]}},{"type":"Feature","properties":{"line":"46","mode":"bus","color":"#a76e00","oi":0.962,"n":3,"sw":1},"geometry":{"type":"LineString","coordinates":[[21.310625,46.182387],[21.310612,46.182404]]}},{"type":"Feature","properties":{"line":"46","mode":"bus","color":"#a76e00","oi":0.918,"n":3,"sw":1},"geometry":{"type":"LineString","coordinates":[[21.310616,46.182399],[21.310602,46.182416]]}},{"type":"Feature","properties":{"line":"46","mode":"bus","color":"#a76e00","oi":0.86,"n":3,"sw":1},"geometry":{"type":"LineString","coordinates":[[21.310606,46.182412],[21.310592,46.182429]]}},{"type":"Feature","properties":{"line":"46","mode":"bus","color":"#a76e00","oi":0.791,"n":3,"sw":1},"geometry":{"type":"LineString","coordinates":[[21.310596,46.182424],[21.310583,46.182441]]}},{"type":"Feature","properties":{"line":"46","mode":"bus","color":"#a76e00","oi":0.714,"n":3,"sw":1},"geometry":{"type":"LineString","coordinates":[[21.310586,46.182436],[21.310573,46.182453]]}},{"type":"Feature","properties":{"line":"46","mode":"bus","color":"#a76e00","oi":0.631,"n":3,"sw":1},"geometry":{"type":"LineString","coordinates":[[21.310577,46.182448],[21.310565,46.182463],[21.310562,46.182464]]}},{"type":"Feature","properties":{"line":"46","mode":"bus","color":"#a76e00","oi":0.544,"n":3,"sw":1},"geometry":{"type":"LineString","coordinates":[[21.310567,46.18246],[21.310565,46.182463],[21.310546,46.182473]]}},{"type":"Feature","properties":{"line":"46","mode":"bus","color":"#a76e00","oi":0.456,"n":3,"sw":1},"geometry":{"type":"LineString","coordinates":[[21.310552,46.18247],[21.31053,46.182481]]}},{"type":"Feature","properties":{"line":"46","mode":"bus","color":"#a76e00","oi":0.369,"n":3,"sw":1},"geometry":{"type":"LineString","coordinates":[[21.310536,46.182478],[21.310514,46.182489]]}},{"type":"Feature","properties":{"line":"46","mode":"bus","color":"#a76e00","oi":0.286,"n":3,"sw":1},"geometry":{"type":"LineString","coordinates":[[21.31052,46.182486],[21.310498,46.182498]]}},{"type":"Feature","properties":{"line":"46","mode":"bus","color":"#a76e00","oi":0.209,"n":3,"sw":1},"geometry":{"type":"LineString","coordinates":[[21.310504,46.182495],[21.310482,46.182506]]}},{"type":"Feature","properties":{"line":"46","mode":"bus","color":"#a76e00","oi":0.14,"n":3,"sw":1},"geometry":{"type":"LineString","coordinates":[[21.310488,46.182503],[21.310465,46.182514]]}},{"type":"Feature","properties":{"line":"46","mode":"bus","color":"#a76e00","oi":0.082,"n":3,"sw":1},"geometry":{"type":"LineString","coordinates":[[21.310472,46.182511],[21.310449,46.182523]]}},{"type":"Feature","properties":{"line":"46","mode":"bus","color":"#a76e00","oi":0.038,"n":3,"sw":1},"geometry":{"type":"LineString","coordinates":[[21.310456,46.182519],[21.310433,46.182531]]}},{"type":"Feature","properties":{"line":"46","mode":"bus","color":"#a76e00","oi":0.01,"n":3,"sw":1},"geometry":{"type":"LineString","coordinates":[[21.310439,46.182528],[21.310417,46.182539]]}},{"type":"Feature","properties":{"line":"46","mode":"bus","color":"#a76e00","oi":0,"n":3,"sw":1},"geometry":{"type":"LineString","coordinates":[[21.310423,46.182536],[21.310404,46.182546]]}},{"type":"Feature","properties":{"line":"46","mode":"bus","color":"#a76e00","oi":0.5,"n":2},"geometry":{"type":"LineString","coordinates":[[21.307769,46.194447],[21.30812,46.194401],[21.30814,46.194395],[21.308156,46.194386],[21.308166,46.194372],[21.308175,46.194352],[21.308179,46.194336],[21.308174,46.194323],[21.308162,46.19431],[21.308136,46.19429],[21.308115,46.19428],[21.30809,46.194278],[21.308039,46.194281],[21.30789,46.194347],[21.307769,46.194447],[21.302225,46.197857],[21.300611,46.199183],[21.300165,46.199665],[21.298439,46.201846],[21.297461,46.203018],[21.297287,46.203134],[21.297155,46.203195],[21.297078,46.203204],[21.297023,46.203246],[21.296966,46.203588],[21.296771,46.203823],[21.296661,46.203914],[21.296558,46.203955],[21.29632,46.20398],[21.294065,46.204042],[21.29348,46.204041],[21.293458,46.204043],[21.293443,46.20405],[21.293436,46.204061],[21.293436,46.204077],[21.293969,46.206484],[21.294019,46.206812],[21.29399,46.207205],[21.29382,46.207643],[21.293661,46.207896],[21.292528,46.209368],[21.290398,46.212013],[21.288978,46.213704],[21.288674,46.214015]]}},{"type":"Feature","properties":{"line":"46","mode":"bus","color":"#a76e00","oi":0.5,"n":2},"geometry":{"type":"LineString","coordinates":[[21.296966,46.203588],[21.297231,46.20333],[21.297461,46.203018]]}},{"type":"Feature","properties":{"line":"46","mode":"bus","color":"#a76e00","oi":0.5,"n":2},"geometry":{"type":"LineString","coordinates":[[21.310024,46.182758],[21.309909,46.182857],[21.309765,46.183033],[21.309567,46.183621],[21.30952,46.183884],[21.310551,46.190516],[21.310815,46.191155],[21.311023,46.19142],[21.311072,46.191563],[21.311042,46.191646],[21.310941,46.19176],[21.309683,46.19203],[21.308135,46.192339],[21.308055,46.192422],[21.308013,46.192515],[21.307979,46.192847]]}},{"type":"Feature","properties":{"line":"46","mode":"bus","color":"#a76e00","oi":0,"n":2,"sw":1},"geometry":{"type":"LineString","coordinates":[[21.31038,46.18255],[21.31034,46.182572]]}},{"type":"Feature","properties":{"line":"46","mode":"bus","color":"#a76e00","oi":0.017,"n":2,"sw":1},"geometry":{"type":"LineString","coordinates":[[21.310346,46.182568],[21.310304,46.182592]]}},{"type":"Feature","properties":{"line":"46","mode":"bus","color":"#a76e00","oi":0.063,"n":2,"sw":1},"geometry":{"type":"LineString","coordinates":[[21.31031,46.182588],[21.310267,46.182612]]}},{"type":"Feature","properties":{"line":"46","mode":"bus","color":"#a76e00","oi":0.13,"n":2,"sw":1},"geometry":{"type":"LineString","coordinates":[[21.310273,46.182608],[21.31023,46.182632]]}},{"type":"Feature","properties":{"line":"46","mode":"bus","color":"#a76e00","oi":0.209,"n":2,"sw":1},"geometry":{"type":"LineString","coordinates":[[21.310236,46.182629],[21.310193,46.182652]]}},{"type":"Feature","properties":{"line":"46","mode":"bus","color":"#a76e00","oi":0.291,"n":2,"sw":1},"geometry":{"type":"LineString","coordinates":[[21.3102,46.182649],[21.310157,46.182672]]}},{"type":"Feature","properties":{"line":"46","mode":"bus","color":"#a76e00","oi":0.37,"n":2,"sw":1},"geometry":{"type":"LineString","coordinates":[[21.310163,46.182669],[21.31012,46.182692]]}},{"type":"Feature","properties":{"line":"46","mode":"bus","color":"#a76e00","oi":0.437,"n":2,"sw":1},"geometry":{"type":"LineString","coordinates":[[21.310126,46.182689],[21.310083,46.182712]]}},{"type":"Feature","properties":{"line":"46","mode":"bus","color":"#a76e00","oi":0.483,"n":2,"sw":1},"geometry":{"type":"LineString","coordinates":[[21.310089,46.182709],[21.310067,46.182721],[21.310051,46.182735]]}},{"type":"Feature","properties":{"line":"46","mode":"bus","color":"#a76e00","oi":0.5,"n":2,"sw":1},"geometry":{"type":"LineString","coordinates":[[21.310056,46.182731],[21.310021,46.18276]]}},{"type":"Feature","properties":{"line":"46","mode":"bus","color":"#a76e00","oi":0.5,"n":2},"geometry":{"type":"LineString","coordinates":[[21.310551,46.190516],[21.310564,46.191186],[21.310394,46.19152],[21.310411,46.191629],[21.310408,46.19165],[21.310393,46.191664],[21.310365,46.191672],[21.309845,46.191742],[21.309108,46.191806],[21.307699,46.191907],[21.307559,46.191946],[21.307399,46.192026],[21.307366,46.192051],[21.307351,46.192083],[21.307331,46.192198],[21.307369,46.192294],[21.307463,46.192371],[21.307754,46.19247],[21.307819,46.192513],[21.307979,46.192847],[21.308221,46.19408],[21.308218,46.194114],[21.308196,46.194144],[21.308039,46.194281]]}},{"type":"Feature","properties":{"line":"46","mode":"bus","color":"#a76e00","oi":0.5,"n":2},"geometry":{"type":"LineString","coordinates":[[21.293484,46.204285],[21.29358,46.204173],[21.293682,46.204113],[21.294065,46.204042]]}},{"type":"Feature","properties":{"line":"46","mode":"bus","color":"#a76e00","oi":0.5,"n":4},"geometry":{"type":"LineString","coordinates":[[21.309765,46.183033],[21.309782,46.1828],[21.309842,46.182631]]}},{"type":"Feature","properties":{"line":"46","mode":"bus","color":"#a76e00","oi":0.5,"n":4,"sw":1},"geometry":{"type":"LineString","coordinates":[[21.309841,46.182633],[21.309854,46.182597]]}},{"type":"Feature","properties":{"line":"46","mode":"bus","color":"#a76e00","oi":0.483,"n":4,"sw":1},"geometry":{"type":"LineString","coordinates":[[21.309852,46.182602],[21.309865,46.182565]]}},{"type":"Feature","properties":{"line":"46","mode":"bus","color":"#a76e00","oi":0.437,"n":4,"sw":1},"geometry":{"type":"LineString","coordinates":[[21.309863,46.18257],[21.309876,46.182534]]}},{"type":"Feature","properties":{"line":"46","mode":"bus","color":"#a76e00","oi":0.37,"n":4,"sw":1},"geometry":{"type":"LineString","coordinates":[[21.309874,46.182539],[21.309887,46.182502]]}},{"type":"Feature","properties":{"line":"46","mode":"bus","color":"#a76e00","oi":0.291,"n":4,"sw":1},"geometry":{"type":"LineString","coordinates":[[21.309885,46.182507],[21.309898,46.182471]]}},{"type":"Feature","properties":{"line":"46","mode":"bus","color":"#a76e00","oi":0.209,"n":4,"sw":1},"geometry":{"type":"LineString","coordinates":[[21.309896,46.182476],[21.309909,46.182439]]}},{"type":"Feature","properties":{"line":"46","mode":"bus","color":"#a76e00","oi":0.13,"n":4,"sw":1},"geometry":{"type":"LineString","coordinates":[[21.309908,46.182444],[21.309921,46.182408]]}},{"type":"Feature","properties":{"line":"46","mode":"bus","color":"#a76e00","oi":0.063,"n":4,"sw":1},"geometry":{"type":"LineString","coordinates":[[21.309919,46.182413],[21.309932,46.182376]]}},{"type":"Feature","properties":{"line":"46","mode":"bus","color":"#a76e00","oi":0.017,"n":4,"sw":1},"geometry":{"type":"LineString","coordinates":[[21.30993,46.182382],[21.309943,46.182345]]}},{"type":"Feature","properties":{"line":"46","mode":"bus","color":"#a76e00","oi":0,"n":4,"sw":1},"geometry":{"type":"LineString","coordinates":[[21.309941,46.18235],[21.309953,46.182316]]}},{"type":"Feature","properties":{"line":"46","mode":"bus","color":"#a76e00","oi":0,"n":1},"geometry":{"type":"LineString","coordinates":[[21.30457,46.171746],[21.306982,46.172041],[21.308551,46.172124],[21.309995,46.172068],[21.310082,46.17204],[21.310111,46.172024],[21.310127,46.172001],[21.310135,46.171978],[21.310136,46.171952],[21.31012,46.171929],[21.310011,46.171827],[21.304169,46.169518],[21.303897,46.169444],[21.30338,46.16942]]}},{"type":"Feature","properties":{"line":"46","mode":"bus","color":"#a76e00","oi":0,"n":1},"geometry":{"type":"LineString","coordinates":[[21.288365,46.214258],[21.284926,46.216965],[21.284083,46.217593],[21.278036,46.222364],[21.277531,46.222736],[21.276763,46.22316],[21.276485,46.223279],[21.275873,46.223489],[21.275276,46.223658],[21.273237,46.224109],[21.272163,46.224412],[21.271216,46.22478],[21.269949,46.225438],[21.269187,46.225934],[21.268562,46.226454],[21.264023,46.230808],[21.263634,46.231157],[21.262823,46.231754],[21.261868,46.232333],[21.261182,46.232685],[21.260432,46.233025],[21.259647,46.233316],[21.257546,46.23401],[21.257508,46.23403],[21.25749,46.23406],[21.257302,46.234795],[21.256497,46.237444],[21.256348,46.238081],[21.256136,46.239574],[21.256124,46.240096],[21.256187,46.240528],[21.256547,46.241315],[21.257229,46.24255],[21.257613,46.243333],[21.258701,46.245894],[21.259895,46.248348],[21.261295,46.251441],[21.261853,46.252607]]}},{"type":"Feature","properties":{"line":"46","mode":"bus","color":"#a76e00","oi":0.5,"n":1,"sw":1},"geometry":{"type":"LineString","coordinates":[[21.288674,46.214015],[21.288641,46.214041]]}},{"type":"Feature","properties":{"line":"46","mode":"bus","color":"#a76e00","oi":0.483,"n":1,"sw":1},"geometry":{"type":"LineString","coordinates":[[21.288646,46.214037],[21.28861,46.214066]]}},{"type":"Feature","properties":{"line":"46","mode":"bus","color":"#a76e00","oi":0.437,"n":1,"sw":1},"geometry":{"type":"LineString","coordinates":[[21.288615,46.214062],[21.288579,46.21409]]}},{"type":"Feature","properties":{"line":"46","mode":"bus","color":"#a76e00","oi":0.37,"n":1,"sw":1},"geometry":{"type":"LineString","coordinates":[[21.288584,46.214086],[21.288548,46.214114]]}},{"type":"Feature","properties":{"line":"46","mode":"bus","color":"#a76e00","oi":0.291,"n":1,"sw":1},"geometry":{"type":"LineString","coordinates":[[21.288553,46.21411],[21.288517,46.214139]]}},{"type":"Feature","properties":{"line":"46","mode":"bus","color":"#a76e00","oi":0.209,"n":1,"sw":1},"geometry":{"type":"LineString","coordinates":[[21.288522,46.214135],[21.288486,46.214163]]}},{"type":"Feature","properties":{"line":"46","mode":"bus","color":"#a76e00","oi":0.13,"n":1,"sw":1},"geometry":{"type":"LineString","coordinates":[[21.288491,46.214159],[21.288455,46.214187]]}},{"type":"Feature","properties":{"line":"46","mode":"bus","color":"#a76e00","oi":0.063,"n":1,"sw":1},"geometry":{"type":"LineString","coordinates":[[21.28846,46.214183],[21.288424,46.214211]]}},{"type":"Feature","properties":{"line":"46","mode":"bus","color":"#a76e00","oi":0.017,"n":1,"sw":1},"geometry":{"type":"LineString","coordinates":[[21.28843,46.214207],[21.288393,46.214236]]}},{"type":"Feature","properties":{"line":"46","mode":"bus","color":"#a76e00","oi":0,"n":1,"sw":1},"geometry":{"type":"LineString","coordinates":[[21.288399,46.214232],[21.288363,46.21426]]}},{"type":"Feature","properties":{"line":"48","mode":"bus","color":"#bf5f03","oi":0,"n":1},"geometry":{"type":"LineString","coordinates":[[21.36659,46.168435],[21.36655,46.168637],[21.366474,46.168678],[21.366385,46.168796],[21.366395,46.168914],[21.366495,46.16902],[21.366692,46.169078],[21.366795,46.169073],[21.366972,46.169001],[21.367029,46.168942],[21.367056,46.168802],[21.366962,46.168676]]}},{"type":"Feature","properties":{"line":"48","mode":"bus","color":"#bf5f03","oi":0,"n":1},"geometry":{"type":"LineString","coordinates":[[21.37124,46.172206],[21.369975,46.168432],[21.369902,46.168357],[21.369777,46.168335],[21.367249,46.168755],[21.367111,46.168736],[21.366784,46.16861],[21.36659,46.168435],[21.366403,46.16792]]}},{"type":"Feature","properties":{"line":"48","mode":"bus","color":"#bf5f03","oi":0,"n":1},"geometry":{"type":"LineString","coordinates":[[21.365985,46.168995],[21.357917,46.170712],[21.357894,46.170715],[21.357876,46.170712],[21.357862,46.170703],[21.357853,46.170688],[21.357218,46.169176],[21.355832,46.166106],[21.355817,46.166088],[21.355796,46.16608],[21.355766,46.166082],[21.354671,46.166308],[21.351109,46.167082],[21.351045,46.167127],[21.351039,46.167193],[21.351401,46.168034],[21.352402,46.170166],[21.352406,46.170181],[21.352402,46.170194],[21.352389,46.170204],[21.352369,46.170211],[21.351038,46.170502],[21.351018,46.170509],[21.351006,46.170519],[21.351001,46.170532],[21.351006,46.170547],[21.351727,46.172036]]}},{"type":"Feature","properties":{"line":"48","mode":"bus","color":"#bf5f03","oi":0,"n":1},"geometry":{"type":"LineString","coordinates":[[21.366426,46.168962],[21.366037,46.168991],[21.366022,46.168992],[21.366013,46.168992],[21.36601,46.16899],[21.366011,46.168988],[21.366019,46.168984],[21.366032,46.168979],[21.36638,46.168862]]}},{"type":"Feature","properties":{"line":"48","mode":"bus","color":"#bf5f03","oi":0,"n":1},"geometry":{"type":"LineString","coordinates":[[21.347338,46.175444],[21.34756,46.175465]]}},{"type":"Feature","properties":{"line":"48","mode":"bus","color":"#bf5f03","oi":0,"n":1},"geometry":{"type":"LineString","coordinates":[[21.373621,46.173198],[21.373557,46.173062],[21.37348,46.17302],[21.373437,46.173006],[21.373389,46.173008],[21.372954,46.173098],[21.372924,46.1731],[21.372903,46.173092],[21.372889,46.173074],[21.372424,46.171999],[21.37241,46.171981],[21.372389,46.171973],[21.372359,46.171975],[21.370384,46.172372],[21.368171,46.172761],[21.368149,46.172763],[21.36813,46.172759],[21.368117,46.17275],[21.368109,46.172735],[21.366897,46.169299],[21.366692,46.169078]]}},{"type":"Feature","properties":{"line":"48","mode":"bus","color":"#bf5f03","oi":0,"n":1},"geometry":{"type":"LineString","coordinates":[[21.378724,46.169664],[21.37812,46.169864]]}},{"type":"Feature","properties":{"line":"48","mode":"bus","color":"#bf5f03","oi":-0.5,"n":2},"geometry":{"type":"LineString","coordinates":[[21.357711,46.170756],[21.357867,46.170723]]}},{"type":"Feature","properties":{"line":"48","mode":"bus","color":"#bf5f03","oi":-1,"n":2,"sw":1},"geometry":{"type":"LineString","coordinates":[[21.357556,46.170788],[21.357575,46.170784]]}},{"type":"Feature","properties":{"line":"48","mode":"bus","color":"#bf5f03","oi":-0.983,"n":2,"sw":1},"geometry":{"type":"LineString","coordinates":[[21.357568,46.170786],[21.357591,46.170781]]}},{"type":"Feature","properties":{"line":"48","mode":"bus","color":"#bf5f03","oi":-0.937,"n":2,"sw":1},"geometry":{"type":"LineString","coordinates":[[21.357583,46.170782],[21.357606,46.170777]]}},{"type":"Feature","properties":{"line":"48","mode":"bus","color":"#bf5f03","oi":-0.87,"n":2,"sw":1},"geometry":{"type":"LineString","coordinates":[[21.357599,46.170779],[21.357622,46.170774]]}},{"type":"Feature","properties":{"line":"48","mode":"bus","color":"#bf5f03","oi":-0.791,"n":2,"sw":1},"geometry":{"type":"LineString","coordinates":[[21.357614,46.170776],[21.357637,46.170771]]}},{"type":"Feature","properties":{"line":"48","mode":"bus","color":"#bf5f03","oi":-0.709,"n":2,"sw":1},"geometry":{"type":"LineString","coordinates":[[21.35763,46.170773],[21.357653,46.170768]]}},{"type":"Feature","properties":{"line":"48","mode":"bus","color":"#bf5f03","oi":-0.63,"n":2,"sw":1},"geometry":{"type":"LineString","coordinates":[[21.357646,46.170769],[21.357669,46.170764]]}},{"type":"Feature","properties":{"line":"48","mode":"bus","color":"#bf5f03","oi":-0.563,"n":2,"sw":1},"geometry":{"type":"LineString","coordinates":[[21.357661,46.170766],[21.357684,46.170761]]}},{"type":"Feature","properties":{"line":"48","mode":"bus","color":"#bf5f03","oi":-0.517,"n":2,"sw":1},"geometry":{"type":"LineString","coordinates":[[21.357677,46.170763],[21.3577,46.170758]]}},{"type":"Feature","properties":{"line":"48","mode":"bus","color":"#bf5f03","oi":-0.5,"n":2,"sw":1},"geometry":{"type":"LineString","coordinates":[[21.357692,46.17076],[21.357715,46.170755]]}},{"type":"Feature","properties":{"line":"48","mode":"bus","color":"#bf5f03","oi":-0.5,"n":2},"geometry":{"type":"LineString","coordinates":[[21.348489,46.172167],[21.348541,46.172164],[21.348668,46.172194],[21.348939,46.172355],[21.349043,46.172381],[21.349706,46.172375],[21.349991,46.172351],[21.350846,46.172176],[21.350971,46.172159]]}},{"type":"Feature","properties":{"line":"48","mode":"bus","color":"#bf5f03","oi":0,"n":2,"sw":1},"geometry":{"type":"LineString","coordinates":[[21.348046,46.172255],[21.348095,46.172247]]}},{"type":"Feature","properties":{"line":"48","mode":"bus","color":"#bf5f03","oi":-0.017,"n":2,"sw":1},"geometry":{"type":"LineString","coordinates":[[21.348088,46.172249],[21.348141,46.172241]]}},{"type":"Feature","properties":{"line":"48","mode":"bus","color":"#bf5f03","oi":-0.063,"n":2,"sw":1},"geometry":{"type":"LineString","coordinates":[[21.348133,46.172242],[21.348187,46.172234]]}},{"type":"Feature","properties":{"line":"48","mode":"bus","color":"#bf5f03","oi":-0.13,"n":2,"sw":1},"geometry":{"type":"LineString","coordinates":[[21.348179,46.172235],[21.348232,46.172227]]}},{"type":"Feature","properties":{"line":"48","mode":"bus","color":"#bf5f03","oi":-0.209,"n":2,"sw":1},"geometry":{"type":"LineString","coordinates":[[21.348225,46.172228],[21.348269,46.172221],[21.348277,46.172218]]}},{"type":"Feature","properties":{"line":"48","mode":"bus","color":"#bf5f03","oi":-0.291,"n":2,"sw":1},"geometry":{"type":"LineString","coordinates":[[21.34827,46.172221],[21.348317,46.172201]]}},{"type":"Feature","properties":{"line":"48","mode":"bus","color":"#bf5f03","oi":-0.37,"n":2,"sw":1},"geometry":{"type":"LineString","coordinates":[[21.34831,46.172204],[21.348357,46.172185]]}},{"type":"Feature","properties":{"line":"48","mode":"bus","color":"#bf5f03","oi":-0.437,"n":2,"sw":1},"geometry":{"type":"LineString","coordinates":[[21.34835,46.172187],[21.348383,46.172174],[21.3484,46.172173]]}},{"type":"Feature","properties":{"line":"48","mode":"bus","color":"#bf5f03","oi":-0.483,"n":2,"sw":1},"geometry":{"type":"LineString","coordinates":[[21.348392,46.172173],[21.348446,46.17217]]}},{"type":"Feature","properties":{"line":"48","mode":"bus","color":"#bf5f03","oi":-0.5,"n":2,"sw":1},"geometry":{"type":"LineString","coordinates":[[21.348438,46.17217],[21.348493,46.172167]]}},{"type":"Feature","properties":{"line":"48","mode":"bus","color":"#bf5f03","oi":-0.5,"n":2,"sw":1},"geometry":{"type":"LineString","coordinates":[[21.350967,46.17216],[21.351021,46.172153]]}},{"type":"Feature","properties":{"line":"48","mode":"bus","color":"#bf5f03","oi":-0.483,"n":2,"sw":1},"geometry":{"type":"LineString","coordinates":[[21.351013,46.172154],[21.351067,46.172147]]}},{"type":"Feature","properties":{"line":"48","mode":"bus","color":"#bf5f03","oi":-0.437,"n":2,"sw":1},"geometry":{"type":"LineString","coordinates":[[21.351059,46.172148],[21.351113,46.17214]]}},{"type":"Feature","properties":{"line":"48","mode":"bus","color":"#bf5f03","oi":-0.37,"n":2,"sw":1},"geometry":{"type":"LineString","coordinates":[[21.351105,46.172141],[21.351159,46.172134]]}},{"type":"Feature","properties":{"line":"48","mode":"bus","color":"#bf5f03","oi":-0.291,"n":2,"sw":1},"geometry":{"type":"LineString","coordinates":[[21.351151,46.172135],[21.351204,46.172128]]}},{"type":"Feature","properties":{"line":"48","mode":"bus","color":"#bf5f03","oi":-0.209,"n":2,"sw":1},"geometry":{"type":"LineString","coordinates":[[21.351197,46.172129],[21.35125,46.172122]]}},{"type":"Feature","properties":{"line":"48","mode":"bus","color":"#bf5f03","oi":-0.13,"n":2,"sw":1},"geometry":{"type":"LineString","coordinates":[[21.351243,46.172123],[21.351296,46.172116]]}},{"type":"Feature","properties":{"line":"48","mode":"bus","color":"#bf5f03","oi":-0.063,"n":2,"sw":1},"geometry":{"type":"LineString","coordinates":[[21.351289,46.172117],[21.351342,46.17211]]}},{"type":"Feature","properties":{"line":"48","mode":"bus","color":"#bf5f03","oi":-0.017,"n":2,"sw":1},"geometry":{"type":"LineString","coordinates":[[21.351334,46.172111],[21.351388,46.172104]]}},{"type":"Feature","properties":{"line":"48","mode":"bus","color":"#bf5f03","oi":0,"n":2,"sw":1},"geometry":{"type":"LineString","coordinates":[[21.35138,46.172105],[21.35143,46.172098]]}},{"type":"Feature","properties":{"line":"48","mode":"bus","color":"#bf5f03","oi":-1,"n":3},"geometry":{"type":"LineString","coordinates":[[21.351876,46.172001],[21.353144,46.171726],[21.353583,46.171664],[21.355142,46.171323],[21.355347,46.171254],[21.357556,46.170788]]}},{"type":"Feature","properties":{"line":"48","mode":"bus","color":"#bf5f03","oi":0,"n":3,"sw":1},"geometry":{"type":"LineString","coordinates":[[21.35143,46.172098],[21.351458,46.172092]]}},{"type":"Feature","properties":{"line":"48","mode":"bus","color":"#bf5f03","oi":-0.01,"n":3,"sw":1},"geometry":{"type":"LineString","coordinates":[[21.351451,46.172093],[21.351483,46.172086]]}},{"type":"Feature","properties":{"line":"48","mode":"bus","color":"#bf5f03","oi":-0.038,"n":3,"sw":1},"geometry":{"type":"LineString","coordinates":[[21.351476,46.172088],[21.351508,46.172081]]}},{"type":"Feature","properties":{"line":"48","mode":"bus","color":"#bf5f03","oi":-0.082,"n":3,"sw":1},"geometry":{"type":"LineString","coordinates":[[21.351501,46.172083],[21.351533,46.172076]]}},{"type":"Feature","properties":{"line":"48","mode":"bus","color":"#bf5f03","oi":-0.14,"n":3,"sw":1},"geometry":{"type":"LineString","coordinates":[[21.351525,46.172077],[21.351558,46.17207]]}},{"type":"Feature","properties":{"line":"48","mode":"bus","color":"#bf5f03","oi":-0.209,"n":3,"sw":1},"geometry":{"type":"LineString","coordinates":[[21.35155,46.172072],[21.351582,46.172065]]}},{"type":"Feature","properties":{"line":"48","mode":"bus","color":"#bf5f03","oi":-0.286,"n":3,"sw":1},"geometry":{"type":"LineString","coordinates":[[21.351575,46.172067],[21.351607,46.17206]]}},{"type":"Feature","properties":{"line":"48","mode":"bus","color":"#bf5f03","oi":-0.369,"n":3,"sw":1},"geometry":{"type":"LineString","coordinates":[[21.3516,46.172061],[21.351632,46.172054]]}},{"type":"Feature","properties":{"line":"48","mode":"bus","color":"#bf5f03","oi":-0.456,"n":3,"sw":1},"geometry":{"type":"LineString","coordinates":[[21.351624,46.172056],[21.351657,46.172049]]}},{"type":"Feature","properties":{"line":"48","mode":"bus","color":"#bf5f03","oi":-0.544,"n":3,"sw":1},"geometry":{"type":"LineString","coordinates":[[21.351649,46.17205],[21.351681,46.172043]]}},{"type":"Feature","properties":{"line":"48","mode":"bus","color":"#bf5f03","oi":-0.631,"n":3,"sw":1},"geometry":{"type":"LineString","coordinates":[[21.351674,46.172045],[21.351706,46.172038]]}},{"type":"Feature","properties":{"line":"48","mode":"bus","color":"#bf5f03","oi":-0.714,"n":3,"sw":1},"geometry":{"type":"LineString","coordinates":[[21.351699,46.17204],[21.351731,46.172033]]}},{"type":"Feature","properties":{"line":"48","mode":"bus","color":"#bf5f03","oi":-0.791,"n":3,"sw":1},"geometry":{"type":"LineString","coordinates":[[21.351724,46.172034],[21.351756,46.172027]]}},{"type":"Feature","properties":{"line":"48","mode":"bus","color":"#bf5f03","oi":-0.86,"n":3,"sw":1},"geometry":{"type":"LineString","coordinates":[[21.351748,46.172029],[21.35178,46.172022]]}},{"type":"Feature","properties":{"line":"48","mode":"bus","color":"#bf5f03","oi":-0.918,"n":3,"sw":1},"geometry":{"type":"LineString","coordinates":[[21.351773,46.172024],[21.351805,46.172017]]}},{"type":"Feature","properties":{"line":"48","mode":"bus","color":"#bf5f03","oi":-0.962,"n":3,"sw":1},"geometry":{"type":"LineString","coordinates":[[21.351798,46.172018],[21.35183,46.172011]]}},{"type":"Feature","properties":{"line":"48","mode":"bus","color":"#bf5f03","oi":-0.99,"n":3,"sw":1},"geometry":{"type":"LineString","coordinates":[[21.351823,46.172013],[21.351855,46.172006]]}},{"type":"Feature","properties":{"line":"48","mode":"bus","color":"#bf5f03","oi":-1,"n":3,"sw":1},"geometry":{"type":"LineString","coordinates":[[21.351847,46.172007],[21.35188,46.172]]}},{"type":"Feature","properties":{"line":"48","mode":"bus","color":"#bf5f03","oi":-0.5,"n":2},"geometry":{"type":"LineString","coordinates":[[21.349354,46.17254],[21.349548,46.172533],[21.350059,46.17247],[21.350711,46.172323],[21.351004,46.172231]]}},{"type":"Feature","properties":{"line":"48","mode":"bus","color":"#bf5f03","oi":0,"n":2,"sw":1},"geometry":{"type":"LineString","coordinates":[[21.348896,46.172583],[21.348943,46.17257]]}},{"type":"Feature","properties":{"line":"48","mode":"bus","color":"#bf5f03","oi":-0.017,"n":2,"sw":1},"geometry":{"type":"LineString","coordinates":[[21.348936,46.172572],[21.348986,46.172557]]}},{"type":"Feature","properties":{"line":"48","mode":"bus","color":"#bf5f03","oi":-0.063,"n":2,"sw":1},"geometry":{"type":"LineString","coordinates":[[21.348979,46.172559],[21.349004,46.172552],[21.349031,46.172551]]}},{"type":"Feature","properties":{"line":"48","mode":"bus","color":"#bf5f03","oi":-0.13,"n":2,"sw":1},"geometry":{"type":"LineString","coordinates":[[21.349023,46.172551],[21.349078,46.172549]]}},{"type":"Feature","properties":{"line":"48","mode":"bus","color":"#bf5f03","oi":-0.209,"n":2,"sw":1},"geometry":{"type":"LineString","coordinates":[[21.34907,46.17255],[21.349124,46.172548]]}},{"type":"Feature","properties":{"line":"48","mode":"bus","color":"#bf5f03","oi":-0.291,"n":2,"sw":1},"geometry":{"type":"LineString","coordinates":[[21.349117,46.172548],[21.349171,46.172546]]}},{"type":"Feature","properties":{"line":"48","mode":"bus","color":"#bf5f03","oi":-0.37,"n":2,"sw":1},"geometry":{"type":"LineString","coordinates":[[21.349163,46.172546],[21.349218,46.172545]]}},{"type":"Feature","properties":{"line":"48","mode":"bus","color":"#bf5f03","oi":-0.437,"n":2,"sw":1},"geometry":{"type":"LineString","coordinates":[[21.34921,46.172545],[21.349264,46.172543]]}},{"type":"Feature","properties":{"line":"48","mode":"bus","color":"#bf5f03","oi":-0.483,"n":2,"sw":1},"geometry":{"type":"LineString","coordinates":[[21.349257,46.172543],[21.349311,46.172541]]}},{"type":"Feature","properties":{"line":"48","mode":"bus","color":"#bf5f03","oi":-0.5,"n":2,"sw":1},"geometry":{"type":"LineString","coordinates":[[21.349303,46.172542],[21.349358,46.17254]]}},{"type":"Feature","properties":{"line":"48","mode":"bus","color":"#bf5f03","oi":-0.5,"n":2,"sw":1},"geometry":{"type":"LineString","coordinates":[[21.351001,46.172232],[21.35105,46.172217]]}},{"type":"Feature","properties":{"line":"48","mode":"bus","color":"#bf5f03","oi":-0.483,"n":2,"sw":1},"geometry":{"type":"LineString","coordinates":[[21.351043,46.172219],[21.351093,46.172203]]}},{"type":"Feature","properties":{"line":"48","mode":"bus","color":"#bf5f03","oi":-0.437,"n":2,"sw":1},"geometry":{"type":"LineString","coordinates":[[21.351086,46.172206],[21.351135,46.17219]]}},{"type":"Feature","properties":{"line":"48","mode":"bus","color":"#bf5f03","oi":-0.37,"n":2,"sw":1},"geometry":{"type":"LineString","coordinates":[[21.351128,46.172192],[21.351178,46.172177]]}},{"type":"Feature","properties":{"line":"48","mode":"bus","color":"#bf5f03","oi":-0.291,"n":2,"sw":1},"geometry":{"type":"LineString","coordinates":[[21.351171,46.172179],[21.351221,46.172164]]}},{"type":"Feature","properties":{"line":"48","mode":"bus","color":"#bf5f03","oi":-0.209,"n":2,"sw":1},"geometry":{"type":"LineString","coordinates":[[21.351214,46.172166],[21.351263,46.17215]]}},{"type":"Feature","properties":{"line":"48","mode":"bus","color":"#bf5f03","oi":-0.13,"n":2,"sw":1},"geometry":{"type":"LineString","coordinates":[[21.351256,46.172152],[21.351306,46.172137]]}},{"type":"Feature","properties":{"line":"48","mode":"bus","color":"#bf5f03","oi":-0.063,"n":2,"sw":1},"geometry":{"type":"LineString","coordinates":[[21.351299,46.172139],[21.351348,46.172124]]}},{"type":"Feature","properties":{"line":"48","mode":"bus","color":"#bf5f03","oi":-0.017,"n":2,"sw":1},"geometry":{"type":"LineString","coordinates":[[21.351341,46.172126],[21.351391,46.17211]]}},{"type":"Feature","properties":{"line":"48","mode":"bus","color":"#bf5f03","oi":0,"n":2,"sw":1},"geometry":{"type":"LineString","coordinates":[[21.351384,46.172112],[21.35143,46.172098]]}},{"type":"Feature","properties":{"line":"48","mode":"bus","color":"#bf5f03","oi":-1,"n":3},"geometry":{"type":"LineString","coordinates":[[21.34756,46.175465],[21.34797,46.175018],[21.348575,46.174],[21.348863,46.172972],[21.348896,46.172583]]}},{"type":"Feature","properties":{"line":"48","mode":"bus","color":"#bf5f03","oi":-1,"n":3},"geometry":{"type":"LineString","coordinates":[[21.348046,46.172255],[21.348097,46.172621],[21.348144,46.173694],[21.348131,46.174358],[21.348008,46.174636],[21.34773,46.175064],[21.347338,46.175444]]}},{"type":"Feature","properties":{"line":"48","mode":"bus","color":"#bf5f03","oi":0.5,"n":2},"geometry":{"type":"LineString","coordinates":[[21.377847,46.169474],[21.378484,46.170328],[21.378492,46.170348],[21.378485,46.170364],[21.378462,46.170377],[21.377887,46.170592],[21.377862,46.170605],[21.377849,46.170623],[21.377847,46.170645],[21.378054,46.171808],[21.378072,46.172074],[21.378068,46.172096],[21.378052,46.172112],[21.378026,46.172124],[21.376213,46.172648],[21.373621,46.173198]]}},{"type":"Feature","properties":{"line":"Ghioroc","mode":"bus","color":"#b0045c","oi":0,"n":1},"geometry":{"type":"LineString","coordinates":[[21.429471,46.156229],[21.429362,46.156257],[21.429253,46.156327],[21.429197,46.156448],[21.429204,46.15649],[21.429201,46.156511],[21.429186,46.156529],[21.429079,46.156613],[21.428661,46.156828],[21.428649,46.156834],[21.428643,46.156838],[21.428641,46.15684],[21.428645,46.156841],[21.428653,46.156839],[21.428667,46.156835],[21.429304,46.156653],[21.42934,46.156648],[21.429376,46.156655],[21.429442,46.156676],[21.429617,46.156675],[21.429776,46.156605],[21.429831,46.156545],[21.429997,46.156494],[21.430454,46.156413],[21.430468,46.15641],[21.430476,46.156408],[21.430478,46.156406],[21.430475,46.156405],[21.430467,46.156404],[21.430452,46.156403],[21.429974,46.156395],[21.429829,46.156362],[21.429708,46.156263],[21.429622,46.156236],[21.429471,46.156229]]}},{"type":"Feature","properties":{"line":"Ghioroc","mode":"bus","color":"#b0045c","oi":0,"n":1},"geometry":{"type":"LineString","coordinates":[[21.373319,46.173266],[21.373017,46.173334]]}},{"type":"Feature","properties":{"line":"Ghioroc","mode":"bus","color":"#b0045c","oi":-0.5,"n":1,"sw":1},"geometry":{"type":"LineString","coordinates":[[21.373621,46.173198],[21.373587,46.173206]]}},{"type":"Feature","properties":{"line":"Ghioroc","mode":"bus","color":"#b0045c","oi":-0.483,"n":1,"sw":1},"geometry":{"type":"LineString","coordinates":[[21.373595,46.173204],[21.373557,46.173212]]}},{"type":"Feature","properties":{"line":"Ghioroc","mode":"bus","color":"#b0045c","oi":-0.437,"n":1,"sw":1},"geometry":{"type":"LineString","coordinates":[[21.373564,46.173211],[21.373527,46.173219]]}},{"type":"Feature","properties":{"line":"Ghioroc","mode":"bus","color":"#b0045c","oi":-0.37,"n":1,"sw":1},"geometry":{"type":"LineString","coordinates":[[21.373534,46.173218],[21.373496,46.173226]]}},{"type":"Feature","properties":{"line":"Ghioroc","mode":"bus","color":"#b0045c","oi":-0.291,"n":1,"sw":1},"geometry":{"type":"LineString","coordinates":[[21.373504,46.173224],[21.373466,46.173233]]}},{"type":"Feature","properties":{"line":"Ghioroc","mode":"bus","color":"#b0045c","oi":-0.209,"n":1,"sw":1},"geometry":{"type":"LineString","coordinates":[[21.373474,46.173231],[21.373436,46.17324]]}},{"type":"Feature","properties":{"line":"Ghioroc","mode":"bus","color":"#b0045c","oi":-0.13,"n":1,"sw":1},"geometry":{"type":"LineString","coordinates":[[21.373444,46.173238],[21.373406,46.173246]]}},{"type":"Feature","properties":{"line":"Ghioroc","mode":"bus","color":"#b0045c","oi":-0.063,"n":1,"sw":1},"geometry":{"type":"LineString","coordinates":[[21.373413,46.173245],[21.373376,46.173253]]}},{"type":"Feature","properties":{"line":"Ghioroc","mode":"bus","color":"#b0045c","oi":-0.017,"n":1,"sw":1},"geometry":{"type":"LineString","coordinates":[[21.373383,46.173252],[21.373345,46.17326]]}},{"type":"Feature","properties":{"line":"Ghioroc","mode":"bus","color":"#b0045c","oi":0,"n":1,"sw":1},"geometry":{"type":"LineString","coordinates":[[21.373353,46.173258],[21.373315,46.173267]]}},{"type":"Feature","properties":{"line":"Ghioroc","mode":"bus","color":"#b0045c","oi":0,"n":1},"geometry":{"type":"LineString","coordinates":[[21.377841,46.170609],[21.377628,46.169264],[21.37763,46.169242],[21.377644,46.169225],[21.377669,46.169213],[21.378444,46.16896],[21.378473,46.168955],[21.378497,46.168961],[21.378516,46.168977],[21.378664,46.169168],[21.378672,46.169183],[21.378671,46.169196],[21.378661,46.169207],[21.378642,46.169215],[21.377847,46.169474]]}},{"type":"Feature","properties":{"line":"Ghioroc","mode":"bus","color":"#b0045c","oi":0,"n":1},"geometry":{"type":"LineString","coordinates":[[21.372704,46.173536],[21.372777,46.173453],[21.372975,46.173355],[21.372986,46.173349],[21.372993,46.173344],[21.372994,46.173342],[21.37299,46.173341],[21.372981,46.173342],[21.372967,46.173344],[21.372904,46.173357]]}},{"type":"Feature","properties":{"line":"Ghioroc","mode":"bus","color":"#b0045c","oi":0,"n":1,"sw":1},"geometry":{"type":"LineString","coordinates":[[21.372908,46.173356],[21.372856,46.173367]]}},{"type":"Feature","properties":{"line":"Ghioroc","mode":"bus","color":"#b0045c","oi":0.017,"n":1,"sw":1},"geometry":{"type":"LineString","coordinates":[[21.372863,46.173365],[21.372811,46.173376]]}},{"type":"Feature","properties":{"line":"Ghioroc","mode":"bus","color":"#b0045c","oi":0.063,"n":1,"sw":1},"geometry":{"type":"LineString","coordinates":[[21.372818,46.173374],[21.372766,46.173385]]}},{"type":"Feature","properties":{"line":"Ghioroc","mode":"bus","color":"#b0045c","oi":0.13,"n":1,"sw":1},"geometry":{"type":"LineString","coordinates":[[21.372774,46.173383],[21.372721,46.173394]]}},{"type":"Feature","properties":{"line":"Ghioroc","mode":"bus","color":"#b0045c","oi":0.209,"n":1,"sw":1},"geometry":{"type":"LineString","coordinates":[[21.372729,46.173393],[21.372676,46.173403]]}},{"type":"Feature","properties":{"line":"Ghioroc","mode":"bus","color":"#b0045c","oi":0.291,"n":1,"sw":1},"geometry":{"type":"LineString","coordinates":[[21.372684,46.173402],[21.372632,46.173412]]}},{"type":"Feature","properties":{"line":"Ghioroc","mode":"bus","color":"#b0045c","oi":0.37,"n":1,"sw":1},"geometry":{"type":"LineString","coordinates":[[21.372639,46.173411],[21.372587,46.173421]]}},{"type":"Feature","properties":{"line":"Ghioroc","mode":"bus","color":"#b0045c","oi":0.437,"n":1,"sw":1},"geometry":{"type":"LineString","coordinates":[[21.372594,46.17342],[21.372542,46.173431]]}},{"type":"Feature","properties":{"line":"Ghioroc","mode":"bus","color":"#b0045c","oi":0.483,"n":1,"sw":1},"geometry":{"type":"LineString","coordinates":[[21.372549,46.173429],[21.372497,46.17344]]}},{"type":"Feature","properties":{"line":"Ghioroc","mode":"bus","color":"#b0045c","oi":0.5,"n":1,"sw":1},"geometry":{"type":"LineString","coordinates":[[21.372505,46.173438],[21.372456,46.173448]]}},{"type":"Feature","properties":{"line":"Ghioroc","mode":"bus","color":"#b0045c","oi":0,"n":1},"geometry":{"type":"LineString","coordinates":[[21.593689,46.15642],[21.593733,46.156232],[21.593647,46.155855],[21.593498,46.155686],[21.593283,46.155611],[21.592984,46.155585],[21.590732,46.155541],[21.586619,46.155116],[21.586287,46.155014],[21.585232,46.154593],[21.584375,46.154345],[21.584018,46.154285],[21.579707,46.154064],[21.576489,46.153859],[21.574895,46.153747],[21.573979,46.153643],[21.572811,46.153414],[21.561314,46.150902],[21.559426,46.150378],[21.556443,46.149831],[21.553981,46.149539],[21.551798,46.14901],[21.5513,46.148833],[21.550541,46.148478],[21.534786,46.140583],[21.531806,46.139061]]}},{"type":"Feature","properties":{"line":"Ghioroc","mode":"bus","color":"#b0045c","oi":0,"n":1},"geometry":{"type":"LineString","coordinates":[[21.531806,46.139061],[21.53165,46.138972],[21.531472,46.138804],[21.531449,46.138677],[21.531449,46.138665],[21.531451,46.138658],[21.531457,46.138656],[21.531467,46.138659],[21.53148,46.138666],[21.531612,46.138758],[21.531806,46.139061]]}},{"type":"Feature","properties":{"line":"Ghioroc","mode":"bus","color":"#b0045c","oi":0,"n":1},"geometry":{"type":"LineString","coordinates":[[21.430504,46.156404],[21.431274,46.156236],[21.435153,46.155278],[21.448392,46.15209],[21.45865,46.149655],[21.46732,46.147568],[21.472048,46.14647],[21.473397,46.146232],[21.474137,46.146146],[21.475028,46.146088],[21.485327,46.1457],[21.498383,46.145318],[21.510116,46.145005],[21.510627,46.144972],[21.510999,46.144919],[21.511668,46.144772],[21.51222,46.144611],[21.51361,46.144156],[21.515281,46.143586],[21.519374,46.142113],[21.520337,46.141816],[21.522565,46.141233],[21.525291,46.140754],[21.525834,46.140637],[21.526733,46.140387],[21.527101,46.140268],[21.531443,46.138641]]}},{"type":"Feature","properties":{"line":"Ghioroc","mode":"bus","color":"#b0045c","oi":0.5,"n":2},"geometry":{"type":"LineString","coordinates":[[21.389313,46.167527],[21.389717,46.166549],[21.389703,46.166172],[21.389783,46.166103],[21.390018,46.166038],[21.390084,46.165982],[21.390109,46.165877],[21.390119,46.165856],[21.390139,46.165843],[21.390169,46.165837],[21.393186,46.165585],[21.393986,46.165692],[21.394007,46.165697],[21.39402,46.165706],[21.394025,46.165718],[21.39402,46.165733],[21.39359,46.166623],[21.393466,46.166991]]}},{"type":"Feature","properties":{"line":"Ghioroc","mode":"bus","color":"#b0045c","oi":0.5,"n":2},"geometry":{"type":"LineString","coordinates":[[21.388504,46.168512],[21.388852,46.168405],[21.389141,46.168278],[21.389275,46.168238],[21.389449,46.168221],[21.389578,46.168138],[21.389616,46.168053],[21.389599,46.167965],[21.389521,46.167885],[21.389425,46.167845],[21.389356,46.167727],[21.389321,46.167563],[21.389317,46.167551],[21.389313,46.167545],[21.389307,46.167545],[21.389301,46.16755],[21.389293,46.16756],[21.389038,46.167984],[21.389036,46.168086],[21.388966,46.168216],[21.388821,46.16833],[21.388504,46.168512],[21.386508,46.169234],[21.386415,46.169369],[21.386164,46.169621],[21.382575,46.170944],[21.381397,46.171399],[21.38067,46.17172],[21.379275,46.1724],[21.379013,46.172446],[21.378588,46.17247],[21.377587,46.172874],[21.376622,46.173149],[21.374636,46.173569],[21.374042,46.17366]]}},{"type":"Feature","properties":{"line":"Ghioroc","mode":"bus","color":"#b0045c","oi":0.5,"n":2},"geometry":{"type":"LineString","coordinates":[[21.371139,46.17426],[21.371764,46.17416],[21.372207,46.173988],[21.372441,46.17402],[21.372556,46.174],[21.372658,46.173959],[21.372876,46.173808],[21.37299,46.173771],[21.373786,46.173738],[21.373901,46.173722],[21.373998,46.173679],[21.374012,46.173672],[21.374018,46.173667],[21.374016,46.173663],[21.374007,46.173661],[21.37399,46.173661],[21.373087,46.173672],[21.372779,46.173614],[21.372704,46.173536]]}},{"type":"Feature","properties":{"line":"Ghioroc","mode":"bus","color":"#b0045c","oi":0.5,"n":2},"geometry":{"type":"LineString","coordinates":[[21.372456,46.173448],[21.372336,46.173449],[21.372102,46.173533],[21.372025,46.17361],[21.371988,46.173699],[21.371977,46.173852],[21.371815,46.174008],[21.37163,46.174104],[21.371139,46.17426],[21.370467,46.174395],[21.368555,46.174849],[21.366388,46.175286]]}},{"type":"Feature","properties":{"line":"Ghioroc","mode":"bus","color":"#b0045c","oi":0.5,"n":2},"geometry":{"type":"LineString","coordinates":[[21.360947,46.176586],[21.365772,46.175536],[21.365984,46.175472]]}},{"type":"Feature","properties":{"line":"Ghioroc","mode":"bus","color":"#b0045c","oi":0,"n":2,"sw":1},"geometry":{"type":"LineString","coordinates":[[21.360501,46.176683],[21.360549,46.176672]]}},{"type":"Feature","properties":{"line":"Ghioroc","mode":"bus","color":"#b0045c","oi":0.017,"n":2,"sw":1},"geometry":{"type":"LineString","coordinates":[[21.360542,46.176674],[21.360594,46.176663]]}},{"type":"Feature","properties":{"line":"Ghioroc","mode":"bus","color":"#b0045c","oi":0.063,"n":2,"sw":1},"geometry":{"type":"LineString","coordinates":[[21.360586,46.176664],[21.360638,46.176653]]}},{"type":"Feature","properties":{"line":"Ghioroc","mode":"bus","color":"#b0045c","oi":0.13,"n":2,"sw":1},"geometry":{"type":"LineString","coordinates":[[21.360631,46.176655],[21.360683,46.176643]]}},{"type":"Feature","properties":{"line":"Ghioroc","mode":"bus","color":"#b0045c","oi":0.209,"n":2,"sw":1},"geometry":{"type":"LineString","coordinates":[[21.360676,46.176645],[21.360728,46.176634]]}},{"type":"Feature","properties":{"line":"Ghioroc","mode":"bus","color":"#b0045c","oi":0.291,"n":2,"sw":1},"geometry":{"type":"LineString","coordinates":[[21.36072,46.176635],[21.360772,46.176624]]}},{"type":"Feature","properties":{"line":"Ghioroc","mode":"bus","color":"#b0045c","oi":0.37,"n":2,"sw":1},"geometry":{"type":"LineString","coordinates":[[21.360765,46.176626],[21.360817,46.176614]]}},{"type":"Feature","properties":{"line":"Ghioroc","mode":"bus","color":"#b0045c","oi":0.437,"n":2,"sw":1},"geometry":{"type":"LineString","coordinates":[[21.360809,46.176616],[21.360861,46.176605]]}},{"type":"Feature","properties":{"line":"Ghioroc","mode":"bus","color":"#b0045c","oi":0.483,"n":2,"sw":1},"geometry":{"type":"LineString","coordinates":[[21.360854,46.176606],[21.360906,46.176595]]}},{"type":"Feature","properties":{"line":"Ghioroc","mode":"bus","color":"#b0045c","oi":0.5,"n":2,"sw":1},"geometry":{"type":"LineString","coordinates":[[21.360898,46.176597],[21.36095,46.176585]]}},{"type":"Feature","properties":{"line":"Ghioroc","mode":"bus","color":"#b0045c","oi":0.5,"n":2,"sw":1},"geometry":{"type":"LineString","coordinates":[[21.36598,46.175473],[21.36603,46.175458]]}},{"type":"Feature","properties":{"line":"Ghioroc","mode":"bus","color":"#b0045c","oi":0.483,"n":2,"sw":1},"geometry":{"type":"LineString","coordinates":[[21.366023,46.17546],[21.366073,46.175445]]}},{"type":"Feature","properties":{"line":"Ghioroc","mode":"bus","color":"#b0045c","oi":0.437,"n":2,"sw":1},"geometry":{"type":"LineString","coordinates":[[21.366066,46.175447],[21.366116,46.175432]]}},{"type":"Feature","properties":{"line":"Ghioroc","mode":"bus","color":"#b0045c","oi":0.37,"n":2,"sw":1},"geometry":{"type":"LineString","coordinates":[[21.366109,46.175435],[21.366159,46.175419]]}},{"type":"Feature","properties":{"line":"Ghioroc","mode":"bus","color":"#b0045c","oi":0.291,"n":2,"sw":1},"geometry":{"type":"LineString","coordinates":[[21.366151,46.175422],[21.366201,46.175407]]}},{"type":"Feature","properties":{"line":"Ghioroc","mode":"bus","color":"#b0045c","oi":0.209,"n":2,"sw":1},"geometry":{"type":"LineString","coordinates":[[21.366194,46.175409],[21.366244,46.175394]]}},{"type":"Feature","properties":{"line":"Ghioroc","mode":"bus","color":"#b0045c","oi":0.13,"n":2,"sw":1},"geometry":{"type":"LineString","coordinates":[[21.366237,46.175396],[21.366287,46.175381]]}},{"type":"Feature","properties":{"line":"Ghioroc","mode":"bus","color":"#b0045c","oi":0.063,"n":2,"sw":1},"geometry":{"type":"LineString","coordinates":[[21.36628,46.175383],[21.36633,46.175368]]}},{"type":"Feature","properties":{"line":"Ghioroc","mode":"bus","color":"#b0045c","oi":0.017,"n":2,"sw":1},"geometry":{"type":"LineString","coordinates":[[21.366323,46.17537],[21.366373,46.175355]]}},{"type":"Feature","properties":{"line":"Ghioroc","mode":"bus","color":"#b0045c","oi":0,"n":2,"sw":1},"geometry":{"type":"LineString","coordinates":[[21.366366,46.175357],[21.366412,46.175343]]}},{"type":"Feature","properties":{"line":"Ghioroc","mode":"bus","color":"#b0045c","oi":0.5,"n":2},"geometry":{"type":"LineString","coordinates":[[21.389569,46.167925],[21.38977,46.167975],[21.390044,46.167966],[21.390727,46.167851],[21.390931,46.16779],[21.395115,46.166477],[21.400391,46.164878],[21.412598,46.160982],[21.417421,46.159688],[21.420813,46.158803],[21.428619,46.156849]]}},{"type":"Feature","properties":{"line":"Ghioroc","mode":"bus","color":"#b0045c","oi":0,"n":4,"sw":1},"geometry":{"type":"LineString","coordinates":[[21.324432,46.182425],[21.324417,46.182427]]}},{"type":"Feature","properties":{"line":"Ghioroc","mode":"bus","color":"#b0045c","oi":-0.009,"n":4,"sw":1},"geometry":{"type":"LineString","coordinates":[[21.324424,46.182426],[21.324405,46.182429]]}},{"type":"Feature","properties":{"line":"Ghioroc","mode":"bus","color":"#b0045c","oi":-0.035,"n":4,"sw":1},"geometry":{"type":"LineString","coordinates":[[21.324413,46.182428],[21.324394,46.182431]]}},{"type":"Feature","properties":{"line":"Ghioroc","mode":"bus","color":"#b0045c","oi":-0.076,"n":4,"sw":1},"geometry":{"type":"LineString","coordinates":[[21.324401,46.18243],[21.324382,46.182432]]}},{"type":"Feature","properties":{"line":"Ghioroc","mode":"bus","color":"#b0045c","oi":-0.131,"n":4,"sw":1},"geometry":{"type":"LineString","coordinates":[[21.32439,46.182431],[21.324371,46.182434]]}},{"type":"Feature","properties":{"line":"Ghioroc","mode":"bus","color":"#b0045c","oi":-0.197,"n":4,"sw":1},"geometry":{"type":"LineString","coordinates":[[21.324378,46.182433],[21.324359,46.182436]]}},{"type":"Feature","properties":{"line":"Ghioroc","mode":"bus","color":"#b0045c","oi":-0.274,"n":4,"sw":1},"geometry":{"type":"LineString","coordinates":[[21.324367,46.182435],[21.324348,46.182438]]}},{"type":"Feature","properties":{"line":"Ghioroc","mode":"bus","color":"#b0045c","oi":-0.359,"n":4,"sw":1},"geometry":{"type":"LineString","coordinates":[[21.324355,46.182436],[21.324336,46.182439]]}},{"type":"Feature","properties":{"line":"Ghioroc","mode":"bus","color":"#b0045c","oi":-0.451,"n":4,"sw":1},"geometry":{"type":"LineString","coordinates":[[21.324344,46.182438],[21.324324,46.182441]]}},{"type":"Feature","properties":{"line":"Ghioroc","mode":"bus","color":"#b0045c","oi":-0.548,"n":4,"sw":1},"geometry":{"type":"LineString","coordinates":[[21.324332,46.18244],[21.324313,46.182443]]}},{"type":"Feature","properties":{"line":"Ghioroc","mode":"bus","color":"#b0045c","oi":-0.648,"n":4,"sw":1},"geometry":{"type":"LineString","coordinates":[[21.324321,46.182442],[21.324301,46.182444]]}},{"type":"Feature","properties":{"line":"Ghioroc","mode":"bus","color":"#b0045c","oi":-0.75,"n":4,"sw":1},"geometry":{"type":"LineString","coordinates":[[21.324309,46.182443],[21.32429,46.182446]]}},{"type":"Feature","properties":{"line":"Ghioroc","mode":"bus","color":"#b0045c","oi":-0.852,"n":4,"sw":1},"geometry":{"type":"LineString","coordinates":[[21.324298,46.182445],[21.324278,46.182448]]}},{"type":"Feature","properties":{"line":"Ghioroc","mode":"bus","color":"#b0045c","oi":-0.952,"n":4,"sw":1},"geometry":{"type":"LineString","coordinates":[[21.324286,46.182447],[21.324267,46.18245]]}},{"type":"Feature","properties":{"line":"Ghioroc","mode":"bus","color":"#b0045c","oi":-1.049,"n":4,"sw":1},"geometry":{"type":"LineString","coordinates":[[21.324275,46.182448],[21.324255,46.182451]]}},{"type":"Feature","properties":{"line":"Ghioroc","mode":"bus","color":"#b0045c","oi":-1.141,"n":4,"sw":1},"geometry":{"type":"LineString","coordinates":[[21.324263,46.18245],[21.324244,46.182453]]}},{"type":"Feature","properties":{"line":"Ghioroc","mode":"bus","color":"#b0045c","oi":-1.226,"n":4,"sw":1},"geometry":{"type":"LineString","coordinates":[[21.324251,46.182452],[21.324232,46.182455]]}},{"type":"Feature","properties":{"line":"Ghioroc","mode":"bus","color":"#b0045c","oi":-1.303,"n":4,"sw":1},"geometry":{"type":"LineString","coordinates":[[21.32424,46.182454],[21.324221,46.182456]]}},{"type":"Feature","properties":{"line":"Ghioroc","mode":"bus","color":"#b0045c","oi":-1.369,"n":4,"sw":1},"geometry":{"type":"LineString","coordinates":[[21.324228,46.182455],[21.324209,46.182458]]}},{"type":"Feature","properties":{"line":"Ghioroc","mode":"bus","color":"#b0045c","oi":-1.424,"n":4,"sw":1},"geometry":{"type":"LineString","coordinates":[[21.324217,46.182457],[21.324198,46.18246]]}},{"type":"Feature","properties":{"line":"Ghioroc","mode":"bus","color":"#b0045c","oi":-1.465,"n":4,"sw":1},"geometry":{"type":"LineString","coordinates":[[21.324205,46.182459],[21.324186,46.182462]]}},{"type":"Feature","properties":{"line":"Ghioroc","mode":"bus","color":"#b0045c","oi":-1.491,"n":4,"sw":1},"geometry":{"type":"LineString","coordinates":[[21.324194,46.18246],[21.324175,46.182463]]}},{"type":"Feature","properties":{"line":"Ghioroc","mode":"bus","color":"#b0045c","oi":-1.5,"n":4,"sw":1},"geometry":{"type":"LineString","coordinates":[[21.324182,46.182462],[21.324163,46.182465]]}},{"type":"Feature","properties":{"line":"Ghioroc","mode":"bus","color":"#b0045c","oi":-1.5,"n":4,"sw":1},"geometry":{"type":"LineString","coordinates":[[21.324171,46.182464],[21.324152,46.182467]]}},{"type":"Feature","properties":{"line":"Ghioroc","mode":"bus","color":"#b0045c","oi":-1.491,"n":4,"sw":1},"geometry":{"type":"LineString","coordinates":[[21.324159,46.182466],[21.32414,46.182469]]}},{"type":"Feature","properties":{"line":"Ghioroc","mode":"bus","color":"#b0045c","oi":-1.465,"n":4,"sw":1},"geometry":{"type":"LineString","coordinates":[[21.324148,46.182467],[21.324129,46.18247]]}},{"type":"Feature","properties":{"line":"Ghioroc","mode":"bus","color":"#b0045c","oi":-1.424,"n":4,"sw":1},"geometry":{"type":"LineString","coordinates":[[21.324136,46.182469],[21.324117,46.182472]]}},{"type":"Feature","properties":{"line":"Ghioroc","mode":"bus","color":"#b0045c","oi":-1.369,"n":4,"sw":1},"geometry":{"type":"LineString","coordinates":[[21.324125,46.182471],[21.324106,46.182474]]}},{"type":"Feature","properties":{"line":"Ghioroc","mode":"bus","color":"#b0045c","oi":-1.303,"n":4,"sw":1},"geometry":{"type":"LineString","coordinates":[[21.324113,46.182473],[21.324094,46.182475]]}},{"type":"Feature","properties":{"line":"Ghioroc","mode":"bus","color":"#b0045c","oi":-1.226,"n":4,"sw":1},"geometry":{"type":"LineString","coordinates":[[21.324102,46.182474],[21.324083,46.182477]]}},{"type":"Feature","properties":{"line":"Ghioroc","mode":"bus","color":"#b0045c","oi":-1.141,"n":4,"sw":1},"geometry":{"type":"LineString","coordinates":[[21.32409,46.182476],[21.324071,46.182479]]}},{"type":"Feature","properties":{"line":"Ghioroc","mode":"bus","color":"#b0045c","oi":-1.049,"n":4,"sw":1},"geometry":{"type":"LineString","coordinates":[[21.324079,46.182478],[21.324059,46.182481]]}},{"type":"Feature","properties":{"line":"Ghioroc","mode":"bus","color":"#b0045c","oi":-0.952,"n":4,"sw":1},"geometry":{"type":"LineString","coordinates":[[21.324067,46.182479],[21.324048,46.182482]]}},{"type":"Feature","properties":{"line":"Ghioroc","mode":"bus","color":"#b0045c","oi":-0.852,"n":4,"sw":1},"geometry":{"type":"LineString","coordinates":[[21.324056,46.182481],[21.324036,46.182484]]}},{"type":"Feature","properties":{"line":"Ghioroc","mode":"bus","color":"#b0045c","oi":-0.75,"n":4,"sw":1},"geometry":{"type":"LineString","coordinates":[[21.324044,46.182483],[21.324025,46.182486]]}},{"type":"Feature","properties":{"line":"Ghioroc","mode":"bus","color":"#b0045c","oi":-0.648,"n":4,"sw":1},"geometry":{"type":"LineString","coordinates":[[21.324033,46.182485],[21.324013,46.182487]]}},{"type":"Feature","properties":{"line":"Ghioroc","mode":"bus","color":"#b0045c","oi":-0.548,"n":4,"sw":1},"geometry":{"type":"LineString","coordinates":[[21.324021,46.182486],[21.324002,46.182489]]}},{"type":"Feature","properties":{"line":"Ghioroc","mode":"bus","color":"#b0045c","oi":-0.451,"n":4,"sw":1},"geometry":{"type":"LineString","coordinates":[[21.32401,46.182488],[21.32399,46.182491]]}},{"type":"Feature","properties":{"line":"Ghioroc","mode":"bus","color":"#b0045c","oi":-0.359,"n":4,"sw":1},"geometry":{"type":"LineString","coordinates":[[21.323998,46.18249],[21.323979,46.182493]]}},{"type":"Feature","properties":{"line":"Ghioroc","mode":"bus","color":"#b0045c","oi":-0.274,"n":4,"sw":1},"geometry":{"type":"LineString","coordinates":[[21.323986,46.182491],[21.323967,46.182494]]}},{"type":"Feature","properties":{"line":"Ghioroc","mode":"bus","color":"#b0045c","oi":-0.197,"n":4,"sw":1},"geometry":{"type":"LineString","coordinates":[[21.323975,46.182493],[21.323956,46.182496]]}},{"type":"Feature","properties":{"line":"Ghioroc","mode":"bus","color":"#b0045c","oi":-0.131,"n":4,"sw":1},"geometry":{"type":"LineString","coordinates":[[21.323963,46.182495],[21.323944,46.182498]]}},{"type":"Feature","properties":{"line":"Ghioroc","mode":"bus","color":"#b0045c","oi":-0.076,"n":4,"sw":1},"geometry":{"type":"LineString","coordinates":[[21.323952,46.182497],[21.323933,46.182499]]}},{"type":"Feature","properties":{"line":"Ghioroc","mode":"bus","color":"#b0045c","oi":-0.035,"n":4,"sw":1},"geometry":{"type":"LineString","coordinates":[[21.32394,46.182498],[21.323921,46.182501]]}},{"type":"Feature","properties":{"line":"Ghioroc","mode":"bus","color":"#b0045c","oi":-0.009,"n":4,"sw":1},"geometry":{"type":"LineString","coordinates":[[21.323929,46.1825],[21.32391,46.182503]]}},{"type":"Feature","properties":{"line":"Ghioroc","mode":"bus","color":"#b0045c","oi":0,"n":4,"sw":1},"geometry":{"type":"LineString","coordinates":[[21.323917,46.182502],[21.323902,46.182504]]}},{"type":"Feature","properties":{"line":"Ghioroc","mode":"bus","color":"#b0045c","oi":0,"n":4,"sw":1},"geometry":{"type":"LineString","coordinates":[[21.325076,46.182482],[21.325063,46.182488]]}},{"type":"Feature","properties":{"line":"Ghioroc","mode":"bus","color":"#b0045c","oi":-0.007,"n":4,"sw":1},"geometry":{"type":"LineString","coordinates":[[21.325069,46.182485],[21.325053,46.182493]]}},{"type":"Feature","properties":{"line":"Ghioroc","mode":"bus","color":"#b0045c","oi":-0.027,"n":4,"sw":1},"geometry":{"type":"LineString","coordinates":[[21.325059,46.18249],[21.325043,46.182497]]}},{"type":"Feature","properties":{"line":"Ghioroc","mode":"bus","color":"#b0045c","oi":-0.06,"n":4,"sw":1},"geometry":{"type":"LineString","coordinates":[[21.325049,46.182494],[21.325033,46.182502]]}},{"type":"Feature","properties":{"line":"Ghioroc","mode":"bus","color":"#b0045c","oi":-0.103,"n":4,"sw":1},"geometry":{"type":"LineString","coordinates":[[21.325039,46.182499],[21.325023,46.182506]]}},{"type":"Feature","properties":{"line":"Ghioroc","mode":"bus","color":"#b0045c","oi":-0.156,"n":4,"sw":1},"geometry":{"type":"LineString","coordinates":[[21.32503,46.182503],[21.325013,46.182511]]}},{"type":"Feature","properties":{"line":"Ghioroc","mode":"bus","color":"#b0045c","oi":-0.218,"n":4,"sw":1},"geometry":{"type":"LineString","coordinates":[[21.32502,46.182508],[21.325003,46.182515]]}},{"type":"Feature","properties":{"line":"Ghioroc","mode":"bus","color":"#b0045c","oi":-0.287,"n":4,"sw":1},"geometry":{"type":"LineString","coordinates":[[21.32501,46.182512],[21.324993,46.18252]]}},{"type":"Feature","properties":{"line":"Ghioroc","mode":"bus","color":"#b0045c","oi":-0.362,"n":4,"sw":1},"geometry":{"type":"LineString","coordinates":[[21.325,46.182517],[21.324983,46.182525]]}},{"type":"Feature","properties":{"line":"Ghioroc","mode":"bus","color":"#b0045c","oi":-0.443,"n":4,"sw":1},"geometry":{"type":"LineString","coordinates":[[21.32499,46.182522],[21.324973,46.182529]]}},{"type":"Feature","properties":{"line":"Ghioroc","mode":"bus","color":"#b0045c","oi":-0.528,"n":4,"sw":1},"geometry":{"type":"LineString","coordinates":[[21.32498,46.182526],[21.324963,46.182534]]}},{"type":"Feature","properties":{"line":"Ghioroc","mode":"bus","color":"#b0045c","oi":-0.616,"n":4,"sw":1},"geometry":{"type":"LineString","coordinates":[[21.32497,46.182531],[21.324953,46.182538]]}},{"type":"Feature","properties":{"line":"Ghioroc","mode":"bus","color":"#b0045c","oi":-0.705,"n":4,"sw":1},"geometry":{"type":"LineString","coordinates":[[21.32496,46.182535],[21.324944,46.182543]]}},{"type":"Feature","properties":{"line":"Ghioroc","mode":"bus","color":"#b0045c","oi":-0.795,"n":4,"sw":1},"geometry":{"type":"LineString","coordinates":[[21.32495,46.18254],[21.324934,46.182547]]}},{"type":"Feature","properties":{"line":"Ghioroc","mode":"bus","color":"#b0045c","oi":-0.884,"n":4,"sw":1},"geometry":{"type":"LineString","coordinates":[[21.32494,46.182544],[21.324924,46.182552]]}},{"type":"Feature","properties":{"line":"Ghioroc","mode":"bus","color":"#b0045c","oi":-0.972,"n":4,"sw":1},"geometry":{"type":"LineString","coordinates":[[21.32493,46.182549],[21.324914,46.182556]]}},{"type":"Feature","properties":{"line":"Ghioroc","mode":"bus","color":"#b0045c","oi":-1.057,"n":4,"sw":1},"geometry":{"type":"LineString","coordinates":[[21.32492,46.182553],[21.324904,46.182561]]}},{"type":"Feature","properties":{"line":"Ghioroc","mode":"bus","color":"#b0045c","oi":-1.138,"n":4,"sw":1},"geometry":{"type":"LineString","coordinates":[[21.32491,46.182558],[21.324894,46.182566]]}},{"type":"Feature","properties":{"line":"Ghioroc","mode":"bus","color":"#b0045c","oi":-1.213,"n":4,"sw":1},"geometry":{"type":"LineString","coordinates":[[21.3249,46.182563],[21.324884,46.18257]]}},{"type":"Feature","properties":{"line":"Ghioroc","mode":"bus","color":"#b0045c","oi":-1.282,"n":4,"sw":1},"geometry":{"type":"LineString","coordinates":[[21.32489,46.182567],[21.324874,46.182575]]}},{"type":"Feature","properties":{"line":"Ghioroc","mode":"bus","color":"#b0045c","oi":-1.344,"n":4,"sw":1},"geometry":{"type":"LineString","coordinates":[[21.32488,46.182572],[21.324864,46.182579]]}},{"type":"Feature","properties":{"line":"Ghioroc","mode":"bus","color":"#b0045c","oi":-1.397,"n":4,"sw":1},"geometry":{"type":"LineString","coordinates":[[21.32487,46.182576],[21.324854,46.182584]]}},{"type":"Feature","properties":{"line":"Ghioroc","mode":"bus","color":"#b0045c","oi":-1.44,"n":4,"sw":1},"geometry":{"type":"LineString","coordinates":[[21.324861,46.182581],[21.324844,46.182588]]}},{"type":"Feature","properties":{"line":"Ghioroc","mode":"bus","color":"#b0045c","oi":-1.473,"n":4,"sw":1},"geometry":{"type":"LineString","coordinates":[[21.324851,46.182585],[21.324834,46.182593]]}},{"type":"Feature","properties":{"line":"Ghioroc","mode":"bus","color":"#b0045c","oi":-1.493,"n":4,"sw":1},"geometry":{"type":"LineString","coordinates":[[21.324841,46.18259],[21.324824,46.182597]]}},{"type":"Feature","properties":{"line":"Ghioroc","mode":"bus","color":"#b0045c","oi":-1.5,"n":4,"sw":1},"geometry":{"type":"LineString","coordinates":[[21.324831,46.182594],[21.324814,46.182602]]}},{"type":"Feature","properties":{"line":"Ghioroc","mode":"bus","color":"#b0045c","oi":-1.5,"n":4,"sw":1},"geometry":{"type":"LineString","coordinates":[[21.324821,46.182599],[21.324804,46.182607]]}},{"type":"Feature","properties":{"line":"Ghioroc","mode":"bus","color":"#b0045c","oi":-1.493,"n":4,"sw":1},"geometry":{"type":"LineString","coordinates":[[21.324811,46.182604],[21.324794,46.182611]]}},{"type":"Feature","properties":{"line":"Ghioroc","mode":"bus","color":"#b0045c","oi":-1.473,"n":4,"sw":1},"geometry":{"type":"LineString","coordinates":[[21.324801,46.182608],[21.324784,46.182616]]}},{"type":"Feature","properties":{"line":"Ghioroc","mode":"bus","color":"#b0045c","oi":-1.44,"n":4,"sw":1},"geometry":{"type":"LineString","coordinates":[[21.324791,46.182613],[21.324774,46.18262]]}},{"type":"Feature","properties":{"line":"Ghioroc","mode":"bus","color":"#b0045c","oi":-1.397,"n":4,"sw":1},"geometry":{"type":"LineString","coordinates":[[21.324781,46.182617],[21.324765,46.182625]]}},{"type":"Feature","properties":{"line":"Ghioroc","mode":"bus","color":"#b0045c","oi":-1.344,"n":4,"sw":1},"geometry":{"type":"LineString","coordinates":[[21.324771,46.182622],[21.324755,46.182629]]}},{"type":"Feature","properties":{"line":"Ghioroc","mode":"bus","color":"#b0045c","oi":-1.282,"n":4,"sw":1},"geometry":{"type":"LineString","coordinates":[[21.324761,46.182626],[21.324745,46.182634]]}},{"type":"Feature","properties":{"line":"Ghioroc","mode":"bus","color":"#b0045c","oi":-1.213,"n":4,"sw":1},"geometry":{"type":"LineString","coordinates":[[21.324751,46.182631],[21.324735,46.182638]]}},{"type":"Feature","properties":{"line":"Ghioroc","mode":"bus","color":"#b0045c","oi":-1.138,"n":4,"sw":1},"geometry":{"type":"LineString","coordinates":[[21.324741,46.182635],[21.324725,46.182643]]}},{"type":"Feature","properties":{"line":"Ghioroc","mode":"bus","color":"#b0045c","oi":-1.057,"n":4,"sw":1},"geometry":{"type":"LineString","coordinates":[[21.324731,46.18264],[21.324715,46.182648]]}},{"type":"Feature","properties":{"line":"Ghioroc","mode":"bus","color":"#b0045c","oi":-0.972,"n":4,"sw":1},"geometry":{"type":"LineString","coordinates":[[21.324721,46.182645],[21.324705,46.182652]]}},{"type":"Feature","properties":{"line":"Ghioroc","mode":"bus","color":"#b0045c","oi":-0.884,"n":4,"sw":1},"geometry":{"type":"LineString","coordinates":[[21.324711,46.182649],[21.324695,46.182657]]}},{"type":"Feature","properties":{"line":"Ghioroc","mode":"bus","color":"#b0045c","oi":-0.795,"n":4,"sw":1},"geometry":{"type":"LineString","coordinates":[[21.324701,46.182654],[21.324685,46.182661]]}},{"type":"Feature","properties":{"line":"Ghioroc","mode":"bus","color":"#b0045c","oi":-0.705,"n":4,"sw":1},"geometry":{"type":"LineString","coordinates":[[21.324691,46.182658],[21.324675,46.182666]]}},{"type":"Feature","properties":{"line":"Ghioroc","mode":"bus","color":"#b0045c","oi":-0.616,"n":4,"sw":1},"geometry":{"type":"LineString","coordinates":[[21.324682,46.182663],[21.324665,46.18267]]}},{"type":"Feature","properties":{"line":"Ghioroc","mode":"bus","color":"#b0045c","oi":-0.528,"n":4,"sw":1},"geometry":{"type":"LineString","coordinates":[[21.324672,46.182667],[21.324655,46.182675]]}},{"type":"Feature","properties":{"line":"Ghioroc","mode":"bus","color":"#b0045c","oi":-0.443,"n":4,"sw":1},"geometry":{"type":"LineString","coordinates":[[21.324662,46.182672],[21.324645,46.182679]]}},{"type":"Feature","properties":{"line":"Ghioroc","mode":"bus","color":"#b0045c","oi":-0.362,"n":4,"sw":1},"geometry":{"type":"LineString","coordinates":[[21.324652,46.182676],[21.324635,46.182684]]}},{"type":"Feature","properties":{"line":"Ghioroc","mode":"bus","color":"#b0045c","oi":-0.287,"n":4,"sw":1},"geometry":{"type":"LineString","coordinates":[[21.324642,46.182681],[21.324625,46.182689]]}},{"type":"Feature","properties":{"line":"Ghioroc","mode":"bus","color":"#b0045c","oi":-0.218,"n":4,"sw":1},"geometry":{"type":"LineString","coordinates":[[21.324632,46.182686],[21.324615,46.182693]]}},{"type":"Feature","properties":{"line":"Ghioroc","mode":"bus","color":"#b0045c","oi":-0.156,"n":4,"sw":1},"geometry":{"type":"LineString","coordinates":[[21.324622,46.18269],[21.324605,46.182698]]}},{"type":"Feature","properties":{"line":"Ghioroc","mode":"bus","color":"#b0045c","oi":-0.103,"n":4,"sw":1},"geometry":{"type":"LineString","coordinates":[[21.324612,46.182695],[21.324596,46.182702]]}},{"type":"Feature","properties":{"line":"Ghioroc","mode":"bus","color":"#b0045c","oi":-0.06,"n":4,"sw":1},"geometry":{"type":"LineString","coordinates":[[21.324602,46.182699],[21.324586,46.182707]]}},{"type":"Feature","properties":{"line":"Ghioroc","mode":"bus","color":"#b0045c","oi":-0.027,"n":4,"sw":1},"geometry":{"type":"LineString","coordinates":[[21.324592,46.182704],[21.324576,46.182711]]}},{"type":"Feature","properties":{"line":"Ghioroc","mode":"bus","color":"#b0045c","oi":-0.007,"n":4,"sw":1},"geometry":{"type":"LineString","coordinates":[[21.324582,46.182708],[21.324566,46.182716]]}},{"type":"Feature","properties":{"line":"Ghioroc","mode":"bus","color":"#b0045c","oi":0,"n":4,"sw":1},"geometry":{"type":"LineString","coordinates":[[21.324572,46.182713],[21.324559,46.182719]]}},{"type":"Feature","properties":{"line":"Ghioroc","mode":"bus","color":"#b0045c","oi":-1.5,"n":4},"geometry":{"type":"LineString","coordinates":[[21.324057,46.18303],[21.324033,46.183045]]}},{"type":"Feature","properties":{"line":"Ghioroc","mode":"bus","color":"#b0045c","oi":0,"n":4,"sw":1},"geometry":{"type":"LineString","coordinates":[[21.324401,46.182811],[21.324385,46.182821]]}},{"type":"Feature","properties":{"line":"Ghioroc","mode":"bus","color":"#b0045c","oi":-0.007,"n":4,"sw":1},"geometry":{"type":"LineString","coordinates":[[21.324391,46.182818],[21.324372,46.18283]]}},{"type":"Feature","properties":{"line":"Ghioroc","mode":"bus","color":"#b0045c","oi":-0.027,"n":4,"sw":1},"geometry":{"type":"LineString","coordinates":[[21.324377,46.182826],[21.324358,46.182838]]}},{"type":"Feature","properties":{"line":"Ghioroc","mode":"bus","color":"#b0045c","oi":-0.06,"n":4,"sw":1},"geometry":{"type":"LineString","coordinates":[[21.324364,46.182834],[21.324345,46.182846]]}},{"type":"Feature","properties":{"line":"Ghioroc","mode":"bus","color":"#b0045c","oi":-0.103,"n":4,"sw":1},"geometry":{"type":"LineString","coordinates":[[21.324351,46.182843],[21.324332,46.182855]]}},{"type":"Feature","properties":{"line":"Ghioroc","mode":"bus","color":"#b0045c","oi":-0.156,"n":4,"sw":1},"geometry":{"type":"LineString","coordinates":[[21.324338,46.182851],[21.324319,46.182863]]}},{"type":"Feature","properties":{"line":"Ghioroc","mode":"bus","color":"#b0045c","oi":-0.218,"n":4,"sw":1},"geometry":{"type":"LineString","coordinates":[[21.324324,46.18286],[21.324305,46.182872]]}},{"type":"Feature","properties":{"line":"Ghioroc","mode":"bus","color":"#b0045c","oi":-0.287,"n":4,"sw":1},"geometry":{"type":"LineString","coordinates":[[21.324311,46.182868],[21.324292,46.18288]]}},{"type":"Feature","properties":{"line":"Ghioroc","mode":"bus","color":"#b0045c","oi":-0.362,"n":4,"sw":1},"geometry":{"type":"LineString","coordinates":[[21.324298,46.182877],[21.324279,46.182889]]}},{"type":"Feature","properties":{"line":"Ghioroc","mode":"bus","color":"#b0045c","oi":-0.443,"n":4,"sw":1},"geometry":{"type":"LineString","coordinates":[[21.324285,46.182885],[21.324266,46.182897]]}},{"type":"Feature","properties":{"line":"Ghioroc","mode":"bus","color":"#b0045c","oi":-0.528,"n":4,"sw":1},"geometry":{"type":"LineString","coordinates":[[21.324271,46.182893],[21.324252,46.182905]]}},{"type":"Feature","properties":{"line":"Ghioroc","mode":"bus","color":"#b0045c","oi":-0.616,"n":4,"sw":1},"geometry":{"type":"LineString","coordinates":[[21.324258,46.182902],[21.324239,46.182914]]}},{"type":"Feature","properties":{"line":"Ghioroc","mode":"bus","color":"#b0045c","oi":-0.705,"n":4,"sw":1},"geometry":{"type":"LineString","coordinates":[[21.324245,46.18291],[21.324226,46.182922]]}},{"type":"Feature","properties":{"line":"Ghioroc","mode":"bus","color":"#b0045c","oi":-0.795,"n":4,"sw":1},"geometry":{"type":"LineString","coordinates":[[21.324232,46.182919],[21.324213,46.182931]]}},{"type":"Feature","properties":{"line":"Ghioroc","mode":"bus","color":"#b0045c","oi":-0.884,"n":4,"sw":1},"geometry":{"type":"LineString","coordinates":[[21.324218,46.182927],[21.324199,46.182939]]}},{"type":"Feature","properties":{"line":"Ghioroc","mode":"bus","color":"#b0045c","oi":-0.972,"n":4,"sw":1},"geometry":{"type":"LineString","coordinates":[[21.324205,46.182935],[21.324186,46.182947]]}},{"type":"Feature","properties":{"line":"Ghioroc","mode":"bus","color":"#b0045c","oi":-1.057,"n":4,"sw":1},"geometry":{"type":"LineString","coordinates":[[21.324192,46.182944],[21.324173,46.182956]]}},{"type":"Feature","properties":{"line":"Ghioroc","mode":"bus","color":"#b0045c","oi":-1.138,"n":4,"sw":1},"geometry":{"type":"LineString","coordinates":[[21.324179,46.182952],[21.32416,46.182964]]}},{"type":"Feature","properties":{"line":"Ghioroc","mode":"bus","color":"#b0045c","oi":-1.213,"n":4,"sw":1},"geometry":{"type":"LineString","coordinates":[[21.324165,46.182961],[21.324146,46.182973]]}},{"type":"Feature","properties":{"line":"Ghioroc","mode":"bus","color":"#b0045c","oi":-1.282,"n":4,"sw":1},"geometry":{"type":"LineString","coordinates":[[21.324152,46.182969],[21.324133,46.182981]]}},{"type":"Feature","properties":{"line":"Ghioroc","mode":"bus","color":"#b0045c","oi":-1.344,"n":4,"sw":1},"geometry":{"type":"LineString","coordinates":[[21.324139,46.182978],[21.32412,46.18299]]}},{"type":"Feature","properties":{"line":"Ghioroc","mode":"bus","color":"#b0045c","oi":-1.397,"n":4,"sw":1},"geometry":{"type":"LineString","coordinates":[[21.324126,46.182986],[21.324107,46.182998]]}},{"type":"Feature","properties":{"line":"Ghioroc","mode":"bus","color":"#b0045c","oi":-1.44,"n":4,"sw":1},"geometry":{"type":"LineString","coordinates":[[21.324112,46.182994],[21.324093,46.183006]]}},{"type":"Feature","properties":{"line":"Ghioroc","mode":"bus","color":"#b0045c","oi":-1.473,"n":4,"sw":1},"geometry":{"type":"LineString","coordinates":[[21.324099,46.183003],[21.32408,46.183015]]}},{"type":"Feature","properties":{"line":"Ghioroc","mode":"bus","color":"#b0045c","oi":-1.493,"n":4,"sw":1},"geometry":{"type":"LineString","coordinates":[[21.324086,46.183011],[21.324067,46.183023]]}},{"type":"Feature","properties":{"line":"Ghioroc","mode":"bus","color":"#b0045c","oi":-1.5,"n":4,"sw":1},"geometry":{"type":"LineString","coordinates":[[21.324073,46.18302],[21.324054,46.183032]]}},{"type":"Feature","properties":{"line":"Ghioroc","mode":"bus","color":"#b0045c","oi":-1.5,"n":4,"sw":1},"geometry":{"type":"LineString","coordinates":[[21.324036,46.183043],[21.324017,46.183055]]}},{"type":"Feature","properties":{"line":"Ghioroc","mode":"bus","color":"#b0045c","oi":-1.493,"n":4,"sw":1},"geometry":{"type":"LineString","coordinates":[[21.324023,46.183051],[21.324004,46.183063]]}},{"type":"Feature","properties":{"line":"Ghioroc","mode":"bus","color":"#b0045c","oi":-1.473,"n":4,"sw":1},"geometry":{"type":"LineString","coordinates":[[21.32401,46.18306],[21.323991,46.183072]]}},{"type":"Feature","properties":{"line":"Ghioroc","mode":"bus","color":"#b0045c","oi":-1.44,"n":4,"sw":1},"geometry":{"type":"LineString","coordinates":[[21.323996,46.183068],[21.323977,46.18308]]}},{"type":"Feature","properties":{"line":"Ghioroc","mode":"bus","color":"#b0045c","oi":-1.397,"n":4,"sw":1},"geometry":{"type":"LineString","coordinates":[[21.323983,46.183076],[21.323965,46.183088],[21.323964,46.183088]]}},{"type":"Feature","properties":{"line":"Ghioroc","mode":"bus","color":"#b0045c","oi":-1.344,"n":4,"sw":1},"geometry":{"type":"LineString","coordinates":[[21.32397,46.183085],[21.323965,46.183088],[21.323947,46.183093]]}},{"type":"Feature","properties":{"line":"Ghioroc","mode":"bus","color":"#b0045c","oi":-1.282,"n":4,"sw":1},"geometry":{"type":"LineString","coordinates":[[21.323954,46.183091],[21.32393,46.183097]]}},{"type":"Feature","properties":{"line":"Ghioroc","mode":"bus","color":"#b0045c","oi":-1.213,"n":4,"sw":1},"geometry":{"type":"LineString","coordinates":[[21.323938,46.183095],[21.323914,46.183101]]}},{"type":"Feature","properties":{"line":"Ghioroc","mode":"bus","color":"#b0045c","oi":-1.138,"n":4,"sw":1},"geometry":{"type":"LineString","coordinates":[[21.323921,46.1831],[21.323897,46.183106]]}},{"type":"Feature","properties":{"line":"Ghioroc","mode":"bus","color":"#b0045c","oi":-1.057,"n":4,"sw":1},"geometry":{"type":"LineString","coordinates":[[21.323904,46.183104],[21.32388,46.18311]]}},{"type":"Feature","properties":{"line":"Ghioroc","mode":"bus","color":"#b0045c","oi":-0.972,"n":4,"sw":1},"geometry":{"type":"LineString","coordinates":[[21.323887,46.183108],[21.323863,46.183115]]}},{"type":"Feature","properties":{"line":"Ghioroc","mode":"bus","color":"#b0045c","oi":-0.884,"n":4,"sw":1},"geometry":{"type":"LineString","coordinates":[[21.32387,46.183113],[21.323846,46.183119]]}},{"type":"Feature","properties":{"line":"Ghioroc","mode":"bus","color":"#b0045c","oi":-0.795,"n":4,"sw":1},"geometry":{"type":"LineString","coordinates":[[21.323854,46.183117],[21.323829,46.183123]]}},{"type":"Feature","properties":{"line":"Ghioroc","mode":"bus","color":"#b0045c","oi":-0.705,"n":4,"sw":1},"geometry":{"type":"LineString","coordinates":[[21.323837,46.183121],[21.323813,46.183128]]}},{"type":"Feature","properties":{"line":"Ghioroc","mode":"bus","color":"#b0045c","oi":-0.616,"n":4,"sw":1},"geometry":{"type":"LineString","coordinates":[[21.32382,46.183126],[21.323804,46.18313],[21.323795,46.183131]]}},{"type":"Feature","properties":{"line":"Ghioroc","mode":"bus","color":"#b0045c","oi":-0.528,"n":4,"sw":1},"geometry":{"type":"LineString","coordinates":[[21.323803,46.18313],[21.323777,46.183132]]}},{"type":"Feature","properties":{"line":"Ghioroc","mode":"bus","color":"#b0045c","oi":-0.443,"n":4,"sw":1},"geometry":{"type":"LineString","coordinates":[[21.323785,46.183132],[21.32376,46.183134]]}},{"type":"Feature","properties":{"line":"Ghioroc","mode":"bus","color":"#b0045c","oi":-0.362,"n":4,"sw":1},"geometry":{"type":"LineString","coordinates":[[21.323767,46.183133],[21.323742,46.183135]]}},{"type":"Feature","properties":{"line":"Ghioroc","mode":"bus","color":"#b0045c","oi":-0.287,"n":4,"sw":1},"geometry":{"type":"LineString","coordinates":[[21.32375,46.183135],[21.323724,46.183137]]}},{"type":"Feature","properties":{"line":"Ghioroc","mode":"bus","color":"#b0045c","oi":-0.218,"n":4,"sw":1},"geometry":{"type":"LineString","coordinates":[[21.323732,46.183136],[21.323706,46.183138]]}},{"type":"Feature","properties":{"line":"Ghioroc","mode":"bus","color":"#b0045c","oi":-0.156,"n":4,"sw":1},"geometry":{"type":"LineString","coordinates":[[21.323714,46.183138],[21.323688,46.18314]]}},{"type":"Feature","properties":{"line":"Ghioroc","mode":"bus","color":"#b0045c","oi":-0.103,"n":4,"sw":1},"geometry":{"type":"LineString","coordinates":[[21.323696,46.183139],[21.32367,46.183141]]}},{"type":"Feature","properties":{"line":"Ghioroc","mode":"bus","color":"#b0045c","oi":-0.06,"n":4,"sw":1},"geometry":{"type":"LineString","coordinates":[[21.323678,46.183141],[21.323653,46.183143]]}},{"type":"Feature","properties":{"line":"Ghioroc","mode":"bus","color":"#b0045c","oi":-0.027,"n":4,"sw":1},"geometry":{"type":"LineString","coordinates":[[21.32366,46.183142],[21.323635,46.183144]]}},{"type":"Feature","properties":{"line":"Ghioroc","mode":"bus","color":"#b0045c","oi":-0.007,"n":4,"sw":1},"geometry":{"type":"LineString","coordinates":[[21.323643,46.183144],[21.323617,46.183146]]}},{"type":"Feature","properties":{"line":"Ghioroc","mode":"bus","color":"#b0045c","oi":0,"n":4,"sw":1},"geometry":{"type":"LineString","coordinates":[[21.323625,46.183145],[21.323603,46.183147]]}},{"type":"Feature","properties":{"line":"Ghioroc","mode":"bus","color":"#b0045c","oi":-0.5,"n":4},"geometry":{"type":"LineString","coordinates":[[21.360445,46.176559],[21.353141,46.178149],[21.345779,46.1798],[21.343,46.180465],[21.342332,46.180601],[21.341653,46.180694],[21.340717,46.1807],[21.340118,46.180638],[21.338926,46.180409],[21.338433,46.180378],[21.338119,46.180387],[21.337905,46.180397],[21.336851,46.180535],[21.334813,46.180858]]}},{"type":"Feature","properties":{"line":"Ghioroc","mode":"bus","color":"#b0045c","oi":-0.5,"n":4,"sw":1},"geometry":{"type":"LineString","coordinates":[[21.334817,46.180857],[21.334764,46.180866]]}},{"type":"Feature","properties":{"line":"Ghioroc","mode":"bus","color":"#b0045c","oi":-0.483,"n":4,"sw":1},"geometry":{"type":"LineString","coordinates":[[21.334772,46.180864],[21.334719,46.180873]]}},{"type":"Feature","properties":{"line":"Ghioroc","mode":"bus","color":"#b0045c","oi":-0.437,"n":4,"sw":1},"geometry":{"type":"LineString","coordinates":[[21.334726,46.180872],[21.334673,46.18088]]}},{"type":"Feature","properties":{"line":"Ghioroc","mode":"bus","color":"#b0045c","oi":-0.37,"n":4,"sw":1},"geometry":{"type":"LineString","coordinates":[[21.334681,46.180879],[21.334627,46.180887]]}},{"type":"Feature","properties":{"line":"Ghioroc","mode":"bus","color":"#b0045c","oi":-0.291,"n":4,"sw":1},"geometry":{"type":"LineString","coordinates":[[21.334635,46.180886],[21.334582,46.180895]]}},{"type":"Feature","properties":{"line":"Ghioroc","mode":"bus","color":"#b0045c","oi":-0.209,"n":4,"sw":1},"geometry":{"type":"LineString","coordinates":[[21.33459,46.180893],[21.334536,46.180902]]}},{"type":"Feature","properties":{"line":"Ghioroc","mode":"bus","color":"#b0045c","oi":-0.13,"n":4,"sw":1},"geometry":{"type":"LineString","coordinates":[[21.334544,46.180901],[21.334491,46.180909]]}},{"type":"Feature","properties":{"line":"Ghioroc","mode":"bus","color":"#b0045c","oi":-0.063,"n":4,"sw":1},"geometry":{"type":"LineString","coordinates":[[21.334498,46.180908],[21.334445,46.180916]]}},{"type":"Feature","properties":{"line":"Ghioroc","mode":"bus","color":"#b0045c","oi":-0.017,"n":4,"sw":1},"geometry":{"type":"LineString","coordinates":[[21.334453,46.180915],[21.3344,46.180923]]}},{"type":"Feature","properties":{"line":"Ghioroc","mode":"bus","color":"#b0045c","oi":0,"n":4,"sw":1},"geometry":{"type":"LineString","coordinates":[[21.334407,46.180922],[21.334358,46.18093]]}},{"type":"Feature","properties":{"line":"Ghioroc","mode":"bus","color":"#b0045c","oi":0,"n":3},"geometry":{"type":"LineString","coordinates":[[21.366412,46.175343],[21.366396,46.175306],[21.366389,46.175296],[21.366376,46.175291],[21.366359,46.175292],[21.365032,46.175555],[21.36089,46.176461]]}},{"type":"Feature","properties":{"line":"Ghioroc","mode":"bus","color":"#b0045c","oi":0,"n":3,"sw":1},"geometry":{"type":"LineString","coordinates":[[21.360894,46.176461],[21.360842,46.176472]]}},{"type":"Feature","properties":{"line":"Ghioroc","mode":"bus","color":"#b0045c","oi":-0.017,"n":3,"sw":1},"geometry":{"type":"LineString","coordinates":[[21.36085,46.17647],[21.360798,46.176482]]}},{"type":"Feature","properties":{"line":"Ghioroc","mode":"bus","color":"#b0045c","oi":-0.063,"n":3,"sw":1},"geometry":{"type":"LineString","coordinates":[[21.360805,46.17648],[21.360753,46.176492]]}},{"type":"Feature","properties":{"line":"Ghioroc","mode":"bus","color":"#b0045c","oi":-0.13,"n":3,"sw":1},"geometry":{"type":"LineString","coordinates":[[21.360761,46.17649],[21.360709,46.176501]]}},{"type":"Feature","properties":{"line":"Ghioroc","mode":"bus","color":"#b0045c","oi":-0.209,"n":3,"sw":1},"geometry":{"type":"LineString","coordinates":[[21.360716,46.1765],[21.360664,46.176511]]}},{"type":"Feature","properties":{"line":"Ghioroc","mode":"bus","color":"#b0045c","oi":-0.291,"n":3,"sw":1},"geometry":{"type":"LineString","coordinates":[[21.360671,46.176509],[21.360619,46.176521]]}},{"type":"Feature","properties":{"line":"Ghioroc","mode":"bus","color":"#b0045c","oi":-0.37,"n":3,"sw":1},"geometry":{"type":"LineString","coordinates":[[21.360627,46.176519],[21.360575,46.176531]]}},{"type":"Feature","properties":{"line":"Ghioroc","mode":"bus","color":"#b0045c","oi":-0.437,"n":3,"sw":1},"geometry":{"type":"LineString","coordinates":[[21.360582,46.176529],[21.36053,46.17654]]}},{"type":"Feature","properties":{"line":"Ghioroc","mode":"bus","color":"#b0045c","oi":-0.483,"n":3,"sw":1},"geometry":{"type":"LineString","coordinates":[[21.360538,46.176539],[21.360486,46.17655]]}},{"type":"Feature","properties":{"line":"Ghioroc","mode":"bus","color":"#b0045c","oi":-0.5,"n":3,"sw":1},"geometry":{"type":"LineString","coordinates":[[21.360493,46.176548],[21.360445,46.176559]]}},{"type":"Feature","properties":{"line":"Ghioroc","mode":"bus","color":"#b0045c","oi":0,"n":3},"geometry":{"type":"LineString","coordinates":[[21.334391,46.181051],[21.337661,46.180546],[21.338043,46.180511],[21.3383,46.180505],[21.338815,46.180538],[21.34012,46.180766],[21.340675,46.180814],[21.341166,46.180827],[21.34163,46.180808],[21.342343,46.180722],[21.344482,46.180271],[21.347554,46.179536],[21.351852,46.178564],[21.360501,46.176683]]}},{"type":"Feature","properties":{"line":"Ghioroc","mode":"bus","color":"#b0045c","oi":-0.5,"n":2},"geometry":{"type":"LineString","coordinates":[[21.377847,46.169474],[21.378484,46.170328],[21.378492,46.170348],[21.378485,46.170364],[21.378462,46.170377],[21.377887,46.170592],[21.377862,46.170605],[21.377849,46.170623],[21.377847,46.170645],[21.378054,46.171808],[21.378072,46.172074],[21.378068,46.172096],[21.378052,46.172112],[21.378026,46.172124],[21.376213,46.172648],[21.373621,46.173198]]}},{"type":"Feature","properties":{"line":"Vladimirescu","mode":"bus","color":"#7c5001","oi":-0.5,"n":2},"geometry":{"type":"LineString","coordinates":[[21.389313,46.167527],[21.389717,46.166549],[21.389703,46.166172],[21.389783,46.166103],[21.390018,46.166038],[21.390084,46.165982],[21.390109,46.165877],[21.390119,46.165856],[21.390139,46.165843],[21.390169,46.165837],[21.393186,46.165585],[21.393986,46.165692],[21.394007,46.165697],[21.39402,46.165706],[21.394025,46.165718],[21.39402,46.165733],[21.39359,46.166623],[21.393466,46.166991]]}},{"type":"Feature","properties":{"line":"Vladimirescu","mode":"bus","color":"#7c5001","oi":-0.5,"n":2},"geometry":{"type":"LineString","coordinates":[[21.388504,46.168512],[21.388852,46.168405],[21.389141,46.168278],[21.389275,46.168238],[21.389449,46.168221],[21.389578,46.168138],[21.389616,46.168053],[21.389599,46.167965],[21.389521,46.167885],[21.389425,46.167845],[21.389356,46.167727],[21.389321,46.167563],[21.389317,46.167551],[21.389313,46.167545],[21.389307,46.167545],[21.389301,46.16755],[21.389293,46.16756],[21.389038,46.167984],[21.389036,46.168086],[21.388966,46.168216],[21.388821,46.16833],[21.388504,46.168512],[21.386508,46.169234],[21.386415,46.169369],[21.386164,46.169621],[21.382575,46.170944],[21.381397,46.171399],[21.38067,46.17172],[21.379275,46.1724],[21.379013,46.172446],[21.378588,46.17247],[21.377587,46.172874],[21.376622,46.173149],[21.374636,46.173569],[21.374042,46.17366]]}},{"type":"Feature","properties":{"line":"Vladimirescu","mode":"bus","color":"#7c5001","oi":-0.5,"n":2},"geometry":{"type":"LineString","coordinates":[[21.371139,46.17426],[21.371764,46.17416],[21.372207,46.173988],[21.372441,46.17402],[21.372556,46.174],[21.372658,46.173959],[21.372876,46.173808],[21.37299,46.173771],[21.373786,46.173738],[21.373901,46.173722],[21.373998,46.173679],[21.374012,46.173672],[21.374018,46.173667],[21.374016,46.173663],[21.374007,46.173661],[21.37399,46.173661],[21.373087,46.173672],[21.372779,46.173614],[21.372704,46.173536]]}},{"type":"Feature","properties":{"line":"Vladimirescu","mode":"bus","color":"#7c5001","oi":-0.5,"n":2},"geometry":{"type":"LineString","coordinates":[[21.372456,46.173448],[21.372336,46.173449],[21.372102,46.173533],[21.372025,46.17361],[21.371988,46.173699],[21.371977,46.173852],[21.371815,46.174008],[21.37163,46.174104],[21.371139,46.17426],[21.370467,46.174395],[21.368555,46.174849],[21.366388,46.175286]]}},{"type":"Feature","properties":{"line":"Vladimirescu","mode":"bus","color":"#7c5001","oi":-0.5,"n":2},"geometry":{"type":"LineString","coordinates":[[21.360947,46.176586],[21.365772,46.175536],[21.365984,46.175472]]}},{"type":"Feature","properties":{"line":"Vladimirescu","mode":"bus","color":"#7c5001","oi":-1,"n":2,"sw":1},"geometry":{"type":"LineString","coordinates":[[21.360501,46.176683],[21.360549,46.176672]]}},{"type":"Feature","properties":{"line":"Vladimirescu","mode":"bus","color":"#7c5001","oi":-0.983,"n":2,"sw":1},"geometry":{"type":"LineString","coordinates":[[21.360542,46.176674],[21.360594,46.176663]]}},{"type":"Feature","properties":{"line":"Vladimirescu","mode":"bus","color":"#7c5001","oi":-0.937,"n":2,"sw":1},"geometry":{"type":"LineString","coordinates":[[21.360586,46.176664],[21.360638,46.176653]]}},{"type":"Feature","properties":{"line":"Vladimirescu","mode":"bus","color":"#7c5001","oi":-0.87,"n":2,"sw":1},"geometry":{"type":"LineString","coordinates":[[21.360631,46.176655],[21.360683,46.176643]]}},{"type":"Feature","properties":{"line":"Vladimirescu","mode":"bus","color":"#7c5001","oi":-0.791,"n":2,"sw":1},"geometry":{"type":"LineString","coordinates":[[21.360676,46.176645],[21.360728,46.176634]]}},{"type":"Feature","properties":{"line":"Vladimirescu","mode":"bus","color":"#7c5001","oi":-0.709,"n":2,"sw":1},"geometry":{"type":"LineString","coordinates":[[21.36072,46.176635],[21.360772,46.176624]]}},{"type":"Feature","properties":{"line":"Vladimirescu","mode":"bus","color":"#7c5001","oi":-0.63,"n":2,"sw":1},"geometry":{"type":"LineString","coordinates":[[21.360765,46.176626],[21.360817,46.176614]]}},{"type":"Feature","properties":{"line":"Vladimirescu","mode":"bus","color":"#7c5001","oi":-0.563,"n":2,"sw":1},"geometry":{"type":"LineString","coordinates":[[21.360809,46.176616],[21.360861,46.176605]]}},{"type":"Feature","properties":{"line":"Vladimirescu","mode":"bus","color":"#7c5001","oi":-0.517,"n":2,"sw":1},"geometry":{"type":"LineString","coordinates":[[21.360854,46.176606],[21.360906,46.176595]]}},{"type":"Feature","properties":{"line":"Vladimirescu","mode":"bus","color":"#7c5001","oi":-0.5,"n":2,"sw":1},"geometry":{"type":"LineString","coordinates":[[21.360898,46.176597],[21.36095,46.176585]]}},{"type":"Feature","properties":{"line":"Vladimirescu","mode":"bus","color":"#7c5001","oi":-0.5,"n":2,"sw":1},"geometry":{"type":"LineString","coordinates":[[21.36598,46.175473],[21.36603,46.175458]]}},{"type":"Feature","properties":{"line":"Vladimirescu","mode":"bus","color":"#7c5001","oi":-0.483,"n":2,"sw":1},"geometry":{"type":"LineString","coordinates":[[21.366023,46.17546],[21.366073,46.175445]]}},{"type":"Feature","properties":{"line":"Vladimirescu","mode":"bus","color":"#7c5001","oi":-0.437,"n":2,"sw":1},"geometry":{"type":"LineString","coordinates":[[21.366066,46.175447],[21.366116,46.175432]]}},{"type":"Feature","properties":{"line":"Vladimirescu","mode":"bus","color":"#7c5001","oi":-0.37,"n":2,"sw":1},"geometry":{"type":"LineString","coordinates":[[21.366109,46.175435],[21.366159,46.175419]]}},{"type":"Feature","properties":{"line":"Vladimirescu","mode":"bus","color":"#7c5001","oi":-0.291,"n":2,"sw":1},"geometry":{"type":"LineString","coordinates":[[21.366151,46.175422],[21.366201,46.175407]]}},{"type":"Feature","properties":{"line":"Vladimirescu","mode":"bus","color":"#7c5001","oi":-0.209,"n":2,"sw":1},"geometry":{"type":"LineString","coordinates":[[21.366194,46.175409],[21.366244,46.175394]]}},{"type":"Feature","properties":{"line":"Vladimirescu","mode":"bus","color":"#7c5001","oi":-0.13,"n":2,"sw":1},"geometry":{"type":"LineString","coordinates":[[21.366237,46.175396],[21.366287,46.175381]]}},{"type":"Feature","properties":{"line":"Vladimirescu","mode":"bus","color":"#7c5001","oi":-0.063,"n":2,"sw":1},"geometry":{"type":"LineString","coordinates":[[21.36628,46.175383],[21.36633,46.175368]]}},{"type":"Feature","properties":{"line":"Vladimirescu","mode":"bus","color":"#7c5001","oi":-0.017,"n":2,"sw":1},"geometry":{"type":"LineString","coordinates":[[21.366323,46.17537],[21.366373,46.175355]]}},{"type":"Feature","properties":{"line":"Vladimirescu","mode":"bus","color":"#7c5001","oi":0,"n":2,"sw":1},"geometry":{"type":"LineString","coordinates":[[21.366366,46.175357],[21.366412,46.175343]]}},{"type":"Feature","properties":{"line":"Vladimirescu","mode":"bus","color":"#7c5001","oi":-0.5,"n":2},"geometry":{"type":"LineString","coordinates":[[21.389569,46.167925],[21.38977,46.167975],[21.390044,46.167966],[21.390727,46.167851],[21.390931,46.16779],[21.395115,46.166477],[21.400391,46.164878],[21.412598,46.160982],[21.417421,46.159688],[21.420813,46.158803],[21.428619,46.156849]]}},{"type":"Feature","properties":{"line":"Vladimirescu","mode":"bus","color":"#7c5001","oi":-0.5,"n":1,"sw":1},"geometry":{"type":"LineString","coordinates":[[21.372704,46.173536],[21.37269,46.173528]]}},{"type":"Feature","properties":{"line":"Vladimirescu","mode":"bus","color":"#7c5001","oi":-0.483,"n":1,"sw":1},"geometry":{"type":"LineString","coordinates":[[21.372696,46.173532],[21.372678,46.173523]]}},{"type":"Feature","properties":{"line":"Vladimirescu","mode":"bus","color":"#7c5001","oi":-0.437,"n":1,"sw":1},"geometry":{"type":"LineString","coordinates":[[21.372685,46.173526],[21.372667,46.173517]]}},{"type":"Feature","properties":{"line":"Vladimirescu","mode":"bus","color":"#7c5001","oi":-0.37,"n":1,"sw":1},"geometry":{"type":"LineString","coordinates":[[21.372673,46.17352],[21.372656,46.173511]]}},{"type":"Feature","properties":{"line":"Vladimirescu","mode":"bus","color":"#7c5001","oi":-0.291,"n":1,"sw":1},"geometry":{"type":"LineString","coordinates":[[21.372662,46.173514],[21.372644,46.173505]]}},{"type":"Feature","properties":{"line":"Vladimirescu","mode":"bus","color":"#7c5001","oi":-0.209,"n":1,"sw":1},"geometry":{"type":"LineString","coordinates":[[21.372651,46.173508],[21.372633,46.173499]]}},{"type":"Feature","properties":{"line":"Vladimirescu","mode":"bus","color":"#7c5001","oi":-0.13,"n":1,"sw":1},"geometry":{"type":"LineString","coordinates":[[21.372639,46.173502],[21.372622,46.173493]]}},{"type":"Feature","properties":{"line":"Vladimirescu","mode":"bus","color":"#7c5001","oi":-0.063,"n":1,"sw":1},"geometry":{"type":"LineString","coordinates":[[21.372628,46.173496],[21.372611,46.173487]]}},{"type":"Feature","properties":{"line":"Vladimirescu","mode":"bus","color":"#7c5001","oi":-0.017,"n":1,"sw":1},"geometry":{"type":"LineString","coordinates":[[21.372617,46.17349],[21.372599,46.173481]]}},{"type":"Feature","properties":{"line":"Vladimirescu","mode":"bus","color":"#7c5001","oi":0,"n":1,"sw":1},"geometry":{"type":"LineString","coordinates":[[21.372605,46.173485],[21.372591,46.173477],[21.372587,46.173476]]}},{"type":"Feature","properties":{"line":"Vladimirescu","mode":"bus","color":"#7c5001","oi":0,"n":1,"sw":1},"geometry":{"type":"LineString","coordinates":[[21.372594,46.173479],[21.372591,46.173477],[21.372574,46.173473]]}},{"type":"Feature","properties":{"line":"Vladimirescu","mode":"bus","color":"#7c5001","oi":-0.017,"n":1,"sw":1},"geometry":{"type":"LineString","coordinates":[[21.372581,46.173475],[21.37256,46.17347]]}},{"type":"Feature","properties":{"line":"Vladimirescu","mode":"bus","color":"#7c5001","oi":-0.063,"n":1,"sw":1},"geometry":{"type":"LineString","coordinates":[[21.372568,46.173472],[21.372547,46.173468]]}},{"type":"Feature","properties":{"line":"Vladimirescu","mode":"bus","color":"#7c5001","oi":-0.13,"n":1,"sw":1},"geometry":{"type":"LineString","coordinates":[[21.372554,46.173469],[21.372533,46.173465]]}},{"type":"Feature","properties":{"line":"Vladimirescu","mode":"bus","color":"#7c5001","oi":-0.209,"n":1,"sw":1},"geometry":{"type":"LineString","coordinates":[[21.372541,46.173466],[21.37252,46.173462]]}},{"type":"Feature","properties":{"line":"Vladimirescu","mode":"bus","color":"#7c5001","oi":-0.291,"n":1,"sw":1},"geometry":{"type":"LineString","coordinates":[[21.372527,46.173463],[21.372506,46.173459]]}},{"type":"Feature","properties":{"line":"Vladimirescu","mode":"bus","color":"#7c5001","oi":-0.37,"n":1,"sw":1},"geometry":{"type":"LineString","coordinates":[[21.372514,46.17346],[21.372493,46.173456]]}},{"type":"Feature","properties":{"line":"Vladimirescu","mode":"bus","color":"#7c5001","oi":-0.437,"n":1,"sw":1},"geometry":{"type":"LineString","coordinates":[[21.3725,46.173458],[21.372479,46.173453]]}},{"type":"Feature","properties":{"line":"Vladimirescu","mode":"bus","color":"#7c5001","oi":-0.483,"n":1,"sw":1},"geometry":{"type":"LineString","coordinates":[[21.372487,46.173455],[21.372466,46.17345]]}},{"type":"Feature","properties":{"line":"Vladimirescu","mode":"bus","color":"#7c5001","oi":-0.5,"n":1,"sw":1},"geometry":{"type":"LineString","coordinates":[[21.372473,46.173452],[21.372456,46.173448]]}},{"type":"Feature","properties":{"line":"Vladimirescu","mode":"bus","color":"#7c5001","oi":-1.5,"n":4},"geometry":{"type":"LineString","coordinates":[[21.360445,46.176559],[21.353141,46.178149],[21.345779,46.1798],[21.343,46.180465],[21.342332,46.180601],[21.341653,46.180694],[21.340717,46.1807],[21.340118,46.180638],[21.338926,46.180409],[21.338433,46.180378],[21.338119,46.180387],[21.337905,46.180397],[21.336851,46.180535],[21.334813,46.180858]]}},{"type":"Feature","properties":{"line":"Vladimirescu","mode":"bus","color":"#7c5001","oi":-1.5,"n":4,"sw":1},"geometry":{"type":"LineString","coordinates":[[21.334817,46.180857],[21.334792,46.180861]]}},{"type":"Feature","properties":{"line":"Vladimirescu","mode":"bus","color":"#7c5001","oi":-1.493,"n":4,"sw":1},"geometry":{"type":"LineString","coordinates":[[21.3348,46.18086],[21.334775,46.180864]]}},{"type":"Feature","properties":{"line":"Vladimirescu","mode":"bus","color":"#7c5001","oi":-1.473,"n":4,"sw":1},"geometry":{"type":"LineString","coordinates":[[21.334782,46.180863],[21.334757,46.180867]]}},{"type":"Feature","properties":{"line":"Vladimirescu","mode":"bus","color":"#7c5001","oi":-1.44,"n":4,"sw":1},"geometry":{"type":"LineString","coordinates":[[21.334765,46.180866],[21.33474,46.18087]]}},{"type":"Feature","properties":{"line":"Vladimirescu","mode":"bus","color":"#7c5001","oi":-1.397,"n":4,"sw":1},"geometry":{"type":"LineString","coordinates":[[21.334747,46.180868],[21.334722,46.180872]]}},{"type":"Feature","properties":{"line":"Vladimirescu","mode":"bus","color":"#7c5001","oi":-1.344,"n":4,"sw":1},"geometry":{"type":"LineString","coordinates":[[21.33473,46.180871],[21.334705,46.180875]]}},{"type":"Feature","properties":{"line":"Vladimirescu","mode":"bus","color":"#7c5001","oi":-1.282,"n":4,"sw":1},"geometry":{"type":"LineString","coordinates":[[21.334712,46.180874],[21.334687,46.180878]]}},{"type":"Feature","properties":{"line":"Vladimirescu","mode":"bus","color":"#7c5001","oi":-1.213,"n":4,"sw":1},"geometry":{"type":"LineString","coordinates":[[21.334695,46.180877],[21.33467,46.180881]]}},{"type":"Feature","properties":{"line":"Vladimirescu","mode":"bus","color":"#7c5001","oi":-1.138,"n":4,"sw":1},"geometry":{"type":"LineString","coordinates":[[21.334677,46.180879],[21.334652,46.180883]]}},{"type":"Feature","properties":{"line":"Vladimirescu","mode":"bus","color":"#7c5001","oi":-1.057,"n":4,"sw":1},"geometry":{"type":"LineString","coordinates":[[21.33466,46.180882],[21.334634,46.180886]]}},{"type":"Feature","properties":{"line":"Vladimirescu","mode":"bus","color":"#7c5001","oi":-0.972,"n":4,"sw":1},"geometry":{"type":"LineString","coordinates":[[21.334642,46.180885],[21.334617,46.180889]]}},{"type":"Feature","properties":{"line":"Vladimirescu","mode":"bus","color":"#7c5001","oi":-0.884,"n":4,"sw":1},"geometry":{"type":"LineString","coordinates":[[21.334625,46.180888],[21.334599,46.180892]]}},{"type":"Feature","properties":{"line":"Vladimirescu","mode":"bus","color":"#7c5001","oi":-0.795,"n":4,"sw":1},"geometry":{"type":"LineString","coordinates":[[21.334607,46.180891],[21.334582,46.180895]]}},{"type":"Feature","properties":{"line":"Vladimirescu","mode":"bus","color":"#7c5001","oi":-0.705,"n":4,"sw":1},"geometry":{"type":"LineString","coordinates":[[21.33459,46.180893],[21.334564,46.180897]]}},{"type":"Feature","properties":{"line":"Vladimirescu","mode":"bus","color":"#7c5001","oi":-0.616,"n":4,"sw":1},"geometry":{"type":"LineString","coordinates":[[21.334572,46.180896],[21.334547,46.1809]]}},{"type":"Feature","properties":{"line":"Vladimirescu","mode":"bus","color":"#7c5001","oi":-0.528,"n":4,"sw":1},"geometry":{"type":"LineString","coordinates":[[21.334554,46.180899],[21.334529,46.180903]]}},{"type":"Feature","properties":{"line":"Vladimirescu","mode":"bus","color":"#7c5001","oi":-0.443,"n":4,"sw":1},"geometry":{"type":"LineString","coordinates":[[21.334537,46.180902],[21.334512,46.180906]]}},{"type":"Feature","properties":{"line":"Vladimirescu","mode":"bus","color":"#7c5001","oi":-0.362,"n":4,"sw":1},"geometry":{"type":"LineString","coordinates":[[21.334519,46.180904],[21.334494,46.180908]]}},{"type":"Feature","properties":{"line":"Vladimirescu","mode":"bus","color":"#7c5001","oi":-0.287,"n":4,"sw":1},"geometry":{"type":"LineString","coordinates":[[21.334502,46.180907],[21.334477,46.180911]]}},{"type":"Feature","properties":{"line":"Vladimirescu","mode":"bus","color":"#7c5001","oi":-0.218,"n":4,"sw":1},"geometry":{"type":"LineString","coordinates":[[21.334484,46.18091],[21.334459,46.180914]]}},{"type":"Feature","properties":{"line":"Vladimirescu","mode":"bus","color":"#7c5001","oi":-0.156,"n":4,"sw":1},"geometry":{"type":"LineString","coordinates":[[21.334467,46.180913],[21.334442,46.180917]]}},{"type":"Feature","properties":{"line":"Vladimirescu","mode":"bus","color":"#7c5001","oi":-0.103,"n":4,"sw":1},"geometry":{"type":"LineString","coordinates":[[21.334449,46.180916],[21.334424,46.180919]]}},{"type":"Feature","properties":{"line":"Vladimirescu","mode":"bus","color":"#7c5001","oi":-0.06,"n":4,"sw":1},"geometry":{"type":"LineString","coordinates":[[21.334432,46.180918],[21.334407,46.180922]]}},{"type":"Feature","properties":{"line":"Vladimirescu","mode":"bus","color":"#7c5001","oi":-0.027,"n":4,"sw":1},"geometry":{"type":"LineString","coordinates":[[21.334414,46.180921],[21.334389,46.180925]]}},{"type":"Feature","properties":{"line":"Vladimirescu","mode":"bus","color":"#7c5001","oi":-0.007,"n":4,"sw":1},"geometry":{"type":"LineString","coordinates":[[21.334397,46.180924],[21.334372,46.180928]]}},{"type":"Feature","properties":{"line":"Vladimirescu","mode":"bus","color":"#7c5001","oi":0,"n":4,"sw":1},"geometry":{"type":"LineString","coordinates":[[21.334379,46.180927],[21.334358,46.18093]]}},{"type":"Feature","properties":{"line":"Vladimirescu","mode":"bus","color":"#7c5001","oi":-1,"n":3},"geometry":{"type":"LineString","coordinates":[[21.366412,46.175343],[21.366396,46.175306],[21.366389,46.175296],[21.366376,46.175291],[21.366359,46.175292],[21.365032,46.175555],[21.36089,46.176461]]}},{"type":"Feature","properties":{"line":"Vladimirescu","mode":"bus","color":"#7c5001","oi":-1,"n":3,"sw":1},"geometry":{"type":"LineString","coordinates":[[21.360894,46.176461],[21.360842,46.176472]]}},{"type":"Feature","properties":{"line":"Vladimirescu","mode":"bus","color":"#7c5001","oi":-1.017,"n":3,"sw":1},"geometry":{"type":"LineString","coordinates":[[21.36085,46.17647],[21.360798,46.176482]]}},{"type":"Feature","properties":{"line":"Vladimirescu","mode":"bus","color":"#7c5001","oi":-1.063,"n":3,"sw":1},"geometry":{"type":"LineString","coordinates":[[21.360805,46.17648],[21.360753,46.176492]]}},{"type":"Feature","properties":{"line":"Vladimirescu","mode":"bus","color":"#7c5001","oi":-1.13,"n":3,"sw":1},"geometry":{"type":"LineString","coordinates":[[21.360761,46.17649],[21.360709,46.176501]]}},{"type":"Feature","properties":{"line":"Vladimirescu","mode":"bus","color":"#7c5001","oi":-1.209,"n":3,"sw":1},"geometry":{"type":"LineString","coordinates":[[21.360716,46.1765],[21.360664,46.176511]]}},{"type":"Feature","properties":{"line":"Vladimirescu","mode":"bus","color":"#7c5001","oi":-1.291,"n":3,"sw":1},"geometry":{"type":"LineString","coordinates":[[21.360671,46.176509],[21.360619,46.176521]]}},{"type":"Feature","properties":{"line":"Vladimirescu","mode":"bus","color":"#7c5001","oi":-1.37,"n":3,"sw":1},"geometry":{"type":"LineString","coordinates":[[21.360627,46.176519],[21.360575,46.176531]]}},{"type":"Feature","properties":{"line":"Vladimirescu","mode":"bus","color":"#7c5001","oi":-1.437,"n":3,"sw":1},"geometry":{"type":"LineString","coordinates":[[21.360582,46.176529],[21.36053,46.17654]]}},{"type":"Feature","properties":{"line":"Vladimirescu","mode":"bus","color":"#7c5001","oi":-1.483,"n":3,"sw":1},"geometry":{"type":"LineString","coordinates":[[21.360538,46.176539],[21.360486,46.17655]]}},{"type":"Feature","properties":{"line":"Vladimirescu","mode":"bus","color":"#7c5001","oi":-1.5,"n":3,"sw":1},"geometry":{"type":"LineString","coordinates":[[21.360493,46.176548],[21.360445,46.176559]]}},{"type":"Feature","properties":{"line":"Vladimirescu","mode":"bus","color":"#7c5001","oi":-1,"n":3},"geometry":{"type":"LineString","coordinates":[[21.334847,46.180981],[21.337661,46.180546],[21.338043,46.180511],[21.3383,46.180505],[21.338815,46.180538],[21.34012,46.180766],[21.340675,46.180814],[21.341166,46.180827],[21.34163,46.180808],[21.342343,46.180722],[21.344482,46.180271],[21.347554,46.179536],[21.351852,46.178564],[21.360501,46.176683]]}},{"type":"Feature","properties":{"line":"Vladimirescu","mode":"bus","color":"#7c5001","oi":0,"n":3,"sw":1},"geometry":{"type":"LineString","coordinates":[[21.334391,46.181051],[21.33442,46.181047]]}},{"type":"Feature","properties":{"line":"Vladimirescu","mode":"bus","color":"#7c5001","oi":-0.01,"n":3,"sw":1},"geometry":{"type":"LineString","coordinates":[[21.334413,46.181048],[21.334445,46.181043]]}},{"type":"Feature","properties":{"line":"Vladimirescu","mode":"bus","color":"#7c5001","oi":-0.038,"n":3,"sw":1},"geometry":{"type":"LineString","coordinates":[[21.334438,46.181044],[21.334471,46.181039]]}},{"type":"Feature","properties":{"line":"Vladimirescu","mode":"bus","color":"#7c5001","oi":-0.082,"n":3,"sw":1},"geometry":{"type":"LineString","coordinates":[[21.334463,46.18104],[21.334496,46.181035]]}},{"type":"Feature","properties":{"line":"Vladimirescu","mode":"bus","color":"#7c5001","oi":-0.14,"n":3,"sw":1},"geometry":{"type":"LineString","coordinates":[[21.334489,46.181036],[21.334521,46.181031]]}},{"type":"Feature","properties":{"line":"Vladimirescu","mode":"bus","color":"#7c5001","oi":-0.209,"n":3,"sw":1},"geometry":{"type":"LineString","coordinates":[[21.334514,46.181032],[21.334547,46.181027]]}},{"type":"Feature","properties":{"line":"Vladimirescu","mode":"bus","color":"#7c5001","oi":-0.286,"n":3,"sw":1},"geometry":{"type":"LineString","coordinates":[[21.334539,46.181028],[21.334572,46.181023]]}},{"type":"Feature","properties":{"line":"Vladimirescu","mode":"bus","color":"#7c5001","oi":-0.369,"n":3,"sw":1},"geometry":{"type":"LineString","coordinates":[[21.334565,46.181024],[21.334597,46.181019]]}},{"type":"Feature","properties":{"line":"Vladimirescu","mode":"bus","color":"#7c5001","oi":-0.456,"n":3,"sw":1},"geometry":{"type":"LineString","coordinates":[[21.33459,46.18102],[21.334623,46.181015]]}},{"type":"Feature","properties":{"line":"Vladimirescu","mode":"bus","color":"#7c5001","oi":-0.544,"n":3,"sw":1},"geometry":{"type":"LineString","coordinates":[[21.334615,46.181016],[21.334648,46.181011]]}},{"type":"Feature","properties":{"line":"Vladimirescu","mode":"bus","color":"#7c5001","oi":-0.631,"n":3,"sw":1},"geometry":{"type":"LineString","coordinates":[[21.334641,46.181012],[21.334673,46.181007]]}},{"type":"Feature","properties":{"line":"Vladimirescu","mode":"bus","color":"#7c5001","oi":-0.714,"n":3,"sw":1},"geometry":{"type":"LineString","coordinates":[[21.334666,46.181009],[21.334699,46.181003]]}},{"type":"Feature","properties":{"line":"Vladimirescu","mode":"bus","color":"#7c5001","oi":-0.791,"n":3,"sw":1},"geometry":{"type":"LineString","coordinates":[[21.334691,46.181005],[21.334724,46.181]]}},{"type":"Feature","properties":{"line":"Vladimirescu","mode":"bus","color":"#7c5001","oi":-0.86,"n":3,"sw":1},"geometry":{"type":"LineString","coordinates":[[21.334717,46.181001],[21.334749,46.180996]]}},{"type":"Feature","properties":{"line":"Vladimirescu","mode":"bus","color":"#7c5001","oi":-0.918,"n":3,"sw":1},"geometry":{"type":"LineString","coordinates":[[21.334742,46.180997],[21.334775,46.180992]]}},{"type":"Feature","properties":{"line":"Vladimirescu","mode":"bus","color":"#7c5001","oi":-0.962,"n":3,"sw":1},"geometry":{"type":"LineString","coordinates":[[21.334767,46.180993],[21.3348,46.180988]]}},{"type":"Feature","properties":{"line":"Vladimirescu","mode":"bus","color":"#7c5001","oi":-0.99,"n":3,"sw":1},"geometry":{"type":"LineString","coordinates":[[21.334793,46.180989],[21.334825,46.180984]]}},{"type":"Feature","properties":{"line":"Vladimirescu","mode":"bus","color":"#7c5001","oi":-1,"n":3,"sw":1},"geometry":{"type":"LineString","coordinates":[[21.334818,46.180985],[21.334851,46.18098]]}},{"type":"Feature","properties":{"line":"7A","mode":"bus","color":"#4d4aba","oi":0,"n":4,"sw":1},"geometry":{"type":"LineString","coordinates":[[21.324432,46.182425],[21.324417,46.182427]]}},{"type":"Feature","properties":{"line":"7A","mode":"bus","color":"#4d4aba","oi":0.009,"n":4,"sw":1},"geometry":{"type":"LineString","coordinates":[[21.324424,46.182426],[21.324405,46.182429]]}},{"type":"Feature","properties":{"line":"7A","mode":"bus","color":"#4d4aba","oi":0.035,"n":4,"sw":1},"geometry":{"type":"LineString","coordinates":[[21.324413,46.182428],[21.324394,46.182431]]}},{"type":"Feature","properties":{"line":"7A","mode":"bus","color":"#4d4aba","oi":0.076,"n":4,"sw":1},"geometry":{"type":"LineString","coordinates":[[21.324401,46.18243],[21.324382,46.182432]]}},{"type":"Feature","properties":{"line":"7A","mode":"bus","color":"#4d4aba","oi":0.131,"n":4,"sw":1},"geometry":{"type":"LineString","coordinates":[[21.32439,46.182431],[21.324371,46.182434]]}},{"type":"Feature","properties":{"line":"7A","mode":"bus","color":"#4d4aba","oi":0.197,"n":4,"sw":1},"geometry":{"type":"LineString","coordinates":[[21.324378,46.182433],[21.324359,46.182436]]}},{"type":"Feature","properties":{"line":"7A","mode":"bus","color":"#4d4aba","oi":0.274,"n":4,"sw":1},"geometry":{"type":"LineString","coordinates":[[21.324367,46.182435],[21.324348,46.182438]]}},{"type":"Feature","properties":{"line":"7A","mode":"bus","color":"#4d4aba","oi":0.359,"n":4,"sw":1},"geometry":{"type":"LineString","coordinates":[[21.324355,46.182436],[21.324336,46.182439]]}},{"type":"Feature","properties":{"line":"7A","mode":"bus","color":"#4d4aba","oi":0.451,"n":4,"sw":1},"geometry":{"type":"LineString","coordinates":[[21.324344,46.182438],[21.324324,46.182441]]}},{"type":"Feature","properties":{"line":"7A","mode":"bus","color":"#4d4aba","oi":0.548,"n":4,"sw":1},"geometry":{"type":"LineString","coordinates":[[21.324332,46.18244],[21.324313,46.182443]]}},{"type":"Feature","properties":{"line":"7A","mode":"bus","color":"#4d4aba","oi":0.648,"n":4,"sw":1},"geometry":{"type":"LineString","coordinates":[[21.324321,46.182442],[21.324301,46.182444]]}},{"type":"Feature","properties":{"line":"7A","mode":"bus","color":"#4d4aba","oi":0.75,"n":4,"sw":1},"geometry":{"type":"LineString","coordinates":[[21.324309,46.182443],[21.32429,46.182446]]}},{"type":"Feature","properties":{"line":"7A","mode":"bus","color":"#4d4aba","oi":0.852,"n":4,"sw":1},"geometry":{"type":"LineString","coordinates":[[21.324298,46.182445],[21.324278,46.182448]]}},{"type":"Feature","properties":{"line":"7A","mode":"bus","color":"#4d4aba","oi":0.952,"n":4,"sw":1},"geometry":{"type":"LineString","coordinates":[[21.324286,46.182447],[21.324267,46.18245]]}},{"type":"Feature","properties":{"line":"7A","mode":"bus","color":"#4d4aba","oi":1.049,"n":4,"sw":1},"geometry":{"type":"LineString","coordinates":[[21.324275,46.182448],[21.324255,46.182451]]}},{"type":"Feature","properties":{"line":"7A","mode":"bus","color":"#4d4aba","oi":1.141,"n":4,"sw":1},"geometry":{"type":"LineString","coordinates":[[21.324263,46.18245],[21.324244,46.182453]]}},{"type":"Feature","properties":{"line":"7A","mode":"bus","color":"#4d4aba","oi":1.226,"n":4,"sw":1},"geometry":{"type":"LineString","coordinates":[[21.324251,46.182452],[21.324232,46.182455]]}},{"type":"Feature","properties":{"line":"7A","mode":"bus","color":"#4d4aba","oi":1.303,"n":4,"sw":1},"geometry":{"type":"LineString","coordinates":[[21.32424,46.182454],[21.324221,46.182456]]}},{"type":"Feature","properties":{"line":"7A","mode":"bus","color":"#4d4aba","oi":1.369,"n":4,"sw":1},"geometry":{"type":"LineString","coordinates":[[21.324228,46.182455],[21.324209,46.182458]]}},{"type":"Feature","properties":{"line":"7A","mode":"bus","color":"#4d4aba","oi":1.424,"n":4,"sw":1},"geometry":{"type":"LineString","coordinates":[[21.324217,46.182457],[21.324198,46.18246]]}},{"type":"Feature","properties":{"line":"7A","mode":"bus","color":"#4d4aba","oi":1.465,"n":4,"sw":1},"geometry":{"type":"LineString","coordinates":[[21.324205,46.182459],[21.324186,46.182462]]}},{"type":"Feature","properties":{"line":"7A","mode":"bus","color":"#4d4aba","oi":1.491,"n":4,"sw":1},"geometry":{"type":"LineString","coordinates":[[21.324194,46.18246],[21.324175,46.182463]]}},{"type":"Feature","properties":{"line":"7A","mode":"bus","color":"#4d4aba","oi":1.5,"n":4,"sw":1},"geometry":{"type":"LineString","coordinates":[[21.324182,46.182462],[21.324163,46.182465]]}},{"type":"Feature","properties":{"line":"7A","mode":"bus","color":"#4d4aba","oi":1.5,"n":4,"sw":1},"geometry":{"type":"LineString","coordinates":[[21.324171,46.182464],[21.324152,46.182467]]}},{"type":"Feature","properties":{"line":"7A","mode":"bus","color":"#4d4aba","oi":1.491,"n":4,"sw":1},"geometry":{"type":"LineString","coordinates":[[21.324159,46.182466],[21.32414,46.182469]]}},{"type":"Feature","properties":{"line":"7A","mode":"bus","color":"#4d4aba","oi":1.465,"n":4,"sw":1},"geometry":{"type":"LineString","coordinates":[[21.324148,46.182467],[21.324129,46.18247]]}},{"type":"Feature","properties":{"line":"7A","mode":"bus","color":"#4d4aba","oi":1.424,"n":4,"sw":1},"geometry":{"type":"LineString","coordinates":[[21.324136,46.182469],[21.324117,46.182472]]}},{"type":"Feature","properties":{"line":"7A","mode":"bus","color":"#4d4aba","oi":1.369,"n":4,"sw":1},"geometry":{"type":"LineString","coordinates":[[21.324125,46.182471],[21.324106,46.182474]]}},{"type":"Feature","properties":{"line":"7A","mode":"bus","color":"#4d4aba","oi":1.303,"n":4,"sw":1},"geometry":{"type":"LineString","coordinates":[[21.324113,46.182473],[21.324094,46.182475]]}},{"type":"Feature","properties":{"line":"7A","mode":"bus","color":"#4d4aba","oi":1.226,"n":4,"sw":1},"geometry":{"type":"LineString","coordinates":[[21.324102,46.182474],[21.324083,46.182477]]}},{"type":"Feature","properties":{"line":"7A","mode":"bus","color":"#4d4aba","oi":1.141,"n":4,"sw":1},"geometry":{"type":"LineString","coordinates":[[21.32409,46.182476],[21.324071,46.182479]]}},{"type":"Feature","properties":{"line":"7A","mode":"bus","color":"#4d4aba","oi":1.049,"n":4,"sw":1},"geometry":{"type":"LineString","coordinates":[[21.324079,46.182478],[21.324059,46.182481]]}},{"type":"Feature","properties":{"line":"7A","mode":"bus","color":"#4d4aba","oi":0.952,"n":4,"sw":1},"geometry":{"type":"LineString","coordinates":[[21.324067,46.182479],[21.324048,46.182482]]}},{"type":"Feature","properties":{"line":"7A","mode":"bus","color":"#4d4aba","oi":0.852,"n":4,"sw":1},"geometry":{"type":"LineString","coordinates":[[21.324056,46.182481],[21.324036,46.182484]]}},{"type":"Feature","properties":{"line":"7A","mode":"bus","color":"#4d4aba","oi":0.75,"n":4,"sw":1},"geometry":{"type":"LineString","coordinates":[[21.324044,46.182483],[21.324025,46.182486]]}},{"type":"Feature","properties":{"line":"7A","mode":"bus","color":"#4d4aba","oi":0.648,"n":4,"sw":1},"geometry":{"type":"LineString","coordinates":[[21.324033,46.182485],[21.324013,46.182487]]}},{"type":"Feature","properties":{"line":"7A","mode":"bus","color":"#4d4aba","oi":0.548,"n":4,"sw":1},"geometry":{"type":"LineString","coordinates":[[21.324021,46.182486],[21.324002,46.182489]]}},{"type":"Feature","properties":{"line":"7A","mode":"bus","color":"#4d4aba","oi":0.451,"n":4,"sw":1},"geometry":{"type":"LineString","coordinates":[[21.32401,46.182488],[21.32399,46.182491]]}},{"type":"Feature","properties":{"line":"7A","mode":"bus","color":"#4d4aba","oi":0.359,"n":4,"sw":1},"geometry":{"type":"LineString","coordinates":[[21.323998,46.18249],[21.323979,46.182493]]}},{"type":"Feature","properties":{"line":"7A","mode":"bus","color":"#4d4aba","oi":0.274,"n":4,"sw":1},"geometry":{"type":"LineString","coordinates":[[21.323986,46.182491],[21.323967,46.182494]]}},{"type":"Feature","properties":{"line":"7A","mode":"bus","color":"#4d4aba","oi":0.197,"n":4,"sw":1},"geometry":{"type":"LineString","coordinates":[[21.323975,46.182493],[21.323956,46.182496]]}},{"type":"Feature","properties":{"line":"7A","mode":"bus","color":"#4d4aba","oi":0.131,"n":4,"sw":1},"geometry":{"type":"LineString","coordinates":[[21.323963,46.182495],[21.323944,46.182498]]}},{"type":"Feature","properties":{"line":"7A","mode":"bus","color":"#4d4aba","oi":0.076,"n":4,"sw":1},"geometry":{"type":"LineString","coordinates":[[21.323952,46.182497],[21.323933,46.182499]]}},{"type":"Feature","properties":{"line":"7A","mode":"bus","color":"#4d4aba","oi":0.035,"n":4,"sw":1},"geometry":{"type":"LineString","coordinates":[[21.32394,46.182498],[21.323921,46.182501]]}},{"type":"Feature","properties":{"line":"7A","mode":"bus","color":"#4d4aba","oi":0.009,"n":4,"sw":1},"geometry":{"type":"LineString","coordinates":[[21.323929,46.1825],[21.32391,46.182503]]}},{"type":"Feature","properties":{"line":"7A","mode":"bus","color":"#4d4aba","oi":0,"n":4,"sw":1},"geometry":{"type":"LineString","coordinates":[[21.323917,46.182502],[21.323902,46.182504]]}},{"type":"Feature","properties":{"line":"7A","mode":"bus","color":"#4d4aba","oi":0,"n":4,"sw":1},"geometry":{"type":"LineString","coordinates":[[21.325076,46.182482],[21.325063,46.182488]]}},{"type":"Feature","properties":{"line":"7A","mode":"bus","color":"#4d4aba","oi":0.007,"n":4,"sw":1},"geometry":{"type":"LineString","coordinates":[[21.325069,46.182485],[21.325053,46.182493]]}},{"type":"Feature","properties":{"line":"7A","mode":"bus","color":"#4d4aba","oi":0.027,"n":4,"sw":1},"geometry":{"type":"LineString","coordinates":[[21.325059,46.18249],[21.325043,46.182497]]}},{"type":"Feature","properties":{"line":"7A","mode":"bus","color":"#4d4aba","oi":0.06,"n":4,"sw":1},"geometry":{"type":"LineString","coordinates":[[21.325049,46.182494],[21.325033,46.182502]]}},{"type":"Feature","properties":{"line":"7A","mode":"bus","color":"#4d4aba","oi":0.103,"n":4,"sw":1},"geometry":{"type":"LineString","coordinates":[[21.325039,46.182499],[21.325023,46.182506]]}},{"type":"Feature","properties":{"line":"7A","mode":"bus","color":"#4d4aba","oi":0.156,"n":4,"sw":1},"geometry":{"type":"LineString","coordinates":[[21.32503,46.182503],[21.325013,46.182511]]}},{"type":"Feature","properties":{"line":"7A","mode":"bus","color":"#4d4aba","oi":0.218,"n":4,"sw":1},"geometry":{"type":"LineString","coordinates":[[21.32502,46.182508],[21.325003,46.182515]]}},{"type":"Feature","properties":{"line":"7A","mode":"bus","color":"#4d4aba","oi":0.287,"n":4,"sw":1},"geometry":{"type":"LineString","coordinates":[[21.32501,46.182512],[21.324993,46.18252]]}},{"type":"Feature","properties":{"line":"7A","mode":"bus","color":"#4d4aba","oi":0.362,"n":4,"sw":1},"geometry":{"type":"LineString","coordinates":[[21.325,46.182517],[21.324983,46.182525]]}},{"type":"Feature","properties":{"line":"7A","mode":"bus","color":"#4d4aba","oi":0.443,"n":4,"sw":1},"geometry":{"type":"LineString","coordinates":[[21.32499,46.182522],[21.324973,46.182529]]}},{"type":"Feature","properties":{"line":"7A","mode":"bus","color":"#4d4aba","oi":0.528,"n":4,"sw":1},"geometry":{"type":"LineString","coordinates":[[21.32498,46.182526],[21.324963,46.182534]]}},{"type":"Feature","properties":{"line":"7A","mode":"bus","color":"#4d4aba","oi":0.616,"n":4,"sw":1},"geometry":{"type":"LineString","coordinates":[[21.32497,46.182531],[21.324953,46.182538]]}},{"type":"Feature","properties":{"line":"7A","mode":"bus","color":"#4d4aba","oi":0.705,"n":4,"sw":1},"geometry":{"type":"LineString","coordinates":[[21.32496,46.182535],[21.324944,46.182543]]}},{"type":"Feature","properties":{"line":"7A","mode":"bus","color":"#4d4aba","oi":0.795,"n":4,"sw":1},"geometry":{"type":"LineString","coordinates":[[21.32495,46.18254],[21.324934,46.182547]]}},{"type":"Feature","properties":{"line":"7A","mode":"bus","color":"#4d4aba","oi":0.884,"n":4,"sw":1},"geometry":{"type":"LineString","coordinates":[[21.32494,46.182544],[21.324924,46.182552]]}},{"type":"Feature","properties":{"line":"7A","mode":"bus","color":"#4d4aba","oi":0.972,"n":4,"sw":1},"geometry":{"type":"LineString","coordinates":[[21.32493,46.182549],[21.324914,46.182556]]}},{"type":"Feature","properties":{"line":"7A","mode":"bus","color":"#4d4aba","oi":1.057,"n":4,"sw":1},"geometry":{"type":"LineString","coordinates":[[21.32492,46.182553],[21.324904,46.182561]]}},{"type":"Feature","properties":{"line":"7A","mode":"bus","color":"#4d4aba","oi":1.138,"n":4,"sw":1},"geometry":{"type":"LineString","coordinates":[[21.32491,46.182558],[21.324894,46.182566]]}},{"type":"Feature","properties":{"line":"7A","mode":"bus","color":"#4d4aba","oi":1.213,"n":4,"sw":1},"geometry":{"type":"LineString","coordinates":[[21.3249,46.182563],[21.324884,46.18257]]}},{"type":"Feature","properties":{"line":"7A","mode":"bus","color":"#4d4aba","oi":1.282,"n":4,"sw":1},"geometry":{"type":"LineString","coordinates":[[21.32489,46.182567],[21.324874,46.182575]]}},{"type":"Feature","properties":{"line":"7A","mode":"bus","color":"#4d4aba","oi":1.344,"n":4,"sw":1},"geometry":{"type":"LineString","coordinates":[[21.32488,46.182572],[21.324864,46.182579]]}},{"type":"Feature","properties":{"line":"7A","mode":"bus","color":"#4d4aba","oi":1.397,"n":4,"sw":1},"geometry":{"type":"LineString","coordinates":[[21.32487,46.182576],[21.324854,46.182584]]}},{"type":"Feature","properties":{"line":"7A","mode":"bus","color":"#4d4aba","oi":1.44,"n":4,"sw":1},"geometry":{"type":"LineString","coordinates":[[21.324861,46.182581],[21.324844,46.182588]]}},{"type":"Feature","properties":{"line":"7A","mode":"bus","color":"#4d4aba","oi":1.473,"n":4,"sw":1},"geometry":{"type":"LineString","coordinates":[[21.324851,46.182585],[21.324834,46.182593]]}},{"type":"Feature","properties":{"line":"7A","mode":"bus","color":"#4d4aba","oi":1.493,"n":4,"sw":1},"geometry":{"type":"LineString","coordinates":[[21.324841,46.18259],[21.324824,46.182597]]}},{"type":"Feature","properties":{"line":"7A","mode":"bus","color":"#4d4aba","oi":1.5,"n":4,"sw":1},"geometry":{"type":"LineString","coordinates":[[21.324831,46.182594],[21.324814,46.182602]]}},{"type":"Feature","properties":{"line":"7A","mode":"bus","color":"#4d4aba","oi":1.5,"n":4,"sw":1},"geometry":{"type":"LineString","coordinates":[[21.324821,46.182599],[21.324804,46.182607]]}},{"type":"Feature","properties":{"line":"7A","mode":"bus","color":"#4d4aba","oi":1.493,"n":4,"sw":1},"geometry":{"type":"LineString","coordinates":[[21.324811,46.182604],[21.324794,46.182611]]}},{"type":"Feature","properties":{"line":"7A","mode":"bus","color":"#4d4aba","oi":1.473,"n":4,"sw":1},"geometry":{"type":"LineString","coordinates":[[21.324801,46.182608],[21.324784,46.182616]]}},{"type":"Feature","properties":{"line":"7A","mode":"bus","color":"#4d4aba","oi":1.44,"n":4,"sw":1},"geometry":{"type":"LineString","coordinates":[[21.324791,46.182613],[21.324774,46.18262]]}},{"type":"Feature","properties":{"line":"7A","mode":"bus","color":"#4d4aba","oi":1.397,"n":4,"sw":1},"geometry":{"type":"LineString","coordinates":[[21.324781,46.182617],[21.324765,46.182625]]}},{"type":"Feature","properties":{"line":"7A","mode":"bus","color":"#4d4aba","oi":1.344,"n":4,"sw":1},"geometry":{"type":"LineString","coordinates":[[21.324771,46.182622],[21.324755,46.182629]]}},{"type":"Feature","properties":{"line":"7A","mode":"bus","color":"#4d4aba","oi":1.282,"n":4,"sw":1},"geometry":{"type":"LineString","coordinates":[[21.324761,46.182626],[21.324745,46.182634]]}},{"type":"Feature","properties":{"line":"7A","mode":"bus","color":"#4d4aba","oi":1.213,"n":4,"sw":1},"geometry":{"type":"LineString","coordinates":[[21.324751,46.182631],[21.324735,46.182638]]}},{"type":"Feature","properties":{"line":"7A","mode":"bus","color":"#4d4aba","oi":1.138,"n":4,"sw":1},"geometry":{"type":"LineString","coordinates":[[21.324741,46.182635],[21.324725,46.182643]]}},{"type":"Feature","properties":{"line":"7A","mode":"bus","color":"#4d4aba","oi":1.057,"n":4,"sw":1},"geometry":{"type":"LineString","coordinates":[[21.324731,46.18264],[21.324715,46.182648]]}},{"type":"Feature","properties":{"line":"7A","mode":"bus","color":"#4d4aba","oi":0.972,"n":4,"sw":1},"geometry":{"type":"LineString","coordinates":[[21.324721,46.182645],[21.324705,46.182652]]}},{"type":"Feature","properties":{"line":"7A","mode":"bus","color":"#4d4aba","oi":0.884,"n":4,"sw":1},"geometry":{"type":"LineString","coordinates":[[21.324711,46.182649],[21.324695,46.182657]]}},{"type":"Feature","properties":{"line":"7A","mode":"bus","color":"#4d4aba","oi":0.795,"n":4,"sw":1},"geometry":{"type":"LineString","coordinates":[[21.324701,46.182654],[21.324685,46.182661]]}},{"type":"Feature","properties":{"line":"7A","mode":"bus","color":"#4d4aba","oi":0.705,"n":4,"sw":1},"geometry":{"type":"LineString","coordinates":[[21.324691,46.182658],[21.324675,46.182666]]}},{"type":"Feature","properties":{"line":"7A","mode":"bus","color":"#4d4aba","oi":0.616,"n":4,"sw":1},"geometry":{"type":"LineString","coordinates":[[21.324682,46.182663],[21.324665,46.18267]]}},{"type":"Feature","properties":{"line":"7A","mode":"bus","color":"#4d4aba","oi":0.528,"n":4,"sw":1},"geometry":{"type":"LineString","coordinates":[[21.324672,46.182667],[21.324655,46.182675]]}},{"type":"Feature","properties":{"line":"7A","mode":"bus","color":"#4d4aba","oi":0.443,"n":4,"sw":1},"geometry":{"type":"LineString","coordinates":[[21.324662,46.182672],[21.324645,46.182679]]}},{"type":"Feature","properties":{"line":"7A","mode":"bus","color":"#4d4aba","oi":0.362,"n":4,"sw":1},"geometry":{"type":"LineString","coordinates":[[21.324652,46.182676],[21.324635,46.182684]]}},{"type":"Feature","properties":{"line":"7A","mode":"bus","color":"#4d4aba","oi":0.287,"n":4,"sw":1},"geometry":{"type":"LineString","coordinates":[[21.324642,46.182681],[21.324625,46.182689]]}},{"type":"Feature","properties":{"line":"7A","mode":"bus","color":"#4d4aba","oi":0.218,"n":4,"sw":1},"geometry":{"type":"LineString","coordinates":[[21.324632,46.182686],[21.324615,46.182693]]}},{"type":"Feature","properties":{"line":"7A","mode":"bus","color":"#4d4aba","oi":0.156,"n":4,"sw":1},"geometry":{"type":"LineString","coordinates":[[21.324622,46.18269],[21.324605,46.182698]]}},{"type":"Feature","properties":{"line":"7A","mode":"bus","color":"#4d4aba","oi":0.103,"n":4,"sw":1},"geometry":{"type":"LineString","coordinates":[[21.324612,46.182695],[21.324596,46.182702]]}},{"type":"Feature","properties":{"line":"7A","mode":"bus","color":"#4d4aba","oi":0.06,"n":4,"sw":1},"geometry":{"type":"LineString","coordinates":[[21.324602,46.182699],[21.324586,46.182707]]}},{"type":"Feature","properties":{"line":"7A","mode":"bus","color":"#4d4aba","oi":0.027,"n":4,"sw":1},"geometry":{"type":"LineString","coordinates":[[21.324592,46.182704],[21.324576,46.182711]]}},{"type":"Feature","properties":{"line":"7A","mode":"bus","color":"#4d4aba","oi":0.007,"n":4,"sw":1},"geometry":{"type":"LineString","coordinates":[[21.324582,46.182708],[21.324566,46.182716]]}},{"type":"Feature","properties":{"line":"7A","mode":"bus","color":"#4d4aba","oi":0,"n":4,"sw":1},"geometry":{"type":"LineString","coordinates":[[21.324572,46.182713],[21.324559,46.182719]]}},{"type":"Feature","properties":{"line":"7A","mode":"bus","color":"#4d4aba","oi":1.5,"n":4},"geometry":{"type":"LineString","coordinates":[[21.324057,46.18303],[21.324033,46.183045]]}},{"type":"Feature","properties":{"line":"7A","mode":"bus","color":"#4d4aba","oi":0,"n":4,"sw":1},"geometry":{"type":"LineString","coordinates":[[21.324401,46.182811],[21.324385,46.182821]]}},{"type":"Feature","properties":{"line":"7A","mode":"bus","color":"#4d4aba","oi":0.007,"n":4,"sw":1},"geometry":{"type":"LineString","coordinates":[[21.324391,46.182818],[21.324372,46.18283]]}},{"type":"Feature","properties":{"line":"7A","mode":"bus","color":"#4d4aba","oi":0.027,"n":4,"sw":1},"geometry":{"type":"LineString","coordinates":[[21.324377,46.182826],[21.324358,46.182838]]}},{"type":"Feature","properties":{"line":"7A","mode":"bus","color":"#4d4aba","oi":0.06,"n":4,"sw":1},"geometry":{"type":"LineString","coordinates":[[21.324364,46.182834],[21.324345,46.182846]]}},{"type":"Feature","properties":{"line":"7A","mode":"bus","color":"#4d4aba","oi":0.103,"n":4,"sw":1},"geometry":{"type":"LineString","coordinates":[[21.324351,46.182843],[21.324332,46.182855]]}},{"type":"Feature","properties":{"line":"7A","mode":"bus","color":"#4d4aba","oi":0.156,"n":4,"sw":1},"geometry":{"type":"LineString","coordinates":[[21.324338,46.182851],[21.324319,46.182863]]}},{"type":"Feature","properties":{"line":"7A","mode":"bus","color":"#4d4aba","oi":0.218,"n":4,"sw":1},"geometry":{"type":"LineString","coordinates":[[21.324324,46.18286],[21.324305,46.182872]]}},{"type":"Feature","properties":{"line":"7A","mode":"bus","color":"#4d4aba","oi":0.287,"n":4,"sw":1},"geometry":{"type":"LineString","coordinates":[[21.324311,46.182868],[21.324292,46.18288]]}},{"type":"Feature","properties":{"line":"7A","mode":"bus","color":"#4d4aba","oi":0.362,"n":4,"sw":1},"geometry":{"type":"LineString","coordinates":[[21.324298,46.182877],[21.324279,46.182889]]}},{"type":"Feature","properties":{"line":"7A","mode":"bus","color":"#4d4aba","oi":0.443,"n":4,"sw":1},"geometry":{"type":"LineString","coordinates":[[21.324285,46.182885],[21.324266,46.182897]]}},{"type":"Feature","properties":{"line":"7A","mode":"bus","color":"#4d4aba","oi":0.528,"n":4,"sw":1},"geometry":{"type":"LineString","coordinates":[[21.324271,46.182893],[21.324252,46.182905]]}},{"type":"Feature","properties":{"line":"7A","mode":"bus","color":"#4d4aba","oi":0.616,"n":4,"sw":1},"geometry":{"type":"LineString","coordinates":[[21.324258,46.182902],[21.324239,46.182914]]}},{"type":"Feature","properties":{"line":"7A","mode":"bus","color":"#4d4aba","oi":0.705,"n":4,"sw":1},"geometry":{"type":"LineString","coordinates":[[21.324245,46.18291],[21.324226,46.182922]]}},{"type":"Feature","properties":{"line":"7A","mode":"bus","color":"#4d4aba","oi":0.795,"n":4,"sw":1},"geometry":{"type":"LineString","coordinates":[[21.324232,46.182919],[21.324213,46.182931]]}},{"type":"Feature","properties":{"line":"7A","mode":"bus","color":"#4d4aba","oi":0.884,"n":4,"sw":1},"geometry":{"type":"LineString","coordinates":[[21.324218,46.182927],[21.324199,46.182939]]}},{"type":"Feature","properties":{"line":"7A","mode":"bus","color":"#4d4aba","oi":0.972,"n":4,"sw":1},"geometry":{"type":"LineString","coordinates":[[21.324205,46.182935],[21.324186,46.182947]]}},{"type":"Feature","properties":{"line":"7A","mode":"bus","color":"#4d4aba","oi":1.057,"n":4,"sw":1},"geometry":{"type":"LineString","coordinates":[[21.324192,46.182944],[21.324173,46.182956]]}},{"type":"Feature","properties":{"line":"7A","mode":"bus","color":"#4d4aba","oi":1.138,"n":4,"sw":1},"geometry":{"type":"LineString","coordinates":[[21.324179,46.182952],[21.32416,46.182964]]}},{"type":"Feature","properties":{"line":"7A","mode":"bus","color":"#4d4aba","oi":1.213,"n":4,"sw":1},"geometry":{"type":"LineString","coordinates":[[21.324165,46.182961],[21.324146,46.182973]]}},{"type":"Feature","properties":{"line":"7A","mode":"bus","color":"#4d4aba","oi":1.282,"n":4,"sw":1},"geometry":{"type":"LineString","coordinates":[[21.324152,46.182969],[21.324133,46.182981]]}},{"type":"Feature","properties":{"line":"7A","mode":"bus","color":"#4d4aba","oi":1.344,"n":4,"sw":1},"geometry":{"type":"LineString","coordinates":[[21.324139,46.182978],[21.32412,46.18299]]}},{"type":"Feature","properties":{"line":"7A","mode":"bus","color":"#4d4aba","oi":1.397,"n":4,"sw":1},"geometry":{"type":"LineString","coordinates":[[21.324126,46.182986],[21.324107,46.182998]]}},{"type":"Feature","properties":{"line":"7A","mode":"bus","color":"#4d4aba","oi":1.44,"n":4,"sw":1},"geometry":{"type":"LineString","coordinates":[[21.324112,46.182994],[21.324093,46.183006]]}},{"type":"Feature","properties":{"line":"7A","mode":"bus","color":"#4d4aba","oi":1.473,"n":4,"sw":1},"geometry":{"type":"LineString","coordinates":[[21.324099,46.183003],[21.32408,46.183015]]}},{"type":"Feature","properties":{"line":"7A","mode":"bus","color":"#4d4aba","oi":1.493,"n":4,"sw":1},"geometry":{"type":"LineString","coordinates":[[21.324086,46.183011],[21.324067,46.183023]]}},{"type":"Feature","properties":{"line":"7A","mode":"bus","color":"#4d4aba","oi":1.5,"n":4,"sw":1},"geometry":{"type":"LineString","coordinates":[[21.324073,46.18302],[21.324054,46.183032]]}},{"type":"Feature","properties":{"line":"7A","mode":"bus","color":"#4d4aba","oi":1.5,"n":4,"sw":1},"geometry":{"type":"LineString","coordinates":[[21.324036,46.183043],[21.324017,46.183055]]}},{"type":"Feature","properties":{"line":"7A","mode":"bus","color":"#4d4aba","oi":1.493,"n":4,"sw":1},"geometry":{"type":"LineString","coordinates":[[21.324023,46.183051],[21.324004,46.183063]]}},{"type":"Feature","properties":{"line":"7A","mode":"bus","color":"#4d4aba","oi":1.473,"n":4,"sw":1},"geometry":{"type":"LineString","coordinates":[[21.32401,46.18306],[21.323991,46.183072]]}},{"type":"Feature","properties":{"line":"7A","mode":"bus","color":"#4d4aba","oi":1.44,"n":4,"sw":1},"geometry":{"type":"LineString","coordinates":[[21.323996,46.183068],[21.323977,46.18308]]}},{"type":"Feature","properties":{"line":"7A","mode":"bus","color":"#4d4aba","oi":1.397,"n":4,"sw":1},"geometry":{"type":"LineString","coordinates":[[21.323983,46.183076],[21.323965,46.183088],[21.323964,46.183088]]}},{"type":"Feature","properties":{"line":"7A","mode":"bus","color":"#4d4aba","oi":1.344,"n":4,"sw":1},"geometry":{"type":"LineString","coordinates":[[21.32397,46.183085],[21.323965,46.183088],[21.323947,46.183093]]}},{"type":"Feature","properties":{"line":"7A","mode":"bus","color":"#4d4aba","oi":1.282,"n":4,"sw":1},"geometry":{"type":"LineString","coordinates":[[21.323954,46.183091],[21.32393,46.183097]]}},{"type":"Feature","properties":{"line":"7A","mode":"bus","color":"#4d4aba","oi":1.213,"n":4,"sw":1},"geometry":{"type":"LineString","coordinates":[[21.323938,46.183095],[21.323914,46.183101]]}},{"type":"Feature","properties":{"line":"7A","mode":"bus","color":"#4d4aba","oi":1.138,"n":4,"sw":1},"geometry":{"type":"LineString","coordinates":[[21.323921,46.1831],[21.323897,46.183106]]}},{"type":"Feature","properties":{"line":"7A","mode":"bus","color":"#4d4aba","oi":1.057,"n":4,"sw":1},"geometry":{"type":"LineString","coordinates":[[21.323904,46.183104],[21.32388,46.18311]]}},{"type":"Feature","properties":{"line":"7A","mode":"bus","color":"#4d4aba","oi":0.972,"n":4,"sw":1},"geometry":{"type":"LineString","coordinates":[[21.323887,46.183108],[21.323863,46.183115]]}},{"type":"Feature","properties":{"line":"7A","mode":"bus","color":"#4d4aba","oi":0.884,"n":4,"sw":1},"geometry":{"type":"LineString","coordinates":[[21.32387,46.183113],[21.323846,46.183119]]}},{"type":"Feature","properties":{"line":"7A","mode":"bus","color":"#4d4aba","oi":0.795,"n":4,"sw":1},"geometry":{"type":"LineString","coordinates":[[21.323854,46.183117],[21.323829,46.183123]]}},{"type":"Feature","properties":{"line":"7A","mode":"bus","color":"#4d4aba","oi":0.705,"n":4,"sw":1},"geometry":{"type":"LineString","coordinates":[[21.323837,46.183121],[21.323813,46.183128]]}},{"type":"Feature","properties":{"line":"7A","mode":"bus","color":"#4d4aba","oi":0.616,"n":4,"sw":1},"geometry":{"type":"LineString","coordinates":[[21.32382,46.183126],[21.323804,46.18313],[21.323795,46.183131]]}},{"type":"Feature","properties":{"line":"7A","mode":"bus","color":"#4d4aba","oi":0.528,"n":4,"sw":1},"geometry":{"type":"LineString","coordinates":[[21.323803,46.18313],[21.323777,46.183132]]}},{"type":"Feature","properties":{"line":"7A","mode":"bus","color":"#4d4aba","oi":0.443,"n":4,"sw":1},"geometry":{"type":"LineString","coordinates":[[21.323785,46.183132],[21.32376,46.183134]]}},{"type":"Feature","properties":{"line":"7A","mode":"bus","color":"#4d4aba","oi":0.362,"n":4,"sw":1},"geometry":{"type":"LineString","coordinates":[[21.323767,46.183133],[21.323742,46.183135]]}},{"type":"Feature","properties":{"line":"7A","mode":"bus","color":"#4d4aba","oi":0.287,"n":4,"sw":1},"geometry":{"type":"LineString","coordinates":[[21.32375,46.183135],[21.323724,46.183137]]}},{"type":"Feature","properties":{"line":"7A","mode":"bus","color":"#4d4aba","oi":0.218,"n":4,"sw":1},"geometry":{"type":"LineString","coordinates":[[21.323732,46.183136],[21.323706,46.183138]]}},{"type":"Feature","properties":{"line":"7A","mode":"bus","color":"#4d4aba","oi":0.156,"n":4,"sw":1},"geometry":{"type":"LineString","coordinates":[[21.323714,46.183138],[21.323688,46.18314]]}},{"type":"Feature","properties":{"line":"7A","mode":"bus","color":"#4d4aba","oi":0.103,"n":4,"sw":1},"geometry":{"type":"LineString","coordinates":[[21.323696,46.183139],[21.32367,46.183141]]}},{"type":"Feature","properties":{"line":"7A","mode":"bus","color":"#4d4aba","oi":0.06,"n":4,"sw":1},"geometry":{"type":"LineString","coordinates":[[21.323678,46.183141],[21.323653,46.183143]]}},{"type":"Feature","properties":{"line":"7A","mode":"bus","color":"#4d4aba","oi":0.027,"n":4,"sw":1},"geometry":{"type":"LineString","coordinates":[[21.32366,46.183142],[21.323635,46.183144]]}},{"type":"Feature","properties":{"line":"7A","mode":"bus","color":"#4d4aba","oi":0.007,"n":4,"sw":1},"geometry":{"type":"LineString","coordinates":[[21.323643,46.183144],[21.323617,46.183146]]}},{"type":"Feature","properties":{"line":"7A","mode":"bus","color":"#4d4aba","oi":0,"n":4,"sw":1},"geometry":{"type":"LineString","coordinates":[[21.323625,46.183145],[21.323603,46.183147]]}},{"type":"Feature","properties":{"line":"7A","mode":"bus","color":"#4d4aba","oi":1.5,"n":4},"geometry":{"type":"LineString","coordinates":[[21.360445,46.176559],[21.353141,46.178149],[21.345779,46.1798],[21.343,46.180465],[21.342332,46.180601],[21.341653,46.180694],[21.340717,46.1807],[21.340118,46.180638],[21.338926,46.180409],[21.338433,46.180378],[21.338119,46.180387],[21.337905,46.180397],[21.336851,46.180535],[21.334813,46.180858]]}},{"type":"Feature","properties":{"line":"7A","mode":"bus","color":"#4d4aba","oi":1.5,"n":4,"sw":1},"geometry":{"type":"LineString","coordinates":[[21.334817,46.180857],[21.334792,46.180861]]}},{"type":"Feature","properties":{"line":"7A","mode":"bus","color":"#4d4aba","oi":1.493,"n":4,"sw":1},"geometry":{"type":"LineString","coordinates":[[21.3348,46.18086],[21.334775,46.180864]]}},{"type":"Feature","properties":{"line":"7A","mode":"bus","color":"#4d4aba","oi":1.473,"n":4,"sw":1},"geometry":{"type":"LineString","coordinates":[[21.334782,46.180863],[21.334757,46.180867]]}},{"type":"Feature","properties":{"line":"7A","mode":"bus","color":"#4d4aba","oi":1.44,"n":4,"sw":1},"geometry":{"type":"LineString","coordinates":[[21.334765,46.180866],[21.33474,46.18087]]}},{"type":"Feature","properties":{"line":"7A","mode":"bus","color":"#4d4aba","oi":1.397,"n":4,"sw":1},"geometry":{"type":"LineString","coordinates":[[21.334747,46.180868],[21.334722,46.180872]]}},{"type":"Feature","properties":{"line":"7A","mode":"bus","color":"#4d4aba","oi":1.344,"n":4,"sw":1},"geometry":{"type":"LineString","coordinates":[[21.33473,46.180871],[21.334705,46.180875]]}},{"type":"Feature","properties":{"line":"7A","mode":"bus","color":"#4d4aba","oi":1.282,"n":4,"sw":1},"geometry":{"type":"LineString","coordinates":[[21.334712,46.180874],[21.334687,46.180878]]}},{"type":"Feature","properties":{"line":"7A","mode":"bus","color":"#4d4aba","oi":1.213,"n":4,"sw":1},"geometry":{"type":"LineString","coordinates":[[21.334695,46.180877],[21.33467,46.180881]]}},{"type":"Feature","properties":{"line":"7A","mode":"bus","color":"#4d4aba","oi":1.138,"n":4,"sw":1},"geometry":{"type":"LineString","coordinates":[[21.334677,46.180879],[21.334652,46.180883]]}},{"type":"Feature","properties":{"line":"7A","mode":"bus","color":"#4d4aba","oi":1.057,"n":4,"sw":1},"geometry":{"type":"LineString","coordinates":[[21.33466,46.180882],[21.334634,46.180886]]}},{"type":"Feature","properties":{"line":"7A","mode":"bus","color":"#4d4aba","oi":0.972,"n":4,"sw":1},"geometry":{"type":"LineString","coordinates":[[21.334642,46.180885],[21.334617,46.180889]]}},{"type":"Feature","properties":{"line":"7A","mode":"bus","color":"#4d4aba","oi":0.884,"n":4,"sw":1},"geometry":{"type":"LineString","coordinates":[[21.334625,46.180888],[21.334599,46.180892]]}},{"type":"Feature","properties":{"line":"7A","mode":"bus","color":"#4d4aba","oi":0.795,"n":4,"sw":1},"geometry":{"type":"LineString","coordinates":[[21.334607,46.180891],[21.334582,46.180895]]}},{"type":"Feature","properties":{"line":"7A","mode":"bus","color":"#4d4aba","oi":0.705,"n":4,"sw":1},"geometry":{"type":"LineString","coordinates":[[21.33459,46.180893],[21.334564,46.180897]]}},{"type":"Feature","properties":{"line":"7A","mode":"bus","color":"#4d4aba","oi":0.616,"n":4,"sw":1},"geometry":{"type":"LineString","coordinates":[[21.334572,46.180896],[21.334547,46.1809]]}},{"type":"Feature","properties":{"line":"7A","mode":"bus","color":"#4d4aba","oi":0.528,"n":4,"sw":1},"geometry":{"type":"LineString","coordinates":[[21.334554,46.180899],[21.334529,46.180903]]}},{"type":"Feature","properties":{"line":"7A","mode":"bus","color":"#4d4aba","oi":0.443,"n":4,"sw":1},"geometry":{"type":"LineString","coordinates":[[21.334537,46.180902],[21.334512,46.180906]]}},{"type":"Feature","properties":{"line":"7A","mode":"bus","color":"#4d4aba","oi":0.362,"n":4,"sw":1},"geometry":{"type":"LineString","coordinates":[[21.334519,46.180904],[21.334494,46.180908]]}},{"type":"Feature","properties":{"line":"7A","mode":"bus","color":"#4d4aba","oi":0.287,"n":4,"sw":1},"geometry":{"type":"LineString","coordinates":[[21.334502,46.180907],[21.334477,46.180911]]}},{"type":"Feature","properties":{"line":"7A","mode":"bus","color":"#4d4aba","oi":0.218,"n":4,"sw":1},"geometry":{"type":"LineString","coordinates":[[21.334484,46.18091],[21.334459,46.180914]]}},{"type":"Feature","properties":{"line":"7A","mode":"bus","color":"#4d4aba","oi":0.156,"n":4,"sw":1},"geometry":{"type":"LineString","coordinates":[[21.334467,46.180913],[21.334442,46.180917]]}},{"type":"Feature","properties":{"line":"7A","mode":"bus","color":"#4d4aba","oi":0.103,"n":4,"sw":1},"geometry":{"type":"LineString","coordinates":[[21.334449,46.180916],[21.334424,46.180919]]}},{"type":"Feature","properties":{"line":"7A","mode":"bus","color":"#4d4aba","oi":0.06,"n":4,"sw":1},"geometry":{"type":"LineString","coordinates":[[21.334432,46.180918],[21.334407,46.180922]]}},{"type":"Feature","properties":{"line":"7A","mode":"bus","color":"#4d4aba","oi":0.027,"n":4,"sw":1},"geometry":{"type":"LineString","coordinates":[[21.334414,46.180921],[21.334389,46.180925]]}},{"type":"Feature","properties":{"line":"7A","mode":"bus","color":"#4d4aba","oi":0.007,"n":4,"sw":1},"geometry":{"type":"LineString","coordinates":[[21.334397,46.180924],[21.334372,46.180928]]}},{"type":"Feature","properties":{"line":"7A","mode":"bus","color":"#4d4aba","oi":0,"n":4,"sw":1},"geometry":{"type":"LineString","coordinates":[[21.334379,46.180927],[21.334358,46.18093]]}},{"type":"Feature","properties":{"line":"7A","mode":"bus","color":"#4d4aba","oi":0,"n":1},"geometry":{"type":"LineString","coordinates":[[21.357556,46.170788],[21.357775,46.170849],[21.357908,46.170962],[21.358298,46.171728],[21.360445,46.176559]]}},{"type":"Feature","properties":{"line":"7A","mode":"bus","color":"#4d4aba","oi":1,"n":3},"geometry":{"type":"LineString","coordinates":[[21.35143,46.172098],[21.353144,46.171726],[21.353583,46.171664],[21.355142,46.171323],[21.355347,46.171254],[21.357556,46.170788]]}},{"type":"Feature","properties":{"line":"7A","mode":"bus","color":"#4d4aba","oi":0.5,"n":2},"geometry":{"type":"LineString","coordinates":[[21.349354,46.17254],[21.349548,46.172533],[21.350059,46.17247],[21.350711,46.172323],[21.351004,46.172231]]}},{"type":"Feature","properties":{"line":"7A","mode":"bus","color":"#4d4aba","oi":0,"n":2,"sw":1},"geometry":{"type":"LineString","coordinates":[[21.348896,46.172583],[21.348943,46.17257]]}},{"type":"Feature","properties":{"line":"7A","mode":"bus","color":"#4d4aba","oi":0.017,"n":2,"sw":1},"geometry":{"type":"LineString","coordinates":[[21.348936,46.172572],[21.348986,46.172557]]}},{"type":"Feature","properties":{"line":"7A","mode":"bus","color":"#4d4aba","oi":0.063,"n":2,"sw":1},"geometry":{"type":"LineString","coordinates":[[21.348979,46.172559],[21.349004,46.172552],[21.349031,46.172551]]}},{"type":"Feature","properties":{"line":"7A","mode":"bus","color":"#4d4aba","oi":0.13,"n":2,"sw":1},"geometry":{"type":"LineString","coordinates":[[21.349023,46.172551],[21.349078,46.172549]]}},{"type":"Feature","properties":{"line":"7A","mode":"bus","color":"#4d4aba","oi":0.209,"n":2,"sw":1},"geometry":{"type":"LineString","coordinates":[[21.34907,46.17255],[21.349124,46.172548]]}},{"type":"Feature","properties":{"line":"7A","mode":"bus","color":"#4d4aba","oi":0.291,"n":2,"sw":1},"geometry":{"type":"LineString","coordinates":[[21.349117,46.172548],[21.349171,46.172546]]}},{"type":"Feature","properties":{"line":"7A","mode":"bus","color":"#4d4aba","oi":0.37,"n":2,"sw":1},"geometry":{"type":"LineString","coordinates":[[21.349163,46.172546],[21.349218,46.172545]]}},{"type":"Feature","properties":{"line":"7A","mode":"bus","color":"#4d4aba","oi":0.437,"n":2,"sw":1},"geometry":{"type":"LineString","coordinates":[[21.34921,46.172545],[21.349264,46.172543]]}},{"type":"Feature","properties":{"line":"7A","mode":"bus","color":"#4d4aba","oi":0.483,"n":2,"sw":1},"geometry":{"type":"LineString","coordinates":[[21.349257,46.172543],[21.349311,46.172541]]}},{"type":"Feature","properties":{"line":"7A","mode":"bus","color":"#4d4aba","oi":0.5,"n":2,"sw":1},"geometry":{"type":"LineString","coordinates":[[21.349303,46.172542],[21.349358,46.17254]]}},{"type":"Feature","properties":{"line":"7A","mode":"bus","color":"#4d4aba","oi":0.5,"n":2,"sw":1},"geometry":{"type":"LineString","coordinates":[[21.351001,46.172232],[21.35105,46.172217]]}},{"type":"Feature","properties":{"line":"7A","mode":"bus","color":"#4d4aba","oi":0.517,"n":2,"sw":1},"geometry":{"type":"LineString","coordinates":[[21.351043,46.172219],[21.351093,46.172203]]}},{"type":"Feature","properties":{"line":"7A","mode":"bus","color":"#4d4aba","oi":0.563,"n":2,"sw":1},"geometry":{"type":"LineString","coordinates":[[21.351086,46.172206],[21.351135,46.17219]]}},{"type":"Feature","properties":{"line":"7A","mode":"bus","color":"#4d4aba","oi":0.63,"n":2,"sw":1},"geometry":{"type":"LineString","coordinates":[[21.351128,46.172192],[21.351178,46.172177]]}},{"type":"Feature","properties":{"line":"7A","mode":"bus","color":"#4d4aba","oi":0.709,"n":2,"sw":1},"geometry":{"type":"LineString","coordinates":[[21.351171,46.172179],[21.351221,46.172164]]}},{"type":"Feature","properties":{"line":"7A","mode":"bus","color":"#4d4aba","oi":0.791,"n":2,"sw":1},"geometry":{"type":"LineString","coordinates":[[21.351214,46.172166],[21.351263,46.17215]]}},{"type":"Feature","properties":{"line":"7A","mode":"bus","color":"#4d4aba","oi":0.87,"n":2,"sw":1},"geometry":{"type":"LineString","coordinates":[[21.351256,46.172152],[21.351306,46.172137]]}},{"type":"Feature","properties":{"line":"7A","mode":"bus","color":"#4d4aba","oi":0.937,"n":2,"sw":1},"geometry":{"type":"LineString","coordinates":[[21.351299,46.172139],[21.351348,46.172124]]}},{"type":"Feature","properties":{"line":"7A","mode":"bus","color":"#4d4aba","oi":0.983,"n":2,"sw":1},"geometry":{"type":"LineString","coordinates":[[21.351341,46.172126],[21.351391,46.17211]]}},{"type":"Feature","properties":{"line":"7A","mode":"bus","color":"#4d4aba","oi":1,"n":2,"sw":1},"geometry":{"type":"LineString","coordinates":[[21.351384,46.172112],[21.35143,46.172098]]}},{"type":"Feature","properties":{"line":"7A","mode":"bus","color":"#4d4aba","oi":1,"n":3},"geometry":{"type":"LineString","coordinates":[[21.34756,46.175465],[21.34797,46.175018],[21.348575,46.174],[21.348863,46.172972],[21.348896,46.172583]]}},{"type":"Feature","properties":{"line":"7A","mode":"bus","color":"#4d4aba","oi":0.5,"n":2},"geometry":{"type":"LineString","coordinates":[[21.334858,46.181035],[21.334917,46.181033],[21.336059,46.181062],[21.336358,46.181048],[21.337043,46.180949],[21.337527,46.180799],[21.337878,46.180638],[21.338516,46.180268],[21.339336,46.179851],[21.342671,46.17827],[21.344662,46.177363],[21.346173,46.176595],[21.34655,46.176358],[21.346769,46.176187],[21.347277,46.175723]]}},{"type":"Feature","properties":{"line":"7A","mode":"bus","color":"#4d4aba","oi":0,"n":2,"sw":1},"geometry":{"type":"LineString","coordinates":[[21.334391,46.181051],[21.334442,46.181049]]}},{"type":"Feature","properties":{"line":"7A","mode":"bus","color":"#4d4aba","oi":0.017,"n":2,"sw":1},"geometry":{"type":"LineString","coordinates":[[21.334434,46.18105],[21.334488,46.181048]]}},{"type":"Feature","properties":{"line":"7A","mode":"bus","color":"#4d4aba","oi":0.063,"n":2,"sw":1},"geometry":{"type":"LineString","coordinates":[[21.33448,46.181048],[21.334535,46.181046]]}},{"type":"Feature","properties":{"line":"7A","mode":"bus","color":"#4d4aba","oi":0.13,"n":2,"sw":1},"geometry":{"type":"LineString","coordinates":[[21.334527,46.181046],[21.334582,46.181044]]}},{"type":"Feature","properties":{"line":"7A","mode":"bus","color":"#4d4aba","oi":0.209,"n":2,"sw":1},"geometry":{"type":"LineString","coordinates":[[21.334574,46.181045],[21.334628,46.181043]]}},{"type":"Feature","properties":{"line":"7A","mode":"bus","color":"#4d4aba","oi":0.291,"n":2,"sw":1},"geometry":{"type":"LineString","coordinates":[[21.33462,46.181043],[21.334675,46.181041]]}},{"type":"Feature","properties":{"line":"7A","mode":"bus","color":"#4d4aba","oi":0.37,"n":2,"sw":1},"geometry":{"type":"LineString","coordinates":[[21.334667,46.181042],[21.334722,46.18104]]}},{"type":"Feature","properties":{"line":"7A","mode":"bus","color":"#4d4aba","oi":0.437,"n":2,"sw":1},"geometry":{"type":"LineString","coordinates":[[21.334714,46.18104],[21.334768,46.181038]]}},{"type":"Feature","properties":{"line":"7A","mode":"bus","color":"#4d4aba","oi":0.483,"n":2,"sw":1},"geometry":{"type":"LineString","coordinates":[[21.33476,46.181038],[21.334815,46.181036]]}},{"type":"Feature","properties":{"line":"7A","mode":"bus","color":"#4d4aba","oi":0.5,"n":2,"sw":1},"geometry":{"type":"LineString","coordinates":[[21.334807,46.181037],[21.334861,46.181035]]}},{"type":"Feature","properties":{"line":"7A","mode":"bus","color":"#4d4aba","oi":0.5,"n":2,"sw":1},"geometry":{"type":"LineString","coordinates":[[21.347275,46.175725],[21.347308,46.175695]]}},{"type":"Feature","properties":{"line":"7A","mode":"bus","color":"#4d4aba","oi":0.517,"n":2,"sw":1},"geometry":{"type":"LineString","coordinates":[[21.347303,46.175699],[21.347336,46.175669]]}},{"type":"Feature","properties":{"line":"7A","mode":"bus","color":"#4d4aba","oi":0.563,"n":2,"sw":1},"geometry":{"type":"LineString","coordinates":[[21.347332,46.175674],[21.347365,46.175643]]}},{"type":"Feature","properties":{"line":"7A","mode":"bus","color":"#4d4aba","oi":0.63,"n":2,"sw":1},"geometry":{"type":"LineString","coordinates":[[21.34736,46.175648],[21.347393,46.175618]]}},{"type":"Feature","properties":{"line":"7A","mode":"bus","color":"#4d4aba","oi":0.709,"n":2,"sw":1},"geometry":{"type":"LineString","coordinates":[[21.347388,46.175622],[21.347421,46.175592]]}},{"type":"Feature","properties":{"line":"7A","mode":"bus","color":"#4d4aba","oi":0.791,"n":2,"sw":1},"geometry":{"type":"LineString","coordinates":[[21.347416,46.175596],[21.347449,46.175566]]}},{"type":"Feature","properties":{"line":"7A","mode":"bus","color":"#4d4aba","oi":0.87,"n":2,"sw":1},"geometry":{"type":"LineString","coordinates":[[21.347445,46.17557],[21.347478,46.17554]]}},{"type":"Feature","properties":{"line":"7A","mode":"bus","color":"#4d4aba","oi":0.937,"n":2,"sw":1},"geometry":{"type":"LineString","coordinates":[[21.347473,46.175545],[21.347506,46.175514]]}},{"type":"Feature","properties":{"line":"7A","mode":"bus","color":"#4d4aba","oi":0.983,"n":2,"sw":1},"geometry":{"type":"LineString","coordinates":[[21.347501,46.175519],[21.347534,46.175489]]}},{"type":"Feature","properties":{"line":"7A","mode":"bus","color":"#4d4aba","oi":1,"n":2,"sw":1},"geometry":{"type":"LineString","coordinates":[[21.347529,46.175493],[21.34756,46.175465]]}},{"type":"Feature","properties":{"line":"18A","mode":"bus","color":"#2d8c1b","oi":0,"n":4,"sw":1},"geometry":{"type":"LineString","coordinates":[[21.324432,46.182425],[21.324402,46.18243]]}},{"type":"Feature","properties":{"line":"18A","mode":"bus","color":"#2d8c1b","oi":0.017,"n":4,"sw":1},"geometry":{"type":"LineString","coordinates":[[21.324409,46.182428],[21.324375,46.182433]]}},{"type":"Feature","properties":{"line":"18A","mode":"bus","color":"#2d8c1b","oi":0.063,"n":4,"sw":1},"geometry":{"type":"LineString","coordinates":[[21.324383,46.182432],[21.324349,46.182437]]}},{"type":"Feature","properties":{"line":"18A","mode":"bus","color":"#2d8c1b","oi":0.13,"n":4,"sw":1},"geometry":{"type":"LineString","coordinates":[[21.324356,46.182436],[21.324322,46.182441]]}},{"type":"Feature","properties":{"line":"18A","mode":"bus","color":"#2d8c1b","oi":0.209,"n":4,"sw":1},"geometry":{"type":"LineString","coordinates":[[21.32433,46.18244],[21.324296,46.182445]]}},{"type":"Feature","properties":{"line":"18A","mode":"bus","color":"#2d8c1b","oi":0.291,"n":4,"sw":1},"geometry":{"type":"LineString","coordinates":[[21.324303,46.182444],[21.324269,46.182449]]}},{"type":"Feature","properties":{"line":"18A","mode":"bus","color":"#2d8c1b","oi":0.37,"n":4,"sw":1},"geometry":{"type":"LineString","coordinates":[[21.324277,46.182448],[21.324243,46.182453]]}},{"type":"Feature","properties":{"line":"18A","mode":"bus","color":"#2d8c1b","oi":0.437,"n":4,"sw":1},"geometry":{"type":"LineString","coordinates":[[21.32425,46.182452],[21.324216,46.182457]]}},{"type":"Feature","properties":{"line":"18A","mode":"bus","color":"#2d8c1b","oi":0.483,"n":4,"sw":1},"geometry":{"type":"LineString","coordinates":[[21.324224,46.182456],[21.32419,46.182461]]}},{"type":"Feature","properties":{"line":"18A","mode":"bus","color":"#2d8c1b","oi":0.5,"n":4,"sw":1},"geometry":{"type":"LineString","coordinates":[[21.324197,46.18246],[21.324163,46.182465]]}},{"type":"Feature","properties":{"line":"18A","mode":"bus","color":"#2d8c1b","oi":0.5,"n":4,"sw":1},"geometry":{"type":"LineString","coordinates":[[21.324171,46.182464],[21.324137,46.182469]]}},{"type":"Feature","properties":{"line":"18A","mode":"bus","color":"#2d8c1b","oi":0.483,"n":4,"sw":1},"geometry":{"type":"LineString","coordinates":[[21.324144,46.182468],[21.32411,46.182473]]}},{"type":"Feature","properties":{"line":"18A","mode":"bus","color":"#2d8c1b","oi":0.437,"n":4,"sw":1},"geometry":{"type":"LineString","coordinates":[[21.324118,46.182472],[21.324084,46.182477]]}},{"type":"Feature","properties":{"line":"18A","mode":"bus","color":"#2d8c1b","oi":0.37,"n":4,"sw":1},"geometry":{"type":"LineString","coordinates":[[21.324091,46.182476],[21.324057,46.182481]]}},{"type":"Feature","properties":{"line":"18A","mode":"bus","color":"#2d8c1b","oi":0.291,"n":4,"sw":1},"geometry":{"type":"LineString","coordinates":[[21.324065,46.18248],[21.324031,46.182485]]}},{"type":"Feature","properties":{"line":"18A","mode":"bus","color":"#2d8c1b","oi":0.209,"n":4,"sw":1},"geometry":{"type":"LineString","coordinates":[[21.324038,46.182484],[21.324004,46.182489]]}},{"type":"Feature","properties":{"line":"18A","mode":"bus","color":"#2d8c1b","oi":0.13,"n":4,"sw":1},"geometry":{"type":"LineString","coordinates":[[21.324012,46.182488],[21.323978,46.182493]]}},{"type":"Feature","properties":{"line":"18A","mode":"bus","color":"#2d8c1b","oi":0.063,"n":4,"sw":1},"geometry":{"type":"LineString","coordinates":[[21.323985,46.182492],[21.323951,46.182497]]}},{"type":"Feature","properties":{"line":"18A","mode":"bus","color":"#2d8c1b","oi":0.017,"n":4,"sw":1},"geometry":{"type":"LineString","coordinates":[[21.323959,46.182496],[21.323925,46.182501]]}},{"type":"Feature","properties":{"line":"18A","mode":"bus","color":"#2d8c1b","oi":0,"n":4,"sw":1},"geometry":{"type":"LineString","coordinates":[[21.323932,46.182499],[21.323902,46.182504]]}},{"type":"Feature","properties":{"line":"18A","mode":"bus","color":"#2d8c1b","oi":0,"n":4,"sw":1},"geometry":{"type":"LineString","coordinates":[[21.325076,46.182482],[21.325047,46.182495]]}},{"type":"Feature","properties":{"line":"18A","mode":"bus","color":"#2d8c1b","oi":0.017,"n":4,"sw":1},"geometry":{"type":"LineString","coordinates":[[21.325053,46.182492],[21.325021,46.182507]]}},{"type":"Feature","properties":{"line":"18A","mode":"bus","color":"#2d8c1b","oi":0.063,"n":4,"sw":1},"geometry":{"type":"LineString","coordinates":[[21.325028,46.182504],[21.324995,46.182519]]}},{"type":"Feature","properties":{"line":"18A","mode":"bus","color":"#2d8c1b","oi":0.13,"n":4,"sw":1},"geometry":{"type":"LineString","coordinates":[[21.325002,46.182516],[21.324969,46.182531]]}},{"type":"Feature","properties":{"line":"18A","mode":"bus","color":"#2d8c1b","oi":0.209,"n":4,"sw":1},"geometry":{"type":"LineString","coordinates":[[21.324976,46.182528],[21.324944,46.182543]]}},{"type":"Feature","properties":{"line":"18A","mode":"bus","color":"#2d8c1b","oi":0.291,"n":4,"sw":1},"geometry":{"type":"LineString","coordinates":[[21.32495,46.18254],[21.324918,46.182555]]}},{"type":"Feature","properties":{"line":"18A","mode":"bus","color":"#2d8c1b","oi":0.37,"n":4,"sw":1},"geometry":{"type":"LineString","coordinates":[[21.324924,46.182552],[21.324892,46.182566]]}},{"type":"Feature","properties":{"line":"18A","mode":"bus","color":"#2d8c1b","oi":0.437,"n":4,"sw":1},"geometry":{"type":"LineString","coordinates":[[21.324898,46.182563],[21.324866,46.182578]]}},{"type":"Feature","properties":{"line":"18A","mode":"bus","color":"#2d8c1b","oi":0.483,"n":4,"sw":1},"geometry":{"type":"LineString","coordinates":[[21.324872,46.182575],[21.32484,46.18259]]}},{"type":"Feature","properties":{"line":"18A","mode":"bus","color":"#2d8c1b","oi":0.5,"n":4,"sw":1},"geometry":{"type":"LineString","coordinates":[[21.324847,46.182587],[21.324814,46.182602]]}},{"type":"Feature","properties":{"line":"18A","mode":"bus","color":"#2d8c1b","oi":0.5,"n":4,"sw":1},"geometry":{"type":"LineString","coordinates":[[21.324821,46.182599],[21.324788,46.182614]]}},{"type":"Feature","properties":{"line":"18A","mode":"bus","color":"#2d8c1b","oi":0.483,"n":4,"sw":1},"geometry":{"type":"LineString","coordinates":[[21.324795,46.182611],[21.324763,46.182626]]}},{"type":"Feature","properties":{"line":"18A","mode":"bus","color":"#2d8c1b","oi":0.437,"n":4,"sw":1},"geometry":{"type":"LineString","coordinates":[[21.324769,46.182623],[21.324737,46.182638]]}},{"type":"Feature","properties":{"line":"18A","mode":"bus","color":"#2d8c1b","oi":0.37,"n":4,"sw":1},"geometry":{"type":"LineString","coordinates":[[21.324743,46.182635],[21.324711,46.182649]]}},{"type":"Feature","properties":{"line":"18A","mode":"bus","color":"#2d8c1b","oi":0.291,"n":4,"sw":1},"geometry":{"type":"LineString","coordinates":[[21.324717,46.182646],[21.324685,46.182661]]}},{"type":"Feature","properties":{"line":"18A","mode":"bus","color":"#2d8c1b","oi":0.209,"n":4,"sw":1},"geometry":{"type":"LineString","coordinates":[[21.324691,46.182658],[21.324659,46.182673]]}},{"type":"Feature","properties":{"line":"18A","mode":"bus","color":"#2d8c1b","oi":0.13,"n":4,"sw":1},"geometry":{"type":"LineString","coordinates":[[21.324666,46.18267],[21.324633,46.182685]]}},{"type":"Feature","properties":{"line":"18A","mode":"bus","color":"#2d8c1b","oi":0.063,"n":4,"sw":1},"geometry":{"type":"LineString","coordinates":[[21.32464,46.182682],[21.324607,46.182697]]}},{"type":"Feature","properties":{"line":"18A","mode":"bus","color":"#2d8c1b","oi":0.017,"n":4,"sw":1},"geometry":{"type":"LineString","coordinates":[[21.324614,46.182694],[21.324582,46.182709]]}},{"type":"Feature","properties":{"line":"18A","mode":"bus","color":"#2d8c1b","oi":0,"n":4,"sw":1},"geometry":{"type":"LineString","coordinates":[[21.324588,46.182706],[21.324559,46.182719]]}},{"type":"Feature","properties":{"line":"18A","mode":"bus","color":"#2d8c1b","oi":0.5,"n":4},"geometry":{"type":"LineString","coordinates":[[21.324057,46.18303],[21.324033,46.183045]]}},{"type":"Feature","properties":{"line":"18A","mode":"bus","color":"#2d8c1b","oi":0,"n":4,"sw":1},"geometry":{"type":"LineString","coordinates":[[21.324401,46.182811],[21.324364,46.182835]]}},{"type":"Feature","properties":{"line":"18A","mode":"bus","color":"#2d8c1b","oi":0.017,"n":4,"sw":1},"geometry":{"type":"LineString","coordinates":[[21.324369,46.182831],[21.324329,46.182857]]}},{"type":"Feature","properties":{"line":"18A","mode":"bus","color":"#2d8c1b","oi":0.063,"n":4,"sw":1},"geometry":{"type":"LineString","coordinates":[[21.324335,46.182853],[21.324295,46.182878]]}},{"type":"Feature","properties":{"line":"18A","mode":"bus","color":"#2d8c1b","oi":0.13,"n":4,"sw":1},"geometry":{"type":"LineString","coordinates":[[21.324301,46.182875],[21.32426,46.1829]]}},{"type":"Feature","properties":{"line":"18A","mode":"bus","color":"#2d8c1b","oi":0.209,"n":4,"sw":1},"geometry":{"type":"LineString","coordinates":[[21.324266,46.182897],[21.324226,46.182922]]}},{"type":"Feature","properties":{"line":"18A","mode":"bus","color":"#2d8c1b","oi":0.291,"n":4,"sw":1},"geometry":{"type":"LineString","coordinates":[[21.324232,46.182919],[21.324191,46.182944]]}},{"type":"Feature","properties":{"line":"18A","mode":"bus","color":"#2d8c1b","oi":0.37,"n":4,"sw":1},"geometry":{"type":"LineString","coordinates":[[21.324197,46.18294],[21.324157,46.182966]]}},{"type":"Feature","properties":{"line":"18A","mode":"bus","color":"#2d8c1b","oi":0.437,"n":4,"sw":1},"geometry":{"type":"LineString","coordinates":[[21.324163,46.182962],[21.324123,46.182988]]}},{"type":"Feature","properties":{"line":"18A","mode":"bus","color":"#2d8c1b","oi":0.483,"n":4,"sw":1},"geometry":{"type":"LineString","coordinates":[[21.324128,46.182984],[21.324088,46.18301]]}},{"type":"Feature","properties":{"line":"18A","mode":"bus","color":"#2d8c1b","oi":0.5,"n":4,"sw":1},"geometry":{"type":"LineString","coordinates":[[21.324094,46.183006],[21.324054,46.183032]]}},{"type":"Feature","properties":{"line":"18A","mode":"bus","color":"#2d8c1b","oi":0.5,"n":4,"sw":1},"geometry":{"type":"LineString","coordinates":[[21.324036,46.183043],[21.323996,46.183068]]}},{"type":"Feature","properties":{"line":"18A","mode":"bus","color":"#2d8c1b","oi":0.483,"n":4,"sw":1},"geometry":{"type":"LineString","coordinates":[[21.324002,46.183065],[21.323965,46.183088],[21.323961,46.183089]]}},{"type":"Feature","properties":{"line":"18A","mode":"bus","color":"#2d8c1b","oi":0.437,"n":4,"sw":1},"geometry":{"type":"LineString","coordinates":[[21.323967,46.183087],[21.323965,46.183088],[21.323917,46.183101]]}},{"type":"Feature","properties":{"line":"18A","mode":"bus","color":"#2d8c1b","oi":0.37,"n":4,"sw":1},"geometry":{"type":"LineString","coordinates":[[21.323924,46.183099],[21.323873,46.183112]]}},{"type":"Feature","properties":{"line":"18A","mode":"bus","color":"#2d8c1b","oi":0.291,"n":4,"sw":1},"geometry":{"type":"LineString","coordinates":[[21.32388,46.18311],[21.323829,46.183123]]}},{"type":"Feature","properties":{"line":"18A","mode":"bus","color":"#2d8c1b","oi":0.209,"n":4,"sw":1},"geometry":{"type":"LineString","coordinates":[[21.323837,46.183121],[21.323804,46.18313],[21.323785,46.183132]]}},{"type":"Feature","properties":{"line":"18A","mode":"bus","color":"#2d8c1b","oi":0.13,"n":4,"sw":1},"geometry":{"type":"LineString","coordinates":[[21.323792,46.183131],[21.323738,46.183136]]}},{"type":"Feature","properties":{"line":"18A","mode":"bus","color":"#2d8c1b","oi":0.063,"n":4,"sw":1},"geometry":{"type":"LineString","coordinates":[[21.323746,46.183135],[21.323692,46.183139]]}},{"type":"Feature","properties":{"line":"18A","mode":"bus","color":"#2d8c1b","oi":0.017,"n":4,"sw":1},"geometry":{"type":"LineString","coordinates":[[21.3237,46.183139],[21.323646,46.183143]]}},{"type":"Feature","properties":{"line":"18A","mode":"bus","color":"#2d8c1b","oi":0,"n":4,"sw":1},"geometry":{"type":"LineString","coordinates":[[21.323653,46.183143],[21.323603,46.183147]]}},{"type":"Feature","properties":{"line":"18A","mode":"bus","color":"#2d8c1b","oi":0.5,"n":2},"geometry":{"type":"LineString","coordinates":[[21.357711,46.170756],[21.357867,46.170723]]}},{"type":"Feature","properties":{"line":"18A","mode":"bus","color":"#2d8c1b","oi":0,"n":2,"sw":1},"geometry":{"type":"LineString","coordinates":[[21.357556,46.170788],[21.357575,46.170784]]}},{"type":"Feature","properties":{"line":"18A","mode":"bus","color":"#2d8c1b","oi":0.017,"n":2,"sw":1},"geometry":{"type":"LineString","coordinates":[[21.357568,46.170786],[21.357591,46.170781]]}},{"type":"Feature","properties":{"line":"18A","mode":"bus","color":"#2d8c1b","oi":0.063,"n":2,"sw":1},"geometry":{"type":"LineString","coordinates":[[21.357583,46.170782],[21.357606,46.170777]]}},{"type":"Feature","properties":{"line":"18A","mode":"bus","color":"#2d8c1b","oi":0.13,"n":2,"sw":1},"geometry":{"type":"LineString","coordinates":[[21.357599,46.170779],[21.357622,46.170774]]}},{"type":"Feature","properties":{"line":"18A","mode":"bus","color":"#2d8c1b","oi":0.209,"n":2,"sw":1},"geometry":{"type":"LineString","coordinates":[[21.357614,46.170776],[21.357637,46.170771]]}},{"type":"Feature","properties":{"line":"18A","mode":"bus","color":"#2d8c1b","oi":0.291,"n":2,"sw":1},"geometry":{"type":"LineString","coordinates":[[21.35763,46.170773],[21.357653,46.170768]]}},{"type":"Feature","properties":{"line":"18A","mode":"bus","color":"#2d8c1b","oi":0.37,"n":2,"sw":1},"geometry":{"type":"LineString","coordinates":[[21.357646,46.170769],[21.357669,46.170764]]}},{"type":"Feature","properties":{"line":"18A","mode":"bus","color":"#2d8c1b","oi":0.437,"n":2,"sw":1},"geometry":{"type":"LineString","coordinates":[[21.357661,46.170766],[21.357684,46.170761]]}},{"type":"Feature","properties":{"line":"18A","mode":"bus","color":"#2d8c1b","oi":0.483,"n":2,"sw":1},"geometry":{"type":"LineString","coordinates":[[21.357677,46.170763],[21.3577,46.170758]]}},{"type":"Feature","properties":{"line":"18A","mode":"bus","color":"#2d8c1b","oi":0.5,"n":2,"sw":1},"geometry":{"type":"LineString","coordinates":[[21.357692,46.17076],[21.357715,46.170755]]}},{"type":"Feature","properties":{"line":"18A","mode":"bus","color":"#2d8c1b","oi":0.5,"n":2},"geometry":{"type":"LineString","coordinates":[[21.348489,46.172167],[21.348541,46.172164],[21.348668,46.172194],[21.348939,46.172355],[21.349043,46.172381],[21.349706,46.172375],[21.349991,46.172351],[21.350846,46.172176],[21.350971,46.172159]]}},{"type":"Feature","properties":{"line":"18A","mode":"bus","color":"#2d8c1b","oi":0,"n":2,"sw":1},"geometry":{"type":"LineString","coordinates":[[21.348046,46.172255],[21.348095,46.172247]]}},{"type":"Feature","properties":{"line":"18A","mode":"bus","color":"#2d8c1b","oi":0.017,"n":2,"sw":1},"geometry":{"type":"LineString","coordinates":[[21.348088,46.172249],[21.348141,46.172241]]}},{"type":"Feature","properties":{"line":"18A","mode":"bus","color":"#2d8c1b","oi":0.063,"n":2,"sw":1},"geometry":{"type":"LineString","coordinates":[[21.348133,46.172242],[21.348187,46.172234]]}},{"type":"Feature","properties":{"line":"18A","mode":"bus","color":"#2d8c1b","oi":0.13,"n":2,"sw":1},"geometry":{"type":"LineString","coordinates":[[21.348179,46.172235],[21.348232,46.172227]]}},{"type":"Feature","properties":{"line":"18A","mode":"bus","color":"#2d8c1b","oi":0.209,"n":2,"sw":1},"geometry":{"type":"LineString","coordinates":[[21.348225,46.172228],[21.348269,46.172221],[21.348277,46.172218]]}},{"type":"Feature","properties":{"line":"18A","mode":"bus","color":"#2d8c1b","oi":0.291,"n":2,"sw":1},"geometry":{"type":"LineString","coordinates":[[21.34827,46.172221],[21.348317,46.172201]]}},{"type":"Feature","properties":{"line":"18A","mode":"bus","color":"#2d8c1b","oi":0.37,"n":2,"sw":1},"geometry":{"type":"LineString","coordinates":[[21.34831,46.172204],[21.348357,46.172185]]}},{"type":"Feature","properties":{"line":"18A","mode":"bus","color":"#2d8c1b","oi":0.437,"n":2,"sw":1},"geometry":{"type":"LineString","coordinates":[[21.34835,46.172187],[21.348383,46.172174],[21.3484,46.172173]]}},{"type":"Feature","properties":{"line":"18A","mode":"bus","color":"#2d8c1b","oi":0.483,"n":2,"sw":1},"geometry":{"type":"LineString","coordinates":[[21.348392,46.172173],[21.348446,46.17217]]}},{"type":"Feature","properties":{"line":"18A","mode":"bus","color":"#2d8c1b","oi":0.5,"n":2,"sw":1},"geometry":{"type":"LineString","coordinates":[[21.348438,46.17217],[21.348493,46.172167]]}},{"type":"Feature","properties":{"line":"18A","mode":"bus","color":"#2d8c1b","oi":0.5,"n":2,"sw":1},"geometry":{"type":"LineString","coordinates":[[21.350967,46.17216],[21.351021,46.172153]]}},{"type":"Feature","properties":{"line":"18A","mode":"bus","color":"#2d8c1b","oi":0.483,"n":2,"sw":1},"geometry":{"type":"LineString","coordinates":[[21.351013,46.172154],[21.351067,46.172147]]}},{"type":"Feature","properties":{"line":"18A","mode":"bus","color":"#2d8c1b","oi":0.437,"n":2,"sw":1},"geometry":{"type":"LineString","coordinates":[[21.351059,46.172148],[21.351113,46.17214]]}},{"type":"Feature","properties":{"line":"18A","mode":"bus","color":"#2d8c1b","oi":0.37,"n":2,"sw":1},"geometry":{"type":"LineString","coordinates":[[21.351105,46.172141],[21.351159,46.172134]]}},{"type":"Feature","properties":{"line":"18A","mode":"bus","color":"#2d8c1b","oi":0.291,"n":2,"sw":1},"geometry":{"type":"LineString","coordinates":[[21.351151,46.172135],[21.351204,46.172128]]}},{"type":"Feature","properties":{"line":"18A","mode":"bus","color":"#2d8c1b","oi":0.209,"n":2,"sw":1},"geometry":{"type":"LineString","coordinates":[[21.351197,46.172129],[21.35125,46.172122]]}},{"type":"Feature","properties":{"line":"18A","mode":"bus","color":"#2d8c1b","oi":0.13,"n":2,"sw":1},"geometry":{"type":"LineString","coordinates":[[21.351243,46.172123],[21.351296,46.172116]]}},{"type":"Feature","properties":{"line":"18A","mode":"bus","color":"#2d8c1b","oi":0.063,"n":2,"sw":1},"geometry":{"type":"LineString","coordinates":[[21.351289,46.172117],[21.351342,46.17211]]}},{"type":"Feature","properties":{"line":"18A","mode":"bus","color":"#2d8c1b","oi":0.017,"n":2,"sw":1},"geometry":{"type":"LineString","coordinates":[[21.351334,46.172111],[21.351388,46.172104]]}},{"type":"Feature","properties":{"line":"18A","mode":"bus","color":"#2d8c1b","oi":0,"n":2,"sw":1},"geometry":{"type":"LineString","coordinates":[[21.35138,46.172105],[21.35143,46.172098]]}},{"type":"Feature","properties":{"line":"18A","mode":"bus","color":"#2d8c1b","oi":0,"n":3},"geometry":{"type":"LineString","coordinates":[[21.35143,46.172098],[21.353144,46.171726],[21.353583,46.171664],[21.355142,46.171323],[21.355347,46.171254],[21.357556,46.170788]]}},{"type":"Feature","properties":{"line":"18A","mode":"bus","color":"#2d8c1b","oi":1,"n":3},"geometry":{"type":"LineString","coordinates":[[21.334847,46.180981],[21.337661,46.180546],[21.338043,46.180511],[21.3383,46.180505],[21.338815,46.180538],[21.34012,46.180766],[21.340675,46.180814],[21.341166,46.180827],[21.34163,46.180808],[21.342343,46.180722],[21.344482,46.180271],[21.347554,46.179536],[21.351852,46.178564],[21.360501,46.176683]]}},{"type":"Feature","properties":{"line":"18A","mode":"bus","color":"#2d8c1b","oi":0,"n":3,"sw":1},"geometry":{"type":"LineString","coordinates":[[21.334391,46.181051],[21.33442,46.181047]]}},{"type":"Feature","properties":{"line":"18A","mode":"bus","color":"#2d8c1b","oi":0.01,"n":3,"sw":1},"geometry":{"type":"LineString","coordinates":[[21.334413,46.181048],[21.334445,46.181043]]}},{"type":"Feature","properties":{"line":"18A","mode":"bus","color":"#2d8c1b","oi":0.038,"n":3,"sw":1},"geometry":{"type":"LineString","coordinates":[[21.334438,46.181044],[21.334471,46.181039]]}},{"type":"Feature","properties":{"line":"18A","mode":"bus","color":"#2d8c1b","oi":0.082,"n":3,"sw":1},"geometry":{"type":"LineString","coordinates":[[21.334463,46.18104],[21.334496,46.181035]]}},{"type":"Feature","properties":{"line":"18A","mode":"bus","color":"#2d8c1b","oi":0.14,"n":3,"sw":1},"geometry":{"type":"LineString","coordinates":[[21.334489,46.181036],[21.334521,46.181031]]}},{"type":"Feature","properties":{"line":"18A","mode":"bus","color":"#2d8c1b","oi":0.209,"n":3,"sw":1},"geometry":{"type":"LineString","coordinates":[[21.334514,46.181032],[21.334547,46.181027]]}},{"type":"Feature","properties":{"line":"18A","mode":"bus","color":"#2d8c1b","oi":0.286,"n":3,"sw":1},"geometry":{"type":"LineString","coordinates":[[21.334539,46.181028],[21.334572,46.181023]]}},{"type":"Feature","properties":{"line":"18A","mode":"bus","color":"#2d8c1b","oi":0.369,"n":3,"sw":1},"geometry":{"type":"LineString","coordinates":[[21.334565,46.181024],[21.334597,46.181019]]}},{"type":"Feature","properties":{"line":"18A","mode":"bus","color":"#2d8c1b","oi":0.456,"n":3,"sw":1},"geometry":{"type":"LineString","coordinates":[[21.33459,46.18102],[21.334623,46.181015]]}},{"type":"Feature","properties":{"line":"18A","mode":"bus","color":"#2d8c1b","oi":0.544,"n":3,"sw":1},"geometry":{"type":"LineString","coordinates":[[21.334615,46.181016],[21.334648,46.181011]]}},{"type":"Feature","properties":{"line":"18A","mode":"bus","color":"#2d8c1b","oi":0.631,"n":3,"sw":1},"geometry":{"type":"LineString","coordinates":[[21.334641,46.181012],[21.334673,46.181007]]}},{"type":"Feature","properties":{"line":"18A","mode":"bus","color":"#2d8c1b","oi":0.714,"n":3,"sw":1},"geometry":{"type":"LineString","coordinates":[[21.334666,46.181009],[21.334699,46.181003]]}},{"type":"Feature","properties":{"line":"18A","mode":"bus","color":"#2d8c1b","oi":0.791,"n":3,"sw":1},"geometry":{"type":"LineString","coordinates":[[21.334691,46.181005],[21.334724,46.181]]}},{"type":"Feature","properties":{"line":"18A","mode":"bus","color":"#2d8c1b","oi":0.86,"n":3,"sw":1},"geometry":{"type":"LineString","coordinates":[[21.334717,46.181001],[21.334749,46.180996]]}},{"type":"Feature","properties":{"line":"18A","mode":"bus","color":"#2d8c1b","oi":0.918,"n":3,"sw":1},"geometry":{"type":"LineString","coordinates":[[21.334742,46.180997],[21.334775,46.180992]]}},{"type":"Feature","properties":{"line":"18A","mode":"bus","color":"#2d8c1b","oi":0.962,"n":3,"sw":1},"geometry":{"type":"LineString","coordinates":[[21.334767,46.180993],[21.3348,46.180988]]}},{"type":"Feature","properties":{"line":"18A","mode":"bus","color":"#2d8c1b","oi":0.99,"n":3,"sw":1},"geometry":{"type":"LineString","coordinates":[[21.334793,46.180989],[21.334825,46.180984]]}},{"type":"Feature","properties":{"line":"18A","mode":"bus","color":"#2d8c1b","oi":1,"n":3,"sw":1},"geometry":{"type":"LineString","coordinates":[[21.334818,46.180985],[21.334851,46.18098]]}},{"type":"Feature","properties":{"line":"18A","mode":"bus","color":"#2d8c1b","oi":0.5,"n":2},"geometry":{"type":"LineString","coordinates":[[21.34706,46.175704],[21.34685,46.175901],[21.346478,46.1762],[21.345355,46.176822],[21.343287,46.177838],[21.338743,46.179923],[21.338542,46.180003],[21.338128,46.180099],[21.336029,46.180411],[21.335201,46.180647],[21.334778,46.180789]]}},{"type":"Feature","properties":{"line":"18A","mode":"bus","color":"#2d8c1b","oi":1,"n":2,"sw":1},"geometry":{"type":"LineString","coordinates":[[21.347338,46.175444],[21.347308,46.175472]]}},{"type":"Feature","properties":{"line":"18A","mode":"bus","color":"#2d8c1b","oi":0.983,"n":2,"sw":1},"geometry":{"type":"LineString","coordinates":[[21.347313,46.175468],[21.34728,46.175498]]}},{"type":"Feature","properties":{"line":"18A","mode":"bus","color":"#2d8c1b","oi":0.937,"n":2,"sw":1},"geometry":{"type":"LineString","coordinates":[[21.347285,46.175494],[21.347252,46.175524]]}},{"type":"Feature","properties":{"line":"18A","mode":"bus","color":"#2d8c1b","oi":0.87,"n":2,"sw":1},"geometry":{"type":"LineString","coordinates":[[21.347257,46.17552],[21.347224,46.17555]]}},{"type":"Feature","properties":{"line":"18A","mode":"bus","color":"#2d8c1b","oi":0.791,"n":2,"sw":1},"geometry":{"type":"LineString","coordinates":[[21.347229,46.175546],[21.347197,46.175576]]}},{"type":"Feature","properties":{"line":"18A","mode":"bus","color":"#2d8c1b","oi":0.709,"n":2,"sw":1},"geometry":{"type":"LineString","coordinates":[[21.347201,46.175572],[21.347169,46.175602]]}},{"type":"Feature","properties":{"line":"18A","mode":"bus","color":"#2d8c1b","oi":0.63,"n":2,"sw":1},"geometry":{"type":"LineString","coordinates":[[21.347174,46.175598],[21.347141,46.175628]]}},{"type":"Feature","properties":{"line":"18A","mode":"bus","color":"#2d8c1b","oi":0.563,"n":2,"sw":1},"geometry":{"type":"LineString","coordinates":[[21.347146,46.175624],[21.347113,46.175654]]}},{"type":"Feature","properties":{"line":"18A","mode":"bus","color":"#2d8c1b","oi":0.517,"n":2,"sw":1},"geometry":{"type":"LineString","coordinates":[[21.347118,46.17565],[21.347085,46.17568]]}},{"type":"Feature","properties":{"line":"18A","mode":"bus","color":"#2d8c1b","oi":0.5,"n":2,"sw":1},"geometry":{"type":"LineString","coordinates":[[21.34709,46.175676],[21.347058,46.175707]]}},{"type":"Feature","properties":{"line":"18A","mode":"bus","color":"#2d8c1b","oi":0.5,"n":2,"sw":1},"geometry":{"type":"LineString","coordinates":[[21.334782,46.180788],[21.334733,46.180804]]}},{"type":"Feature","properties":{"line":"18A","mode":"bus","color":"#2d8c1b","oi":0.483,"n":2,"sw":1},"geometry":{"type":"LineString","coordinates":[[21.33474,46.180802],[21.334691,46.180818]]}},{"type":"Feature","properties":{"line":"18A","mode":"bus","color":"#2d8c1b","oi":0.437,"n":2,"sw":1},"geometry":{"type":"LineString","coordinates":[[21.334698,46.180816],[21.334649,46.180832]]}},{"type":"Feature","properties":{"line":"18A","mode":"bus","color":"#2d8c1b","oi":0.37,"n":2,"sw":1},"geometry":{"type":"LineString","coordinates":[[21.334656,46.18083],[21.334607,46.180846]]}},{"type":"Feature","properties":{"line":"18A","mode":"bus","color":"#2d8c1b","oi":0.291,"n":2,"sw":1},"geometry":{"type":"LineString","coordinates":[[21.334614,46.180844],[21.334565,46.180861]]}},{"type":"Feature","properties":{"line":"18A","mode":"bus","color":"#2d8c1b","oi":0.209,"n":2,"sw":1},"geometry":{"type":"LineString","coordinates":[[21.334572,46.180858],[21.334523,46.180875]]}},{"type":"Feature","properties":{"line":"18A","mode":"bus","color":"#2d8c1b","oi":0.13,"n":2,"sw":1},"geometry":{"type":"LineString","coordinates":[[21.33453,46.180872],[21.334481,46.180889]]}},{"type":"Feature","properties":{"line":"18A","mode":"bus","color":"#2d8c1b","oi":0.063,"n":2,"sw":1},"geometry":{"type":"LineString","coordinates":[[21.334488,46.180886],[21.334439,46.180903]]}},{"type":"Feature","properties":{"line":"18A","mode":"bus","color":"#2d8c1b","oi":0.017,"n":2,"sw":1},"geometry":{"type":"LineString","coordinates":[[21.334446,46.180901],[21.334397,46.180917]]}},{"type":"Feature","properties":{"line":"18A","mode":"bus","color":"#2d8c1b","oi":0,"n":2,"sw":1},"geometry":{"type":"LineString","coordinates":[[21.334404,46.180915],[21.334358,46.18093]]}},{"type":"Feature","properties":{"line":"18A","mode":"bus","color":"#2d8c1b","oi":1,"n":3},"geometry":{"type":"LineString","coordinates":[[21.348046,46.172255],[21.348097,46.172621],[21.348144,46.173694],[21.348131,46.174358],[21.348008,46.174636],[21.34773,46.175064],[21.347338,46.175444]]}},{"type":"Feature","properties":{"line":"18A","mode":"bus","color":"#2d8c1b","oi":0,"n":1},"geometry":{"type":"LineString","coordinates":[[21.360501,46.176683],[21.360558,46.176743],[21.360569,46.176752],[21.360578,46.176757],[21.360586,46.176756],[21.360593,46.176749],[21.360598,46.176738],[21.360624,46.176655],[21.360576,46.17653],[21.359346,46.173813],[21.35829,46.171356],[21.358068,46.170911],[21.357961,46.170766],[21.357867,46.170723]]}},{"type":"Feature","properties":{"line":"31","mode":"bus","color":"#f57145","oi":0,"n":1},"geometry":{"type":"LineString","coordinates":[[21.334364,46.19536],[21.334361,46.195372],[21.334342,46.195388],[21.331156,46.197053],[21.325895,46.198111],[21.325831,46.198157],[21.325787,46.198239],[21.325469,46.199362],[21.325458,46.199381],[21.325437,46.199392],[21.325407,46.199394],[21.322885,46.199254],[21.322856,46.199256],[21.322837,46.199267],[21.322829,46.199287],[21.322657,46.200723],[21.323218,46.204627],[21.323009,46.206591]]}},{"type":"Feature","properties":{"line":"31","mode":"bus","color":"#f57145","oi":0.5,"n":1,"sw":1},"geometry":{"type":"LineString","coordinates":[[21.334099,46.195095],[21.334129,46.195123]]}},{"type":"Feature","properties":{"line":"31","mode":"bus","color":"#f57145","oi":0.483,"n":1,"sw":1},"geometry":{"type":"LineString","coordinates":[[21.334124,46.195119],[21.334156,46.19515]]}},{"type":"Feature","properties":{"line":"31","mode":"bus","color":"#f57145","oi":0.437,"n":1,"sw":1},"geometry":{"type":"LineString","coordinates":[[21.334152,46.195145],[21.334184,46.195176]]}},{"type":"Feature","properties":{"line":"31","mode":"bus","color":"#f57145","oi":0.37,"n":1,"sw":1},"geometry":{"type":"LineString","coordinates":[[21.334179,46.195171],[21.334211,46.195202]]}},{"type":"Feature","properties":{"line":"31","mode":"bus","color":"#f57145","oi":0.291,"n":1,"sw":1},"geometry":{"type":"LineString","coordinates":[[21.334207,46.195198],[21.334239,46.195228]]}},{"type":"Feature","properties":{"line":"31","mode":"bus","color":"#f57145","oi":0.209,"n":1,"sw":1},"geometry":{"type":"LineString","coordinates":[[21.334234,46.195224],[21.334266,46.195254]]}},{"type":"Feature","properties":{"line":"31","mode":"bus","color":"#f57145","oi":0.13,"n":1,"sw":1},"geometry":{"type":"LineString","coordinates":[[21.334261,46.19525],[21.334294,46.195281]]}},{"type":"Feature","properties":{"line":"31","mode":"bus","color":"#f57145","oi":0.063,"n":1,"sw":1},"geometry":{"type":"LineString","coordinates":[[21.334289,46.195276],[21.334321,46.195307]]}},{"type":"Feature","properties":{"line":"31","mode":"bus","color":"#f57145","oi":0.017,"n":1,"sw":1},"geometry":{"type":"LineString","coordinates":[[21.334316,46.195302],[21.334348,46.195333]]}},{"type":"Feature","properties":{"line":"31","mode":"bus","color":"#f57145","oi":0,"n":1,"sw":1},"geometry":{"type":"LineString","coordinates":[[21.334344,46.195329],[21.334352,46.195337],[21.334365,46.195355],[21.334363,46.195363]]}},{"type":"Feature","properties":{"line":"31","mode":"bus","color":"#f57145","oi":0,"n":1},"geometry":{"type":"LineString","coordinates":[[21.323001,46.206726],[21.323357,46.206749],[21.325534,46.206779],[21.328016,46.206703],[21.328356,46.206714],[21.329233,46.206669],[21.329305,46.206644],[21.329326,46.206634],[21.329337,46.206619],[21.329338,46.206601],[21.329319,46.206504],[21.328936,46.205554],[21.328519,46.204184],[21.32788,46.202591],[21.326471,46.197994]]}},{"type":"Feature","properties":{"line":"31","mode":"bus","color":"#f57145","oi":0.5,"n":2},"geometry":{"type":"LineString","coordinates":[[21.326071,46.185011],[21.326482,46.185073],[21.32668,46.185158],[21.326921,46.18535],[21.328802,46.18891],[21.328992,46.189187],[21.329683,46.190517],[21.330553,46.19179],[21.330698,46.191971],[21.334099,46.195095]]}},{"type":"Feature","properties":{"line":"31","mode":"bus","color":"#f57145","oi":1,"n":2,"sw":1},"geometry":{"type":"LineString","coordinates":[[21.325615,46.184942],[21.325664,46.184949]]}},{"type":"Feature","properties":{"line":"31","mode":"bus","color":"#f57145","oi":0.983,"n":2,"sw":1},"geometry":{"type":"LineString","coordinates":[[21.325657,46.184948],[21.32571,46.184956]]}},{"type":"Feature","properties":{"line":"31","mode":"bus","color":"#f57145","oi":0.937,"n":2,"sw":1},"geometry":{"type":"LineString","coordinates":[[21.325702,46.184955],[21.325756,46.184963]]}},{"type":"Feature","properties":{"line":"31","mode":"bus","color":"#f57145","oi":0.87,"n":2,"sw":1},"geometry":{"type":"LineString","coordinates":[[21.325748,46.184962],[21.325801,46.18497]]}},{"type":"Feature","properties":{"line":"31","mode":"bus","color":"#f57145","oi":0.791,"n":2,"sw":1},"geometry":{"type":"LineString","coordinates":[[21.325794,46.184969],[21.325847,46.184977]]}},{"type":"Feature","properties":{"line":"31","mode":"bus","color":"#f57145","oi":0.709,"n":2,"sw":1},"geometry":{"type":"LineString","coordinates":[[21.325839,46.184976],[21.325893,46.184984]]}},{"type":"Feature","properties":{"line":"31","mode":"bus","color":"#f57145","oi":0.63,"n":2,"sw":1},"geometry":{"type":"LineString","coordinates":[[21.325885,46.184983],[21.325938,46.184991]]}},{"type":"Feature","properties":{"line":"31","mode":"bus","color":"#f57145","oi":0.563,"n":2,"sw":1},"geometry":{"type":"LineString","coordinates":[[21.325931,46.18499],[21.325984,46.184998]]}},{"type":"Feature","properties":{"line":"31","mode":"bus","color":"#f57145","oi":0.517,"n":2,"sw":1},"geometry":{"type":"LineString","coordinates":[[21.325976,46.184997],[21.32603,46.185005]]}},{"type":"Feature","properties":{"line":"31","mode":"bus","color":"#f57145","oi":0.5,"n":2,"sw":1},"geometry":{"type":"LineString","coordinates":[[21.326022,46.185003],[21.326075,46.185012]]}},{"type":"Feature","properties":{"line":"31","mode":"bus","color":"#f57145","oi":0.5,"n":2},"geometry":{"type":"LineString","coordinates":[[21.32676,46.185209],[21.32674,46.184988],[21.326656,46.184815],[21.325991,46.184091]]}},{"type":"Feature","properties":{"line":"31","mode":"bus","color":"#f57145","oi":0.5,"n":2,"sw":1},"geometry":{"type":"LineString","coordinates":[[21.325993,46.184093],[21.325964,46.184062]]}},{"type":"Feature","properties":{"line":"31","mode":"bus","color":"#f57145","oi":0.483,"n":2,"sw":1},"geometry":{"type":"LineString","coordinates":[[21.325968,46.184066],[21.325939,46.184034]]}},{"type":"Feature","properties":{"line":"31","mode":"bus","color":"#f57145","oi":0.437,"n":2,"sw":1},"geometry":{"type":"LineString","coordinates":[[21.325943,46.184039],[21.325933,46.184028],[21.325909,46.18401]]}},{"type":"Feature","properties":{"line":"31","mode":"bus","color":"#f57145","oi":0.37,"n":2,"sw":1},"geometry":{"type":"LineString","coordinates":[[21.325914,46.184014],[21.325877,46.183986]]}},{"type":"Feature","properties":{"line":"31","mode":"bus","color":"#f57145","oi":0.291,"n":2,"sw":1},"geometry":{"type":"LineString","coordinates":[[21.325883,46.18399],[21.325846,46.183962]]}},{"type":"Feature","properties":{"line":"31","mode":"bus","color":"#f57145","oi":0.209,"n":2,"sw":1},"geometry":{"type":"LineString","coordinates":[[21.325851,46.183966],[21.325814,46.183938]]}},{"type":"Feature","properties":{"line":"31","mode":"bus","color":"#f57145","oi":0.13,"n":2,"sw":1},"geometry":{"type":"LineString","coordinates":[[21.32582,46.183942],[21.325783,46.183914]]}},{"type":"Feature","properties":{"line":"31","mode":"bus","color":"#f57145","oi":0.063,"n":2,"sw":1},"geometry":{"type":"LineString","coordinates":[[21.325788,46.183918],[21.325751,46.18389]]}},{"type":"Feature","properties":{"line":"31","mode":"bus","color":"#f57145","oi":0.017,"n":2,"sw":1},"geometry":{"type":"LineString","coordinates":[[21.325757,46.183894],[21.32572,46.183866]]}},{"type":"Feature","properties":{"line":"31","mode":"bus","color":"#f57145","oi":0,"n":2,"sw":1},"geometry":{"type":"LineString","coordinates":[[21.325725,46.18387],[21.325691,46.183844]]}},{"type":"Feature","properties":{"line":"31","mode":"bus","color":"#f57145","oi":1,"n":3},"geometry":{"type":"LineString","coordinates":[[21.325047,46.184858],[21.325615,46.184942]]}},{"type":"Feature","properties":{"line":"31","mode":"bus","color":"#f57145","oi":0,"n":3,"sw":1},"geometry":{"type":"LineString","coordinates":[[21.324629,46.184722],[21.324658,46.184726]]}},{"type":"Feature","properties":{"line":"31","mode":"bus","color":"#f57145","oi":0.01,"n":3,"sw":1},"geometry":{"type":"LineString","coordinates":[[21.324651,46.184725],[21.324684,46.184729]]}},{"type":"Feature","properties":{"line":"31","mode":"bus","color":"#f57145","oi":0.038,"n":3,"sw":1},"geometry":{"type":"LineString","coordinates":[[21.324676,46.184728],[21.324709,46.184733]]}},{"type":"Feature","properties":{"line":"31","mode":"bus","color":"#f57145","oi":0.082,"n":3,"sw":1},"geometry":{"type":"LineString","coordinates":[[21.324702,46.184732],[21.324727,46.184735],[21.324734,46.184738]]}},{"type":"Feature","properties":{"line":"31","mode":"bus","color":"#f57145","oi":0.14,"n":3,"sw":1},"geometry":{"type":"LineString","coordinates":[[21.324727,46.184735],[21.324756,46.184747]]}},{"type":"Feature","properties":{"line":"31","mode":"bus","color":"#f57145","oi":0.209,"n":3,"sw":1},"geometry":{"type":"LineString","coordinates":[[21.324749,46.184744],[21.324778,46.184756]]}},{"type":"Feature","properties":{"line":"31","mode":"bus","color":"#f57145","oi":0.286,"n":3,"sw":1},"geometry":{"type":"LineString","coordinates":[[21.324772,46.184753],[21.324801,46.184765]]}},{"type":"Feature","properties":{"line":"31","mode":"bus","color":"#f57145","oi":0.369,"n":3,"sw":1},"geometry":{"type":"LineString","coordinates":[[21.324794,46.184763],[21.324823,46.184775]]}},{"type":"Feature","properties":{"line":"31","mode":"bus","color":"#f57145","oi":0.456,"n":3,"sw":1},"geometry":{"type":"LineString","coordinates":[[21.324816,46.184772],[21.324845,46.184784]]}},{"type":"Feature","properties":{"line":"31","mode":"bus","color":"#f57145","oi":0.544,"n":3,"sw":1},"geometry":{"type":"LineString","coordinates":[[21.324839,46.184781],[21.324868,46.184793]]}},{"type":"Feature","properties":{"line":"31","mode":"bus","color":"#f57145","oi":0.631,"n":3,"sw":1},"geometry":{"type":"LineString","coordinates":[[21.324861,46.18479],[21.32489,46.184802]]}},{"type":"Feature","properties":{"line":"31","mode":"bus","color":"#f57145","oi":0.714,"n":3,"sw":1},"geometry":{"type":"LineString","coordinates":[[21.324883,46.184799],[21.324912,46.184811]]}},{"type":"Feature","properties":{"line":"31","mode":"bus","color":"#f57145","oi":0.791,"n":3,"sw":1},"geometry":{"type":"LineString","coordinates":[[21.324906,46.184809],[21.324935,46.184821]]}},{"type":"Feature","properties":{"line":"31","mode":"bus","color":"#f57145","oi":0.86,"n":3,"sw":1},"geometry":{"type":"LineString","coordinates":[[21.324928,46.184818],[21.324957,46.18483]]}},{"type":"Feature","properties":{"line":"31","mode":"bus","color":"#f57145","oi":0.918,"n":3,"sw":1},"geometry":{"type":"LineString","coordinates":[[21.32495,46.184827],[21.324979,46.184839]]}},{"type":"Feature","properties":{"line":"31","mode":"bus","color":"#f57145","oi":0.962,"n":3,"sw":1},"geometry":{"type":"LineString","coordinates":[[21.324972,46.184836],[21.325001,46.184848]]}},{"type":"Feature","properties":{"line":"31","mode":"bus","color":"#f57145","oi":0.99,"n":3,"sw":1},"geometry":{"type":"LineString","coordinates":[[21.324995,46.184845],[21.325013,46.184853],[21.325025,46.184855]]}},{"type":"Feature","properties":{"line":"31","mode":"bus","color":"#f57145","oi":1,"n":3,"sw":1},"geometry":{"type":"LineString","coordinates":[[21.325018,46.184854],[21.325051,46.184859]]}},{"type":"Feature","properties":{"line":"31","mode":"bus","color":"#f57145","oi":1.5,"n":4},"geometry":{"type":"LineString","coordinates":[[21.323842,46.183426],[21.32423,46.183879],[21.324365,46.1841],[21.324629,46.184722]]}},{"type":"Feature","properties":{"line":"31","mode":"bus","color":"#f57145","oi":0,"n":4,"sw":1},"geometry":{"type":"LineString","coordinates":[[21.323603,46.183147],[21.323614,46.18316]]}},{"type":"Feature","properties":{"line":"31","mode":"bus","color":"#f57145","oi":0.007,"n":4,"sw":1},"geometry":{"type":"LineString","coordinates":[[21.32361,46.183155],[21.323623,46.183171]]}},{"type":"Feature","properties":{"line":"31","mode":"bus","color":"#f57145","oi":0.027,"n":4,"sw":1},"geometry":{"type":"LineString","coordinates":[[21.323619,46.183166],[21.323633,46.183181]]}},{"type":"Feature","properties":{"line":"31","mode":"bus","color":"#f57145","oi":0.06,"n":4,"sw":1},"geometry":{"type":"LineString","coordinates":[[21.323629,46.183177],[21.323642,46.183192]]}},{"type":"Feature","properties":{"line":"31","mode":"bus","color":"#f57145","oi":0.103,"n":4,"sw":1},"geometry":{"type":"LineString","coordinates":[[21.323638,46.183188],[21.323651,46.183203]]}},{"type":"Feature","properties":{"line":"31","mode":"bus","color":"#f57145","oi":0.156,"n":4,"sw":1},"geometry":{"type":"LineString","coordinates":[[21.323647,46.183198],[21.32366,46.183214]]}},{"type":"Feature","properties":{"line":"31","mode":"bus","color":"#f57145","oi":0.218,"n":4,"sw":1},"geometry":{"type":"LineString","coordinates":[[21.323656,46.183209],[21.323669,46.183224]]}},{"type":"Feature","properties":{"line":"31","mode":"bus","color":"#f57145","oi":0.287,"n":4,"sw":1},"geometry":{"type":"LineString","coordinates":[[21.323665,46.18322],[21.323678,46.183235]]}},{"type":"Feature","properties":{"line":"31","mode":"bus","color":"#f57145","oi":0.362,"n":4,"sw":1},"geometry":{"type":"LineString","coordinates":[[21.323674,46.18323],[21.323688,46.183246]]}},{"type":"Feature","properties":{"line":"31","mode":"bus","color":"#f57145","oi":0.443,"n":4,"sw":1},"geometry":{"type":"LineString","coordinates":[[21.323684,46.183241],[21.323697,46.183256]]}},{"type":"Feature","properties":{"line":"31","mode":"bus","color":"#f57145","oi":0.528,"n":4,"sw":1},"geometry":{"type":"LineString","coordinates":[[21.323693,46.183252],[21.323706,46.183267]]}},{"type":"Feature","properties":{"line":"31","mode":"bus","color":"#f57145","oi":0.616,"n":4,"sw":1},"geometry":{"type":"LineString","coordinates":[[21.323702,46.183263],[21.323715,46.183278]]}},{"type":"Feature","properties":{"line":"31","mode":"bus","color":"#f57145","oi":0.705,"n":4,"sw":1},"geometry":{"type":"LineString","coordinates":[[21.323711,46.183273],[21.323724,46.183289]]}},{"type":"Feature","properties":{"line":"31","mode":"bus","color":"#f57145","oi":0.795,"n":4,"sw":1},"geometry":{"type":"LineString","coordinates":[[21.32372,46.183284],[21.323733,46.183299]]}},{"type":"Feature","properties":{"line":"31","mode":"bus","color":"#f57145","oi":0.884,"n":4,"sw":1},"geometry":{"type":"LineString","coordinates":[[21.323729,46.183295],[21.323743,46.18331]]}},{"type":"Feature","properties":{"line":"31","mode":"bus","color":"#f57145","oi":0.972,"n":4,"sw":1},"geometry":{"type":"LineString","coordinates":[[21.323739,46.183305],[21.323752,46.183321]]}},{"type":"Feature","properties":{"line":"31","mode":"bus","color":"#f57145","oi":1.057,"n":4,"sw":1},"geometry":{"type":"LineString","coordinates":[[21.323748,46.183316],[21.323761,46.183331]]}},{"type":"Feature","properties":{"line":"31","mode":"bus","color":"#f57145","oi":1.138,"n":4,"sw":1},"geometry":{"type":"LineString","coordinates":[[21.323757,46.183327],[21.32377,46.183342]]}},{"type":"Feature","properties":{"line":"31","mode":"bus","color":"#f57145","oi":1.213,"n":4,"sw":1},"geometry":{"type":"LineString","coordinates":[[21.323766,46.183337],[21.323779,46.183353]]}},{"type":"Feature","properties":{"line":"31","mode":"bus","color":"#f57145","oi":1.282,"n":4,"sw":1},"geometry":{"type":"LineString","coordinates":[[21.323775,46.183348],[21.323788,46.183364]]}},{"type":"Feature","properties":{"line":"31","mode":"bus","color":"#f57145","oi":1.344,"n":4,"sw":1},"geometry":{"type":"LineString","coordinates":[[21.323785,46.183359],[21.323798,46.183374]]}},{"type":"Feature","properties":{"line":"31","mode":"bus","color":"#f57145","oi":1.397,"n":4,"sw":1},"geometry":{"type":"LineString","coordinates":[[21.323794,46.18337],[21.323807,46.183385]]}},{"type":"Feature","properties":{"line":"31","mode":"bus","color":"#f57145","oi":1.44,"n":4,"sw":1},"geometry":{"type":"LineString","coordinates":[[21.323803,46.18338],[21.323816,46.183396]]}},{"type":"Feature","properties":{"line":"31","mode":"bus","color":"#f57145","oi":1.473,"n":4,"sw":1},"geometry":{"type":"LineString","coordinates":[[21.323812,46.183391],[21.323825,46.183406]]}},{"type":"Feature","properties":{"line":"31","mode":"bus","color":"#f57145","oi":1.493,"n":4,"sw":1},"geometry":{"type":"LineString","coordinates":[[21.323821,46.183402],[21.323834,46.183417]]}},{"type":"Feature","properties":{"line":"31","mode":"bus","color":"#f57145","oi":1.5,"n":4,"sw":1},"geometry":{"type":"LineString","coordinates":[[21.32383,46.183412],[21.323844,46.183428]]}},{"type":"Feature","properties":{"line":"52","mode":"bus","color":"#7c5001","oi":-0.5,"n":2},"geometry":{"type":"LineString","coordinates":[[21.326071,46.185011],[21.326482,46.185073],[21.32668,46.185158],[21.326921,46.18535],[21.328802,46.18891],[21.328992,46.189187],[21.329683,46.190517],[21.330553,46.19179],[21.330698,46.191971],[21.334099,46.195095]]}},{"type":"Feature","properties":{"line":"52","mode":"bus","color":"#7c5001","oi":0,"n":2,"sw":1},"geometry":{"type":"LineString","coordinates":[[21.325615,46.184942],[21.325664,46.184949]]}},{"type":"Feature","properties":{"line":"52","mode":"bus","color":"#7c5001","oi":-0.017,"n":2,"sw":1},"geometry":{"type":"LineString","coordinates":[[21.325657,46.184948],[21.32571,46.184956]]}},{"type":"Feature","properties":{"line":"52","mode":"bus","color":"#7c5001","oi":-0.063,"n":2,"sw":1},"geometry":{"type":"LineString","coordinates":[[21.325702,46.184955],[21.325756,46.184963]]}},{"type":"Feature","properties":{"line":"52","mode":"bus","color":"#7c5001","oi":-0.13,"n":2,"sw":1},"geometry":{"type":"LineString","coordinates":[[21.325748,46.184962],[21.325801,46.18497]]}},{"type":"Feature","properties":{"line":"52","mode":"bus","color":"#7c5001","oi":-0.209,"n":2,"sw":1},"geometry":{"type":"LineString","coordinates":[[21.325794,46.184969],[21.325847,46.184977]]}},{"type":"Feature","properties":{"line":"52","mode":"bus","color":"#7c5001","oi":-0.291,"n":2,"sw":1},"geometry":{"type":"LineString","coordinates":[[21.325839,46.184976],[21.325893,46.184984]]}},{"type":"Feature","properties":{"line":"52","mode":"bus","color":"#7c5001","oi":-0.37,"n":2,"sw":1},"geometry":{"type":"LineString","coordinates":[[21.325885,46.184983],[21.325938,46.184991]]}},{"type":"Feature","properties":{"line":"52","mode":"bus","color":"#7c5001","oi":-0.437,"n":2,"sw":1},"geometry":{"type":"LineString","coordinates":[[21.325931,46.18499],[21.325984,46.184998]]}},{"type":"Feature","properties":{"line":"52","mode":"bus","color":"#7c5001","oi":-0.483,"n":2,"sw":1},"geometry":{"type":"LineString","coordinates":[[21.325976,46.184997],[21.32603,46.185005]]}},{"type":"Feature","properties":{"line":"52","mode":"bus","color":"#7c5001","oi":-0.5,"n":2,"sw":1},"geometry":{"type":"LineString","coordinates":[[21.326022,46.185003],[21.326075,46.185012]]}},{"type":"Feature","properties":{"line":"52","mode":"bus","color":"#7c5001","oi":-0.5,"n":2},"geometry":{"type":"LineString","coordinates":[[21.32676,46.185209],[21.32674,46.184988],[21.326656,46.184815],[21.325991,46.184091]]}},{"type":"Feature","properties":{"line":"52","mode":"bus","color":"#7c5001","oi":-0.5,"n":2,"sw":1},"geometry":{"type":"LineString","coordinates":[[21.325993,46.184093],[21.325964,46.184062]]}},{"type":"Feature","properties":{"line":"52","mode":"bus","color":"#7c5001","oi":-0.483,"n":2,"sw":1},"geometry":{"type":"LineString","coordinates":[[21.325968,46.184066],[21.325939,46.184034]]}},{"type":"Feature","properties":{"line":"52","mode":"bus","color":"#7c5001","oi":-0.437,"n":2,"sw":1},"geometry":{"type":"LineString","coordinates":[[21.325943,46.184039],[21.325933,46.184028],[21.325909,46.18401]]}},{"type":"Feature","properties":{"line":"52","mode":"bus","color":"#7c5001","oi":-0.37,"n":2,"sw":1},"geometry":{"type":"LineString","coordinates":[[21.325914,46.184014],[21.325877,46.183986]]}},{"type":"Feature","properties":{"line":"52","mode":"bus","color":"#7c5001","oi":-0.291,"n":2,"sw":1},"geometry":{"type":"LineString","coordinates":[[21.325883,46.18399],[21.325846,46.183962]]}},{"type":"Feature","properties":{"line":"52","mode":"bus","color":"#7c5001","oi":-0.209,"n":2,"sw":1},"geometry":{"type":"LineString","coordinates":[[21.325851,46.183966],[21.325814,46.183938]]}},{"type":"Feature","properties":{"line":"52","mode":"bus","color":"#7c5001","oi":-0.13,"n":2,"sw":1},"geometry":{"type":"LineString","coordinates":[[21.32582,46.183942],[21.325783,46.183914]]}},{"type":"Feature","properties":{"line":"52","mode":"bus","color":"#7c5001","oi":-0.063,"n":2,"sw":1},"geometry":{"type":"LineString","coordinates":[[21.325788,46.183918],[21.325751,46.18389]]}},{"type":"Feature","properties":{"line":"52","mode":"bus","color":"#7c5001","oi":-0.017,"n":2,"sw":1},"geometry":{"type":"LineString","coordinates":[[21.325757,46.183894],[21.32572,46.183866]]}},{"type":"Feature","properties":{"line":"52","mode":"bus","color":"#7c5001","oi":0,"n":2,"sw":1},"geometry":{"type":"LineString","coordinates":[[21.325725,46.18387],[21.325691,46.183844]]}},{"type":"Feature","properties":{"line":"52","mode":"bus","color":"#7c5001","oi":0,"n":3},"geometry":{"type":"LineString","coordinates":[[21.324629,46.184722],[21.324727,46.184735],[21.325013,46.184853],[21.325615,46.184942]]}},{"type":"Feature","properties":{"line":"52","mode":"bus","color":"#7c5001","oi":-0.5,"n":4},"geometry":{"type":"LineString","coordinates":[[21.323842,46.183426],[21.32423,46.183879],[21.324365,46.1841],[21.324629,46.184722]]}},{"type":"Feature","properties":{"line":"52","mode":"bus","color":"#7c5001","oi":0,"n":4,"sw":1},"geometry":{"type":"LineString","coordinates":[[21.323603,46.183147],[21.323629,46.183177]]}},{"type":"Feature","properties":{"line":"52","mode":"bus","color":"#7c5001","oi":-0.017,"n":4,"sw":1},"geometry":{"type":"LineString","coordinates":[[21.323625,46.183173],[21.323653,46.183205]]}},{"type":"Feature","properties":{"line":"52","mode":"bus","color":"#7c5001","oi":-0.063,"n":4,"sw":1},"geometry":{"type":"LineString","coordinates":[[21.323649,46.1832],[21.323677,46.183233]]}},{"type":"Feature","properties":{"line":"52","mode":"bus","color":"#7c5001","oi":-0.13,"n":4,"sw":1},"geometry":{"type":"LineString","coordinates":[[21.323673,46.183228],[21.3237,46.183261]]}},{"type":"Feature","properties":{"line":"52","mode":"bus","color":"#7c5001","oi":-0.209,"n":4,"sw":1},"geometry":{"type":"LineString","coordinates":[[21.323696,46.183256],[21.323724,46.183289]]}},{"type":"Feature","properties":{"line":"52","mode":"bus","color":"#7c5001","oi":-0.291,"n":4,"sw":1},"geometry":{"type":"LineString","coordinates":[[21.32372,46.183284],[21.323748,46.183316]]}},{"type":"Feature","properties":{"line":"52","mode":"bus","color":"#7c5001","oi":-0.37,"n":4,"sw":1},"geometry":{"type":"LineString","coordinates":[[21.323744,46.183312],[21.323772,46.183344]]}},{"type":"Feature","properties":{"line":"52","mode":"bus","color":"#7c5001","oi":-0.437,"n":4,"sw":1},"geometry":{"type":"LineString","coordinates":[[21.323768,46.18334],[21.323796,46.183372]]}},{"type":"Feature","properties":{"line":"52","mode":"bus","color":"#7c5001","oi":-0.483,"n":4,"sw":1},"geometry":{"type":"LineString","coordinates":[[21.323792,46.183367],[21.32382,46.1834]]}},{"type":"Feature","properties":{"line":"52","mode":"bus","color":"#7c5001","oi":-0.5,"n":4,"sw":1},"geometry":{"type":"LineString","coordinates":[[21.323816,46.183395],[21.323844,46.183428]]}},{"type":"Feature","properties":{"line":"52","mode":"bus","color":"#7c5001","oi":0,"n":1},"geometry":{"type":"LineString","coordinates":[[21.334099,46.195095],[21.3365,46.193916],[21.339332,46.192443],[21.342764,46.189533],[21.342856,46.189365],[21.342373,46.18826],[21.341141,46.185646],[21.341138,46.185524],[21.34126,46.18533],[21.341313,46.18531],[21.344475,46.185285],[21.346226,46.185376],[21.347991,46.185616],[21.349165,46.185806],[21.349736,46.186]]}},{"type":"Feature","properties":{"line":"52","mode":"bus","color":"#7c5001","oi":0,"n":1},"geometry":{"type":"LineString","coordinates":[[21.341598,46.186633],[21.341443,46.186619],[21.341366,46.186587],[21.339696,46.185696],[21.339676,46.185688],[21.339658,46.185687],[21.33964,46.185692],[21.339624,46.185703],[21.33515,46.189967],[21.330698,46.191971]]}},{"type":"Feature","properties":{"line":"15","mode":"tram","color":"#a72d06","oi":0.5,"n":2},"geometry":{"type":"LineString","coordinates":[[21.325294,46.184868],[21.326245,46.184988],[21.326552,46.185062],[21.32683,46.185219],[21.327004,46.185427],[21.329495,46.190216],[21.330416,46.191848],[21.333142,46.194358],[21.333849,46.194956],[21.334274,46.195427],[21.337653,46.198472],[21.338807,46.199556],[21.340897,46.201395],[21.342008,46.202433],[21.34278,46.203109]]}},{"type":"Feature","properties":{"line":"15","mode":"tram","color":"#a72d06","oi":0,"n":1},"geometry":{"type":"LineString","coordinates":[[21.325455,46.184889],[21.325304,46.184898],[21.325102,46.184992],[21.324996,46.185122],[21.32499,46.185235]]}},{"type":"Feature","properties":{"line":"15","mode":"tram","color":"#a72d06","oi":0,"n":1},"geometry":{"type":"LineString","coordinates":[[21.325294,46.184868],[21.325122,46.184924],[21.325026,46.184985],[21.324947,46.185088],[21.324927,46.185198]]}},{"type":"Feature","properties":{"line":"16","mode":"tram","color":"#446303","oi":-0.5,"n":2},"geometry":{"type":"LineString","coordinates":[[21.325294,46.184868],[21.326245,46.184988],[21.326552,46.185062],[21.32683,46.185219],[21.327004,46.185427],[21.329495,46.190216],[21.330416,46.191848],[21.333142,46.194358],[21.333849,46.194956],[21.334274,46.195427],[21.337653,46.198472],[21.338807,46.199556],[21.340897,46.201395],[21.342008,46.202433],[21.34278,46.203109]]}},{"type":"Feature","properties":{"line":"16","mode":"tram","color":"#446303","oi":0,"n":1},"geometry":{"type":"LineString","coordinates":[[21.324843,46.184754],[21.325032,46.184822],[21.32506,46.184827]]}},{"type":"Feature","properties":{"line":"16","mode":"tram","color":"#446303","oi":0,"n":1,"sw":1},"geometry":{"type":"LineString","coordinates":[[21.325056,46.184826],[21.325087,46.184832]]}},{"type":"Feature","properties":{"line":"16","mode":"tram","color":"#446303","oi":-0.017,"n":1,"sw":1},"geometry":{"type":"LineString","coordinates":[[21.325079,46.18483],[21.32511,46.184836]]}},{"type":"Feature","properties":{"line":"16","mode":"tram","color":"#446303","oi":-0.063,"n":1,"sw":1},"geometry":{"type":"LineString","coordinates":[[21.325103,46.184834],[21.325134,46.18484]]}},{"type":"Feature","properties":{"line":"16","mode":"tram","color":"#446303","oi":-0.13,"n":1,"sw":1},"geometry":{"type":"LineString","coordinates":[[21.325126,46.184839],[21.325157,46.184844]]}},{"type":"Feature","properties":{"line":"16","mode":"tram","color":"#446303","oi":-0.209,"n":1,"sw":1},"geometry":{"type":"LineString","coordinates":[[21.32515,46.184843],[21.325181,46.184848]]}},{"type":"Feature","properties":{"line":"16","mode":"tram","color":"#446303","oi":-0.291,"n":1,"sw":1},"geometry":{"type":"LineString","coordinates":[[21.325173,46.184847],[21.325204,46.184852]]}},{"type":"Feature","properties":{"line":"16","mode":"tram","color":"#446303","oi":-0.37,"n":1,"sw":1},"geometry":{"type":"LineString","coordinates":[[21.325197,46.184851],[21.325228,46.184856]]}},{"type":"Feature","properties":{"line":"16","mode":"tram","color":"#446303","oi":-0.437,"n":1,"sw":1},"geometry":{"type":"LineString","coordinates":[[21.32522,46.184855],[21.325251,46.18486]]}},{"type":"Feature","properties":{"line":"16","mode":"tram","color":"#446303","oi":-0.483,"n":1,"sw":1},"geometry":{"type":"LineString","coordinates":[[21.325243,46.184859],[21.325274,46.184865]]}},{"type":"Feature","properties":{"line":"16","mode":"tram","color":"#446303","oi":-0.5,"n":1,"sw":1},"geometry":{"type":"LineString","coordinates":[[21.325267,46.184863],[21.325294,46.184868]]}},{"type":"Feature","properties":{"line":"16","mode":"tram","color":"#446303","oi":0,"n":1},"geometry":{"type":"LineString","coordinates":[[21.334274,46.195427],[21.333378,46.194571]]}},{"type":"Feature","properties":{"line":"16","mode":"tram","color":"#446303","oi":-1.5,"n":4},"geometry":{"type":"LineString","coordinates":[[21.320008,46.167455],[21.319867,46.167659]]}},{"type":"Feature","properties":{"line":"16","mode":"tram","color":"#446303","oi":-1.5,"n":4,"sw":1},"geometry":{"type":"LineString","coordinates":[[21.319869,46.167657],[21.31986,46.167669]]}},{"type":"Feature","properties":{"line":"16","mode":"tram","color":"#446303","oi":-1.493,"n":4,"sw":1},"geometry":{"type":"LineString","coordinates":[[21.319863,46.167664],[21.319854,46.167677]]}},{"type":"Feature","properties":{"line":"16","mode":"tram","color":"#446303","oi":-1.473,"n":4,"sw":1},"geometry":{"type":"LineString","coordinates":[[21.319858,46.167672],[21.319849,46.167685],[21.319849,46.167685]]}},{"type":"Feature","properties":{"line":"16","mode":"tram","color":"#446303","oi":-1.44,"n":4,"sw":1},"geometry":{"type":"LineString","coordinates":[[21.319852,46.16768],[21.319849,46.167685],[21.31984,46.167691]]}},{"type":"Feature","properties":{"line":"16","mode":"tram","color":"#446303","oi":-1.397,"n":4,"sw":1},"geometry":{"type":"LineString","coordinates":[[21.319845,46.167687],[21.319831,46.167697]]}},{"type":"Feature","properties":{"line":"16","mode":"tram","color":"#446303","oi":-1.344,"n":4,"sw":1},"geometry":{"type":"LineString","coordinates":[[21.319836,46.167693],[21.319821,46.167703]]}},{"type":"Feature","properties":{"line":"16","mode":"tram","color":"#446303","oi":-1.282,"n":4,"sw":1},"geometry":{"type":"LineString","coordinates":[[21.319827,46.167699],[21.319812,46.167709]]}},{"type":"Feature","properties":{"line":"16","mode":"tram","color":"#446303","oi":-1.213,"n":4,"sw":1},"geometry":{"type":"LineString","coordinates":[[21.319818,46.167705],[21.319803,46.167715]]}},{"type":"Feature","properties":{"line":"16","mode":"tram","color":"#446303","oi":-1.138,"n":4,"sw":1},"geometry":{"type":"LineString","coordinates":[[21.319809,46.167711],[21.319794,46.167721]]}},{"type":"Feature","properties":{"line":"16","mode":"tram","color":"#446303","oi":-1.057,"n":4,"sw":1},"geometry":{"type":"LineString","coordinates":[[21.3198,46.167717],[21.319785,46.167727]]}},{"type":"Feature","properties":{"line":"16","mode":"tram","color":"#446303","oi":-0.972,"n":4,"sw":1},"geometry":{"type":"LineString","coordinates":[[21.31979,46.167723],[21.319776,46.167733]]}},{"type":"Feature","properties":{"line":"16","mode":"tram","color":"#446303","oi":-0.884,"n":4,"sw":1},"geometry":{"type":"LineString","coordinates":[[21.319781,46.167729],[21.319766,46.167739]]}},{"type":"Feature","properties":{"line":"16","mode":"tram","color":"#446303","oi":-0.795,"n":4,"sw":1},"geometry":{"type":"LineString","coordinates":[[21.319772,46.167735],[21.319757,46.167745]]}},{"type":"Feature","properties":{"line":"16","mode":"tram","color":"#446303","oi":-0.705,"n":4,"sw":1},"geometry":{"type":"LineString","coordinates":[[21.319763,46.167741],[21.319748,46.16775]]}},{"type":"Feature","properties":{"line":"16","mode":"tram","color":"#446303","oi":-0.616,"n":4,"sw":1},"geometry":{"type":"LineString","coordinates":[[21.319754,46.167747],[21.319739,46.167756]]}},{"type":"Feature","properties":{"line":"16","mode":"tram","color":"#446303","oi":-0.528,"n":4,"sw":1},"geometry":{"type":"LineString","coordinates":[[21.319745,46.167753],[21.31973,46.167762]]}},{"type":"Feature","properties":{"line":"16","mode":"tram","color":"#446303","oi":-0.443,"n":4,"sw":1},"geometry":{"type":"LineString","coordinates":[[21.319735,46.167759],[21.319721,46.167768]]}},{"type":"Feature","properties":{"line":"16","mode":"tram","color":"#446303","oi":-0.362,"n":4,"sw":1},"geometry":{"type":"LineString","coordinates":[[21.319726,46.167765],[21.319711,46.167774]]}},{"type":"Feature","properties":{"line":"16","mode":"tram","color":"#446303","oi":-0.287,"n":4,"sw":1},"geometry":{"type":"LineString","coordinates":[[21.319717,46.167771],[21.319702,46.16778]]}},{"type":"Feature","properties":{"line":"16","mode":"tram","color":"#446303","oi":-0.218,"n":4,"sw":1},"geometry":{"type":"LineString","coordinates":[[21.319708,46.167777],[21.319693,46.167786]]}},{"type":"Feature","properties":{"line":"16","mode":"tram","color":"#446303","oi":-0.156,"n":4,"sw":1},"geometry":{"type":"LineString","coordinates":[[21.319699,46.167782],[21.319684,46.167792]]}},{"type":"Feature","properties":{"line":"16","mode":"tram","color":"#446303","oi":-0.103,"n":4,"sw":1},"geometry":{"type":"LineString","coordinates":[[21.31969,46.167788],[21.319675,46.167798]]}},{"type":"Feature","properties":{"line":"16","mode":"tram","color":"#446303","oi":-0.06,"n":4,"sw":1},"geometry":{"type":"LineString","coordinates":[[21.31968,46.167794],[21.319666,46.167804]]}},{"type":"Feature","properties":{"line":"16","mode":"tram","color":"#446303","oi":-0.027,"n":4,"sw":1},"geometry":{"type":"LineString","coordinates":[[21.319671,46.1678],[21.319656,46.16781]]}},{"type":"Feature","properties":{"line":"16","mode":"tram","color":"#446303","oi":-0.007,"n":4,"sw":1},"geometry":{"type":"LineString","coordinates":[[21.319662,46.167806],[21.319647,46.167816]]}},{"type":"Feature","properties":{"line":"16","mode":"tram","color":"#446303","oi":0,"n":4,"sw":1},"geometry":{"type":"LineString","coordinates":[[21.319653,46.167812],[21.319641,46.16782]]}},{"type":"Feature","properties":{"line":"1","mode":"tram","color":"#1cab97","oi":0,"n":4,"sw":1},"geometry":{"type":"LineString","coordinates":[[21.324843,46.184754],[21.324847,46.184766]]}},{"type":"Feature","properties":{"line":"1","mode":"tram","color":"#1cab97","oi":0.007,"n":4,"sw":1},"geometry":{"type":"LineString","coordinates":[[21.324845,46.184761],[21.324849,46.184775]]}},{"type":"Feature","properties":{"line":"1","mode":"tram","color":"#1cab97","oi":0.027,"n":4,"sw":1},"geometry":{"type":"LineString","coordinates":[[21.324848,46.18477],[21.324852,46.184784]]}},{"type":"Feature","properties":{"line":"1","mode":"tram","color":"#1cab97","oi":0.06,"n":4,"sw":1},"geometry":{"type":"LineString","coordinates":[[21.324851,46.184779],[21.324855,46.184794]]}},{"type":"Feature","properties":{"line":"1","mode":"tram","color":"#1cab97","oi":0.103,"n":4,"sw":1},"geometry":{"type":"LineString","coordinates":[[21.324854,46.184788],[21.324858,46.184803]]}},{"type":"Feature","properties":{"line":"1","mode":"tram","color":"#1cab97","oi":0.156,"n":4,"sw":1},"geometry":{"type":"LineString","coordinates":[[21.324856,46.184798],[21.324861,46.184812]]}},{"type":"Feature","properties":{"line":"1","mode":"tram","color":"#1cab97","oi":0.218,"n":4,"sw":1},"geometry":{"type":"LineString","coordinates":[[21.324859,46.184807],[21.324864,46.184821]]}},{"type":"Feature","properties":{"line":"1","mode":"tram","color":"#1cab97","oi":0.287,"n":4,"sw":1},"geometry":{"type":"LineString","coordinates":[[21.324862,46.184816],[21.324866,46.184831]]}},{"type":"Feature","properties":{"line":"1","mode":"tram","color":"#1cab97","oi":0.362,"n":4,"sw":1},"geometry":{"type":"LineString","coordinates":[[21.324865,46.184825],[21.324869,46.18484]]}},{"type":"Feature","properties":{"line":"1","mode":"tram","color":"#1cab97","oi":0.443,"n":4,"sw":1},"geometry":{"type":"LineString","coordinates":[[21.324868,46.184835],[21.324872,46.184849]]}},{"type":"Feature","properties":{"line":"1","mode":"tram","color":"#1cab97","oi":0.528,"n":4,"sw":1},"geometry":{"type":"LineString","coordinates":[[21.32487,46.184844],[21.324875,46.184858]]}},{"type":"Feature","properties":{"line":"1","mode":"tram","color":"#1cab97","oi":0.616,"n":4,"sw":1},"geometry":{"type":"LineString","coordinates":[[21.324873,46.184853],[21.324878,46.184868]]}},{"type":"Feature","properties":{"line":"1","mode":"tram","color":"#1cab97","oi":0.705,"n":4,"sw":1},"geometry":{"type":"LineString","coordinates":[[21.324876,46.184862],[21.324881,46.184877]]}},{"type":"Feature","properties":{"line":"1","mode":"tram","color":"#1cab97","oi":0.795,"n":4,"sw":1},"geometry":{"type":"LineString","coordinates":[[21.324879,46.184872],[21.324883,46.184886]]}},{"type":"Feature","properties":{"line":"1","mode":"tram","color":"#1cab97","oi":0.884,"n":4,"sw":1},"geometry":{"type":"LineString","coordinates":[[21.324882,46.184881],[21.324886,46.184895]]}},{"type":"Feature","properties":{"line":"1","mode":"tram","color":"#1cab97","oi":0.972,"n":4,"sw":1},"geometry":{"type":"LineString","coordinates":[[21.324885,46.18489],[21.324889,46.184905]]}},{"type":"Feature","properties":{"line":"1","mode":"tram","color":"#1cab97","oi":1.057,"n":4,"sw":1},"geometry":{"type":"LineString","coordinates":[[21.324887,46.184899],[21.324892,46.184914]]}},{"type":"Feature","properties":{"line":"1","mode":"tram","color":"#1cab97","oi":1.138,"n":4,"sw":1},"geometry":{"type":"LineString","coordinates":[[21.32489,46.184909],[21.324895,46.184923]]}},{"type":"Feature","properties":{"line":"1","mode":"tram","color":"#1cab97","oi":1.213,"n":4,"sw":1},"geometry":{"type":"LineString","coordinates":[[21.324893,46.184918],[21.324898,46.184932]]}},{"type":"Feature","properties":{"line":"1","mode":"tram","color":"#1cab97","oi":1.282,"n":4,"sw":1},"geometry":{"type":"LineString","coordinates":[[21.324896,46.184927],[21.3249,46.184942]]}},{"type":"Feature","properties":{"line":"1","mode":"tram","color":"#1cab97","oi":1.344,"n":4,"sw":1},"geometry":{"type":"LineString","coordinates":[[21.324899,46.184936],[21.324903,46.184951]]}},{"type":"Feature","properties":{"line":"1","mode":"tram","color":"#1cab97","oi":1.397,"n":4,"sw":1},"geometry":{"type":"LineString","coordinates":[[21.324902,46.184946],[21.324906,46.18496]]}},{"type":"Feature","properties":{"line":"1","mode":"tram","color":"#1cab97","oi":1.44,"n":4,"sw":1},"geometry":{"type":"LineString","coordinates":[[21.324904,46.184955],[21.324909,46.184969]]}},{"type":"Feature","properties":{"line":"1","mode":"tram","color":"#1cab97","oi":1.473,"n":4,"sw":1},"geometry":{"type":"LineString","coordinates":[[21.324907,46.184964],[21.324912,46.184979]]}},{"type":"Feature","properties":{"line":"1","mode":"tram","color":"#1cab97","oi":1.493,"n":4,"sw":1},"geometry":{"type":"LineString","coordinates":[[21.32491,46.184973],[21.324914,46.184988]]}},{"type":"Feature","properties":{"line":"1","mode":"tram","color":"#1cab97","oi":1.5,"n":4,"sw":1},"geometry":{"type":"LineString","coordinates":[[21.324913,46.184983],[21.324917,46.184997]]}},{"type":"Feature","properties":{"line":"1","mode":"tram","color":"#1cab97","oi":1.5,"n":4,"sw":1},"geometry":{"type":"LineString","coordinates":[[21.324916,46.184992],[21.32492,46.185006]]}},{"type":"Feature","properties":{"line":"1","mode":"tram","color":"#1cab97","oi":1.493,"n":4,"sw":1},"geometry":{"type":"LineString","coordinates":[[21.324919,46.185001],[21.324923,46.185016]]}},{"type":"Feature","properties":{"line":"1","mode":"tram","color":"#1cab97","oi":1.473,"n":4,"sw":1},"geometry":{"type":"LineString","coordinates":[[21.324921,46.18501],[21.324926,46.185025]]}},{"type":"Feature","properties":{"line":"1","mode":"tram","color":"#1cab97","oi":1.44,"n":4,"sw":1},"geometry":{"type":"LineString","coordinates":[[21.324924,46.18502],[21.324929,46.185034]]}},{"type":"Feature","properties":{"line":"1","mode":"tram","color":"#1cab97","oi":1.397,"n":4,"sw":1},"geometry":{"type":"LineString","coordinates":[[21.324927,46.185029],[21.324931,46.185043]]}},{"type":"Feature","properties":{"line":"1","mode":"tram","color":"#1cab97","oi":1.344,"n":4,"sw":1},"geometry":{"type":"LineString","coordinates":[[21.32493,46.185038],[21.324934,46.185053]]}},{"type":"Feature","properties":{"line":"1","mode":"tram","color":"#1cab97","oi":1.282,"n":4,"sw":1},"geometry":{"type":"LineString","coordinates":[[21.324933,46.185047],[21.324937,46.185062]]}},{"type":"Feature","properties":{"line":"1","mode":"tram","color":"#1cab97","oi":1.213,"n":4,"sw":1},"geometry":{"type":"LineString","coordinates":[[21.324935,46.185057],[21.32494,46.185071]]}},{"type":"Feature","properties":{"line":"1","mode":"tram","color":"#1cab97","oi":1.138,"n":4,"sw":1},"geometry":{"type":"LineString","coordinates":[[21.324938,46.185066],[21.324943,46.18508]]}},{"type":"Feature","properties":{"line":"1","mode":"tram","color":"#1cab97","oi":1.057,"n":4,"sw":1},"geometry":{"type":"LineString","coordinates":[[21.324941,46.185075],[21.324946,46.18509]]}},{"type":"Feature","properties":{"line":"1","mode":"tram","color":"#1cab97","oi":0.972,"n":4,"sw":1},"geometry":{"type":"LineString","coordinates":[[21.324944,46.185084],[21.324948,46.185099]]}},{"type":"Feature","properties":{"line":"1","mode":"tram","color":"#1cab97","oi":0.884,"n":4,"sw":1},"geometry":{"type":"LineString","coordinates":[[21.324947,46.185094],[21.324951,46.185108]]}},{"type":"Feature","properties":{"line":"1","mode":"tram","color":"#1cab97","oi":0.795,"n":4,"sw":1},"geometry":{"type":"LineString","coordinates":[[21.32495,46.185103],[21.324954,46.185117]]}},{"type":"Feature","properties":{"line":"1","mode":"tram","color":"#1cab97","oi":0.705,"n":4,"sw":1},"geometry":{"type":"LineString","coordinates":[[21.324952,46.185112],[21.324957,46.185127]]}},{"type":"Feature","properties":{"line":"1","mode":"tram","color":"#1cab97","oi":0.616,"n":4,"sw":1},"geometry":{"type":"LineString","coordinates":[[21.324955,46.185121],[21.32496,46.185136]]}},{"type":"Feature","properties":{"line":"1","mode":"tram","color":"#1cab97","oi":0.528,"n":4,"sw":1},"geometry":{"type":"LineString","coordinates":[[21.324958,46.185131],[21.324963,46.185145]]}},{"type":"Feature","properties":{"line":"1","mode":"tram","color":"#1cab97","oi":0.443,"n":4,"sw":1},"geometry":{"type":"LineString","coordinates":[[21.324961,46.18514],[21.324965,46.185154]]}},{"type":"Feature","properties":{"line":"1","mode":"tram","color":"#1cab97","oi":0.362,"n":4,"sw":1},"geometry":{"type":"LineString","coordinates":[[21.324964,46.185149],[21.324968,46.185164]]}},{"type":"Feature","properties":{"line":"1","mode":"tram","color":"#1cab97","oi":0.287,"n":4,"sw":1},"geometry":{"type":"LineString","coordinates":[[21.324967,46.185158],[21.324971,46.185173]]}},{"type":"Feature","properties":{"line":"1","mode":"tram","color":"#1cab97","oi":0.218,"n":4,"sw":1},"geometry":{"type":"LineString","coordinates":[[21.324969,46.185168],[21.324974,46.185182]]}},{"type":"Feature","properties":{"line":"1","mode":"tram","color":"#1cab97","oi":0.156,"n":4,"sw":1},"geometry":{"type":"LineString","coordinates":[[21.324972,46.185177],[21.324977,46.185191]]}},{"type":"Feature","properties":{"line":"1","mode":"tram","color":"#1cab97","oi":0.103,"n":4,"sw":1},"geometry":{"type":"LineString","coordinates":[[21.324975,46.185186],[21.324979,46.185201]]}},{"type":"Feature","properties":{"line":"1","mode":"tram","color":"#1cab97","oi":0.06,"n":4,"sw":1},"geometry":{"type":"LineString","coordinates":[[21.324978,46.185195],[21.324982,46.18521]]}},{"type":"Feature","properties":{"line":"1","mode":"tram","color":"#1cab97","oi":0.027,"n":4,"sw":1},"geometry":{"type":"LineString","coordinates":[[21.324981,46.185205],[21.324985,46.185219]]}},{"type":"Feature","properties":{"line":"1","mode":"tram","color":"#1cab97","oi":0.007,"n":4,"sw":1},"geometry":{"type":"LineString","coordinates":[[21.324984,46.185214],[21.324988,46.185228]]}},{"type":"Feature","properties":{"line":"1","mode":"tram","color":"#1cab97","oi":0,"n":4,"sw":1},"geometry":{"type":"LineString","coordinates":[[21.324986,46.185223],[21.32499,46.185235]]}},{"type":"Feature","properties":{"line":"1","mode":"tram","color":"#1cab97","oi":0,"n":4,"sw":1},"geometry":{"type":"LineString","coordinates":[[21.324748,46.184658],[21.324752,46.184671]]}},{"type":"Feature","properties":{"line":"1","mode":"tram","color":"#1cab97","oi":0.007,"n":4,"sw":1},"geometry":{"type":"LineString","coordinates":[[21.324751,46.184666],[21.324756,46.184681]]}},{"type":"Feature","properties":{"line":"1","mode":"tram","color":"#1cab97","oi":0.027,"n":4,"sw":1},"geometry":{"type":"LineString","coordinates":[[21.324754,46.184676],[21.324759,46.184692]]}},{"type":"Feature","properties":{"line":"1","mode":"tram","color":"#1cab97","oi":0.06,"n":4,"sw":1},"geometry":{"type":"LineString","coordinates":[[21.324757,46.184687],[21.324763,46.184702]]}},{"type":"Feature","properties":{"line":"1","mode":"tram","color":"#1cab97","oi":0.103,"n":4,"sw":1},"geometry":{"type":"LineString","coordinates":[[21.324761,46.184697],[21.324766,46.184713]]}},{"type":"Feature","properties":{"line":"1","mode":"tram","color":"#1cab97","oi":0.156,"n":4,"sw":1},"geometry":{"type":"LineString","coordinates":[[21.324764,46.184707],[21.32477,46.184723]]}},{"type":"Feature","properties":{"line":"1","mode":"tram","color":"#1cab97","oi":0.218,"n":4,"sw":1},"geometry":{"type":"LineString","coordinates":[[21.324768,46.184718],[21.324773,46.184733]]}},{"type":"Feature","properties":{"line":"1","mode":"tram","color":"#1cab97","oi":0.287,"n":4,"sw":1},"geometry":{"type":"LineString","coordinates":[[21.324771,46.184728],[21.324776,46.184744]]}},{"type":"Feature","properties":{"line":"1","mode":"tram","color":"#1cab97","oi":0.362,"n":4,"sw":1},"geometry":{"type":"LineString","coordinates":[[21.324775,46.184738],[21.32478,46.184754]]}},{"type":"Feature","properties":{"line":"1","mode":"tram","color":"#1cab97","oi":0.443,"n":4,"sw":1},"geometry":{"type":"LineString","coordinates":[[21.324778,46.184749],[21.324783,46.184764]]}},{"type":"Feature","properties":{"line":"1","mode":"tram","color":"#1cab97","oi":0.528,"n":4,"sw":1},"geometry":{"type":"LineString","coordinates":[[21.324782,46.184759],[21.324787,46.184775]]}},{"type":"Feature","properties":{"line":"1","mode":"tram","color":"#1cab97","oi":0.616,"n":4,"sw":1},"geometry":{"type":"LineString","coordinates":[[21.324785,46.18477],[21.32479,46.184785]]}},{"type":"Feature","properties":{"line":"1","mode":"tram","color":"#1cab97","oi":0.705,"n":4,"sw":1},"geometry":{"type":"LineString","coordinates":[[21.324788,46.18478],[21.324794,46.184796]]}},{"type":"Feature","properties":{"line":"1","mode":"tram","color":"#1cab97","oi":0.795,"n":4,"sw":1},"geometry":{"type":"LineString","coordinates":[[21.324792,46.18479],[21.324797,46.184806]]}},{"type":"Feature","properties":{"line":"1","mode":"tram","color":"#1cab97","oi":0.884,"n":4,"sw":1},"geometry":{"type":"LineString","coordinates":[[21.324795,46.184801],[21.324801,46.184816]]}},{"type":"Feature","properties":{"line":"1","mode":"tram","color":"#1cab97","oi":0.972,"n":4,"sw":1},"geometry":{"type":"LineString","coordinates":[[21.324799,46.184811],[21.324804,46.184827]]}},{"type":"Feature","properties":{"line":"1","mode":"tram","color":"#1cab97","oi":1.057,"n":4,"sw":1},"geometry":{"type":"LineString","coordinates":[[21.324802,46.184822],[21.324807,46.184837]]}},{"type":"Feature","properties":{"line":"1","mode":"tram","color":"#1cab97","oi":1.138,"n":4,"sw":1},"geometry":{"type":"LineString","coordinates":[[21.324806,46.184832],[21.324811,46.184848]]}},{"type":"Feature","properties":{"line":"1","mode":"tram","color":"#1cab97","oi":1.213,"n":4,"sw":1},"geometry":{"type":"LineString","coordinates":[[21.324809,46.184842],[21.324814,46.184858]]}},{"type":"Feature","properties":{"line":"1","mode":"tram","color":"#1cab97","oi":1.282,"n":4,"sw":1},"geometry":{"type":"LineString","coordinates":[[21.324813,46.184853],[21.324818,46.184868]]}},{"type":"Feature","properties":{"line":"1","mode":"tram","color":"#1cab97","oi":1.344,"n":4,"sw":1},"geometry":{"type":"LineString","coordinates":[[21.324816,46.184863],[21.324821,46.184879]]}},{"type":"Feature","properties":{"line":"1","mode":"tram","color":"#1cab97","oi":1.397,"n":4,"sw":1},"geometry":{"type":"LineString","coordinates":[[21.324819,46.184873],[21.324825,46.184889]]}},{"type":"Feature","properties":{"line":"1","mode":"tram","color":"#1cab97","oi":1.44,"n":4,"sw":1},"geometry":{"type":"LineString","coordinates":[[21.324823,46.184884],[21.324828,46.184899]]}},{"type":"Feature","properties":{"line":"1","mode":"tram","color":"#1cab97","oi":1.473,"n":4,"sw":1},"geometry":{"type":"LineString","coordinates":[[21.324826,46.184894],[21.324831,46.18491]]}},{"type":"Feature","properties":{"line":"1","mode":"tram","color":"#1cab97","oi":1.493,"n":4,"sw":1},"geometry":{"type":"LineString","coordinates":[[21.32483,46.184905],[21.324835,46.18492]]}},{"type":"Feature","properties":{"line":"1","mode":"tram","color":"#1cab97","oi":1.5,"n":4,"sw":1},"geometry":{"type":"LineString","coordinates":[[21.324833,46.184915],[21.324838,46.184931]]}},{"type":"Feature","properties":{"line":"1","mode":"tram","color":"#1cab97","oi":1.5,"n":4,"sw":1},"geometry":{"type":"LineString","coordinates":[[21.324837,46.184925],[21.324842,46.184941]]}},{"type":"Feature","properties":{"line":"1","mode":"tram","color":"#1cab97","oi":1.493,"n":4,"sw":1},"geometry":{"type":"LineString","coordinates":[[21.32484,46.184936],[21.324845,46.184951]]}},{"type":"Feature","properties":{"line":"1","mode":"tram","color":"#1cab97","oi":1.473,"n":4,"sw":1},"geometry":{"type":"LineString","coordinates":[[21.324844,46.184946],[21.324849,46.184962]]}},{"type":"Feature","properties":{"line":"1","mode":"tram","color":"#1cab97","oi":1.44,"n":4,"sw":1},"geometry":{"type":"LineString","coordinates":[[21.324847,46.184957],[21.324852,46.184972]]}},{"type":"Feature","properties":{"line":"1","mode":"tram","color":"#1cab97","oi":1.397,"n":4,"sw":1},"geometry":{"type":"LineString","coordinates":[[21.32485,46.184967],[21.324856,46.184983]]}},{"type":"Feature","properties":{"line":"1","mode":"tram","color":"#1cab97","oi":1.344,"n":4,"sw":1},"geometry":{"type":"LineString","coordinates":[[21.324854,46.184977],[21.324859,46.184993]]}},{"type":"Feature","properties":{"line":"1","mode":"tram","color":"#1cab97","oi":1.282,"n":4,"sw":1},"geometry":{"type":"LineString","coordinates":[[21.324857,46.184988],[21.324862,46.185003]]}},{"type":"Feature","properties":{"line":"1","mode":"tram","color":"#1cab97","oi":1.213,"n":4,"sw":1},"geometry":{"type":"LineString","coordinates":[[21.324861,46.184998],[21.324866,46.185014]]}},{"type":"Feature","properties":{"line":"1","mode":"tram","color":"#1cab97","oi":1.138,"n":4,"sw":1},"geometry":{"type":"LineString","coordinates":[[21.324864,46.185008],[21.324869,46.185024]]}},{"type":"Feature","properties":{"line":"1","mode":"tram","color":"#1cab97","oi":1.057,"n":4,"sw":1},"geometry":{"type":"LineString","coordinates":[[21.324868,46.185019],[21.324873,46.185034]]}},{"type":"Feature","properties":{"line":"1","mode":"tram","color":"#1cab97","oi":0.972,"n":4,"sw":1},"geometry":{"type":"LineString","coordinates":[[21.324871,46.185029],[21.324876,46.185045]]}},{"type":"Feature","properties":{"line":"1","mode":"tram","color":"#1cab97","oi":0.884,"n":4,"sw":1},"geometry":{"type":"LineString","coordinates":[[21.324874,46.18504],[21.32488,46.185055]]}},{"type":"Feature","properties":{"line":"1","mode":"tram","color":"#1cab97","oi":0.795,"n":4,"sw":1},"geometry":{"type":"LineString","coordinates":[[21.324878,46.18505],[21.324883,46.185066]]}},{"type":"Feature","properties":{"line":"1","mode":"tram","color":"#1cab97","oi":0.705,"n":4,"sw":1},"geometry":{"type":"LineString","coordinates":[[21.324881,46.18506],[21.324887,46.185076]]}},{"type":"Feature","properties":{"line":"1","mode":"tram","color":"#1cab97","oi":0.616,"n":4,"sw":1},"geometry":{"type":"LineString","coordinates":[[21.324885,46.185071],[21.32489,46.185086]]}},{"type":"Feature","properties":{"line":"1","mode":"tram","color":"#1cab97","oi":0.528,"n":4,"sw":1},"geometry":{"type":"LineString","coordinates":[[21.324888,46.185081],[21.324893,46.185097]]}},{"type":"Feature","properties":{"line":"1","mode":"tram","color":"#1cab97","oi":0.443,"n":4,"sw":1},"geometry":{"type":"LineString","coordinates":[[21.324892,46.185092],[21.324897,46.185107]]}},{"type":"Feature","properties":{"line":"1","mode":"tram","color":"#1cab97","oi":0.362,"n":4,"sw":1},"geometry":{"type":"LineString","coordinates":[[21.324895,46.185102],[21.3249,46.185118]]}},{"type":"Feature","properties":{"line":"1","mode":"tram","color":"#1cab97","oi":0.287,"n":4,"sw":1},"geometry":{"type":"LineString","coordinates":[[21.324899,46.185112],[21.324904,46.185128]]}},{"type":"Feature","properties":{"line":"1","mode":"tram","color":"#1cab97","oi":0.218,"n":4,"sw":1},"geometry":{"type":"LineString","coordinates":[[21.324902,46.185123],[21.324907,46.185138]]}},{"type":"Feature","properties":{"line":"1","mode":"tram","color":"#1cab97","oi":0.156,"n":4,"sw":1},"geometry":{"type":"LineString","coordinates":[[21.324905,46.185133],[21.324911,46.185149]]}},{"type":"Feature","properties":{"line":"1","mode":"tram","color":"#1cab97","oi":0.103,"n":4,"sw":1},"geometry":{"type":"LineString","coordinates":[[21.324909,46.185143],[21.324914,46.185159]]}},{"type":"Feature","properties":{"line":"1","mode":"tram","color":"#1cab97","oi":0.06,"n":4,"sw":1},"geometry":{"type":"LineString","coordinates":[[21.324912,46.185154],[21.324918,46.185169]]}},{"type":"Feature","properties":{"line":"1","mode":"tram","color":"#1cab97","oi":0.027,"n":4,"sw":1},"geometry":{"type":"LineString","coordinates":[[21.324916,46.185164],[21.324921,46.18518]]}},{"type":"Feature","properties":{"line":"1","mode":"tram","color":"#1cab97","oi":0.007,"n":4,"sw":1},"geometry":{"type":"LineString","coordinates":[[21.324919,46.185175],[21.324924,46.18519]]}},{"type":"Feature","properties":{"line":"1","mode":"tram","color":"#1cab97","oi":0,"n":4,"sw":1},"geometry":{"type":"LineString","coordinates":[[21.324923,46.185185],[21.324927,46.185198]]}},{"type":"Feature","properties":{"line":"1","mode":"tram","color":"#1cab97","oi":1.5,"n":4},"geometry":{"type":"LineString","coordinates":[[21.320008,46.167455],[21.319867,46.167659]]}},{"type":"Feature","properties":{"line":"1","mode":"tram","color":"#1cab97","oi":1.5,"n":4,"sw":1},"geometry":{"type":"LineString","coordinates":[[21.319869,46.167657],[21.31986,46.167669]]}},{"type":"Feature","properties":{"line":"1","mode":"tram","color":"#1cab97","oi":1.493,"n":4,"sw":1},"geometry":{"type":"LineString","coordinates":[[21.319863,46.167664],[21.319854,46.167677]]}},{"type":"Feature","properties":{"line":"1","mode":"tram","color":"#1cab97","oi":1.473,"n":4,"sw":1},"geometry":{"type":"LineString","coordinates":[[21.319858,46.167672],[21.319849,46.167685],[21.319849,46.167685]]}},{"type":"Feature","properties":{"line":"1","mode":"tram","color":"#1cab97","oi":1.44,"n":4,"sw":1},"geometry":{"type":"LineString","coordinates":[[21.319852,46.16768],[21.319849,46.167685],[21.31984,46.167691]]}},{"type":"Feature","properties":{"line":"1","mode":"tram","color":"#1cab97","oi":1.397,"n":4,"sw":1},"geometry":{"type":"LineString","coordinates":[[21.319845,46.167687],[21.319831,46.167697]]}},{"type":"Feature","properties":{"line":"1","mode":"tram","color":"#1cab97","oi":1.344,"n":4,"sw":1},"geometry":{"type":"LineString","coordinates":[[21.319836,46.167693],[21.319821,46.167703]]}},{"type":"Feature","properties":{"line":"1","mode":"tram","color":"#1cab97","oi":1.282,"n":4,"sw":1},"geometry":{"type":"LineString","coordinates":[[21.319827,46.167699],[21.319812,46.167709]]}},{"type":"Feature","properties":{"line":"1","mode":"tram","color":"#1cab97","oi":1.213,"n":4,"sw":1},"geometry":{"type":"LineString","coordinates":[[21.319818,46.167705],[21.319803,46.167715]]}},{"type":"Feature","properties":{"line":"1","mode":"tram","color":"#1cab97","oi":1.138,"n":4,"sw":1},"geometry":{"type":"LineString","coordinates":[[21.319809,46.167711],[21.319794,46.167721]]}},{"type":"Feature","properties":{"line":"1","mode":"tram","color":"#1cab97","oi":1.057,"n":4,"sw":1},"geometry":{"type":"LineString","coordinates":[[21.3198,46.167717],[21.319785,46.167727]]}},{"type":"Feature","properties":{"line":"1","mode":"tram","color":"#1cab97","oi":0.972,"n":4,"sw":1},"geometry":{"type":"LineString","coordinates":[[21.31979,46.167723],[21.319776,46.167733]]}},{"type":"Feature","properties":{"line":"1","mode":"tram","color":"#1cab97","oi":0.884,"n":4,"sw":1},"geometry":{"type":"LineString","coordinates":[[21.319781,46.167729],[21.319766,46.167739]]}},{"type":"Feature","properties":{"line":"1","mode":"tram","color":"#1cab97","oi":0.795,"n":4,"sw":1},"geometry":{"type":"LineString","coordinates":[[21.319772,46.167735],[21.319757,46.167745]]}},{"type":"Feature","properties":{"line":"1","mode":"tram","color":"#1cab97","oi":0.705,"n":4,"sw":1},"geometry":{"type":"LineString","coordinates":[[21.319763,46.167741],[21.319748,46.16775]]}},{"type":"Feature","properties":{"line":"1","mode":"tram","color":"#1cab97","oi":0.616,"n":4,"sw":1},"geometry":{"type":"LineString","coordinates":[[21.319754,46.167747],[21.319739,46.167756]]}},{"type":"Feature","properties":{"line":"1","mode":"tram","color":"#1cab97","oi":0.528,"n":4,"sw":1},"geometry":{"type":"LineString","coordinates":[[21.319745,46.167753],[21.31973,46.167762]]}},{"type":"Feature","properties":{"line":"1","mode":"tram","color":"#1cab97","oi":0.443,"n":4,"sw":1},"geometry":{"type":"LineString","coordinates":[[21.319735,46.167759],[21.319721,46.167768]]}},{"type":"Feature","properties":{"line":"1","mode":"tram","color":"#1cab97","oi":0.362,"n":4,"sw":1},"geometry":{"type":"LineString","coordinates":[[21.319726,46.167765],[21.319711,46.167774]]}},{"type":"Feature","properties":{"line":"1","mode":"tram","color":"#1cab97","oi":0.287,"n":4,"sw":1},"geometry":{"type":"LineString","coordinates":[[21.319717,46.167771],[21.319702,46.16778]]}},{"type":"Feature","properties":{"line":"1","mode":"tram","color":"#1cab97","oi":0.218,"n":4,"sw":1},"geometry":{"type":"LineString","coordinates":[[21.319708,46.167777],[21.319693,46.167786]]}},{"type":"Feature","properties":{"line":"1","mode":"tram","color":"#1cab97","oi":0.156,"n":4,"sw":1},"geometry":{"type":"LineString","coordinates":[[21.319699,46.167782],[21.319684,46.167792]]}},{"type":"Feature","properties":{"line":"1","mode":"tram","color":"#1cab97","oi":0.103,"n":4,"sw":1},"geometry":{"type":"LineString","coordinates":[[21.31969,46.167788],[21.319675,46.167798]]}},{"type":"Feature","properties":{"line":"1","mode":"tram","color":"#1cab97","oi":0.06,"n":4,"sw":1},"geometry":{"type":"LineString","coordinates":[[21.31968,46.167794],[21.319666,46.167804]]}},{"type":"Feature","properties":{"line":"1","mode":"tram","color":"#1cab97","oi":0.027,"n":4,"sw":1},"geometry":{"type":"LineString","coordinates":[[21.319671,46.1678],[21.319656,46.16781]]}},{"type":"Feature","properties":{"line":"1","mode":"tram","color":"#1cab97","oi":0.007,"n":4,"sw":1},"geometry":{"type":"LineString","coordinates":[[21.319662,46.167806],[21.319647,46.167816]]}},{"type":"Feature","properties":{"line":"1","mode":"tram","color":"#1cab97","oi":0,"n":4,"sw":1},"geometry":{"type":"LineString","coordinates":[[21.319653,46.167812],[21.319641,46.16782]]}},{"type":"Feature","properties":{"line":"3","mode":"tram","color":"#ab0377","oi":0,"n":4,"sw":1},"geometry":{"type":"LineString","coordinates":[[21.324843,46.184754],[21.324851,46.184781]]}},{"type":"Feature","properties":{"line":"3","mode":"tram","color":"#ab0377","oi":0.017,"n":4,"sw":1},"geometry":{"type":"LineString","coordinates":[[21.32485,46.184775],[21.324859,46.184805]]}},{"type":"Feature","properties":{"line":"3","mode":"tram","color":"#ab0377","oi":0.063,"n":4,"sw":1},"geometry":{"type":"LineString","coordinates":[[21.324857,46.184799],[21.324866,46.184829]]}},{"type":"Feature","properties":{"line":"3","mode":"tram","color":"#ab0377","oi":0.13,"n":4,"sw":1},"geometry":{"type":"LineString","coordinates":[[21.324864,46.184824],[21.324873,46.184853]]}},{"type":"Feature","properties":{"line":"3","mode":"tram","color":"#ab0377","oi":0.209,"n":4,"sw":1},"geometry":{"type":"LineString","coordinates":[[21.324872,46.184848],[21.324881,46.184877]]}},{"type":"Feature","properties":{"line":"3","mode":"tram","color":"#ab0377","oi":0.291,"n":4,"sw":1},"geometry":{"type":"LineString","coordinates":[[21.324879,46.184872],[21.324888,46.184901]]}},{"type":"Feature","properties":{"line":"3","mode":"tram","color":"#ab0377","oi":0.37,"n":4,"sw":1},"geometry":{"type":"LineString","coordinates":[[21.324886,46.184896],[21.324895,46.184925]]}},{"type":"Feature","properties":{"line":"3","mode":"tram","color":"#ab0377","oi":0.437,"n":4,"sw":1},"geometry":{"type":"LineString","coordinates":[[21.324894,46.18492],[21.324903,46.184949]]}},{"type":"Feature","properties":{"line":"3","mode":"tram","color":"#ab0377","oi":0.483,"n":4,"sw":1},"geometry":{"type":"LineString","coordinates":[[21.324901,46.184944],[21.32491,46.184973]]}},{"type":"Feature","properties":{"line":"3","mode":"tram","color":"#ab0377","oi":0.5,"n":4,"sw":1},"geometry":{"type":"LineString","coordinates":[[21.324908,46.184968],[21.324917,46.184997]]}},{"type":"Feature","properties":{"line":"3","mode":"tram","color":"#ab0377","oi":0.5,"n":4,"sw":1},"geometry":{"type":"LineString","coordinates":[[21.324916,46.184992],[21.324925,46.185021]]}},{"type":"Feature","properties":{"line":"3","mode":"tram","color":"#ab0377","oi":0.483,"n":4,"sw":1},"geometry":{"type":"LineString","coordinates":[[21.324923,46.185016],[21.324932,46.185045]]}},{"type":"Feature","properties":{"line":"3","mode":"tram","color":"#ab0377","oi":0.437,"n":4,"sw":1},"geometry":{"type":"LineString","coordinates":[[21.32493,46.18504],[21.324939,46.185069]]}},{"type":"Feature","properties":{"line":"3","mode":"tram","color":"#ab0377","oi":0.37,"n":4,"sw":1},"geometry":{"type":"LineString","coordinates":[[21.324938,46.185064],[21.324947,46.185093]]}},{"type":"Feature","properties":{"line":"3","mode":"tram","color":"#ab0377","oi":0.291,"n":4,"sw":1},"geometry":{"type":"LineString","coordinates":[[21.324945,46.185088],[21.324954,46.185117]]}},{"type":"Feature","properties":{"line":"3","mode":"tram","color":"#ab0377","oi":0.209,"n":4,"sw":1},"geometry":{"type":"LineString","coordinates":[[21.324952,46.185112],[21.324961,46.185141]]}},{"type":"Feature","properties":{"line":"3","mode":"tram","color":"#ab0377","oi":0.13,"n":4,"sw":1},"geometry":{"type":"LineString","coordinates":[[21.32496,46.185136],[21.324969,46.185165]]}},{"type":"Feature","properties":{"line":"3","mode":"tram","color":"#ab0377","oi":0.063,"n":4,"sw":1},"geometry":{"type":"LineString","coordinates":[[21.324967,46.18516],[21.324976,46.18519]]}},{"type":"Feature","properties":{"line":"3","mode":"tram","color":"#ab0377","oi":0.017,"n":4,"sw":1},"geometry":{"type":"LineString","coordinates":[[21.324974,46.185184],[21.324983,46.185214]]}},{"type":"Feature","properties":{"line":"3","mode":"tram","color":"#ab0377","oi":0,"n":4,"sw":1},"geometry":{"type":"LineString","coordinates":[[21.324982,46.185208],[21.32499,46.185235]]}},{"type":"Feature","properties":{"line":"3","mode":"tram","color":"#ab0377","oi":0,"n":4,"sw":1},"geometry":{"type":"LineString","coordinates":[[21.324748,46.184658],[21.324758,46.184688]]}},{"type":"Feature","properties":{"line":"3","mode":"tram","color":"#ab0377","oi":0.017,"n":4,"sw":1},"geometry":{"type":"LineString","coordinates":[[21.324756,46.184682],[21.324767,46.184715]]}},{"type":"Feature","properties":{"line":"3","mode":"tram","color":"#ab0377","oi":0.063,"n":4,"sw":1},"geometry":{"type":"LineString","coordinates":[[21.324765,46.184709],[21.324776,46.184742]]}},{"type":"Feature","properties":{"line":"3","mode":"tram","color":"#ab0377","oi":0.13,"n":4,"sw":1},"geometry":{"type":"LineString","coordinates":[[21.324774,46.184736],[21.324785,46.184769]]}},{"type":"Feature","properties":{"line":"3","mode":"tram","color":"#ab0377","oi":0.209,"n":4,"sw":1},"geometry":{"type":"LineString","coordinates":[[21.324783,46.184763],[21.324794,46.184796]]}},{"type":"Feature","properties":{"line":"3","mode":"tram","color":"#ab0377","oi":0.291,"n":4,"sw":1},"geometry":{"type":"LineString","coordinates":[[21.324792,46.18479],[21.324803,46.184823]]}},{"type":"Feature","properties":{"line":"3","mode":"tram","color":"#ab0377","oi":0.37,"n":4,"sw":1},"geometry":{"type":"LineString","coordinates":[[21.324801,46.184817],[21.324812,46.18485]]}},{"type":"Feature","properties":{"line":"3","mode":"tram","color":"#ab0377","oi":0.437,"n":4,"sw":1},"geometry":{"type":"LineString","coordinates":[[21.32481,46.184844],[21.32482,46.184877]]}},{"type":"Feature","properties":{"line":"3","mode":"tram","color":"#ab0377","oi":0.483,"n":4,"sw":1},"geometry":{"type":"LineString","coordinates":[[21.324819,46.184871],[21.324829,46.184904]]}},{"type":"Feature","properties":{"line":"3","mode":"tram","color":"#ab0377","oi":0.5,"n":4,"sw":1},"geometry":{"type":"LineString","coordinates":[[21.324828,46.184898],[21.324838,46.184931]]}},{"type":"Feature","properties":{"line":"3","mode":"tram","color":"#ab0377","oi":0.5,"n":4,"sw":1},"geometry":{"type":"LineString","coordinates":[[21.324837,46.184925],[21.324847,46.184958]]}},{"type":"Feature","properties":{"line":"3","mode":"tram","color":"#ab0377","oi":0.483,"n":4,"sw":1},"geometry":{"type":"LineString","coordinates":[[21.324846,46.184952],[21.324856,46.184985]]}},{"type":"Feature","properties":{"line":"3","mode":"tram","color":"#ab0377","oi":0.437,"n":4,"sw":1},"geometry":{"type":"LineString","coordinates":[[21.324855,46.184979],[21.324865,46.185012]]}},{"type":"Feature","properties":{"line":"3","mode":"tram","color":"#ab0377","oi":0.37,"n":4,"sw":1},"geometry":{"type":"LineString","coordinates":[[21.324863,46.185006],[21.324874,46.185039]]}},{"type":"Feature","properties":{"line":"3","mode":"tram","color":"#ab0377","oi":0.291,"n":4,"sw":1},"geometry":{"type":"LineString","coordinates":[[21.324872,46.185033],[21.324883,46.185066]]}},{"type":"Feature","properties":{"line":"3","mode":"tram","color":"#ab0377","oi":0.209,"n":4,"sw":1},"geometry":{"type":"LineString","coordinates":[[21.324881,46.18506],[21.324892,46.185093]]}},{"type":"Feature","properties":{"line":"3","mode":"tram","color":"#ab0377","oi":0.13,"n":4,"sw":1},"geometry":{"type":"LineString","coordinates":[[21.32489,46.185087],[21.324901,46.18512]]}},{"type":"Feature","properties":{"line":"3","mode":"tram","color":"#ab0377","oi":0.063,"n":4,"sw":1},"geometry":{"type":"LineString","coordinates":[[21.324899,46.185114],[21.32491,46.185147]]}},{"type":"Feature","properties":{"line":"3","mode":"tram","color":"#ab0377","oi":0.017,"n":4,"sw":1},"geometry":{"type":"LineString","coordinates":[[21.324908,46.185141],[21.324919,46.185174]]}},{"type":"Feature","properties":{"line":"3","mode":"tram","color":"#ab0377","oi":0,"n":4,"sw":1},"geometry":{"type":"LineString","coordinates":[[21.324917,46.185168],[21.324927,46.185198]]}},{"type":"Feature","properties":{"line":"3","mode":"tram","color":"#ab0377","oi":0.5,"n":4},"geometry":{"type":"LineString","coordinates":[[21.320008,46.167455],[21.319867,46.167659]]}},{"type":"Feature","properties":{"line":"3","mode":"tram","color":"#ab0377","oi":0.5,"n":4,"sw":1},"geometry":{"type":"LineString","coordinates":[[21.319869,46.167657],[21.319851,46.167682]]}},{"type":"Feature","properties":{"line":"3","mode":"tram","color":"#ab0377","oi":0.483,"n":4,"sw":1},"geometry":{"type":"LineString","coordinates":[[21.319854,46.167677],[21.319849,46.167685],[21.319829,46.167698]]}},{"type":"Feature","properties":{"line":"3","mode":"tram","color":"#ab0377","oi":0.437,"n":4,"sw":1},"geometry":{"type":"LineString","coordinates":[[21.319834,46.167694],[21.319805,46.167714]]}},{"type":"Feature","properties":{"line":"3","mode":"tram","color":"#ab0377","oi":0.37,"n":4,"sw":1},"geometry":{"type":"LineString","coordinates":[[21.319811,46.16771],[21.319781,46.167729]]}},{"type":"Feature","properties":{"line":"3","mode":"tram","color":"#ab0377","oi":0.291,"n":4,"sw":1},"geometry":{"type":"LineString","coordinates":[[21.319787,46.167725],[21.319757,46.167745]]}},{"type":"Feature","properties":{"line":"3","mode":"tram","color":"#ab0377","oi":0.209,"n":4,"sw":1},"geometry":{"type":"LineString","coordinates":[[21.319763,46.167741],[21.319733,46.16776]]}},{"type":"Feature","properties":{"line":"3","mode":"tram","color":"#ab0377","oi":0.13,"n":4,"sw":1},"geometry":{"type":"LineString","coordinates":[[21.319739,46.167756],[21.31971,46.167775]]}},{"type":"Feature","properties":{"line":"3","mode":"tram","color":"#ab0377","oi":0.063,"n":4,"sw":1},"geometry":{"type":"LineString","coordinates":[[21.319715,46.167772],[21.319686,46.167791]]}},{"type":"Feature","properties":{"line":"3","mode":"tram","color":"#ab0377","oi":0.017,"n":4,"sw":1},"geometry":{"type":"LineString","coordinates":[[21.319691,46.167787],[21.319662,46.167806]]}},{"type":"Feature","properties":{"line":"3","mode":"tram","color":"#ab0377","oi":0,"n":4,"sw":1},"geometry":{"type":"LineString","coordinates":[[21.319668,46.167803],[21.319641,46.16782]]}},{"type":"Feature","properties":{"line":"3","mode":"tram","color":"#ab0377","oi":0,"n":1},"geometry":{"type":"LineString","coordinates":[[21.321138,46.167046],[21.321868,46.165823],[21.322336,46.164882],[21.322924,46.16345],[21.323176,46.162668],[21.323264,46.162324],[21.323286,46.162095],[21.323216,46.161813],[21.321845,46.159451],[21.321798,46.159301],[21.32182,46.156392],[21.32192,46.153862],[21.321892,46.152093],[21.321704,46.150344],[21.321431,46.148208],[21.321327,46.146437],[21.321361,46.146303],[21.321492,46.146189],[21.321739,46.146109],[21.332588,46.14417],[21.333425,46.144149],[21.333755,46.144173],[21.333997,46.144278],[21.334189,46.144466]]}},{"type":"Feature","properties":{"line":"3","mode":"tram","color":"#ab0377","oi":0.5,"n":1,"sw":1},"geometry":{"type":"LineString","coordinates":[[21.320959,46.167345],[21.320978,46.167313]]}},{"type":"Feature","properties":{"line":"3","mode":"tram","color":"#ab0377","oi":0.483,"n":1,"sw":1},"geometry":{"type":"LineString","coordinates":[[21.320975,46.167318],[21.320996,46.167283]]}},{"type":"Feature","properties":{"line":"3","mode":"tram","color":"#ab0377","oi":0.437,"n":1,"sw":1},"geometry":{"type":"LineString","coordinates":[[21.320993,46.167288],[21.321014,46.167253]]}},{"type":"Feature","properties":{"line":"3","mode":"tram","color":"#ab0377","oi":0.37,"n":1,"sw":1},"geometry":{"type":"LineString","coordinates":[[21.321011,46.167258],[21.321032,46.167223]]}},{"type":"Feature","properties":{"line":"3","mode":"tram","color":"#ab0377","oi":0.291,"n":1,"sw":1},"geometry":{"type":"LineString","coordinates":[[21.321029,46.167228],[21.32105,46.167193]]}},{"type":"Feature","properties":{"line":"3","mode":"tram","color":"#ab0377","oi":0.209,"n":1,"sw":1},"geometry":{"type":"LineString","coordinates":[[21.321047,46.167198],[21.321068,46.167163]]}},{"type":"Feature","properties":{"line":"3","mode":"tram","color":"#ab0377","oi":0.13,"n":1,"sw":1},"geometry":{"type":"LineString","coordinates":[[21.321065,46.167168],[21.321086,46.167133]]}},{"type":"Feature","properties":{"line":"3","mode":"tram","color":"#ab0377","oi":0.063,"n":1,"sw":1},"geometry":{"type":"LineString","coordinates":[[21.321083,46.167138],[21.321103,46.167103]]}},{"type":"Feature","properties":{"line":"3","mode":"tram","color":"#ab0377","oi":0.017,"n":1,"sw":1},"geometry":{"type":"LineString","coordinates":[[21.321101,46.167108],[21.321121,46.167073]]}},{"type":"Feature","properties":{"line":"3","mode":"tram","color":"#ab0377","oi":0,"n":1,"sw":1},"geometry":{"type":"LineString","coordinates":[[21.321118,46.167078],[21.321139,46.167043]]}},{"type":"Feature","properties":{"line":"3","mode":"tram","color":"#ab0377","oi":0,"n":1},"geometry":{"type":"LineString","coordinates":[[21.320243,46.167151],[21.320229,46.167169]]}},{"type":"Feature","properties":{"line":"3","mode":"tram","color":"#ab0377","oi":0.5,"n":1,"sw":1},"geometry":{"type":"LineString","coordinates":[[21.320634,46.167014],[21.320584,46.167018]]}},{"type":"Feature","properties":{"line":"3","mode":"tram","color":"#ab0377","oi":0.483,"n":1,"sw":1},"geometry":{"type":"LineString","coordinates":[[21.320592,46.167018],[21.320537,46.167023]]}},{"type":"Feature","properties":{"line":"3","mode":"tram","color":"#ab0377","oi":0.437,"n":1,"sw":1},"geometry":{"type":"LineString","coordinates":[[21.320545,46.167022],[21.320491,46.167027]]}},{"type":"Feature","properties":{"line":"3","mode":"tram","color":"#ab0377","oi":0.37,"n":1,"sw":1},"geometry":{"type":"LineString","coordinates":[[21.320499,46.167026],[21.320445,46.167031]]}},{"type":"Feature","properties":{"line":"3","mode":"tram","color":"#ab0377","oi":0.291,"n":1,"sw":1},"geometry":{"type":"LineString","coordinates":[[21.320453,46.16703],[21.320431,46.167032],[21.320404,46.167044]]}},{"type":"Feature","properties":{"line":"3","mode":"tram","color":"#ab0377","oi":0.209,"n":1,"sw":1},"geometry":{"type":"LineString","coordinates":[[21.32041,46.167041],[21.320364,46.167062]]}},{"type":"Feature","properties":{"line":"3","mode":"tram","color":"#ab0377","oi":0.13,"n":1,"sw":1},"geometry":{"type":"LineString","coordinates":[[21.320371,46.167059],[21.320325,46.16708]]}},{"type":"Feature","properties":{"line":"3","mode":"tram","color":"#ab0377","oi":0.063,"n":1,"sw":1},"geometry":{"type":"LineString","coordinates":[[21.320332,46.167077],[21.320286,46.167098]]}},{"type":"Feature","properties":{"line":"3","mode":"tram","color":"#ab0377","oi":0.017,"n":1,"sw":1},"geometry":{"type":"LineString","coordinates":[[21.320293,46.167095],[21.320283,46.167099],[21.320263,46.167125]]}},{"type":"Feature","properties":{"line":"3","mode":"tram","color":"#ab0377","oi":0,"n":1,"sw":1},"geometry":{"type":"LineString","coordinates":[[21.320266,46.16712],[21.320241,46.167154]]}},{"type":"Feature","properties":{"line":"3","mode":"tram","color":"#ab0377","oi":0,"n":1,"sw":1},"geometry":{"type":"LineString","coordinates":[[21.32023,46.167167],[21.320205,46.1672]]}},{"type":"Feature","properties":{"line":"3","mode":"tram","color":"#ab0377","oi":0.017,"n":1,"sw":1},"geometry":{"type":"LineString","coordinates":[[21.320208,46.167196],[21.320183,46.167229]]}},{"type":"Feature","properties":{"line":"3","mode":"tram","color":"#ab0377","oi":0.063,"n":1,"sw":1},"geometry":{"type":"LineString","coordinates":[[21.320186,46.167224],[21.320161,46.167257]]}},{"type":"Feature","properties":{"line":"3","mode":"tram","color":"#ab0377","oi":0.13,"n":1,"sw":1},"geometry":{"type":"LineString","coordinates":[[21.320164,46.167253],[21.320139,46.167286]]}},{"type":"Feature","properties":{"line":"3","mode":"tram","color":"#ab0377","oi":0.209,"n":1,"sw":1},"geometry":{"type":"LineString","coordinates":[[21.320142,46.167281],[21.320116,46.167315]]}},{"type":"Feature","properties":{"line":"3","mode":"tram","color":"#ab0377","oi":0.291,"n":1,"sw":1},"geometry":{"type":"LineString","coordinates":[[21.32012,46.16731],[21.320094,46.167343]]}},{"type":"Feature","properties":{"line":"3","mode":"tram","color":"#ab0377","oi":0.37,"n":1,"sw":1},"geometry":{"type":"LineString","coordinates":[[21.320098,46.167338],[21.320072,46.167372]]}},{"type":"Feature","properties":{"line":"3","mode":"tram","color":"#ab0377","oi":0.437,"n":1,"sw":1},"geometry":{"type":"LineString","coordinates":[[21.320076,46.167367],[21.32005,46.1674]]}},{"type":"Feature","properties":{"line":"3","mode":"tram","color":"#ab0377","oi":0.483,"n":1,"sw":1},"geometry":{"type":"LineString","coordinates":[[21.320054,46.167396],[21.320028,46.167429]]}},{"type":"Feature","properties":{"line":"3","mode":"tram","color":"#ab0377","oi":0.5,"n":1,"sw":1},"geometry":{"type":"LineString","coordinates":[[21.320032,46.167424],[21.320008,46.167455]]}},{"type":"Feature","properties":{"line":"3","mode":"tram","color":"#ab0377","oi":0,"n":1},"geometry":{"type":"LineString","coordinates":[[21.334525,46.144951],[21.334222,46.144391],[21.334064,46.144255],[21.333942,46.144191],[21.333778,46.144139],[21.333569,46.14411],[21.332655,46.144122],[21.321732,46.146081],[21.321481,46.146158],[21.321318,46.146295],[21.321283,46.146442],[21.321289,46.14701],[21.321378,46.148336],[21.321823,46.151942],[21.321845,46.152314],[21.321861,46.153734],[21.321769,46.156271],[21.32176,46.159334],[21.321802,46.159463],[21.323141,46.161766],[21.323211,46.161969],[21.323224,46.162145],[21.323121,46.162661],[21.322935,46.163271],[21.322222,46.165048],[21.321756,46.165921],[21.321166,46.166923],[21.321158,46.16693]]}},{"type":"Feature","properties":{"line":"3","mode":"tram","color":"#ab0377","oi":0,"n":1,"sw":1},"geometry":{"type":"LineString","coordinates":[[21.321161,46.166927],[21.321126,46.166957]]}},{"type":"Feature","properties":{"line":"3","mode":"tram","color":"#ab0377","oi":0.017,"n":1,"sw":1},"geometry":{"type":"LineString","coordinates":[[21.321131,46.166953],[21.321097,46.166982]]}},{"type":"Feature","properties":{"line":"3","mode":"tram","color":"#ab0377","oi":0.063,"n":1,"sw":1},"geometry":{"type":"LineString","coordinates":[[21.321102,46.166978],[21.32109,46.166988],[21.321059,46.167]]}},{"type":"Feature","properties":{"line":"3","mode":"tram","color":"#ab0377","oi":0.13,"n":1,"sw":1},"geometry":{"type":"LineString","coordinates":[[21.321066,46.166998],[21.321018,46.167016]]}},{"type":"Feature","properties":{"line":"3","mode":"tram","color":"#ab0377","oi":0.209,"n":1,"sw":1},"geometry":{"type":"LineString","coordinates":[[21.321025,46.167014],[21.320996,46.167025],[21.320975,46.167026]]}},{"type":"Feature","properties":{"line":"3","mode":"tram","color":"#ab0377","oi":0.291,"n":1,"sw":1},"geometry":{"type":"LineString","coordinates":[[21.320983,46.167026],[21.320929,46.167028]]}},{"type":"Feature","properties":{"line":"3","mode":"tram","color":"#ab0377","oi":0.37,"n":1,"sw":1},"geometry":{"type":"LineString","coordinates":[[21.320936,46.167028],[21.320882,46.16703]]}},{"type":"Feature","properties":{"line":"3","mode":"tram","color":"#ab0377","oi":0.437,"n":1,"sw":1},"geometry":{"type":"LineString","coordinates":[[21.32089,46.16703],[21.320835,46.167033]]}},{"type":"Feature","properties":{"line":"3","mode":"tram","color":"#ab0377","oi":0.483,"n":1,"sw":1},"geometry":{"type":"LineString","coordinates":[[21.320843,46.167032],[21.320789,46.167035]]}},{"type":"Feature","properties":{"line":"3","mode":"tram","color":"#ab0377","oi":0.5,"n":1,"sw":1},"geometry":{"type":"LineString","coordinates":[[21.320796,46.167035],[21.320746,46.167037]]}},{"type":"Feature","properties":{"line":"3","mode":"tram","color":"#ab0377","oi":0.5,"n":2},"geometry":{"type":"LineString","coordinates":[[21.319976,46.167736],[21.320407,46.167582],[21.320646,46.16756],[21.320771,46.167527],[21.320891,46.167452],[21.320959,46.167345]]}},{"type":"Feature","properties":{"line":"3","mode":"tram","color":"#ab0377","oi":0,"n":2,"sw":1},"geometry":{"type":"LineString","coordinates":[[21.319561,46.167884],[21.319606,46.167868]]}},{"type":"Feature","properties":{"line":"3","mode":"tram","color":"#ab0377","oi":0.017,"n":2,"sw":1},"geometry":{"type":"LineString","coordinates":[[21.319599,46.16787],[21.319648,46.167853]]}},{"type":"Feature","properties":{"line":"3","mode":"tram","color":"#ab0377","oi":0.063,"n":2,"sw":1},"geometry":{"type":"LineString","coordinates":[[21.319641,46.167856],[21.319689,46.167838]]}},{"type":"Feature","properties":{"line":"3","mode":"tram","color":"#ab0377","oi":0.13,"n":2,"sw":1},"geometry":{"type":"LineString","coordinates":[[21.319682,46.167841],[21.319731,46.167823]]}},{"type":"Feature","properties":{"line":"3","mode":"tram","color":"#ab0377","oi":0.209,"n":2,"sw":1},"geometry":{"type":"LineString","coordinates":[[21.319724,46.167826],[21.319772,46.167809]]}},{"type":"Feature","properties":{"line":"3","mode":"tram","color":"#ab0377","oi":0.291,"n":2,"sw":1},"geometry":{"type":"LineString","coordinates":[[21.319765,46.167811],[21.319814,46.167794]]}},{"type":"Feature","properties":{"line":"3","mode":"tram","color":"#ab0377","oi":0.37,"n":2,"sw":1},"geometry":{"type":"LineString","coordinates":[[21.319807,46.167796],[21.319855,46.167779]]}},{"type":"Feature","properties":{"line":"3","mode":"tram","color":"#ab0377","oi":0.437,"n":2,"sw":1},"geometry":{"type":"LineString","coordinates":[[21.319848,46.167781],[21.319897,46.167764]]}},{"type":"Feature","properties":{"line":"3","mode":"tram","color":"#ab0377","oi":0.483,"n":2,"sw":1},"geometry":{"type":"LineString","coordinates":[[21.31989,46.167767],[21.319938,46.167749]]}},{"type":"Feature","properties":{"line":"3","mode":"tram","color":"#ab0377","oi":0.5,"n":2,"sw":1},"geometry":{"type":"LineString","coordinates":[[21.319931,46.167752],[21.31998,46.167734]]}},{"type":"Feature","properties":{"line":"3","mode":"tram","color":"#ab0377","oi":0.5,"n":2},"geometry":{"type":"LineString","coordinates":[[21.320746,46.167037],[21.320634,46.167014]]}},{"type":"Feature","properties":{"line":"6","mode":"tram","color":"#095d97","oi":0,"n":4,"sw":1},"geometry":{"type":"LineString","coordinates":[[21.324843,46.184754],[21.324851,46.184781]]}},{"type":"Feature","properties":{"line":"6","mode":"tram","color":"#095d97","oi":-0.017,"n":4,"sw":1},"geometry":{"type":"LineString","coordinates":[[21.32485,46.184775],[21.324859,46.184805]]}},{"type":"Feature","properties":{"line":"6","mode":"tram","color":"#095d97","oi":-0.063,"n":4,"sw":1},"geometry":{"type":"LineString","coordinates":[[21.324857,46.184799],[21.324866,46.184829]]}},{"type":"Feature","properties":{"line":"6","mode":"tram","color":"#095d97","oi":-0.13,"n":4,"sw":1},"geometry":{"type":"LineString","coordinates":[[21.324864,46.184824],[21.324873,46.184853]]}},{"type":"Feature","properties":{"line":"6","mode":"tram","color":"#095d97","oi":-0.209,"n":4,"sw":1},"geometry":{"type":"LineString","coordinates":[[21.324872,46.184848],[21.324881,46.184877]]}},{"type":"Feature","properties":{"line":"6","mode":"tram","color":"#095d97","oi":-0.291,"n":4,"sw":1},"geometry":{"type":"LineString","coordinates":[[21.324879,46.184872],[21.324888,46.184901]]}},{"type":"Feature","properties":{"line":"6","mode":"tram","color":"#095d97","oi":-0.37,"n":4,"sw":1},"geometry":{"type":"LineString","coordinates":[[21.324886,46.184896],[21.324895,46.184925]]}},{"type":"Feature","properties":{"line":"6","mode":"tram","color":"#095d97","oi":-0.437,"n":4,"sw":1},"geometry":{"type":"LineString","coordinates":[[21.324894,46.18492],[21.324903,46.184949]]}},{"type":"Feature","properties":{"line":"6","mode":"tram","color":"#095d97","oi":-0.483,"n":4,"sw":1},"geometry":{"type":"LineString","coordinates":[[21.324901,46.184944],[21.32491,46.184973]]}},{"type":"Feature","properties":{"line":"6","mode":"tram","color":"#095d97","oi":-0.5,"n":4,"sw":1},"geometry":{"type":"LineString","coordinates":[[21.324908,46.184968],[21.324917,46.184997]]}},{"type":"Feature","properties":{"line":"6","mode":"tram","color":"#095d97","oi":-0.5,"n":4,"sw":1},"geometry":{"type":"LineString","coordinates":[[21.324916,46.184992],[21.324925,46.185021]]}},{"type":"Feature","properties":{"line":"6","mode":"tram","color":"#095d97","oi":-0.483,"n":4,"sw":1},"geometry":{"type":"LineString","coordinates":[[21.324923,46.185016],[21.324932,46.185045]]}},{"type":"Feature","properties":{"line":"6","mode":"tram","color":"#095d97","oi":-0.437,"n":4,"sw":1},"geometry":{"type":"LineString","coordinates":[[21.32493,46.18504],[21.324939,46.185069]]}},{"type":"Feature","properties":{"line":"6","mode":"tram","color":"#095d97","oi":-0.37,"n":4,"sw":1},"geometry":{"type":"LineString","coordinates":[[21.324938,46.185064],[21.324947,46.185093]]}},{"type":"Feature","properties":{"line":"6","mode":"tram","color":"#095d97","oi":-0.291,"n":4,"sw":1},"geometry":{"type":"LineString","coordinates":[[21.324945,46.185088],[21.324954,46.185117]]}},{"type":"Feature","properties":{"line":"6","mode":"tram","color":"#095d97","oi":-0.209,"n":4,"sw":1},"geometry":{"type":"LineString","coordinates":[[21.324952,46.185112],[21.324961,46.185141]]}},{"type":"Feature","properties":{"line":"6","mode":"tram","color":"#095d97","oi":-0.13,"n":4,"sw":1},"geometry":{"type":"LineString","coordinates":[[21.32496,46.185136],[21.324969,46.185165]]}},{"type":"Feature","properties":{"line":"6","mode":"tram","color":"#095d97","oi":-0.063,"n":4,"sw":1},"geometry":{"type":"LineString","coordinates":[[21.324967,46.18516],[21.324976,46.18519]]}},{"type":"Feature","properties":{"line":"6","mode":"tram","color":"#095d97","oi":-0.017,"n":4,"sw":1},"geometry":{"type":"LineString","coordinates":[[21.324974,46.185184],[21.324983,46.185214]]}},{"type":"Feature","properties":{"line":"6","mode":"tram","color":"#095d97","oi":0,"n":4,"sw":1},"geometry":{"type":"LineString","coordinates":[[21.324982,46.185208],[21.32499,46.185235]]}},{"type":"Feature","properties":{"line":"6","mode":"tram","color":"#095d97","oi":0,"n":4,"sw":1},"geometry":{"type":"LineString","coordinates":[[21.324748,46.184658],[21.324758,46.184688]]}},{"type":"Feature","properties":{"line":"6","mode":"tram","color":"#095d97","oi":-0.017,"n":4,"sw":1},"geometry":{"type":"LineString","coordinates":[[21.324756,46.184682],[21.324767,46.184715]]}},{"type":"Feature","properties":{"line":"6","mode":"tram","color":"#095d97","oi":-0.063,"n":4,"sw":1},"geometry":{"type":"LineString","coordinates":[[21.324765,46.184709],[21.324776,46.184742]]}},{"type":"Feature","properties":{"line":"6","mode":"tram","color":"#095d97","oi":-0.13,"n":4,"sw":1},"geometry":{"type":"LineString","coordinates":[[21.324774,46.184736],[21.324785,46.184769]]}},{"type":"Feature","properties":{"line":"6","mode":"tram","color":"#095d97","oi":-0.209,"n":4,"sw":1},"geometry":{"type":"LineString","coordinates":[[21.324783,46.184763],[21.324794,46.184796]]}},{"type":"Feature","properties":{"line":"6","mode":"tram","color":"#095d97","oi":-0.291,"n":4,"sw":1},"geometry":{"type":"LineString","coordinates":[[21.324792,46.18479],[21.324803,46.184823]]}},{"type":"Feature","properties":{"line":"6","mode":"tram","color":"#095d97","oi":-0.37,"n":4,"sw":1},"geometry":{"type":"LineString","coordinates":[[21.324801,46.184817],[21.324812,46.18485]]}},{"type":"Feature","properties":{"line":"6","mode":"tram","color":"#095d97","oi":-0.437,"n":4,"sw":1},"geometry":{"type":"LineString","coordinates":[[21.32481,46.184844],[21.32482,46.184877]]}},{"type":"Feature","properties":{"line":"6","mode":"tram","color":"#095d97","oi":-0.483,"n":4,"sw":1},"geometry":{"type":"LineString","coordinates":[[21.324819,46.184871],[21.324829,46.184904]]}},{"type":"Feature","properties":{"line":"6","mode":"tram","color":"#095d97","oi":-0.5,"n":4,"sw":1},"geometry":{"type":"LineString","coordinates":[[21.324828,46.184898],[21.324838,46.184931]]}},{"type":"Feature","properties":{"line":"6","mode":"tram","color":"#095d97","oi":-0.5,"n":4,"sw":1},"geometry":{"type":"LineString","coordinates":[[21.324837,46.184925],[21.324847,46.184958]]}},{"type":"Feature","properties":{"line":"6","mode":"tram","color":"#095d97","oi":-0.483,"n":4,"sw":1},"geometry":{"type":"LineString","coordinates":[[21.324846,46.184952],[21.324856,46.184985]]}},{"type":"Feature","properties":{"line":"6","mode":"tram","color":"#095d97","oi":-0.437,"n":4,"sw":1},"geometry":{"type":"LineString","coordinates":[[21.324855,46.184979],[21.324865,46.185012]]}},{"type":"Feature","properties":{"line":"6","mode":"tram","color":"#095d97","oi":-0.37,"n":4,"sw":1},"geometry":{"type":"LineString","coordinates":[[21.324863,46.185006],[21.324874,46.185039]]}},{"type":"Feature","properties":{"line":"6","mode":"tram","color":"#095d97","oi":-0.291,"n":4,"sw":1},"geometry":{"type":"LineString","coordinates":[[21.324872,46.185033],[21.324883,46.185066]]}},{"type":"Feature","properties":{"line":"6","mode":"tram","color":"#095d97","oi":-0.209,"n":4,"sw":1},"geometry":{"type":"LineString","coordinates":[[21.324881,46.18506],[21.324892,46.185093]]}},{"type":"Feature","properties":{"line":"6","mode":"tram","color":"#095d97","oi":-0.13,"n":4,"sw":1},"geometry":{"type":"LineString","coordinates":[[21.32489,46.185087],[21.324901,46.18512]]}},{"type":"Feature","properties":{"line":"6","mode":"tram","color":"#095d97","oi":-0.063,"n":4,"sw":1},"geometry":{"type":"LineString","coordinates":[[21.324899,46.185114],[21.32491,46.185147]]}},{"type":"Feature","properties":{"line":"6","mode":"tram","color":"#095d97","oi":-0.017,"n":4,"sw":1},"geometry":{"type":"LineString","coordinates":[[21.324908,46.185141],[21.324919,46.185174]]}},{"type":"Feature","properties":{"line":"6","mode":"tram","color":"#095d97","oi":0,"n":4,"sw":1},"geometry":{"type":"LineString","coordinates":[[21.324917,46.185168],[21.324927,46.185198]]}},{"type":"Feature","properties":{"line":"6","mode":"tram","color":"#095d97","oi":-0.5,"n":4},"geometry":{"type":"LineString","coordinates":[[21.320008,46.167455],[21.319867,46.167659]]}},{"type":"Feature","properties":{"line":"6","mode":"tram","color":"#095d97","oi":-0.5,"n":4,"sw":1},"geometry":{"type":"LineString","coordinates":[[21.319869,46.167657],[21.319851,46.167682]]}},{"type":"Feature","properties":{"line":"6","mode":"tram","color":"#095d97","oi":-0.483,"n":4,"sw":1},"geometry":{"type":"LineString","coordinates":[[21.319854,46.167677],[21.319849,46.167685],[21.319829,46.167698]]}},{"type":"Feature","properties":{"line":"6","mode":"tram","color":"#095d97","oi":-0.437,"n":4,"sw":1},"geometry":{"type":"LineString","coordinates":[[21.319834,46.167694],[21.319805,46.167714]]}},{"type":"Feature","properties":{"line":"6","mode":"tram","color":"#095d97","oi":-0.37,"n":4,"sw":1},"geometry":{"type":"LineString","coordinates":[[21.319811,46.16771],[21.319781,46.167729]]}},{"type":"Feature","properties":{"line":"6","mode":"tram","color":"#095d97","oi":-0.291,"n":4,"sw":1},"geometry":{"type":"LineString","coordinates":[[21.319787,46.167725],[21.319757,46.167745]]}},{"type":"Feature","properties":{"line":"6","mode":"tram","color":"#095d97","oi":-0.209,"n":4,"sw":1},"geometry":{"type":"LineString","coordinates":[[21.319763,46.167741],[21.319733,46.16776]]}},{"type":"Feature","properties":{"line":"6","mode":"tram","color":"#095d97","oi":-0.13,"n":4,"sw":1},"geometry":{"type":"LineString","coordinates":[[21.319739,46.167756],[21.31971,46.167775]]}},{"type":"Feature","properties":{"line":"6","mode":"tram","color":"#095d97","oi":-0.063,"n":4,"sw":1},"geometry":{"type":"LineString","coordinates":[[21.319715,46.167772],[21.319686,46.167791]]}},{"type":"Feature","properties":{"line":"6","mode":"tram","color":"#095d97","oi":-0.017,"n":4,"sw":1},"geometry":{"type":"LineString","coordinates":[[21.319691,46.167787],[21.319662,46.167806]]}},{"type":"Feature","properties":{"line":"6","mode":"tram","color":"#095d97","oi":0,"n":4,"sw":1},"geometry":{"type":"LineString","coordinates":[[21.319668,46.167803],[21.319641,46.16782]]}},{"type":"Feature","properties":{"line":"6","mode":"tram","color":"#095d97","oi":-0.5,"n":2},"geometry":{"type":"LineString","coordinates":[[21.290815,46.201441],[21.290367,46.201583],[21.290124,46.201626],[21.28963,46.201678],[21.289113,46.20169],[21.288425,46.201659],[21.284759,46.201272],[21.284485,46.201257],[21.283258,46.201273]]}},{"type":"Feature","properties":{"line":"6","mode":"tram","color":"#095d97","oi":0,"n":1},"geometry":{"type":"LineString","coordinates":[[21.28288,46.201448],[21.282581,46.201699],[21.282459,46.201838],[21.282158,46.202272],[21.28012,46.205513],[21.27769,46.210178]]}},{"type":"Feature","properties":{"line":"6","mode":"tram","color":"#095d97","oi":-0.5,"n":1,"sw":1},"geometry":{"type":"LineString","coordinates":[[21.283258,46.201273],[21.28321,46.201283]]}},{"type":"Feature","properties":{"line":"6","mode":"tram","color":"#095d97","oi":-0.483,"n":1,"sw":1},"geometry":{"type":"LineString","coordinates":[[21.283217,46.201282],[21.283165,46.201293]]}},{"type":"Feature","properties":{"line":"6","mode":"tram","color":"#095d97","oi":-0.437,"n":1,"sw":1},"geometry":{"type":"LineString","coordinates":[[21.283172,46.201291],[21.28312,46.201302]]}},{"type":"Feature","properties":{"line":"6","mode":"tram","color":"#095d97","oi":-0.37,"n":1,"sw":1},"geometry":{"type":"LineString","coordinates":[[21.283128,46.201301],[21.283104,46.201306],[21.28308,46.201318]]}},{"type":"Feature","properties":{"line":"6","mode":"tram","color":"#095d97","oi":-0.291,"n":1,"sw":1},"geometry":{"type":"LineString","coordinates":[[21.283086,46.201315],[21.283041,46.201336]]}},{"type":"Feature","properties":{"line":"6","mode":"tram","color":"#095d97","oi":-0.209,"n":1,"sw":1},"geometry":{"type":"LineString","coordinates":[[21.283048,46.201333],[21.283003,46.201355]]}},{"type":"Feature","properties":{"line":"6","mode":"tram","color":"#095d97","oi":-0.13,"n":1,"sw":1},"geometry":{"type":"LineString","coordinates":[[21.28301,46.201352],[21.282974,46.201369],[21.282967,46.201375]]}},{"type":"Feature","properties":{"line":"6","mode":"tram","color":"#095d97","oi":-0.063,"n":1,"sw":1},"geometry":{"type":"LineString","coordinates":[[21.282972,46.201371],[21.282937,46.2014]]}},{"type":"Feature","properties":{"line":"6","mode":"tram","color":"#095d97","oi":-0.017,"n":1,"sw":1},"geometry":{"type":"LineString","coordinates":[[21.282942,46.201396],[21.282907,46.201425]]}},{"type":"Feature","properties":{"line":"6","mode":"tram","color":"#095d97","oi":0,"n":1,"sw":1},"geometry":{"type":"LineString","coordinates":[[21.282912,46.201421],[21.282878,46.20145]]}},{"type":"Feature","properties":{"line":"6","mode":"tram","color":"#095d97","oi":0,"n":1},"geometry":{"type":"LineString","coordinates":[[21.284485,46.201257],[21.284044,46.201296],[21.283625,46.201299],[21.28332,46.201272]]}},{"type":"Feature","properties":{"line":"6","mode":"tram","color":"#095d97","oi":0,"n":1},"geometry":{"type":"LineString","coordinates":[[21.293244,46.200489],[21.292367,46.20094],[21.29163,46.201215],[21.291249,46.201321]]}},{"type":"Feature","properties":{"line":"6","mode":"tram","color":"#095d97","oi":0,"n":1,"sw":1},"geometry":{"type":"LineString","coordinates":[[21.291252,46.20132],[21.291202,46.201334]]}},{"type":"Feature","properties":{"line":"6","mode":"tram","color":"#095d97","oi":-0.017,"n":1,"sw":1},"geometry":{"type":"LineString","coordinates":[[21.291209,46.201332],[21.291158,46.201346]]}},{"type":"Feature","properties":{"line":"6","mode":"tram","color":"#095d97","oi":-0.063,"n":1,"sw":1},"geometry":{"type":"LineString","coordinates":[[21.291166,46.201344],[21.291115,46.201358]]}},{"type":"Feature","properties":{"line":"6","mode":"tram","color":"#095d97","oi":-0.13,"n":1,"sw":1},"geometry":{"type":"LineString","coordinates":[[21.291122,46.201356],[21.291072,46.20137]]}},{"type":"Feature","properties":{"line":"6","mode":"tram","color":"#095d97","oi":-0.209,"n":1,"sw":1},"geometry":{"type":"LineString","coordinates":[[21.291079,46.201368],[21.291028,46.201382]]}},{"type":"Feature","properties":{"line":"6","mode":"tram","color":"#095d97","oi":-0.291,"n":1,"sw":1},"geometry":{"type":"LineString","coordinates":[[21.291035,46.20138],[21.290985,46.201394]]}},{"type":"Feature","properties":{"line":"6","mode":"tram","color":"#095d97","oi":-0.37,"n":1,"sw":1},"geometry":{"type":"LineString","coordinates":[[21.290992,46.201392],[21.290942,46.201406]]}},{"type":"Feature","properties":{"line":"6","mode":"tram","color":"#095d97","oi":-0.437,"n":1,"sw":1},"geometry":{"type":"LineString","coordinates":[[21.290949,46.201404],[21.290898,46.201418]]}},{"type":"Feature","properties":{"line":"6","mode":"tram","color":"#095d97","oi":-0.483,"n":1,"sw":1},"geometry":{"type":"LineString","coordinates":[[21.290905,46.201416],[21.290855,46.20143]]}},{"type":"Feature","properties":{"line":"6","mode":"tram","color":"#095d97","oi":-0.5,"n":1,"sw":1},"geometry":{"type":"LineString","coordinates":[[21.290862,46.201428],[21.290815,46.201441]]}},{"type":"Feature","properties":{"line":"18b","mode":"tram","color":"#9789ff","oi":0,"n":4,"sw":1},"geometry":{"type":"LineString","coordinates":[[21.324843,46.184754],[21.324847,46.184766]]}},{"type":"Feature","properties":{"line":"18b","mode":"tram","color":"#9789ff","oi":-0.007,"n":4,"sw":1},"geometry":{"type":"LineString","coordinates":[[21.324845,46.184761],[21.324849,46.184775]]}},{"type":"Feature","properties":{"line":"18b","mode":"tram","color":"#9789ff","oi":-0.027,"n":4,"sw":1},"geometry":{"type":"LineString","coordinates":[[21.324848,46.18477],[21.324852,46.184784]]}},{"type":"Feature","properties":{"line":"18b","mode":"tram","color":"#9789ff","oi":-0.06,"n":4,"sw":1},"geometry":{"type":"LineString","coordinates":[[21.324851,46.184779],[21.324855,46.184794]]}},{"type":"Feature","properties":{"line":"18b","mode":"tram","color":"#9789ff","oi":-0.103,"n":4,"sw":1},"geometry":{"type":"LineString","coordinates":[[21.324854,46.184788],[21.324858,46.184803]]}},{"type":"Feature","properties":{"line":"18b","mode":"tram","color":"#9789ff","oi":-0.156,"n":4,"sw":1},"geometry":{"type":"LineString","coordinates":[[21.324856,46.184798],[21.324861,46.184812]]}},{"type":"Feature","properties":{"line":"18b","mode":"tram","color":"#9789ff","oi":-0.218,"n":4,"sw":1},"geometry":{"type":"LineString","coordinates":[[21.324859,46.184807],[21.324864,46.184821]]}},{"type":"Feature","properties":{"line":"18b","mode":"tram","color":"#9789ff","oi":-0.287,"n":4,"sw":1},"geometry":{"type":"LineString","coordinates":[[21.324862,46.184816],[21.324866,46.184831]]}},{"type":"Feature","properties":{"line":"18b","mode":"tram","color":"#9789ff","oi":-0.362,"n":4,"sw":1},"geometry":{"type":"LineString","coordinates":[[21.324865,46.184825],[21.324869,46.18484]]}},{"type":"Feature","properties":{"line":"18b","mode":"tram","color":"#9789ff","oi":-0.443,"n":4,"sw":1},"geometry":{"type":"LineString","coordinates":[[21.324868,46.184835],[21.324872,46.184849]]}},{"type":"Feature","properties":{"line":"18b","mode":"tram","color":"#9789ff","oi":-0.528,"n":4,"sw":1},"geometry":{"type":"LineString","coordinates":[[21.32487,46.184844],[21.324875,46.184858]]}},{"type":"Feature","properties":{"line":"18b","mode":"tram","color":"#9789ff","oi":-0.616,"n":4,"sw":1},"geometry":{"type":"LineString","coordinates":[[21.324873,46.184853],[21.324878,46.184868]]}},{"type":"Feature","properties":{"line":"18b","mode":"tram","color":"#9789ff","oi":-0.705,"n":4,"sw":1},"geometry":{"type":"LineString","coordinates":[[21.324876,46.184862],[21.324881,46.184877]]}},{"type":"Feature","properties":{"line":"18b","mode":"tram","color":"#9789ff","oi":-0.795,"n":4,"sw":1},"geometry":{"type":"LineString","coordinates":[[21.324879,46.184872],[21.324883,46.184886]]}},{"type":"Feature","properties":{"line":"18b","mode":"tram","color":"#9789ff","oi":-0.884,"n":4,"sw":1},"geometry":{"type":"LineString","coordinates":[[21.324882,46.184881],[21.324886,46.184895]]}},{"type":"Feature","properties":{"line":"18b","mode":"tram","color":"#9789ff","oi":-0.972,"n":4,"sw":1},"geometry":{"type":"LineString","coordinates":[[21.324885,46.18489],[21.324889,46.184905]]}},{"type":"Feature","properties":{"line":"18b","mode":"tram","color":"#9789ff","oi":-1.057,"n":4,"sw":1},"geometry":{"type":"LineString","coordinates":[[21.324887,46.184899],[21.324892,46.184914]]}},{"type":"Feature","properties":{"line":"18b","mode":"tram","color":"#9789ff","oi":-1.138,"n":4,"sw":1},"geometry":{"type":"LineString","coordinates":[[21.32489,46.184909],[21.324895,46.184923]]}},{"type":"Feature","properties":{"line":"18b","mode":"tram","color":"#9789ff","oi":-1.213,"n":4,"sw":1},"geometry":{"type":"LineString","coordinates":[[21.324893,46.184918],[21.324898,46.184932]]}},{"type":"Feature","properties":{"line":"18b","mode":"tram","color":"#9789ff","oi":-1.282,"n":4,"sw":1},"geometry":{"type":"LineString","coordinates":[[21.324896,46.184927],[21.3249,46.184942]]}},{"type":"Feature","properties":{"line":"18b","mode":"tram","color":"#9789ff","oi":-1.344,"n":4,"sw":1},"geometry":{"type":"LineString","coordinates":[[21.324899,46.184936],[21.324903,46.184951]]}},{"type":"Feature","properties":{"line":"18b","mode":"tram","color":"#9789ff","oi":-1.397,"n":4,"sw":1},"geometry":{"type":"LineString","coordinates":[[21.324902,46.184946],[21.324906,46.18496]]}},{"type":"Feature","properties":{"line":"18b","mode":"tram","color":"#9789ff","oi":-1.44,"n":4,"sw":1},"geometry":{"type":"LineString","coordinates":[[21.324904,46.184955],[21.324909,46.184969]]}},{"type":"Feature","properties":{"line":"18b","mode":"tram","color":"#9789ff","oi":-1.473,"n":4,"sw":1},"geometry":{"type":"LineString","coordinates":[[21.324907,46.184964],[21.324912,46.184979]]}},{"type":"Feature","properties":{"line":"18b","mode":"tram","color":"#9789ff","oi":-1.493,"n":4,"sw":1},"geometry":{"type":"LineString","coordinates":[[21.32491,46.184973],[21.324914,46.184988]]}},{"type":"Feature","properties":{"line":"18b","mode":"tram","color":"#9789ff","oi":-1.5,"n":4,"sw":1},"geometry":{"type":"LineString","coordinates":[[21.324913,46.184983],[21.324917,46.184997]]}},{"type":"Feature","properties":{"line":"18b","mode":"tram","color":"#9789ff","oi":-1.5,"n":4,"sw":1},"geometry":{"type":"LineString","coordinates":[[21.324916,46.184992],[21.32492,46.185006]]}},{"type":"Feature","properties":{"line":"18b","mode":"tram","color":"#9789ff","oi":-1.493,"n":4,"sw":1},"geometry":{"type":"LineString","coordinates":[[21.324919,46.185001],[21.324923,46.185016]]}},{"type":"Feature","properties":{"line":"18b","mode":"tram","color":"#9789ff","oi":-1.473,"n":4,"sw":1},"geometry":{"type":"LineString","coordinates":[[21.324921,46.18501],[21.324926,46.185025]]}},{"type":"Feature","properties":{"line":"18b","mode":"tram","color":"#9789ff","oi":-1.44,"n":4,"sw":1},"geometry":{"type":"LineString","coordinates":[[21.324924,46.18502],[21.324929,46.185034]]}},{"type":"Feature","properties":{"line":"18b","mode":"tram","color":"#9789ff","oi":-1.397,"n":4,"sw":1},"geometry":{"type":"LineString","coordinates":[[21.324927,46.185029],[21.324931,46.185043]]}},{"type":"Feature","properties":{"line":"18b","mode":"tram","color":"#9789ff","oi":-1.344,"n":4,"sw":1},"geometry":{"type":"LineString","coordinates":[[21.32493,46.185038],[21.324934,46.185053]]}},{"type":"Feature","properties":{"line":"18b","mode":"tram","color":"#9789ff","oi":-1.282,"n":4,"sw":1},"geometry":{"type":"LineString","coordinates":[[21.324933,46.185047],[21.324937,46.185062]]}},{"type":"Feature","properties":{"line":"18b","mode":"tram","color":"#9789ff","oi":-1.213,"n":4,"sw":1},"geometry":{"type":"LineString","coordinates":[[21.324935,46.185057],[21.32494,46.185071]]}},{"type":"Feature","properties":{"line":"18b","mode":"tram","color":"#9789ff","oi":-1.138,"n":4,"sw":1},"geometry":{"type":"LineString","coordinates":[[21.324938,46.185066],[21.324943,46.18508]]}},{"type":"Feature","properties":{"line":"18b","mode":"tram","color":"#9789ff","oi":-1.057,"n":4,"sw":1},"geometry":{"type":"LineString","coordinates":[[21.324941,46.185075],[21.324946,46.18509]]}},{"type":"Feature","properties":{"line":"18b","mode":"tram","color":"#9789ff","oi":-0.972,"n":4,"sw":1},"geometry":{"type":"LineString","coordinates":[[21.324944,46.185084],[21.324948,46.185099]]}},{"type":"Feature","properties":{"line":"18b","mode":"tram","color":"#9789ff","oi":-0.884,"n":4,"sw":1},"geometry":{"type":"LineString","coordinates":[[21.324947,46.185094],[21.324951,46.185108]]}},{"type":"Feature","properties":{"line":"18b","mode":"tram","color":"#9789ff","oi":-0.795,"n":4,"sw":1},"geometry":{"type":"LineString","coordinates":[[21.32495,46.185103],[21.324954,46.185117]]}},{"type":"Feature","properties":{"line":"18b","mode":"tram","color":"#9789ff","oi":-0.705,"n":4,"sw":1},"geometry":{"type":"LineString","coordinates":[[21.324952,46.185112],[21.324957,46.185127]]}},{"type":"Feature","properties":{"line":"18b","mode":"tram","color":"#9789ff","oi":-0.616,"n":4,"sw":1},"geometry":{"type":"LineString","coordinates":[[21.324955,46.185121],[21.32496,46.185136]]}},{"type":"Feature","properties":{"line":"18b","mode":"tram","color":"#9789ff","oi":-0.528,"n":4,"sw":1},"geometry":{"type":"LineString","coordinates":[[21.324958,46.185131],[21.324963,46.185145]]}},{"type":"Feature","properties":{"line":"18b","mode":"tram","color":"#9789ff","oi":-0.443,"n":4,"sw":1},"geometry":{"type":"LineString","coordinates":[[21.324961,46.18514],[21.324965,46.185154]]}},{"type":"Feature","properties":{"line":"18b","mode":"tram","color":"#9789ff","oi":-0.362,"n":4,"sw":1},"geometry":{"type":"LineString","coordinates":[[21.324964,46.185149],[21.324968,46.185164]]}},{"type":"Feature","properties":{"line":"18b","mode":"tram","color":"#9789ff","oi":-0.287,"n":4,"sw":1},"geometry":{"type":"LineString","coordinates":[[21.324967,46.185158],[21.324971,46.185173]]}},{"type":"Feature","properties":{"line":"18b","mode":"tram","color":"#9789ff","oi":-0.218,"n":4,"sw":1},"geometry":{"type":"LineString","coordinates":[[21.324969,46.185168],[21.324974,46.185182]]}},{"type":"Feature","properties":{"line":"18b","mode":"tram","color":"#9789ff","oi":-0.156,"n":4,"sw":1},"geometry":{"type":"LineString","coordinates":[[21.324972,46.185177],[21.324977,46.185191]]}},{"type":"Feature","properties":{"line":"18b","mode":"tram","color":"#9789ff","oi":-0.103,"n":4,"sw":1},"geometry":{"type":"LineString","coordinates":[[21.324975,46.185186],[21.324979,46.185201]]}},{"type":"Feature","properties":{"line":"18b","mode":"tram","color":"#9789ff","oi":-0.06,"n":4,"sw":1},"geometry":{"type":"LineString","coordinates":[[21.324978,46.185195],[21.324982,46.18521]]}},{"type":"Feature","properties":{"line":"18b","mode":"tram","color":"#9789ff","oi":-0.027,"n":4,"sw":1},"geometry":{"type":"LineString","coordinates":[[21.324981,46.185205],[21.324985,46.185219]]}},{"type":"Feature","properties":{"line":"18b","mode":"tram","color":"#9789ff","oi":-0.007,"n":4,"sw":1},"geometry":{"type":"LineString","coordinates":[[21.324984,46.185214],[21.324988,46.185228]]}},{"type":"Feature","properties":{"line":"18b","mode":"tram","color":"#9789ff","oi":0,"n":4,"sw":1},"geometry":{"type":"LineString","coordinates":[[21.324986,46.185223],[21.32499,46.185235]]}},{"type":"Feature","properties":{"line":"18b","mode":"tram","color":"#9789ff","oi":-0.5,"n":2},"geometry":{"type":"LineString","coordinates":[[21.319976,46.167736],[21.320407,46.167582],[21.320646,46.16756],[21.320771,46.167527],[21.320891,46.167452],[21.320959,46.167345]]}},{"type":"Feature","properties":{"line":"18b","mode":"tram","color":"#9789ff","oi":0,"n":2,"sw":1},"geometry":{"type":"LineString","coordinates":[[21.319561,46.167884],[21.319606,46.167868]]}},{"type":"Feature","properties":{"line":"18b","mode":"tram","color":"#9789ff","oi":-0.017,"n":2,"sw":1},"geometry":{"type":"LineString","coordinates":[[21.319599,46.16787],[21.319648,46.167853]]}},{"type":"Feature","properties":{"line":"18b","mode":"tram","color":"#9789ff","oi":-0.063,"n":2,"sw":1},"geometry":{"type":"LineString","coordinates":[[21.319641,46.167856],[21.319689,46.167838]]}},{"type":"Feature","properties":{"line":"18b","mode":"tram","color":"#9789ff","oi":-0.13,"n":2,"sw":1},"geometry":{"type":"LineString","coordinates":[[21.319682,46.167841],[21.319731,46.167823]]}},{"type":"Feature","properties":{"line":"18b","mode":"tram","color":"#9789ff","oi":-0.209,"n":2,"sw":1},"geometry":{"type":"LineString","coordinates":[[21.319724,46.167826],[21.319772,46.167809]]}},{"type":"Feature","properties":{"line":"18b","mode":"tram","color":"#9789ff","oi":-0.291,"n":2,"sw":1},"geometry":{"type":"LineString","coordinates":[[21.319765,46.167811],[21.319814,46.167794]]}},{"type":"Feature","properties":{"line":"18b","mode":"tram","color":"#9789ff","oi":-0.37,"n":2,"sw":1},"geometry":{"type":"LineString","coordinates":[[21.319807,46.167796],[21.319855,46.167779]]}},{"type":"Feature","properties":{"line":"18b","mode":"tram","color":"#9789ff","oi":-0.437,"n":2,"sw":1},"geometry":{"type":"LineString","coordinates":[[21.319848,46.167781],[21.319897,46.167764]]}},{"type":"Feature","properties":{"line":"18b","mode":"tram","color":"#9789ff","oi":-0.483,"n":2,"sw":1},"geometry":{"type":"LineString","coordinates":[[21.31989,46.167767],[21.319938,46.167749]]}},{"type":"Feature","properties":{"line":"18b","mode":"tram","color":"#9789ff","oi":-0.5,"n":2,"sw":1},"geometry":{"type":"LineString","coordinates":[[21.319931,46.167752],[21.31998,46.167734]]}},{"type":"Feature","properties":{"line":"18b","mode":"tram","color":"#9789ff","oi":-0.5,"n":2},"geometry":{"type":"LineString","coordinates":[[21.320746,46.167037],[21.320634,46.167014]]}},{"type":"Feature","properties":{"line":"18b","mode":"tram","color":"#9789ff","oi":0,"n":1},"geometry":{"type":"LineString","coordinates":[[21.29136,46.202538],[21.291485,46.202676],[21.29171,46.202856]]}},{"type":"Feature","properties":{"line":"18b","mode":"tram","color":"#9789ff","oi":0,"n":1},"geometry":{"type":"LineString","coordinates":[[21.320202,46.166897],[21.320121,46.166857],[21.320059,46.166797],[21.319936,46.166534],[21.319668,46.165689],[21.319638,46.165655],[21.319563,46.165633],[21.315745,46.166055],[21.315482,46.166079],[21.315138,46.166038],[21.314724,46.166102],[21.314266,46.166204],[21.311396,46.166547],[21.311209,46.16662],[21.310855,46.166988],[21.31071,46.167024],[21.307742,46.16692],[21.306523,46.166832],[21.302832,46.166646],[21.295794,46.166214],[21.293247,46.166091],[21.290446,46.165923],[21.290222,46.165965],[21.29011,46.166061],[21.290103,46.166215],[21.291571,46.169045],[21.292617,46.171225],[21.293438,46.172819],[21.293618,46.173363],[21.293848,46.174511],[21.294787,46.176341],[21.297374,46.181614],[21.297425,46.181699],[21.29764,46.181918],[21.297829,46.182182],[21.298013,46.182678],[21.298167,46.182829],[21.299003,46.183355],[21.299104,46.183451],[21.301409,46.186477],[21.304155,46.190005],[21.304305,46.190105],[21.305779,46.190627],[21.307032,46.191188],[21.307159,46.19128],[21.307585,46.191858],[21.307622,46.191973],[21.307614,46.192073],[21.307567,46.192179],[21.30747,46.192278],[21.306471,46.192713],[21.305949,46.192966]]}},{"type":"Feature","properties":{"line":"18b","mode":"tram","color":"#9789ff","oi":-0.5,"n":1,"sw":1},"geometry":{"type":"LineString","coordinates":[[21.320634,46.167014],[21.320586,46.167004]]}},{"type":"Feature","properties":{"line":"18b","mode":"tram","color":"#9789ff","oi":-0.483,"n":1,"sw":1},"geometry":{"type":"LineString","coordinates":[[21.320593,46.167005],[21.320541,46.166994]]}},{"type":"Feature","properties":{"line":"18b","mode":"tram","color":"#9789ff","oi":-0.437,"n":1,"sw":1},"geometry":{"type":"LineString","coordinates":[[21.320548,46.166996],[21.320496,46.166984]]}},{"type":"Feature","properties":{"line":"18b","mode":"tram","color":"#9789ff","oi":-0.37,"n":1,"sw":1},"geometry":{"type":"LineString","coordinates":[[21.320504,46.166986],[21.320452,46.166975]]}},{"type":"Feature","properties":{"line":"18b","mode":"tram","color":"#9789ff","oi":-0.291,"n":1,"sw":1},"geometry":{"type":"LineString","coordinates":[[21.320459,46.166976],[21.320407,46.166965]]}},{"type":"Feature","properties":{"line":"18b","mode":"tram","color":"#9789ff","oi":-0.209,"n":1,"sw":1},"geometry":{"type":"LineString","coordinates":[[21.320415,46.166967],[21.320363,46.166956]]}},{"type":"Feature","properties":{"line":"18b","mode":"tram","color":"#9789ff","oi":-0.13,"n":1,"sw":1},"geometry":{"type":"LineString","coordinates":[[21.32037,46.166957],[21.320318,46.166946]]}},{"type":"Feature","properties":{"line":"18b","mode":"tram","color":"#9789ff","oi":-0.063,"n":1,"sw":1},"geometry":{"type":"LineString","coordinates":[[21.320325,46.166947],[21.320286,46.166939],[21.320275,46.166934]]}},{"type":"Feature","properties":{"line":"18b","mode":"tram","color":"#9789ff","oi":-0.017,"n":1,"sw":1},"geometry":{"type":"LineString","coordinates":[[21.320282,46.166937],[21.320237,46.166915]]}},{"type":"Feature","properties":{"line":"18b","mode":"tram","color":"#9789ff","oi":0,"n":1,"sw":1},"geometry":{"type":"LineString","coordinates":[[21.320244,46.166918],[21.320199,46.166896]]}},{"type":"Feature","properties":{"line":"18b","mode":"tram","color":"#9789ff","oi":-0.5,"n":1,"sw":1},"geometry":{"type":"LineString","coordinates":[[21.320959,46.167345],[21.32096,46.167324]]}},{"type":"Feature","properties":{"line":"18b","mode":"tram","color":"#9789ff","oi":-0.483,"n":1,"sw":1},"geometry":{"type":"LineString","coordinates":[[21.32096,46.167329],[21.320961,46.167306]]}},{"type":"Feature","properties":{"line":"18b","mode":"tram","color":"#9789ff","oi":-0.437,"n":1,"sw":1},"geometry":{"type":"LineString","coordinates":[[21.320961,46.167311],[21.320962,46.167288]]}},{"type":"Feature","properties":{"line":"18b","mode":"tram","color":"#9789ff","oi":-0.37,"n":1,"sw":1},"geometry":{"type":"LineString","coordinates":[[21.320962,46.167293],[21.320963,46.167269]]}},{"type":"Feature","properties":{"line":"18b","mode":"tram","color":"#9789ff","oi":-0.291,"n":1,"sw":1},"geometry":{"type":"LineString","coordinates":[[21.320963,46.167275],[21.320964,46.16726],[21.32096,46.167252]]}},{"type":"Feature","properties":{"line":"18b","mode":"tram","color":"#9789ff","oi":-0.209,"n":1,"sw":1},"geometry":{"type":"LineString","coordinates":[[21.320963,46.167257],[21.320953,46.167234]]}},{"type":"Feature","properties":{"line":"18b","mode":"tram","color":"#9789ff","oi":-0.13,"n":1,"sw":1},"geometry":{"type":"LineString","coordinates":[[21.320955,46.167239],[21.320946,46.167217]]}},{"type":"Feature","properties":{"line":"18b","mode":"tram","color":"#9789ff","oi":-0.063,"n":1,"sw":1},"geometry":{"type":"LineString","coordinates":[[21.320948,46.167222],[21.320938,46.167199]]}},{"type":"Feature","properties":{"line":"18b","mode":"tram","color":"#9789ff","oi":-0.017,"n":1,"sw":1},"geometry":{"type":"LineString","coordinates":[[21.32094,46.167204],[21.320931,46.167182]]}},{"type":"Feature","properties":{"line":"18b","mode":"tram","color":"#9789ff","oi":0,"n":1,"sw":1},"geometry":{"type":"LineString","coordinates":[[21.320933,46.167187],[21.320924,46.167166],[21.320922,46.167164]]}},{"type":"Feature","properties":{"line":"18b","mode":"tram","color":"#9789ff","oi":0,"n":1,"sw":1},"geometry":{"type":"LineString","coordinates":[[21.320925,46.167169],[21.320924,46.167166],[21.320908,46.167149]]}},{"type":"Feature","properties":{"line":"18b","mode":"tram","color":"#9789ff","oi":-0.017,"n":1,"sw":1},"geometry":{"type":"LineString","coordinates":[[21.320912,46.167154],[21.320894,46.167134]]}},{"type":"Feature","properties":{"line":"18b","mode":"tram","color":"#9789ff","oi":-0.063,"n":1,"sw":1},"geometry":{"type":"LineString","coordinates":[[21.320898,46.167138],[21.32088,46.167118]]}},{"type":"Feature","properties":{"line":"18b","mode":"tram","color":"#9789ff","oi":-0.13,"n":1,"sw":1},"geometry":{"type":"LineString","coordinates":[[21.320884,46.167123],[21.320865,46.167103]]}},{"type":"Feature","properties":{"line":"18b","mode":"tram","color":"#9789ff","oi":-0.209,"n":1,"sw":1},"geometry":{"type":"LineString","coordinates":[[21.32087,46.167108],[21.320855,46.167092],[21.320849,46.167089]]}},{"type":"Feature","properties":{"line":"18b","mode":"tram","color":"#9789ff","oi":-0.291,"n":1,"sw":1},"geometry":{"type":"LineString","coordinates":[[21.320855,46.167092],[21.320855,46.167092],[21.320828,46.167078]]}},{"type":"Feature","properties":{"line":"18b","mode":"tram","color":"#9789ff","oi":-0.37,"n":1,"sw":1},"geometry":{"type":"LineString","coordinates":[[21.320834,46.167082],[21.320807,46.167068]]}},{"type":"Feature","properties":{"line":"18b","mode":"tram","color":"#9789ff","oi":-0.437,"n":1,"sw":1},"geometry":{"type":"LineString","coordinates":[[21.320813,46.167071],[21.320785,46.167057]]}},{"type":"Feature","properties":{"line":"18b","mode":"tram","color":"#9789ff","oi":-0.483,"n":1,"sw":1},"geometry":{"type":"LineString","coordinates":[[21.320792,46.16706],[21.320764,46.167046]]}},{"type":"Feature","properties":{"line":"18b","mode":"tram","color":"#9789ff","oi":-0.5,"n":1,"sw":1},"geometry":{"type":"LineString","coordinates":[[21.32077,46.167049],[21.320746,46.167037]]}},{"type":"Feature","properties":{"line":"7","mode":"tram","color":"#cf8a11","oi":0,"n":4,"sw":1},"geometry":{"type":"LineString","coordinates":[[21.324748,46.184658],[21.324752,46.184671]]}},{"type":"Feature","properties":{"line":"7","mode":"tram","color":"#cf8a11","oi":-0.007,"n":4,"sw":1},"geometry":{"type":"LineString","coordinates":[[21.324751,46.184666],[21.324756,46.184681]]}},{"type":"Feature","properties":{"line":"7","mode":"tram","color":"#cf8a11","oi":-0.027,"n":4,"sw":1},"geometry":{"type":"LineString","coordinates":[[21.324754,46.184676],[21.324759,46.184692]]}},{"type":"Feature","properties":{"line":"7","mode":"tram","color":"#cf8a11","oi":-0.06,"n":4,"sw":1},"geometry":{"type":"LineString","coordinates":[[21.324757,46.184687],[21.324763,46.184702]]}},{"type":"Feature","properties":{"line":"7","mode":"tram","color":"#cf8a11","oi":-0.103,"n":4,"sw":1},"geometry":{"type":"LineString","coordinates":[[21.324761,46.184697],[21.324766,46.184713]]}},{"type":"Feature","properties":{"line":"7","mode":"tram","color":"#cf8a11","oi":-0.156,"n":4,"sw":1},"geometry":{"type":"LineString","coordinates":[[21.324764,46.184707],[21.32477,46.184723]]}},{"type":"Feature","properties":{"line":"7","mode":"tram","color":"#cf8a11","oi":-0.218,"n":4,"sw":1},"geometry":{"type":"LineString","coordinates":[[21.324768,46.184718],[21.324773,46.184733]]}},{"type":"Feature","properties":{"line":"7","mode":"tram","color":"#cf8a11","oi":-0.287,"n":4,"sw":1},"geometry":{"type":"LineString","coordinates":[[21.324771,46.184728],[21.324776,46.184744]]}},{"type":"Feature","properties":{"line":"7","mode":"tram","color":"#cf8a11","oi":-0.362,"n":4,"sw":1},"geometry":{"type":"LineString","coordinates":[[21.324775,46.184738],[21.32478,46.184754]]}},{"type":"Feature","properties":{"line":"7","mode":"tram","color":"#cf8a11","oi":-0.443,"n":4,"sw":1},"geometry":{"type":"LineString","coordinates":[[21.324778,46.184749],[21.324783,46.184764]]}},{"type":"Feature","properties":{"line":"7","mode":"tram","color":"#cf8a11","oi":-0.528,"n":4,"sw":1},"geometry":{"type":"LineString","coordinates":[[21.324782,46.184759],[21.324787,46.184775]]}},{"type":"Feature","properties":{"line":"7","mode":"tram","color":"#cf8a11","oi":-0.616,"n":4,"sw":1},"geometry":{"type":"LineString","coordinates":[[21.324785,46.18477],[21.32479,46.184785]]}},{"type":"Feature","properties":{"line":"7","mode":"tram","color":"#cf8a11","oi":-0.705,"n":4,"sw":1},"geometry":{"type":"LineString","coordinates":[[21.324788,46.18478],[21.324794,46.184796]]}},{"type":"Feature","properties":{"line":"7","mode":"tram","color":"#cf8a11","oi":-0.795,"n":4,"sw":1},"geometry":{"type":"LineString","coordinates":[[21.324792,46.18479],[21.324797,46.184806]]}},{"type":"Feature","properties":{"line":"7","mode":"tram","color":"#cf8a11","oi":-0.884,"n":4,"sw":1},"geometry":{"type":"LineString","coordinates":[[21.324795,46.184801],[21.324801,46.184816]]}},{"type":"Feature","properties":{"line":"7","mode":"tram","color":"#cf8a11","oi":-0.972,"n":4,"sw":1},"geometry":{"type":"LineString","coordinates":[[21.324799,46.184811],[21.324804,46.184827]]}},{"type":"Feature","properties":{"line":"7","mode":"tram","color":"#cf8a11","oi":-1.057,"n":4,"sw":1},"geometry":{"type":"LineString","coordinates":[[21.324802,46.184822],[21.324807,46.184837]]}},{"type":"Feature","properties":{"line":"7","mode":"tram","color":"#cf8a11","oi":-1.138,"n":4,"sw":1},"geometry":{"type":"LineString","coordinates":[[21.324806,46.184832],[21.324811,46.184848]]}},{"type":"Feature","properties":{"line":"7","mode":"tram","color":"#cf8a11","oi":-1.213,"n":4,"sw":1},"geometry":{"type":"LineString","coordinates":[[21.324809,46.184842],[21.324814,46.184858]]}},{"type":"Feature","properties":{"line":"7","mode":"tram","color":"#cf8a11","oi":-1.282,"n":4,"sw":1},"geometry":{"type":"LineString","coordinates":[[21.324813,46.184853],[21.324818,46.184868]]}},{"type":"Feature","properties":{"line":"7","mode":"tram","color":"#cf8a11","oi":-1.344,"n":4,"sw":1},"geometry":{"type":"LineString","coordinates":[[21.324816,46.184863],[21.324821,46.184879]]}},{"type":"Feature","properties":{"line":"7","mode":"tram","color":"#cf8a11","oi":-1.397,"n":4,"sw":1},"geometry":{"type":"LineString","coordinates":[[21.324819,46.184873],[21.324825,46.184889]]}},{"type":"Feature","properties":{"line":"7","mode":"tram","color":"#cf8a11","oi":-1.44,"n":4,"sw":1},"geometry":{"type":"LineString","coordinates":[[21.324823,46.184884],[21.324828,46.184899]]}},{"type":"Feature","properties":{"line":"7","mode":"tram","color":"#cf8a11","oi":-1.473,"n":4,"sw":1},"geometry":{"type":"LineString","coordinates":[[21.324826,46.184894],[21.324831,46.18491]]}},{"type":"Feature","properties":{"line":"7","mode":"tram","color":"#cf8a11","oi":-1.493,"n":4,"sw":1},"geometry":{"type":"LineString","coordinates":[[21.32483,46.184905],[21.324835,46.18492]]}},{"type":"Feature","properties":{"line":"7","mode":"tram","color":"#cf8a11","oi":-1.5,"n":4,"sw":1},"geometry":{"type":"LineString","coordinates":[[21.324833,46.184915],[21.324838,46.184931]]}},{"type":"Feature","properties":{"line":"7","mode":"tram","color":"#cf8a11","oi":-1.5,"n":4,"sw":1},"geometry":{"type":"LineString","coordinates":[[21.324837,46.184925],[21.324842,46.184941]]}},{"type":"Feature","properties":{"line":"7","mode":"tram","color":"#cf8a11","oi":-1.493,"n":4,"sw":1},"geometry":{"type":"LineString","coordinates":[[21.32484,46.184936],[21.324845,46.184951]]}},{"type":"Feature","properties":{"line":"7","mode":"tram","color":"#cf8a11","oi":-1.473,"n":4,"sw":1},"geometry":{"type":"LineString","coordinates":[[21.324844,46.184946],[21.324849,46.184962]]}},{"type":"Feature","properties":{"line":"7","mode":"tram","color":"#cf8a11","oi":-1.44,"n":4,"sw":1},"geometry":{"type":"LineString","coordinates":[[21.324847,46.184957],[21.324852,46.184972]]}},{"type":"Feature","properties":{"line":"7","mode":"tram","color":"#cf8a11","oi":-1.397,"n":4,"sw":1},"geometry":{"type":"LineString","coordinates":[[21.32485,46.184967],[21.324856,46.184983]]}},{"type":"Feature","properties":{"line":"7","mode":"tram","color":"#cf8a11","oi":-1.344,"n":4,"sw":1},"geometry":{"type":"LineString","coordinates":[[21.324854,46.184977],[21.324859,46.184993]]}},{"type":"Feature","properties":{"line":"7","mode":"tram","color":"#cf8a11","oi":-1.282,"n":4,"sw":1},"geometry":{"type":"LineString","coordinates":[[21.324857,46.184988],[21.324862,46.185003]]}},{"type":"Feature","properties":{"line":"7","mode":"tram","color":"#cf8a11","oi":-1.213,"n":4,"sw":1},"geometry":{"type":"LineString","coordinates":[[21.324861,46.184998],[21.324866,46.185014]]}},{"type":"Feature","properties":{"line":"7","mode":"tram","color":"#cf8a11","oi":-1.138,"n":4,"sw":1},"geometry":{"type":"LineString","coordinates":[[21.324864,46.185008],[21.324869,46.185024]]}},{"type":"Feature","properties":{"line":"7","mode":"tram","color":"#cf8a11","oi":-1.057,"n":4,"sw":1},"geometry":{"type":"LineString","coordinates":[[21.324868,46.185019],[21.324873,46.185034]]}},{"type":"Feature","properties":{"line":"7","mode":"tram","color":"#cf8a11","oi":-0.972,"n":4,"sw":1},"geometry":{"type":"LineString","coordinates":[[21.324871,46.185029],[21.324876,46.185045]]}},{"type":"Feature","properties":{"line":"7","mode":"tram","color":"#cf8a11","oi":-0.884,"n":4,"sw":1},"geometry":{"type":"LineString","coordinates":[[21.324874,46.18504],[21.32488,46.185055]]}},{"type":"Feature","properties":{"line":"7","mode":"tram","color":"#cf8a11","oi":-0.795,"n":4,"sw":1},"geometry":{"type":"LineString","coordinates":[[21.324878,46.18505],[21.324883,46.185066]]}},{"type":"Feature","properties":{"line":"7","mode":"tram","color":"#cf8a11","oi":-0.705,"n":4,"sw":1},"geometry":{"type":"LineString","coordinates":[[21.324881,46.18506],[21.324887,46.185076]]}},{"type":"Feature","properties":{"line":"7","mode":"tram","color":"#cf8a11","oi":-0.616,"n":4,"sw":1},"geometry":{"type":"LineString","coordinates":[[21.324885,46.185071],[21.32489,46.185086]]}},{"type":"Feature","properties":{"line":"7","mode":"tram","color":"#cf8a11","oi":-0.528,"n":4,"sw":1},"geometry":{"type":"LineString","coordinates":[[21.324888,46.185081],[21.324893,46.185097]]}},{"type":"Feature","properties":{"line":"7","mode":"tram","color":"#cf8a11","oi":-0.443,"n":4,"sw":1},"geometry":{"type":"LineString","coordinates":[[21.324892,46.185092],[21.324897,46.185107]]}},{"type":"Feature","properties":{"line":"7","mode":"tram","color":"#cf8a11","oi":-0.362,"n":4,"sw":1},"geometry":{"type":"LineString","coordinates":[[21.324895,46.185102],[21.3249,46.185118]]}},{"type":"Feature","properties":{"line":"7","mode":"tram","color":"#cf8a11","oi":-0.287,"n":4,"sw":1},"geometry":{"type":"LineString","coordinates":[[21.324899,46.185112],[21.324904,46.185128]]}},{"type":"Feature","properties":{"line":"7","mode":"tram","color":"#cf8a11","oi":-0.218,"n":4,"sw":1},"geometry":{"type":"LineString","coordinates":[[21.324902,46.185123],[21.324907,46.185138]]}},{"type":"Feature","properties":{"line":"7","mode":"tram","color":"#cf8a11","oi":-0.156,"n":4,"sw":1},"geometry":{"type":"LineString","coordinates":[[21.324905,46.185133],[21.324911,46.185149]]}},{"type":"Feature","properties":{"line":"7","mode":"tram","color":"#cf8a11","oi":-0.103,"n":4,"sw":1},"geometry":{"type":"LineString","coordinates":[[21.324909,46.185143],[21.324914,46.185159]]}},{"type":"Feature","properties":{"line":"7","mode":"tram","color":"#cf8a11","oi":-0.06,"n":4,"sw":1},"geometry":{"type":"LineString","coordinates":[[21.324912,46.185154],[21.324918,46.185169]]}},{"type":"Feature","properties":{"line":"7","mode":"tram","color":"#cf8a11","oi":-0.027,"n":4,"sw":1},"geometry":{"type":"LineString","coordinates":[[21.324916,46.185164],[21.324921,46.18518]]}},{"type":"Feature","properties":{"line":"7","mode":"tram","color":"#cf8a11","oi":-0.007,"n":4,"sw":1},"geometry":{"type":"LineString","coordinates":[[21.324919,46.185175],[21.324924,46.18519]]}},{"type":"Feature","properties":{"line":"7","mode":"tram","color":"#cf8a11","oi":0,"n":4,"sw":1},"geometry":{"type":"LineString","coordinates":[[21.324923,46.185185],[21.324927,46.185198]]}},{"type":"Feature","properties":{"line":"7","mode":"tram","color":"#cf8a11","oi":0,"n":1},"geometry":{"type":"LineString","coordinates":[[21.319026,46.166379],[21.315589,46.166857],[21.313081,46.16699],[21.311516,46.167119],[21.310624,46.167055],[21.307704,46.166947],[21.306415,46.166856],[21.303801,46.166724],[21.295788,46.16625],[21.293259,46.166131],[21.290639,46.165963],[21.290334,46.165966],[21.29021,46.166019],[21.290157,46.166075],[21.290154,46.166221],[21.291601,46.169016],[21.29251,46.170903],[21.293452,46.172735],[21.293649,46.173304],[21.293719,46.173654],[21.293895,46.173807],[21.294167,46.173928],[21.294267,46.174034],[21.294279,46.174129],[21.294254,46.174191],[21.294042,46.174385],[21.29399,46.174472],[21.293985,46.174632],[21.297421,46.181607],[21.29749,46.181716],[21.297735,46.181973],[21.297872,46.182174],[21.298073,46.18267],[21.29822,46.182813],[21.299021,46.183322],[21.299178,46.183469],[21.30221,46.187453],[21.304185,46.189988],[21.304334,46.190086],[21.305798,46.190602],[21.307124,46.191192],[21.307205,46.191253],[21.30745,46.191618],[21.307699,46.191907],[21.307721,46.192083],[21.307639,46.19227],[21.307463,46.192371],[21.306511,46.192753],[21.305974,46.193016]]}},{"type":"Feature","properties":{"line":"1b","mode":"tram","color":"#126804","oi":0,"n":1},"geometry":{"type":"LineString","coordinates":[[21.290367,46.201583],[21.290608,46.201568],[21.290742,46.201594],[21.290844,46.201654],[21.290933,46.20176]]}},{"type":"Feature","properties":{"line":"1b","mode":"tram","color":"#126804","oi":0,"n":1},"geometry":{"type":"LineString","coordinates":[[21.282791,46.201277],[21.272456,46.201374],[21.270837,46.201328],[21.270213,46.201337],[21.268747,46.201426],[21.256953,46.20232],[21.256679,46.20236],[21.256403,46.202465],[21.256166,46.202712],[21.255515,46.203976],[21.255218,46.204655],[21.255254,46.204808],[21.255353,46.204891],[21.255503,46.20494],[21.25642,46.205086],[21.25659,46.205051],[21.25672,46.204945],[21.256753,46.204867],[21.256743,46.204743],[21.256626,46.204598],[21.256477,46.204542],[21.255674,46.204379],[21.255536,46.204281],[21.255468,46.204079]]}},{"type":"Feature","properties":{"line":"1b","mode":"tram","color":"#126804","oi":0.5,"n":1,"sw":1},"geometry":{"type":"LineString","coordinates":[[21.283258,46.201273],[21.283207,46.201273]]}},{"type":"Feature","properties":{"line":"1b","mode":"tram","color":"#126804","oi":0.483,"n":1,"sw":1},"geometry":{"type":"LineString","coordinates":[[21.283215,46.201273],[21.283161,46.201274]]}},{"type":"Feature","properties":{"line":"1b","mode":"tram","color":"#126804","oi":0.437,"n":1,"sw":1},"geometry":{"type":"LineString","coordinates":[[21.283168,46.201274],[21.283114,46.201274]]}},{"type":"Feature","properties":{"line":"1b","mode":"tram","color":"#126804","oi":0.37,"n":1,"sw":1},"geometry":{"type":"LineString","coordinates":[[21.283122,46.201274],[21.283067,46.201275]]}},{"type":"Feature","properties":{"line":"1b","mode":"tram","color":"#126804","oi":0.291,"n":1,"sw":1},"geometry":{"type":"LineString","coordinates":[[21.283075,46.201275],[21.283021,46.201275]]}},{"type":"Feature","properties":{"line":"1b","mode":"tram","color":"#126804","oi":0.209,"n":1,"sw":1},"geometry":{"type":"LineString","coordinates":[[21.283028,46.201275],[21.282974,46.201276]]}},{"type":"Feature","properties":{"line":"1b","mode":"tram","color":"#126804","oi":0.13,"n":1,"sw":1},"geometry":{"type":"LineString","coordinates":[[21.282982,46.201276],[21.282927,46.201276]]}},{"type":"Feature","properties":{"line":"1b","mode":"tram","color":"#126804","oi":0.063,"n":1,"sw":1},"geometry":{"type":"LineString","coordinates":[[21.282935,46.201276],[21.28288,46.201277]]}},{"type":"Feature","properties":{"line":"1b","mode":"tram","color":"#126804","oi":0.017,"n":1,"sw":1},"geometry":{"type":"LineString","coordinates":[[21.282888,46.201276],[21.282834,46.201277]]}},{"type":"Feature","properties":{"line":"1b","mode":"tram","color":"#126804","oi":0,"n":1,"sw":1},"geometry":{"type":"LineString","coordinates":[[21.282841,46.201277],[21.282787,46.201277]]}},{"type":"Feature","properties":{"line":"1b","mode":"tram","color":"#126804","oi":0,"n":1},"geometry":{"type":"LineString","coordinates":[[21.291203,46.201301],[21.291009,46.201371]]}},{"type":"Feature","properties":{"line":"1b","mode":"tram","color":"#126804","oi":0,"n":1,"sw":1},"geometry":{"type":"LineString","coordinates":[[21.291012,46.20137],[21.290986,46.201379]]}},{"type":"Feature","properties":{"line":"1b","mode":"tram","color":"#126804","oi":0.017,"n":1,"sw":1},"geometry":{"type":"LineString","coordinates":[[21.290993,46.201377],[21.290967,46.201386]]}},{"type":"Feature","properties":{"line":"1b","mode":"tram","color":"#126804","oi":0.063,"n":1,"sw":1},"geometry":{"type":"LineString","coordinates":[[21.290974,46.201384],[21.290947,46.201393]]}},{"type":"Feature","properties":{"line":"1b","mode":"tram","color":"#126804","oi":0.13,"n":1,"sw":1},"geometry":{"type":"LineString","coordinates":[[21.290954,46.201391],[21.290928,46.2014]]}},{"type":"Feature","properties":{"line":"1b","mode":"tram","color":"#126804","oi":0.209,"n":1,"sw":1},"geometry":{"type":"LineString","coordinates":[[21.290935,46.201398],[21.290909,46.201407]]}},{"type":"Feature","properties":{"line":"1b","mode":"tram","color":"#126804","oi":0.291,"n":1,"sw":1},"geometry":{"type":"LineString","coordinates":[[21.290915,46.201405],[21.290889,46.201414]]}},{"type":"Feature","properties":{"line":"1b","mode":"tram","color":"#126804","oi":0.37,"n":1,"sw":1},"geometry":{"type":"LineString","coordinates":[[21.290896,46.201412],[21.29087,46.201421]]}},{"type":"Feature","properties":{"line":"1b","mode":"tram","color":"#126804","oi":0.437,"n":1,"sw":1},"geometry":{"type":"LineString","coordinates":[[21.290877,46.201419],[21.29085,46.201428]]}},{"type":"Feature","properties":{"line":"1b","mode":"tram","color":"#126804","oi":0.483,"n":1,"sw":1},"geometry":{"type":"LineString","coordinates":[[21.290857,46.201426],[21.290831,46.201435]]}},{"type":"Feature","properties":{"line":"1b","mode":"tram","color":"#126804","oi":0.5,"n":1,"sw":1},"geometry":{"type":"LineString","coordinates":[[21.290838,46.201433],[21.290815,46.201441]]}},{"type":"Feature","properties":{"line":"1b","mode":"tram","color":"#126804","oi":0,"n":1},"geometry":{"type":"LineString","coordinates":[[21.292852,46.201298],[21.292799,46.201099],[21.292663,46.200988],[21.292515,46.200945],[21.292205,46.200962]]}},{"type":"Feature","properties":{"line":"1b","mode":"tram","color":"#126804","oi":0.5,"n":2},"geometry":{"type":"LineString","coordinates":[[21.290815,46.201441],[21.290367,46.201583],[21.290124,46.201626],[21.28963,46.201678],[21.289113,46.20169],[21.288425,46.201659],[21.284759,46.201272],[21.284485,46.201257],[21.283258,46.201273]]}}]}