{"type":"FeatureCollection","features":[{"type":"Feature","properties":{"lines":"7A, 18A, 19, Ghioroc","arr":["7A","18A","19","Ghioroc"],"mode":"bus","angle":33.2,"l0":"7A, ","c0":"#4d4aba","l1":"18A, ","c1":"#2d8c1b","l2":"19, ","c2":"#03636c","l3":"Ghioroc","c3":"#b0045c"},"geometry":{"type":"Point","coordinates":[21.32405,46.183042]}},{"type":"Feature","properties":{"lines":"7A, 13, 18A, 19, Ghioroc","arr":["7A","13","18A","19","Ghioroc"],"mode":"bus","angle":12.5,"side":-1,"l0":"7A, ","c0":"#4d4aba","l1":"13, ","c1":"#11a2e3","l2":"18A, ","c2":"#2d8c1b","l3":"19, ","c3":"#03636c","l4":"Ghioroc","c4":"#b0045c"},"geometry":{"type":"Point","coordinates":[21.324877,46.182357]}},{"type":"Feature","properties":{"lines":"7A, 13, 18A, 19, Ghioroc, Vladimirescu","arr":["7A","13","18A","19","Ghioroc","Vladimirescu"],"mode":"bus","angle":12.2,"side":-1,"l0":"7A, ","c0":"#4d4aba","l1":"13, ","c1":"#11a2e3","l2":"18A, ","c2":"#2d8c1b","l3":"19, ","c3":"#03636c","l4":"Ghioroc, ","c4":"#b0045c","l5":"Vladimirescu","c5":"#7c5001"},"geometry":{"type":"Point","coordinates":[21.329844,46.181621]}},{"type":"Feature","properties":{"lines":"7A, 13, 18A, 19, Ghioroc, Vladimirescu","arr":["7A","13","18A","19","Ghioroc","Vladimirescu"],"mode":"bus","angle":12.1,"side":-1,"extra":1,"ei":0,"l0":"7A, ","c0":"#4d4aba","l1":"13, ","c1":"#11a2e3","l2":"18A, ","c2":"#2d8c1b","l3":"19, ","c3":"#03636c","l4":"Ghioroc, ","c4":"#b0045c","l5":"Vladimirescu","c5":"#7c5001"},"geometry":{"type":"Point","coordinates":[21.326655,46.182087]}},{"type":"Feature","properties":{"lines":"7A, 13, 18A, 19, Ghioroc, Vladimirescu","arr":["7A","13","18A","19","Ghioroc","Vladimirescu"],"mode":"bus","angle":12.4,"side":-1,"extra":1,"ei":1,"l0":"7A, ","c0":"#4d4aba","l1":"13, ","c1":"#11a2e3","l2":"18A, ","c2":"#2d8c1b","l3":"19, ","c3":"#03636c","l4":"Ghioroc, ","c4":"#b0045c","l5":"Vladimirescu","c5":"#7c5001"},"geometry":{"type":"Point","coordinates":[21.331987,46.181292]}},{"type":"Feature","properties":{"lines":"7A, 13, Ghioroc, Vladimirescu","arr":["7A","13","Ghioroc","Vladimirescu"],"mode":"bus","angle":10.8,"l0":"7A, ","c0":"#4d4aba","l1":"13, ","c1":"#11a2e3","l2":"Ghioroc, ","c2":"#b0045c","l3":"Vladimirescu","c3":"#7c5001"},"geometry":{"type":"Point","coordinates":[21.337329,46.180471]}},{"type":"Feature","properties":{"lines":"7A, 13, Ghioroc, Vladimirescu","arr":["7A","13","Ghioroc","Vladimirescu"],"mode":"bus","angle":17.8,"side":-1,"l0":"7A, ","c0":"#4d4aba","l1":"13, ","c1":"#11a2e3","l2":"Ghioroc, ","c2":"#b0045c","l3":"Vladimirescu","c3":"#7c5001"},"geometry":{"type":"Point","coordinates":[21.350403,46.178763]}},{"type":"Feature","properties":{"lines":"7A, 13, Ghioroc, Vladimirescu","arr":["7A","13","Ghioroc","Vladimirescu"],"mode":"bus","angle":7,"side":-1,"extra":1,"ei":0,"l0":"7A, ","c0":"#4d4aba","l1":"13, ","c1":"#11a2e3","l2":"Ghioroc, ","c2":"#b0045c","l3":"Vladimirescu","c3":"#7c5001"},"geometry":{"type":"Point","coordinates":[21.341671,46.180692]}},{"type":"Feature","properties":{"lines":"7A, 13, Ghioroc, Vladimirescu","arr":["7A","13","Ghioroc","Vladimirescu"],"mode":"bus","angle":18.9,"side":-1,"extra":1,"ei":1,"l0":"7A, ","c0":"#4d4aba","l1":"13, ","c1":"#11a2e3","l2":"Ghioroc, ","c2":"#b0045c","l3":"Vladimirescu","c3":"#7c5001"},"geometry":{"type":"Point","coordinates":[21.344287,46.180165]}},{"type":"Feature","properties":{"lines":"7A, 13, Ghioroc, Vladimirescu","arr":["7A","13","Ghioroc","Vladimirescu"],"mode":"bus","angle":18.1,"side":-1,"extra":1,"ei":2,"l0":"7A, ","c0":"#4d4aba","l1":"13, ","c1":"#11a2e3","l2":"Ghioroc, ","c2":"#b0045c","l3":"Vladimirescu","c3":"#7c5001"},"geometry":{"type":"Point","coordinates":[21.346867,46.179554]}},{"type":"Feature","properties":{"lines":"7A, 13, Ghioroc, Vladimirescu","arr":["7A","13","Ghioroc","Vladimirescu"],"mode":"bus","angle":18.1,"side":-1,"extra":1,"ei":3,"l0":"7A, ","c0":"#4d4aba","l1":"13, ","c1":"#11a2e3","l2":"Ghioroc, ","c2":"#b0045c","l3":"Vladimirescu","c3":"#7c5001"},"geometry":{"type":"Point","coordinates":[21.352061,46.178399]}},{"type":"Feature","properties":{"lines":"7A, 13, Ghioroc, Vladimirescu","arr":["7A","13","Ghioroc","Vladimirescu"],"mode":"bus","angle":17.8,"side":-1,"extra":1,"ei":4,"l0":"7A, ","c0":"#4d4aba","l1":"13, ","c1":"#11a2e3","l2":"Ghioroc, ","c2":"#b0045c","l3":"Vladimirescu","c3":"#7c5001"},"geometry":{"type":"Point","coordinates":[21.354656,46.177817]}},{"type":"Feature","properties":{"lines":"7A, 13, Ghioroc, Vladimirescu","arr":["7A","13","Ghioroc","Vladimirescu"],"mode":"bus","angle":17.4,"side":-1,"extra":1,"ei":5,"l0":"7A, ","c0":"#4d4aba","l1":"13, ","c1":"#11a2e3","l2":"Ghioroc, ","c2":"#b0045c","l3":"Vladimirescu","c3":"#7c5001"},"geometry":{"type":"Point","coordinates":[21.357259,46.177253]}},{"type":"Feature","properties":{"lines":"7A, 13, Ghioroc, Vladimirescu","arr":["7A","13","Ghioroc","Vladimirescu"],"mode":"bus","angle":17.5,"side":-1,"extra":1,"ei":6,"l0":"7A, ","c0":"#4d4aba","l1":"13, ","c1":"#11a2e3","l2":"Ghioroc, ","c2":"#b0045c","l3":"Vladimirescu","c3":"#7c5001"},"geometry":{"type":"Point","coordinates":[21.35986,46.176685]}},{"type":"Feature","properties":{"lines":"13, Ghioroc, Vladimirescu","arr":["13","Ghioroc","Vladimirescu"],"mode":"bus","angle":17.6,"side":-1,"l0":"13, ","c0":"#11a2e3","l1":"Ghioroc, ","c1":"#b0045c","l2":"Vladimirescu","c2":"#7c5001"},"geometry":{"type":"Point","coordinates":[21.363412,46.17591]}},{"type":"Feature","properties":{"lines":"13, Ghioroc, Vladimirescu","arr":["13","Ghioroc","Vladimirescu"],"mode":"bus","angle":17.6,"side":-1,"extra":1,"ei":0,"l0":"13, ","c0":"#11a2e3","l1":"Ghioroc, ","c1":"#b0045c","l2":"Vladimirescu","c2":"#7c5001"},"geometry":{"type":"Point","coordinates":[21.361746,46.176275]}},{"type":"Feature","properties":{"lines":"7A","arr":["7A"],"mode":"bus","angle":-73,"l0":"7A","c0":"#4d4aba"},"geometry":{"type":"Point","coordinates":[21.359183,46.173759]}},{"type":"Feature","properties":{"lines":"7A","arr":["7A"],"mode":"bus","angle":-72.6,"extra":1,"ei":0,"l0":"7A","c0":"#4d4aba"},"geometry":{"type":"Point","coordinates":[21.360039,46.175658]}},{"type":"Feature","properties":{"lines":"7A","arr":["7A"],"mode":"bus","angle":-73,"extra":1,"ei":1,"l0":"7A","c0":"#4d4aba"},"geometry":{"type":"Point","coordinates":[21.358437,46.172047]}},{"type":"Feature","properties":{"lines":"48","arr":["48"],"mode":"bus","angle":17.1,"l0":"48","c0":"#bf5f03"},"geometry":{"type":"Point","coordinates":[21.361926,46.169858]}},{"type":"Feature","properties":{"lines":"48","arr":["48"],"mode":"bus","angle":-71,"mi":1,"l0":"48","c0":"#bf5f03"},"geometry":{"type":"Point","coordinates":[21.366535,46.168284]}},{"type":"Feature","properties":{"lines":"48","arr":["48"],"mode":"bus","angle":17.2,"extra":1,"ei":0,"l0":"48","c0":"#bf5f03"},"geometry":{"type":"Point","coordinates":[21.359171,46.170447]}},{"type":"Feature","properties":{"lines":"48","arr":["48"],"mode":"bus","angle":17.2,"extra":1,"ei":1,"l0":"48","c0":"#bf5f03"},"geometry":{"type":"Point","coordinates":[21.364381,46.169327]}},{"type":"Feature","properties":{"lines":"18A, 48","arr":["18A","48"],"mode":"bus","angle":5.3,"side":-1,"l0":"18A, ","c0":"#2d8c1b","l1":"48","c1":"#bf5f03"},"geometry":{"type":"Point","coordinates":[21.349697,46.172375]}},{"type":"Feature","properties":{"lines":"7A, 18A, 48","arr":["7A","18A","48"],"mode":"bus","angle":17.6,"l0":"7A, ","c0":"#4d4aba","l1":"18A, ","c1":"#2d8c1b","l2":"48","c2":"#bf5f03"},"geometry":{"type":"Point","coordinates":[21.354502,46.171463]}},{"type":"Feature","properties":{"lines":"7A, 18A, 48","arr":["7A","18A","48"],"mode":"bus","angle":17,"extra":1,"ei":0,"l0":"7A, ","c0":"#4d4aba","l1":"18A, ","c1":"#2d8c1b","l2":"48","c2":"#bf5f03"},"geometry":{"type":"Point","coordinates":[21.356251,46.171063]}},{"type":"Feature","properties":{"lines":"7A, 48","arr":["7A","48"],"mode":"bus","angle":16.3,"l0":"7A, ","c0":"#4d4aba","l1":"48","c1":"#bf5f03"},"geometry":{"type":"Point","coordinates":[21.3502,46.172442]}},{"type":"Feature","properties":{"lines":"7A, 19, 48","arr":["7A","19","48"],"mode":"bus","angle":71.5,"l0":"7A, ","c0":"#4d4aba","l1":"19, ","c1":"#03636c","l2":"48","c2":"#bf5f03"},"geometry":{"type":"Point","coordinates":[21.34853,46.174092]}},{"type":"Feature","properties":{"lines":"7A, 19, 48","arr":["7A","19","48"],"mode":"bus","angle":57.4,"extra":1,"ei":0,"l0":"7A, ","c0":"#4d4aba","l1":"19, ","c1":"#03636c","l2":"48","c2":"#bf5f03"},"geometry":{"type":"Point","coordinates":[21.347756,46.175272]}},{"type":"Feature","properties":{"lines":"7A, 19","arr":["7A","19"],"mode":"bus","angle":34.9,"l0":"7A, ","c0":"#4d4aba","l1":"19","c1":"#03636c"},"geometry":{"type":"Point","coordinates":[21.341398,46.178886]}},{"type":"Feature","properties":{"lines":"7A, 19","arr":["7A","19"],"mode":"bus","angle":49.4,"extra":1,"ei":0,"l0":"7A, ","c0":"#4d4aba","l1":"19","c1":"#03636c"},"geometry":{"type":"Point","coordinates":[21.346733,46.176215]}},{"type":"Feature","properties":{"lines":"7A, 19","arr":["7A","19"],"mode":"bus","angle":33.8,"extra":1,"ei":1,"l0":"7A, ","c0":"#4d4aba","l1":"19","c1":"#03636c"},"geometry":{"type":"Point","coordinates":[21.344605,46.177389]}},{"type":"Feature","properties":{"lines":"7A, 19","arr":["7A","19"],"mode":"bus","angle":36.8,"extra":1,"ei":2,"l0":"7A, ","c0":"#4d4aba","l1":"19","c1":"#03636c"},"geometry":{"type":"Point","coordinates":[21.337897,46.180628]}},{"type":"Feature","properties":{"lines":"7A, 19","arr":["7A","19"],"mode":"bus","angle":-2.3,"extra":1,"ei":3,"l0":"7A, ","c0":"#4d4aba","l1":"19","c1":"#03636c"},"geometry":{"type":"Point","coordinates":[21.335308,46.181044]}},{"type":"Feature","properties":{"lines":"18A, Ghioroc, Vladimirescu","arr":["18A","Ghioroc","Vladimirescu"],"mode":"bus","angle":11.8,"l0":"18A, ","c0":"#2d8c1b","l1":"Ghioroc, ","c1":"#b0045c","l2":"Vladimirescu","c2":"#7c5001"},"geometry":{"type":"Point","coordinates":[21.337339,46.180594]}},{"type":"Feature","properties":{"lines":"7A, 18A, 19, Ghioroc, Vladimirescu","arr":["7A","18A","19","Ghioroc","Vladimirescu"],"mode":"bus","angle":12.3,"l0":"7A, ","c0":"#4d4aba","l1":"18A, ","c1":"#2d8c1b","l2":"19, ","c2":"#03636c","l3":"Ghioroc, ","c3":"#b0045c","l4":"Vladimirescu","c4":"#7c5001"},"geometry":{"type":"Point","coordinates":[21.329728,46.181759]}},{"type":"Feature","properties":{"lines":"7A, 18A, 19, Ghioroc, Vladimirescu","arr":["7A","18A","19","Ghioroc","Vladimirescu"],"mode":"bus","angle":12.2,"extra":1,"ei":0,"l0":"7A, ","c0":"#4d4aba","l1":"18A, ","c1":"#2d8c1b","l2":"19, ","c2":"#03636c","l3":"Ghioroc, ","c3":"#b0045c","l4":"Vladimirescu","c4":"#7c5001"},"geometry":{"type":"Point","coordinates":[21.33306,46.181258]}},{"type":"Feature","properties":{"lines":"7A, 18A, 19, Ghioroc, Vladimirescu","arr":["7A","18A","19","Ghioroc","Vladimirescu"],"mode":"bus","angle":11.7,"extra":1,"ei":1,"l0":"7A, ","c0":"#4d4aba","l1":"18A, ","c1":"#2d8c1b","l2":"19, ","c2":"#03636c","l3":"Ghioroc, ","c3":"#b0045c","l4":"Vladimirescu","c4":"#7c5001"},"geometry":{"type":"Point","coordinates":[21.327726,46.182047]}},{"type":"Feature","properties":{"lines":"7A, 18A, 19, Ghioroc, Vladimirescu","arr":["7A","18A","19","Ghioroc","Vladimirescu"],"mode":"bus","angle":21.3,"extra":1,"ei":2,"l0":"7A, ","c0":"#4d4aba","l1":"18A, ","c1":"#2d8c1b","l2":"19, ","c2":"#03636c","l3":"Ghioroc, ","c3":"#b0045c","l4":"Vladimirescu","c4":"#7c5001"},"geometry":{"type":"Point","coordinates":[21.325077,46.182482]}},{"type":"Feature","properties":{"lines":"7A, 18A, 19, 21, 31, 39b, 52, 54, Ghioroc","arr":["7A","18A","19","21","31","39b","52","54","Ghioroc"],"mode":"bus","angle":40.7,"l0":"7A, ","c0":"#4d4aba","l1":"18A, ","c1":"#2d8c1b","l2":"19, ","c2":"#03636c","l3":"21, ","c3":"#07ad80","l4":"31, ","c4":"#f57145","l5":"39b, ","c5":"#999f01","l6":"52, ","c6":"#7c5001","l7":"54, ","c7":"#f661b9","l8":"Ghioroc","c8":"#b0045c"},"geometry":{"type":"Point","coordinates":[21.323517,46.182603]}},{"type":"Feature","properties":{"lines":"13","arr":["13"],"mode":"bus","angle":-38.5,"l0":"13","c0":"#11a2e3"},"geometry":{"type":"Point","coordinates":[21.370861,46.177945]}},{"type":"Feature","properties":{"lines":"13","arr":["13"],"mode":"bus","angle":-39.9,"extra":1,"ei":0,"l0":"13","c0":"#11a2e3"},"geometry":{"type":"Point","coordinates":[21.367371,46.175992]}},{"type":"Feature","properties":{"lines":"13","arr":["13"],"mode":"bus","angle":-38.4,"extra":1,"ei":1,"l0":"13","c0":"#11a2e3"},"geometry":{"type":"Point","coordinates":[21.369484,46.177186]}},{"type":"Feature","properties":{"lines":"13","arr":["13"],"mode":"bus","angle":-39.8,"extra":1,"ei":2,"l0":"13","c0":"#11a2e3"},"geometry":{"type":"Point","coordinates":[21.373679,46.179551]}},{"type":"Feature","properties":{"lines":"13","arr":["13"],"mode":"bus","angle":-13.9,"l0":"13","c0":"#11a2e3"},"geometry":{"type":"Point","coordinates":[21.440571,46.201431]}},{"type":"Feature","properties":{"lines":"13","arr":["13"],"mode":"bus","angle":-35.1,"l0":"13","c0":"#11a2e3"},"geometry":{"type":"Point","coordinates":[21.384213,46.185114]}},{"type":"Feature","properties":{"lines":"13","arr":["13"],"mode":"bus","angle":-38.9,"extra":1,"ei":0,"l0":"13","c0":"#11a2e3"},"geometry":{"type":"Point","coordinates":[21.376633,46.181198]}},{"type":"Feature","properties":{"lines":"13","arr":["13"],"mode":"bus","angle":-38.6,"extra":1,"ei":1,"l0":"13","c0":"#11a2e3"},"geometry":{"type":"Point","coordinates":[21.378747,46.182391]}},{"type":"Feature","properties":{"lines":"13","arr":["13"],"mode":"bus","angle":-35.7,"extra":1,"ei":2,"l0":"13","c0":"#11a2e3"},"geometry":{"type":"Point","coordinates":[21.380951,46.183504]}},{"type":"Feature","properties":{"lines":"13","arr":["13"],"mode":"bus","angle":-36.9,"extra":1,"ei":3,"l0":"13","c0":"#11a2e3"},"geometry":{"type":"Point","coordinates":[21.387584,46.18682]}},{"type":"Feature","properties":{"lines":"13","arr":["13"],"mode":"bus","angle":-37.7,"extra":1,"ei":4,"l0":"13","c0":"#11a2e3"},"geometry":{"type":"Point","coordinates":[21.389753,46.187965]}},{"type":"Feature","properties":{"lines":"13","arr":["13"],"mode":"bus","angle":-36.2,"extra":1,"ei":5,"l0":"13","c0":"#11a2e3"},"geometry":{"type":"Point","coordinates":[21.391915,46.189117]}},{"type":"Feature","properties":{"lines":"13","arr":["13"],"mode":"bus","angle":-18.7,"extra":1,"ei":0,"l0":"13","c0":"#11a2e3"},"geometry":{"type":"Point","coordinates":[21.43112,46.199287]}},{"type":"Feature","properties":{"lines":"13","arr":["13"],"mode":"bus","angle":-20.9,"extra":1,"ei":1,"l0":"13","c0":"#11a2e3"},"geometry":{"type":"Point","coordinates":[21.433674,46.199948]}},{"type":"Feature","properties":{"lines":"13","arr":["13"],"mode":"bus","angle":-18.3,"extra":1,"ei":2,"l0":"13","c0":"#11a2e3"},"geometry":{"type":"Point","coordinates":[21.436244,46.20058]}},{"type":"Feature","properties":{"lines":"13","arr":["13"],"mode":"bus","angle":-13.9,"extra":1,"ei":3,"l0":"13","c0":"#11a2e3"},"geometry":{"type":"Point","coordinates":[21.43885,46.201134]}},{"type":"Feature","properties":{"lines":"13","arr":["13"],"mode":"bus","angle":-14.1,"extra":1,"ei":4,"l0":"13","c0":"#11a2e3"},"geometry":{"type":"Point","coordinates":[21.444144,46.202045]}},{"type":"Feature","properties":{"lines":"13","arr":["13"],"mode":"bus","angle":-18.6,"extra":1,"ei":5,"l0":"13","c0":"#11a2e3"},"geometry":{"type":"Point","coordinates":[21.446782,46.202525]}},{"type":"Feature","properties":{"lines":"13","arr":["13"],"mode":"bus","angle":-39.2,"extra":1,"ei":6,"l0":"13","c0":"#11a2e3"},"geometry":{"type":"Point","coordinates":[21.449184,46.203389]}},{"type":"Feature","properties":{"lines":"13","arr":["13"],"mode":"bus","angle":-18,"l0":"13","c0":"#11a2e3"},"geometry":{"type":"Point","coordinates":[21.411684,46.193711]}},{"type":"Feature","properties":{"lines":"13","arr":["13"],"mode":"bus","angle":-18.2,"extra":1,"ei":0,"l0":"13","c0":"#11a2e3"},"geometry":{"type":"Point","coordinates":[21.394222,46.189849]}},{"type":"Feature","properties":{"lines":"13","arr":["13"],"mode":"bus","angle":-18.2,"extra":1,"ei":1,"l0":"13","c0":"#11a2e3"},"geometry":{"type":"Point","coordinates":[21.396814,46.190438]}},{"type":"Feature","properties":{"lines":"13","arr":["13"],"mode":"bus","angle":-18.2,"extra":1,"ei":2,"l0":"13","c0":"#11a2e3"},"geometry":{"type":"Point","coordinates":[21.399406,46.191026]}},{"type":"Feature","properties":{"lines":"13","arr":["13"],"mode":"bus","angle":-17.7,"extra":1,"ei":3,"l0":"13","c0":"#11a2e3"},"geometry":{"type":"Point","coordinates":[21.402003,46.191603]}},{"type":"Feature","properties":{"lines":"13","arr":["13"],"mode":"bus","angle":-17.7,"extra":1,"ei":4,"l0":"13","c0":"#11a2e3"},"geometry":{"type":"Point","coordinates":[21.404602,46.192177]}},{"type":"Feature","properties":{"lines":"13","arr":["13"],"mode":"bus","angle":-17.1,"extra":1,"ei":5,"l0":"13","c0":"#11a2e3"},"geometry":{"type":"Point","coordinates":[21.4072,46.19275]}},{"type":"Feature","properties":{"lines":"13","arr":["13"],"mode":"bus","angle":-17.2,"extra":1,"ei":6,"l0":"13","c0":"#11a2e3"},"geometry":{"type":"Point","coordinates":[21.409813,46.193292]}},{"type":"Feature","properties":{"lines":"13","arr":["13"],"mode":"bus","angle":-18.6,"extra":1,"ei":7,"l0":"13","c0":"#11a2e3"},"geometry":{"type":"Point","coordinates":[21.414994,46.194474]}},{"type":"Feature","properties":{"lines":"13","arr":["13"],"mode":"bus","angle":-22.6,"extra":1,"ei":8,"l0":"13","c0":"#11a2e3"},"geometry":{"type":"Point","coordinates":[21.417559,46.195116]}},{"type":"Feature","properties":{"lines":"13","arr":["13"],"mode":"bus","angle":-23.8,"extra":1,"ei":9,"l0":"13","c0":"#11a2e3"},"geometry":{"type":"Point","coordinates":[21.420059,46.195871]}},{"type":"Feature","properties":{"lines":"13","arr":["13"],"mode":"bus","angle":-24.4,"extra":1,"ei":10,"l0":"13","c0":"#11a2e3"},"geometry":{"type":"Point","coordinates":[21.422552,46.196637]}},{"type":"Feature","properties":{"lines":"13","arr":["13"],"mode":"bus","angle":-24.4,"extra":1,"ei":11,"l0":"13","c0":"#11a2e3"},"geometry":{"type":"Point","coordinates":[21.425035,46.197418]}},{"type":"Feature","properties":{"lines":"13","arr":["13"],"mode":"bus","angle":-24.4,"extra":1,"ei":12,"l0":"13","c0":"#11a2e3"},"geometry":{"type":"Point","coordinates":[21.427518,46.1982]}},{"type":"Feature","properties":{"lines":"13","arr":["13"],"mode":"bus","angle":-24,"l0":"13","c0":"#11a2e3"},"geometry":{"type":"Point","coordinates":[21.456645,46.206764]}},{"type":"Feature","properties":{"lines":"13","arr":["13"],"mode":"bus","angle":-40.4,"extra":1,"ei":0,"l0":"13","c0":"#11a2e3"},"geometry":{"type":"Point","coordinates":[21.451926,46.204947]}},{"type":"Feature","properties":{"lines":"13","arr":["13"],"mode":"bus","angle":-25.3,"extra":1,"ei":1,"l0":"13","c0":"#11a2e3"},"geometry":{"type":"Point","coordinates":[21.454197,46.205976]}},{"type":"Feature","properties":{"lines":"13","arr":["13"],"mode":"bus","angle":-23.3,"extra":1,"ei":2,"l0":"13","c0":"#11a2e3"},"geometry":{"type":"Point","coordinates":[21.45917,46.207528]}},{"type":"Feature","properties":{"lines":"13","arr":["13"],"mode":"bus","angle":-23.1,"extra":1,"ei":3,"l0":"13","c0":"#11a2e3"},"geometry":{"type":"Point","coordinates":[21.46167,46.208282]}},{"type":"Feature","properties":{"lines":"21, 31, 39b, 52, 54","arr":["21","31","39b","52","54"],"mode":"bus","angle":-49.3,"l0":"21, ","c0":"#07ad80","l1":"31, ","c1":"#f57145","l2":"39b, ","c2":"#999f01","l3":"52, ","c3":"#7c5001","l4":"54","c4":"#f661b9"},"geometry":{"type":"Point","coordinates":[21.325236,46.183471]}},{"type":"Feature","properties":{"lines":"18A, 19","arr":["18A","19"],"mode":"bus","angle":33.8,"side":-1,"l0":"18A, ","c0":"#2d8c1b","l1":"19","c1":"#03636c"},"geometry":{"type":"Point","coordinates":[21.341309,46.178738]}},{"type":"Feature","properties":{"lines":"18A, 19","arr":["18A","19"],"mode":"bus","angle":22.5,"side":-1,"extra":1,"ei":0,"l0":"18A, ","c0":"#2d8c1b","l1":"19","c1":"#03636c"},"geometry":{"type":"Point","coordinates":[21.335591,46.180527]}},{"type":"Feature","properties":{"lines":"18A, 19","arr":["18A","19"],"mode":"bus","angle":17.7,"side":-1,"extra":1,"ei":1,"l0":"18A, ","c0":"#2d8c1b","l1":"19","c1":"#03636c"},"geometry":{"type":"Point","coordinates":[21.338235,46.180077]}},{"type":"Feature","properties":{"lines":"18A, 19","arr":["18A","19"],"mode":"bus","angle":33.6,"side":-1,"extra":1,"ei":2,"l0":"18A, ","c0":"#2d8c1b","l1":"19","c1":"#03636c"},"geometry":{"type":"Point","coordinates":[21.342826,46.17805]}},{"type":"Feature","properties":{"lines":"18A, 19","arr":["18A","19"],"mode":"bus","angle":35.9,"side":-1,"extra":1,"ei":3,"l0":"18A, ","c0":"#2d8c1b","l1":"19","c1":"#03636c"},"geometry":{"type":"Point","coordinates":[21.345064,46.176971]}},{"type":"Feature","properties":{"lines":"18A, 19","arr":["18A","19"],"mode":"bus","angle":53.4,"side":-1,"extra":1,"ei":4,"l0":"18A, ","c0":"#2d8c1b","l1":"19","c1":"#03636c"},"geometry":{"type":"Point","coordinates":[21.347063,46.175702]}},{"type":"Feature","properties":{"lines":"18A, 19, 48","arr":["18A","19","48"],"mode":"bus","angle":-89.3,"l0":"18A, ","c0":"#2d8c1b","l1":"19, ","c1":"#03636c","l2":"48","c2":"#bf5f03"},"geometry":{"type":"Point","coordinates":[21.348148,46.17392]}},{"type":"Feature","properties":{"lines":"18A","arr":["18A"],"mode":"bus","angle":-73.2,"side":-1,"l0":"18A","c0":"#2d8c1b"},"geometry":{"type":"Point","coordinates":[21.359284,46.17367]}},{"type":"Feature","properties":{"lines":"18A","arr":["18A"],"mode":"bus","angle":-73.8,"side":-1,"extra":1,"ei":0,"l0":"18A","c0":"#2d8c1b"},"geometry":{"type":"Point","coordinates":[21.358373,46.171581]}},{"type":"Feature","properties":{"lines":"18A","arr":["18A"],"mode":"bus","angle":-72.6,"side":-1,"extra":1,"ei":1,"l0":"18A","c0":"#2d8c1b"},"geometry":{"type":"Point","coordinates":[21.359974,46.175192]}},{"type":"Feature","properties":{"lines":"Ghioroc, Vladimirescu","arr":["Ghioroc","Vladimirescu"],"mode":"bus","angle":17.4,"mi":8,"l0":"Ghioroc, ","c0":"#b0045c","l1":"Vladimirescu","c1":"#7c5001"},"geometry":{"type":"Point","coordinates":[21.363469,46.176037]}},{"type":"Feature","properties":{"lines":"Ghioroc, Vladimirescu","arr":["Ghioroc","Vladimirescu"],"mode":"bus","angle":19.1,"mi":7,"l0":"Ghioroc, ","c0":"#b0045c","l1":"Vladimirescu","c1":"#7c5001"},"geometry":{"type":"Point","coordinates":[21.369313,46.174672]}},{"type":"Feature","properties":{"lines":"Ghioroc, Vladimirescu","arr":["Ghioroc","Vladimirescu"],"mode":"bus","angle":17.8,"mi":3,"l0":"Ghioroc, ","c0":"#b0045c","l1":"Vladimirescu","c1":"#7c5001"},"geometry":{"type":"Point","coordinates":[21.376393,46.1732]}},{"type":"Feature","properties":{"lines":"Ghioroc, Vladimirescu","arr":["Ghioroc","Vladimirescu"],"mode":"bus","angle":61.5,"mi":4,"l0":"Ghioroc, ","c0":"#b0045c","l1":"Vladimirescu","c1":"#7c5001"},"geometry":{"type":"Point","coordinates":[21.374,46.173679]}},{"type":"Feature","properties":{"lines":"Ghioroc, Vladimirescu","arr":["Ghioroc","Vladimirescu"],"mode":"bus","angle":17.4,"extra":1,"ei":0,"l0":"Ghioroc, ","c0":"#b0045c","l1":"Vladimirescu","c1":"#7c5001"},"geometry":{"type":"Point","coordinates":[21.361802,46.176399]}},{"type":"Feature","properties":{"lines":"Ghioroc, Vladimirescu","arr":["Ghioroc","Vladimirescu"],"mode":"bus","angle":17,"extra":1,"ei":0,"l0":"Ghioroc, ","c0":"#b0045c","l1":"Vladimirescu","c1":"#7c5001"},"geometry":{"type":"Point","coordinates":[21.3677,46.175029]}},{"type":"Feature","properties":{"lines":"18A, Ghioroc, Vladimirescu","arr":["18A","Ghioroc","Vladimirescu"],"mode":"bus","angle":18.2,"l0":"18A, ","c0":"#2d8c1b","l1":"Ghioroc, ","c1":"#b0045c","l2":"Vladimirescu","c2":"#7c5001"},"geometry":{"type":"Point","coordinates":[21.350426,46.178885]}},{"type":"Feature","properties":{"lines":"18A, Ghioroc, Vladimirescu","arr":["18A","Ghioroc","Vladimirescu"],"mode":"bus","angle":17.7,"extra":1,"ei":0,"l0":"18A, ","c0":"#2d8c1b","l1":"Ghioroc, ","c1":"#b0045c","l2":"Vladimirescu","c2":"#7c5001"},"geometry":{"type":"Point","coordinates":[21.359202,46.17697]}},{"type":"Feature","properties":{"lines":"18A, Ghioroc, Vladimirescu","arr":["18A","Ghioroc","Vladimirescu"],"mode":"bus","angle":17.5,"extra":1,"ei":1,"l0":"18A, ","c0":"#2d8c1b","l1":"Ghioroc, ","c1":"#b0045c","l2":"Vladimirescu","c2":"#7c5001"},"geometry":{"type":"Point","coordinates":[21.356601,46.17754]}},{"type":"Feature","properties":{"lines":"18A, Ghioroc, Vladimirescu","arr":["18A","Ghioroc","Vladimirescu"],"mode":"bus","angle":17.6,"extra":1,"ei":2,"l0":"18A, ","c0":"#2d8c1b","l1":"Ghioroc, ","c1":"#b0045c","l2":"Vladimirescu","c2":"#7c5001"},"geometry":{"type":"Point","coordinates":[21.354,46.178108]}},{"type":"Feature","properties":{"lines":"18A, Ghioroc, Vladimirescu","arr":["18A","Ghioroc","Vladimirescu"],"mode":"bus","angle":17.8,"extra":1,"ei":3,"l0":"18A, ","c0":"#2d8c1b","l1":"Ghioroc, ","c1":"#b0045c","l2":"Vladimirescu","c2":"#7c5001"},"geometry":{"type":"Point","coordinates":[21.348802,46.179254]}},{"type":"Feature","properties":{"lines":"18A, Ghioroc, Vladimirescu","arr":["18A","Ghioroc","Vladimirescu"],"mode":"bus","angle":18.9,"extra":1,"ei":4,"l0":"18A, ","c0":"#2d8c1b","l1":"Ghioroc, ","c1":"#b0045c","l2":"Vladimirescu","c2":"#7c5001"},"geometry":{"type":"Point","coordinates":[21.346217,46.179855]}},{"type":"Feature","properties":{"lines":"18A, Ghioroc, Vladimirescu","arr":["18A","Ghioroc","Vladimirescu"],"mode":"bus","angle":17,"extra":1,"ei":5,"l0":"18A, ","c0":"#2d8c1b","l1":"Ghioroc, ","c1":"#b0045c","l2":"Vladimirescu","c2":"#7c5001"},"geometry":{"type":"Point","coordinates":[21.34363,46.180453]}},{"type":"Feature","properties":{"lines":"18A, Ghioroc, Vladimirescu","arr":["18A","Ghioroc","Vladimirescu"],"mode":"bus","angle":-1.3,"extra":1,"ei":6,"l0":"18A, ","c0":"#2d8c1b","l1":"Ghioroc, ","c1":"#b0045c","l2":"Vladimirescu","c2":"#7c5001"},"geometry":{"type":"Point","coordinates":[21.340972,46.180827]}},{"type":"Feature","properties":{"lines":"19, 46, 49b, 60","arr":["19","46","49b","60"],"mode":"bus","angle":-83.5,"l0":"19, ","c0":"#03636c","l1":"46, ","c1":"#a76e00","l2":"49b, ","c2":"#6895fc","l3":"60","c3":"#b20b42"},"geometry":{"type":"Point","coordinates":[21.310014,46.187107]}},{"type":"Feature","properties":{"lines":"19, 46, 49b, 60","arr":["19","46","49b","60"],"mode":"bus","angle":-88.6,"extra":1,"ei":0,"l0":"19, ","c0":"#03636c","l1":"46, ","c1":"#a76e00","l2":"49b, ","c2":"#6895fc","l3":"60","c3":"#b20b42"},"geometry":{"type":"Point","coordinates":[21.310555,46.190743]}},{"type":"Feature","properties":{"lines":"19, 46, 49b, 60","arr":["19","46","49b","60"],"mode":"bus","angle":76.8,"extra":1,"ei":0,"l0":"19, ","c0":"#03636c","l1":"46, ","c1":"#a76e00","l2":"49b, ","c2":"#6895fc","l3":"60","c3":"#b20b42"},"geometry":{"type":"Point","coordinates":[21.309668,46.183316]}},{"type":"Feature","properties":{"lines":"19, 46, 49b, 60","arr":["19","46","49b","60"],"mode":"bus","angle":-84,"extra":1,"ei":1,"l0":"19, ","c0":"#03636c","l1":"46, ","c1":"#a76e00","l2":"49b, ","c2":"#6895fc","l3":"60","c3":"#b20b42"},"geometry":{"type":"Point","coordinates":[21.309713,46.185188]}},{"type":"Feature","properties":{"lines":"19, 46, 49b, 60","arr":["19","46","49b","60"],"mode":"bus","angle":-83.6,"extra":1,"ei":2,"l0":"19, ","c0":"#03636c","l1":"46, ","c1":"#a76e00","l2":"49b, ","c2":"#6895fc","l3":"60","c3":"#b20b42"},"geometry":{"type":"Point","coordinates":[21.310305,46.188942]}},{"type":"Feature","properties":{"lines":"19, 21, 54","arr":["19","21","54"],"mode":"bus","angle":-38.9,"l0":"19, ","c0":"#03636c","l1":"21, ","c1":"#07ad80","l2":"54","c2":"#f661b9"},"geometry":{"type":"Point","coordinates":[21.313498,46.183394]}},{"type":"Feature","properties":{"lines":"19, 21, 54","arr":["19","21","54"],"mode":"bus","angle":-49.5,"extra":1,"ei":0,"l0":"19, ","c0":"#03636c","l1":"21, ","c1":"#07ad80","l2":"54","c2":"#f661b9"},"geometry":{"type":"Point","coordinates":[21.31494,46.184394]}},{"type":"Feature","properties":{"lines":"19, 21, 54","arr":["19","21","54"],"mode":"bus","angle":-14.7,"extra":1,"ei":1,"l0":"19, ","c0":"#03636c","l1":"21, ","c1":"#07ad80","l2":"54","c2":"#f661b9"},"geometry":{"type":"Point","coordinates":[21.310404,46.182546]}},{"type":"Feature","properties":{"lines":"19, 21, 54","arr":["19","21","54"],"mode":"bus","angle":28.1,"side":-1,"mi":1,"l0":"19, ","c0":"#03636c","l1":"21, ","c1":"#07ad80","l2":"54","c2":"#f661b9"},"geometry":{"type":"Point","coordinates":[21.319713,46.184262]}},{"type":"Feature","properties":{"lines":"19, 21, 54","arr":["19","21","54"],"mode":"bus","angle":16.7,"extra":1,"ei":0,"l0":"19, ","c0":"#03636c","l1":"21, ","c1":"#07ad80","l2":"54","c2":"#f661b9"},"geometry":{"type":"Point","coordinates":[21.31721,46.185133]}},{"type":"Feature","properties":{"lines":"19, 21, 54","arr":["19","21","54"],"mode":"bus","angle":27.9,"extra":1,"ei":1,"l0":"19, ","c0":"#03636c","l1":"21, ","c1":"#07ad80","l2":"54","c2":"#f661b9"},"geometry":{"type":"Point","coordinates":[21.32205,46.183394]}},{"type":"Feature","properties":{"lines":"19","arr":["19"],"mode":"bus","angle":-18.3,"l0":"19","c0":"#03636c"},"geometry":{"type":"Point","coordinates":[21.341093,46.167092]}},{"type":"Feature","properties":{"lines":"19","arr":["19"],"mode":"bus","angle":-68.5,"mi":1,"l0":"19","c0":"#03636c"},"geometry":{"type":"Point","coordinates":[21.348369,46.170949]}},{"type":"Feature","properties":{"lines":"19","arr":["19"],"mode":"bus","angle":-51.1,"extra":1,"ei":0,"l0":"19","c0":"#03636c"},"geometry":{"type":"Point","coordinates":[21.346885,46.169633]}},{"type":"Feature","properties":{"lines":"19","arr":["19"],"mode":"bus","angle":-37.5,"extra":1,"ei":1,"l0":"19","c0":"#03636c"},"geometry":{"type":"Point","coordinates":[21.345063,46.168235]}},{"type":"Feature","properties":{"lines":"19","arr":["19"],"mode":"bus","angle":-17.2,"extra":1,"ei":2,"l0":"19","c0":"#03636c"},"geometry":{"type":"Point","coordinates":[21.337431,46.166248]}},{"type":"Feature","properties":{"lines":"19","arr":["19"],"mode":"bus","angle":-0.3,"extra":1,"ei":3,"l0":"19","c0":"#03636c"},"geometry":{"type":"Point","coordinates":[21.334746,46.165961]}},{"type":"Feature","properties":{"lines":"19","arr":["19"],"mode":"bus","angle":1,"extra":1,"ei":4,"l0":"19","c0":"#03636c"},"geometry":{"type":"Point","coordinates":[21.332019,46.165985]}},{"type":"Feature","properties":{"lines":"19","arr":["19"],"mode":"bus","angle":-66,"mi":7,"l0":"19","c0":"#03636c"},"geometry":{"type":"Point","coordinates":[21.3297,46.160917]}},{"type":"Feature","properties":{"lines":"19","arr":["19"],"mode":"bus","angle":-65.8,"extra":1,"ei":0,"l0":"19","c0":"#03636c"},"geometry":{"type":"Point","coordinates":[21.32724,46.156971]}},{"type":"Feature","properties":{"lines":"19","arr":["19"],"mode":"bus","angle":-66.5,"extra":1,"ei":1,"l0":"19","c0":"#03636c"},"geometry":{"type":"Point","coordinates":[21.328316,46.158706]}},{"type":"Feature","properties":{"lines":"19","arr":["19"],"mode":"bus","angle":-66.5,"extra":1,"ei":2,"l0":"19","c0":"#03636c"},"geometry":{"type":"Point","coordinates":[21.330502,46.162166]}},{"type":"Feature","properties":{"lines":"19","arr":["19"],"mode":"bus","angle":69.9,"extra":1,"ei":3,"l0":"19","c0":"#03636c"},"geometry":{"type":"Point","coordinates":[21.330936,46.163957]}},{"type":"Feature","properties":{"lines":"19","arr":["19"],"mode":"bus","angle":-88.4,"side":-1,"extra":1,"ei":4,"l0":"19","c0":"#03636c"},"geometry":{"type":"Point","coordinates":[21.33004,46.165725]}},{"type":"Feature","properties":{"lines":"19","arr":["19"],"mode":"bus","angle":-9.4,"mi":6,"l0":"19","c0":"#03636c"},"geometry":{"type":"Point","coordinates":[21.324203,46.156528]}},{"type":"Feature","properties":{"lines":"19","arr":["19"],"mode":"bus","angle":-2.5,"extra":1,"ei":0,"l0":"19","c0":"#03636c"},"geometry":{"type":"Point","coordinates":[21.322429,46.156406]}},{"type":"Feature","properties":{"lines":"19","arr":["19"],"mode":"bus","angle":-81.6,"l0":"19","c0":"#03636c"},"geometry":{"type":"Point","coordinates":[21.335059,46.147478]}},{"type":"Feature","properties":{"lines":"19","arr":["19"],"mode":"bus","angle":63.7,"mi":1,"l0":"19","c0":"#03636c"},"geometry":{"type":"Point","coordinates":[21.339359,46.148072]}},{"type":"Feature","properties":{"lines":"19","arr":["19"],"mode":"bus","angle":-75.2,"extra":1,"ei":0,"l0":"19","c0":"#03636c"},"geometry":{"type":"Point","coordinates":[21.339098,46.145946]}},{"type":"Feature","properties":{"lines":"19","arr":["19"],"mode":"bus","angle":29.8,"extra":1,"ei":1,"l0":"19","c0":"#03636c"},"geometry":{"type":"Point","coordinates":[21.338151,46.149304]}},{"type":"Feature","properties":{"lines":"19","arr":["19"],"mode":"bus","angle":-75.6,"mi":2,"l0":"19","c0":"#03636c"},"geometry":{"type":"Point","coordinates":[21.339039,46.143427]}},{"type":"Feature","properties":{"lines":"19","arr":["19"],"mode":"bus","angle":36,"mi":5,"l0":"19","c0":"#03636c"},"geometry":{"type":"Point","coordinates":[21.345829,46.138864]}},{"type":"Feature","properties":{"lines":"19","arr":["19"],"mode":"bus","angle":35.2,"extra":1,"ei":0,"l0":"19","c0":"#03636c"},"geometry":{"type":"Point","coordinates":[21.351567,46.136066]}},{"type":"Feature","properties":{"lines":"19","arr":["19"],"mode":"bus","angle":35.2,"extra":1,"ei":1,"l0":"19","c0":"#03636c"},"geometry":{"type":"Point","coordinates":[21.349339,46.137155]}},{"type":"Feature","properties":{"lines":"19","arr":["19"],"mode":"bus","angle":29.1,"extra":1,"ei":2,"l0":"19","c0":"#03636c"},"geometry":{"type":"Point","coordinates":[21.342671,46.140437]}},{"type":"Feature","properties":{"lines":"19","arr":["19"],"mode":"bus","angle":23.9,"extra":1,"ei":3,"l0":"19","c0":"#03636c"},"geometry":{"type":"Point","coordinates":[21.340193,46.141226]}},{"type":"Feature","properties":{"lines":"19","arr":["19"],"mode":"bus","angle":-83.9,"mi":8,"l0":"19","c0":"#03636c"},"geometry":{"type":"Point","coordinates":[21.352393,46.133639]}},{"type":"Feature","properties":{"lines":"19","arr":["19"],"mode":"bus","angle":-87.7,"mi":3,"l0":"19","c0":"#03636c"},"geometry":{"type":"Point","coordinates":[21.329001,46.146061]}},{"type":"Feature","properties":{"lines":"19","arr":["19"],"mode":"bus","angle":77.2,"mi":4,"l0":"19","c0":"#03636c"},"geometry":{"type":"Point","coordinates":[21.32759,46.151655]}},{"type":"Feature","properties":{"lines":"19","arr":["19"],"mode":"bus","angle":74.7,"extra":1,"ei":0,"l0":"19","c0":"#03636c"},"geometry":{"type":"Point","coordinates":[21.328901,46.148143]}},{"type":"Feature","properties":{"lines":"19","arr":["19"],"mode":"bus","angle":76.8,"extra":1,"ei":1,"l0":"19","c0":"#03636c"},"geometry":{"type":"Point","coordinates":[21.328156,46.149959]}},{"type":"Feature","properties":{"lines":"19","arr":["19"],"mode":"bus","angle":76.1,"extra":1,"ei":2,"l0":"19","c0":"#03636c"},"geometry":{"type":"Point","coordinates":[21.326877,46.15363]}},{"type":"Feature","properties":{"lines":"19","arr":["19"],"mode":"bus","angle":76.7,"extra":1,"ei":3,"l0":"19","c0":"#03636c"},"geometry":{"type":"Point","coordinates":[21.326245,46.155467]}},{"type":"Feature","properties":{"lines":"19, 54","arr":["19","54"],"mode":"bus","angle":5.4,"l0":"19, ","c0":"#03636c","l1":"54","c1":"#f661b9"},"geometry":{"type":"Point","coordinates":[21.323066,46.183155]}},{"type":"Feature","properties":{"lines":"46, 60","arr":["46","60"],"mode":"bus","angle":12.2,"mi":1,"l0":"46, ","c0":"#a76e00","l1":"60","c1":"#b20b42"},"geometry":{"type":"Point","coordinates":[21.307833,46.191895]}},{"type":"Feature","properties":{"lines":"21, 39b, 54","arr":["21","39b","54"],"mode":"bus","angle":87.7,"side":-1,"l0":"21, ","c0":"#07ad80","l1":"39b, ","c1":"#999f01","l2":"54","c2":"#f661b9"},"geometry":{"type":"Point","coordinates":[21.325894,46.184399]}},{"type":"Feature","properties":{"lines":"21, 39b","arr":["21","39b"],"mode":"bus","angle":69.9,"l0":"21, ","c0":"#07ad80","l1":"39b","c1":"#999f01"},"geometry":{"type":"Point","coordinates":[21.325284,46.185377]}},{"type":"Feature","properties":{"lines":"21","arr":["21"],"mode":"bus","angle":-73.3,"l0":"21","c0":"#07ad80"},"geometry":{"type":"Point","coordinates":[21.32211,46.186458]}},{"type":"Feature","properties":{"lines":"21","arr":["21"],"mode":"bus","angle":-63.2,"extra":1,"ei":0,"l0":"21","c0":"#07ad80"},"geometry":{"type":"Point","coordinates":[21.322871,46.188282]}},{"type":"Feature","properties":{"lines":"21","arr":["21"],"mode":"bus","angle":-40.1,"extra":1,"ei":1,"l0":"21","c0":"#07ad80"},"geometry":{"type":"Point","coordinates":[21.320369,46.185086]}},{"type":"Feature","properties":{"lines":"21, 46, 49b, 54, 60","arr":["21","46","49b","54","60"],"mode":"bus","angle":-69.6,"l0":"21, ","c0":"#07ad80","l1":"46, ","c1":"#a76e00","l2":"49b, ","c2":"#6895fc","l3":"54, ","c3":"#f661b9","l4":"60","c4":"#b20b42"},"geometry":{"type":"Point","coordinates":[21.309261,46.180865]}},{"type":"Feature","properties":{"lines":"41, 46, 49b, 54, 60","arr":["41","46","49b","54","60"],"mode":"bus","angle":-70.2,"l0":"41, ","c0":"#05617d","l1":"46, ","c1":"#a76e00","l2":"49b, ","c2":"#6895fc","l3":"54, ","c3":"#f661b9","l4":"60","c4":"#b20b42"},"geometry":{"type":"Point","coordinates":[21.30545,46.173445]}},{"type":"Feature","properties":{"lines":"41, 46, 49b, 54, 60","arr":["41","46","49b","54","60"],"mode":"bus","angle":-69.6,"extra":1,"ei":0,"l0":"41, ","c0":"#05617d","l1":"46, ","c1":"#a76e00","l2":"49b, ","c2":"#6895fc","l3":"54, ","c3":"#f661b9","l4":"60","c4":"#b20b42"},"geometry":{"type":"Point","coordinates":[21.307052,46.176583]}},{"type":"Feature","properties":{"lines":"41, 46, 49b, 54, 60","arr":["41","46","49b","54","60"],"mode":"bus","angle":-70.8,"extra":1,"ei":1,"l0":"41, ","c0":"#05617d","l1":"46, ","c1":"#a76e00","l2":"49b, ","c2":"#6895fc","l3":"54, ","c3":"#f661b9","l4":"60","c4":"#b20b42"},"geometry":{"type":"Point","coordinates":[21.306143,46.174803]}},{"type":"Feature","properties":{"lines":"41, 46, 49b, 54, 60","arr":["41","46","49b","54","60"],"mode":"bus","angle":-70.6,"extra":1,"ei":2,"l0":"41, ","c0":"#05617d","l1":"46, ","c1":"#a76e00","l2":"49b, ","c2":"#6895fc","l3":"54, ","c3":"#f661b9","l4":"60","c4":"#b20b42"},"geometry":{"type":"Point","coordinates":[21.304319,46.171243]}},{"type":"Feature","properties":{"lines":"41, 46, 49b, 54, 60","arr":["41","46","49b","54","60"],"mode":"bus","angle":-70.3,"extra":1,"ei":3,"l0":"41, ","c0":"#05617d","l1":"46, ","c1":"#a76e00","l2":"49b, ","c2":"#6895fc","l3":"54, ","c3":"#f661b9","l4":"60","c4":"#b20b42"},"geometry":{"type":"Point","coordinates":[21.303403,46.169464]}},{"type":"Feature","properties":{"lines":"21, 41, 46, 49b, 54, 60","arr":["21","41","46","49b","54","60"],"mode":"bus","angle":-70.5,"l0":"21, ","c0":"#07ad80","l1":"41, ","c1":"#05617d","l2":"46, ","c2":"#a76e00","l3":"49b, ","c3":"#6895fc","l4":"54, ","c4":"#f661b9","l5":"60","c5":"#b20b42"},"geometry":{"type":"Point","coordinates":[21.308083,46.178552]}},{"type":"Feature","properties":{"lines":"21","arr":["21"],"mode":"bus","angle":19.9,"mi":1,"l0":"21","c0":"#07ad80"},"geometry":{"type":"Point","coordinates":[21.302185,46.178812]}},{"type":"Feature","properties":{"lines":"21","arr":["21"],"mode":"bus","angle":19.7,"extra":1,"ei":0,"l0":"21","c0":"#07ad80"},"geometry":{"type":"Point","coordinates":[21.306245,46.177786]}},{"type":"Feature","properties":{"lines":"21","arr":["21"],"mode":"bus","angle":20,"extra":1,"ei":1,"l0":"21","c0":"#07ad80"},"geometry":{"type":"Point","coordinates":[21.298559,46.179731]}},{"type":"Feature","properties":{"lines":"21","arr":["21"],"mode":"bus","angle":-70.9,"l0":"21","c0":"#07ad80"},"geometry":{"type":"Point","coordinates":[21.28968,46.165047]}},{"type":"Feature","properties":{"lines":"21","arr":["21"],"mode":"bus","angle":2.5,"side":-1,"l0":"21","c0":"#07ad80"},"geometry":{"type":"Point","coordinates":[21.294081,46.174531]}},{"type":"Feature","properties":{"lines":"21","arr":["21"],"mode":"bus","angle":18.9,"mi":1,"l0":"21","c0":"#07ad80"},"geometry":{"type":"Point","coordinates":[21.290398,46.16391]}},{"type":"Feature","properties":{"lines":"31","arr":["31"],"mode":"bus","angle":-84.1,"mi":3,"l0":"31","c0":"#f57145"},"geometry":{"type":"Point","coordinates":[21.322985,46.202919]}},{"type":"Feature","properties":{"lines":"31","arr":["31"],"mode":"bus","angle":84.9,"extra":1,"ei":0,"l0":"31","c0":"#f57145"},"geometry":{"type":"Point","coordinates":[21.322712,46.200192]}},{"type":"Feature","properties":{"lines":"31","arr":["31"],"mode":"bus","angle":85,"extra":1,"ei":1,"l0":"31","c0":"#f57145"},"geometry":{"type":"Point","coordinates":[21.323088,46.205833]}},{"type":"Feature","properties":{"lines":"31","arr":["31"],"mode":"bus","angle":-4.6,"mi":1,"l0":"31","c0":"#f57145"},"geometry":{"type":"Point","coordinates":[21.324146,46.199327]}},{"type":"Feature","properties":{"lines":"31","arr":["31"],"mode":"bus","angle":78.9,"mi":2,"l0":"31","c0":"#f57145"},"geometry":{"type":"Point","coordinates":[21.325644,46.198743]}},{"type":"Feature","properties":{"lines":"31","arr":["31"],"mode":"bus","angle":15.4,"mi":4,"l0":"31","c0":"#f57145"},"geometry":{"type":"Point","coordinates":[21.330465,46.197185]}},{"type":"Feature","properties":{"lines":"31","arr":["31"],"mode":"bus","angle":16.7,"extra":1,"ei":0,"l0":"31","c0":"#f57145"},"geometry":{"type":"Point","coordinates":[21.327202,46.197842]}},{"type":"Feature","properties":{"lines":"31","arr":["31"],"mode":"bus","angle":37,"extra":1,"ei":1,"l0":"31","c0":"#f57145"},"geometry":{"type":"Point","coordinates":[21.332236,46.196505]}},{"type":"Feature","properties":{"lines":"31, 52","arr":["31","52"],"mode":"bus","angle":-56.8,"side":-1,"mi":1,"l0":"31, ","c0":"#f57145","l1":"52","c1":"#7c5001"},"geometry":{"type":"Point","coordinates":[21.326194,46.184304]}},{"type":"Feature","properties":{"lines":"31, 52, 54","arr":["31","52","54"],"mode":"bus","angle":-19,"side":-1,"l0":"31, ","c0":"#f57145","l1":"52, ","c1":"#7c5001","l2":"54","c2":"#f661b9"},"geometry":{"type":"Point","coordinates":[21.3251,46.184867]}},{"type":"Feature","properties":{"lines":"31","arr":["31"],"mode":"bus","angle":-78.2,"l0":"31","c0":"#f57145"},"geometry":{"type":"Point","coordinates":[21.327801,46.202331]}},{"type":"Feature","properties":{"lines":"31","arr":["31"],"mode":"bus","angle":-78.2,"extra":1,"ei":0,"l0":"31","c0":"#f57145"},"geometry":{"type":"Point","coordinates":[21.326749,46.198918]}},{"type":"Feature","properties":{"lines":"31","arr":["31"],"mode":"bus","angle":-78.2,"extra":1,"ei":1,"l0":"31","c0":"#f57145"},"geometry":{"type":"Point","coordinates":[21.327332,46.200763]}},{"type":"Feature","properties":{"lines":"31","arr":["31"],"mode":"bus","angle":-78.7,"extra":1,"ei":2,"l0":"31","c0":"#f57145"},"geometry":{"type":"Point","coordinates":[21.328591,46.204436]}},{"type":"Feature","properties":{"lines":"31","arr":["31"],"mode":"bus","angle":-74.1,"extra":1,"ei":3,"l0":"31","c0":"#f57145"},"geometry":{"type":"Point","coordinates":[21.329222,46.206273]}},{"type":"Feature","properties":{"lines":"31","arr":["31"],"mode":"bus","angle":2.8,"mi":5,"l0":"31","c0":"#f57145"},"geometry":{"type":"Point","coordinates":[21.326183,46.206757]}},{"type":"Feature","properties":{"lines":"31","arr":["31"],"mode":"bus","angle":0.3,"extra":1,"ei":0,"l0":"31","c0":"#f57145"},"geometry":{"type":"Point","coordinates":[21.328002,46.206703]}},{"type":"Feature","properties":{"lines":"39b","arr":["39b"],"mode":"bus","angle":89.6,"mi":3,"l0":"39b","c0":"#999f01"},"geometry":{"type":"Point","coordinates":[21.320618,46.20243]}},{"type":"Feature","properties":{"lines":"39b","arr":["39b"],"mode":"bus","angle":-77.9,"l0":"39b","c0":"#999f01"},"geometry":{"type":"Point","coordinates":[21.31936,46.19108]}},{"type":"Feature","properties":{"lines":"39b","arr":["39b"],"mode":"bus","angle":-79.2,"extra":1,"ei":0,"l0":"39b","c0":"#999f01"},"geometry":{"type":"Point","coordinates":[21.320035,46.193333]}},{"type":"Feature","properties":{"lines":"39b","arr":["39b"],"mode":"bus","angle":-85.8,"extra":1,"ei":1,"l0":"39b","c0":"#999f01"},"geometry":{"type":"Point","coordinates":[21.320525,46.19519]}},{"type":"Feature","properties":{"lines":"39b","arr":["39b"],"mode":"bus","angle":85.8,"extra":1,"ei":2,"l0":"39b","c0":"#999f01"},"geometry":{"type":"Point","coordinates":[21.320314,46.197067]}},{"type":"Feature","properties":{"lines":"39b","arr":["39b"],"mode":"bus","angle":77,"extra":1,"ei":3,"l0":"39b","c0":"#999f01"},"geometry":{"type":"Point","coordinates":[21.320269,46.198937]}},{"type":"Feature","properties":{"lines":"39b","arr":["39b"],"mode":"bus","angle":-64.8,"extra":1,"ei":4,"l0":"39b","c0":"#999f01"},"geometry":{"type":"Point","coordinates":[21.320004,46.200748]}},{"type":"Feature","properties":{"lines":"39b","arr":["39b"],"mode":"bus","angle":89.6,"extra":1,"ei":5,"l0":"39b","c0":"#999f01"},"geometry":{"type":"Point","coordinates":[21.3206,46.204416]}},{"type":"Feature","properties":{"lines":"39b","arr":["39b"],"mode":"bus","angle":89.6,"extra":1,"ei":6,"l0":"39b","c0":"#999f01"},"geometry":{"type":"Point","coordinates":[21.320579,46.206304]}},{"type":"Feature","properties":{"lines":"39b","arr":["39b"],"mode":"bus","angle":90,"extra":1,"ei":7,"l0":"39b","c0":"#999f01"},"geometry":{"type":"Point","coordinates":[21.320568,46.208193]}},{"type":"Feature","properties":{"lines":"39b","arr":["39b"],"mode":"bus","angle":89.9,"extra":1,"ei":8,"l0":"39b","c0":"#999f01"},"geometry":{"type":"Point","coordinates":[21.32057,46.210081]}},{"type":"Feature","properties":{"lines":"39b","arr":["39b"],"mode":"bus","angle":89.9,"extra":1,"ei":9,"l0":"39b","c0":"#999f01"},"geometry":{"type":"Point","coordinates":[21.320553,46.21197]}},{"type":"Feature","properties":{"lines":"39b","arr":["39b"],"mode":"bus","angle":0,"l0":"39b","c0":"#999f01"},"geometry":{"type":"Point","coordinates":[21.321003,46.209741]}},{"type":"Feature","properties":{"lines":"39b","arr":["39b"],"mode":"bus","angle":-85.1,"mi":1,"l0":"39b","c0":"#999f01"},"geometry":{"type":"Point","coordinates":[21.321631,46.211281]}},{"type":"Feature","properties":{"lines":"39b","arr":["39b"],"mode":"bus","angle":-85.1,"extra":1,"ei":0,"l0":"39b","c0":"#999f01"},"geometry":{"type":"Point","coordinates":[21.321788,46.212564]}},{"type":"Feature","properties":{"lines":"39b","arr":["39b"],"mode":"bus","angle":-0.7,"mi":2,"l0":"39b","c0":"#999f01"},"geometry":{"type":"Point","coordinates":[21.321186,46.212816]}},{"type":"Feature","properties":{"lines":"41, 60","arr":["41","60"],"mode":"bus","angle":-61,"l0":"41, ","c0":"#05617d","l1":"60","c1":"#b20b42"},"geometry":{"type":"Point","coordinates":[21.319817,46.166778]}},{"type":"Feature","properties":{"lines":"41, 49b, 60","arr":["41","49b","60"],"mode":"bus","angle":-69.8,"l0":"41, ","c0":"#05617d","l1":"49b, ","c1":"#6895fc","l2":"60","c2":"#b20b42"},"geometry":{"type":"Point","coordinates":[21.302612,46.167992]}},{"type":"Feature","properties":{"lines":"41, 49b, 60","arr":["41","49b","60"],"mode":"bus","angle":-70.6,"extra":1,"ei":0,"l0":"41, ","c0":"#05617d","l1":"49b, ","c1":"#6895fc","l2":"60","c2":"#b20b42"},"geometry":{"type":"Point","coordinates":[21.301997,46.166754]}},{"type":"Feature","properties":{"lines":"41","arr":["41"],"mode":"bus","angle":20,"mi":10,"l0":"41","c0":"#05617d"},"geometry":{"type":"Point","coordinates":[21.303548,46.180915]}},{"type":"Feature","properties":{"lines":"41","arr":["41"],"mode":"bus","angle":20.2,"extra":1,"ei":0,"l0":"41","c0":"#05617d"},"geometry":{"type":"Point","coordinates":[21.299748,46.181891]}},{"type":"Feature","properties":{"lines":"41","arr":["41"],"mode":"bus","angle":19.9,"extra":1,"ei":1,"l0":"41","c0":"#05617d"},"geometry":{"type":"Point","coordinates":[21.307429,46.179938]}},{"type":"Feature","properties":{"lines":"41","arr":["41"],"mode":"bus","angle":-10.8,"mi":8,"l0":"41","c0":"#05617d"},"geometry":{"type":"Point","coordinates":[21.297045,46.182028]}},{"type":"Feature","properties":{"lines":"41","arr":["41"],"mode":"bus","angle":45.6,"mi":7,"l0":"41","c0":"#05617d"},"geometry":{"type":"Point","coordinates":[21.295885,46.182848]}},{"type":"Feature","properties":{"lines":"41","arr":["41"],"mode":"bus","angle":-66.4,"mi":4,"l0":"41","c0":"#05617d"},"geometry":{"type":"Point","coordinates":[21.297037,46.18601]}},{"type":"Feature","properties":{"lines":"41","arr":["41"],"mode":"bus","angle":-66.2,"extra":1,"ei":0,"l0":"41","c0":"#05617d"},"geometry":{"type":"Point","coordinates":[21.296158,46.184603]}},{"type":"Feature","properties":{"lines":"41","arr":["41"],"mode":"bus","angle":-67.5,"extra":1,"ei":1,"l0":"41","c0":"#05617d"},"geometry":{"type":"Point","coordinates":[21.298323,46.18807]}},{"type":"Feature","properties":{"lines":"41","arr":["41"],"mode":"bus","angle":-89.3,"mi":5,"l0":"41","c0":"#05617d"},"geometry":{"type":"Point","coordinates":[21.298469,46.189237]}},{"type":"Feature","properties":{"lines":"41","arr":["41"],"mode":"bus","angle":-17.1,"mi":2,"l0":"41","c0":"#05617d"},"geometry":{"type":"Point","coordinates":[21.295348,46.189572]}},{"type":"Feature","properties":{"lines":"41","arr":["41"],"mode":"bus","angle":-17.1,"extra":1,"ei":0,"l0":"41","c0":"#05617d"},"geometry":{"type":"Point","coordinates":[21.29708,46.189941]}},{"type":"Feature","properties":{"lines":"41","arr":["41"],"mode":"bus","angle":73.5,"l0":"41","c0":"#05617d"},"geometry":{"type":"Point","coordinates":[21.292116,46.189385]}},{"type":"Feature","properties":{"lines":"41","arr":["41"],"mode":"bus","angle":-0.9,"mi":1,"l0":"41","c0":"#05617d"},"geometry":{"type":"Point","coordinates":[21.290775,46.189834]}},{"type":"Feature","properties":{"lines":"41","arr":["41"],"mode":"bus","angle":59.9,"mi":3,"l0":"41","c0":"#05617d"},"geometry":{"type":"Point","coordinates":[21.288689,46.190975]}},{"type":"Feature","properties":{"lines":"41","arr":["41"],"mode":"bus","angle":77,"mi":6,"l0":"41","c0":"#05617d"},"geometry":{"type":"Point","coordinates":[21.287944,46.192641]}},{"type":"Feature","properties":{"lines":"41","arr":["41"],"mode":"bus","angle":1.7,"mi":9,"l0":"41","c0":"#05617d"},"geometry":{"type":"Point","coordinates":[21.281546,46.192959]}},{"type":"Feature","properties":{"lines":"41","arr":["41"],"mode":"bus","angle":1.5,"extra":1,"ei":0,"l0":"41","c0":"#05617d"},"geometry":{"type":"Point","coordinates":[21.286415,46.19288]}},{"type":"Feature","properties":{"lines":"41","arr":["41"],"mode":"bus","angle":1.6,"extra":1,"ei":1,"l0":"41","c0":"#05617d"},"geometry":{"type":"Point","coordinates":[21.283688,46.192919]}},{"type":"Feature","properties":{"lines":"41","arr":["41"],"mode":"bus","angle":1.7,"extra":1,"ei":2,"l0":"41","c0":"#05617d"},"geometry":{"type":"Point","coordinates":[21.278236,46.193038]}},{"type":"Feature","properties":{"lines":"41","arr":["41"],"mode":"bus","angle":1.9,"side":-1,"extra":1,"ei":3,"l0":"41","c0":"#05617d"},"geometry":{"type":"Point","coordinates":[21.27551,46.193098]}},{"type":"Feature","properties":{"lines":"41","arr":["41"],"mode":"bus","angle":-88.8,"mi":11,"l0":"41","c0":"#05617d"},"geometry":{"type":"Point","coordinates":[21.275387,46.195005]}},{"type":"Feature","properties":{"lines":"41, 60","arr":["41","60"],"mode":"bus","angle":-78.4,"side":-1,"mi":1,"l0":"41, ","c0":"#05617d","l1":"60","c1":"#b20b42"},"geometry":{"type":"Point","coordinates":[21.311408,46.166805]}},{"type":"Feature","properties":{"lines":"46","arr":["46"],"mode":"bus","angle":-29.8,"l0":"46","c0":"#a76e00"},"geometry":{"type":"Point","coordinates":[21.306741,46.170528]}},{"type":"Feature","properties":{"lines":"46","arr":["46"],"mode":"bus","angle":-30.2,"extra":1,"ei":0,"l0":"46","c0":"#a76e00"},"geometry":{"type":"Point","coordinates":[21.308819,46.171368]}},{"type":"Feature","properties":{"lines":"46","arr":["46"],"mode":"bus","angle":-20.6,"extra":1,"ei":1,"l0":"46","c0":"#a76e00"},"geometry":{"type":"Point","coordinates":[21.304086,46.16949]}},{"type":"Feature","properties":{"lines":"46","arr":["46"],"mode":"bus","angle":-5.3,"mi":1,"l0":"46","c0":"#a76e00"},"geometry":{"type":"Point","coordinates":[21.307266,46.172057]}},{"type":"Feature","properties":{"lines":"46, 60","arr":["46","60"],"mode":"bus","angle":-82.2,"l0":"46, ","c0":"#a76e00","l1":"60","c1":"#b20b42"},"geometry":{"type":"Point","coordinates":[21.308078,46.193351]}},{"type":"Feature","properties":{"lines":"46, 60","arr":["46","60"],"mode":"bus","angle":63.3,"l0":"46, ","c0":"#a76e00","l1":"60","c1":"#b20b42"},"geometry":{"type":"Point","coordinates":[21.293603,46.207972]}},{"type":"Feature","properties":{"lines":"46, 60","arr":["46","60"],"mode":"bus","angle":50.3,"mi":2,"l0":"46, ","c0":"#a76e00","l1":"60","c1":"#b20b42"},"geometry":{"type":"Point","coordinates":[21.301716,46.19826]}},{"type":"Feature","properties":{"lines":"46, 60","arr":["46","60"],"mode":"bus","angle":60,"extra":1,"ei":0,"l0":"46, ","c0":"#a76e00","l1":"60","c1":"#b20b42"},"geometry":{"type":"Point","coordinates":[21.289383,46.213209]}},{"type":"Feature","properties":{"lines":"46, 60","arr":["46","60"],"mode":"bus","angle":60.9,"extra":1,"ei":1,"l0":"46, ","c0":"#a76e00","l1":"60","c1":"#b20b42"},"geometry":{"type":"Point","coordinates":[21.290749,46.211575]}},{"type":"Feature","properties":{"lines":"46, 60","arr":["46","60"],"mode":"bus","angle":60.9,"extra":1,"ei":2,"l0":"46, ","c0":"#a76e00","l1":"60","c1":"#b20b42"},"geometry":{"type":"Point","coordinates":[21.292079,46.209926]}},{"type":"Feature","properties":{"lines":"46, 60","arr":["46","60"],"mode":"bus","angle":-82.5,"extra":1,"ei":3,"l0":"46, ","c0":"#a76e00","l1":"60","c1":"#b20b42"},"geometry":{"type":"Point","coordinates":[21.293966,46.206468]}},{"type":"Feature","properties":{"lines":"46, 60","arr":["46","60"],"mode":"bus","angle":-81.2,"extra":1,"ei":4,"l0":"46, ","c0":"#a76e00","l1":"60","c1":"#b20b42"},"geometry":{"type":"Point","coordinates":[21.293557,46.204601]}},{"type":"Feature","properties":{"lines":"46, 60","arr":["46","60"],"mode":"bus","angle":2.5,"extra":1,"ei":5,"l0":"46, ","c0":"#a76e00","l1":"60","c1":"#b20b42"},"geometry":{"type":"Point","coordinates":[21.295336,46.204007]}},{"type":"Feature","properties":{"lines":"46, 60","arr":["46","60"],"mode":"bus","angle":59.8,"extra":1,"ei":0,"l0":"46, ","c0":"#a76e00","l1":"60","c1":"#b20b42"},"geometry":{"type":"Point","coordinates":[21.297939,46.202439]}},{"type":"Feature","properties":{"lines":"46, 60","arr":["46","60"],"mode":"bus","angle":60.6,"extra":1,"ei":1,"l0":"46, ","c0":"#a76e00","l1":"60","c1":"#b20b42"},"geometry":{"type":"Point","coordinates":[21.299283,46.200796]}},{"type":"Feature","properties":{"lines":"46, 60","arr":["46","60"],"mode":"bus","angle":41.4,"extra":1,"ei":2,"l0":"46, ","c0":"#a76e00","l1":"60","c1":"#b20b42"},"geometry":{"type":"Point","coordinates":[21.304465,46.196481]}},{"type":"Feature","properties":{"lines":"46, 60","arr":["46","60"],"mode":"bus","angle":41.5,"extra":1,"ei":3,"l0":"46, ","c0":"#a76e00","l1":"60","c1":"#b20b42"},"geometry":{"type":"Point","coordinates":[21.3065,46.195224]}},{"type":"Feature","properties":{"lines":"46","arr":["46"],"mode":"bus","angle":49.1,"l0":"46","c0":"#a76e00"},"geometry":{"type":"Point","coordinates":[21.282936,46.218509]}},{"type":"Feature","properties":{"lines":"46","arr":["46"],"mode":"bus","angle":48,"extra":1,"ei":0,"l0":"46","c0":"#a76e00"},"geometry":{"type":"Point","coordinates":[21.287769,46.214721]}},{"type":"Feature","properties":{"lines":"46","arr":["46"],"mode":"bus","angle":49,"extra":1,"ei":1,"l0":"46","c0":"#a76e00"},"geometry":{"type":"Point","coordinates":[21.285965,46.216138]}},{"type":"Feature","properties":{"lines":"46","arr":["46"],"mode":"bus","angle":47.8,"extra":1,"ei":2,"l0":"46","c0":"#a76e00"},"geometry":{"type":"Point","coordinates":[21.284147,46.217545]}},{"type":"Feature","properties":{"lines":"46","arr":["46"],"mode":"bus","angle":48.8,"extra":1,"ei":3,"l0":"46","c0":"#a76e00"},"geometry":{"type":"Point","coordinates":[21.280543,46.220381]}},{"type":"Feature","properties":{"lines":"46","arr":["46"],"mode":"bus","angle":48.6,"extra":1,"ei":4,"l0":"46","c0":"#a76e00"},"geometry":{"type":"Point","coordinates":[21.278746,46.221801]}},{"type":"Feature","properties":{"lines":"46","arr":["46"],"mode":"bus","angle":54.2,"l0":"46","c0":"#a76e00"},"geometry":{"type":"Point","coordinates":[21.266888,46.22807]}},{"type":"Feature","properties":{"lines":"46","arr":["46"],"mode":"bus","angle":26,"extra":1,"ei":0,"l0":"46","c0":"#a76e00"},"geometry":{"type":"Point","coordinates":[21.258729,46.233618]}},{"type":"Feature","properties":{"lines":"46","arr":["46"],"mode":"bus","angle":34.8,"extra":1,"ei":1,"l0":"46","c0":"#a76e00"},"geometry":{"type":"Point","coordinates":[21.261119,46.232714]}},{"type":"Feature","properties":{"lines":"46","arr":["46"],"mode":"bus","angle":46.8,"extra":1,"ei":2,"l0":"46","c0":"#a76e00"},"geometry":{"type":"Point","coordinates":[21.263197,46.231495]}},{"type":"Feature","properties":{"lines":"46","arr":["46"],"mode":"bus","angle":55,"extra":1,"ei":3,"l0":"46","c0":"#a76e00"},"geometry":{"type":"Point","coordinates":[21.264859,46.230001]}},{"type":"Feature","properties":{"lines":"46","arr":["46"],"mode":"bus","angle":54.1,"extra":1,"ei":4,"l0":"46","c0":"#a76e00"},"geometry":{"type":"Point","coordinates":[21.268051,46.226938]}},{"type":"Feature","properties":{"lines":"46","arr":["46"],"mode":"bus","angle":40.9,"extra":1,"ei":5,"l0":"46","c0":"#a76e00"},"geometry":{"type":"Point","coordinates":[21.269829,46.225513]}},{"type":"Feature","properties":{"lines":"46","arr":["46"],"mode":"bus","angle":26.6,"extra":1,"ei":6,"l0":"46","c0":"#a76e00"},"geometry":{"type":"Point","coordinates":[21.272071,46.224446]}},{"type":"Feature","properties":{"lines":"46","arr":["46"],"mode":"bus","angle":17.8,"extra":1,"ei":7,"l0":"46","c0":"#a76e00"},"geometry":{"type":"Point","coordinates":[21.274631,46.223801]}},{"type":"Feature","properties":{"lines":"46","arr":["46"],"mode":"bus","angle":37,"extra":1,"ei":8,"l0":"46","c0":"#a76e00"},"geometry":{"type":"Point","coordinates":[21.277079,46.222995]}},{"type":"Feature","properties":{"lines":"46","arr":["46"],"mode":"bus","angle":84.7,"mi":2,"l0":"46","c0":"#a76e00"},"geometry":{"type":"Point","coordinates":[21.256235,46.238833]}},{"type":"Feature","properties":{"lines":"46","arr":["46"],"mode":"bus","angle":-72.6,"mi":1,"l0":"46","c0":"#a76e00"},"geometry":{"type":"Point","coordinates":[21.260865,46.25048]}},{"type":"Feature","properties":{"lines":"46","arr":["46"],"mode":"bus","angle":78.5,"extra":1,"ei":0,"l0":"46","c0":"#a76e00"},"geometry":{"type":"Point","coordinates":[21.257255,46.234954]}},{"type":"Feature","properties":{"lines":"46","arr":["46"],"mode":"bus","angle":77.5,"extra":1,"ei":1,"l0":"46","c0":"#a76e00"},"geometry":{"type":"Point","coordinates":[21.256697,46.236802]}},{"type":"Feature","properties":{"lines":"46","arr":["46"],"mode":"bus","angle":-78.5,"extra":1,"ei":2,"l0":"46","c0":"#a76e00"},"geometry":{"type":"Point","coordinates":[21.256193,46.240546]}},{"type":"Feature","properties":{"lines":"46","arr":["46"],"mode":"bus","angle":-69.4,"extra":1,"ei":3,"l0":"46","c0":"#a76e00"},"geometry":{"type":"Point","coordinates":[21.257107,46.242324]}},{"type":"Feature","properties":{"lines":"46","arr":["46"],"mode":"bus","angle":-72.3,"extra":1,"ei":0,"l0":"46","c0":"#a76e00"},"geometry":{"type":"Point","coordinates":[21.260301,46.249249]}},{"type":"Feature","properties":{"lines":"46","arr":["46"],"mode":"bus","angle":-72.8,"l0":"46","c0":"#a76e00"},"geometry":{"type":"Point","coordinates":[21.258731,46.245958]}},{"type":"Feature","properties":{"lines":"46","arr":["46"],"mode":"bus","angle":-73.7,"extra":1,"ei":0,"l0":"46","c0":"#a76e00"},"geometry":{"type":"Point","coordinates":[21.258089,46.244444]}},{"type":"Feature","properties":{"lines":"46","arr":["46"],"mode":"bus","angle":-71.2,"extra":1,"ei":1,"l0":"46","c0":"#a76e00"},"geometry":{"type":"Point","coordinates":[21.259745,46.248043]}},{"type":"Feature","properties":{"lines":"48","arr":["48"],"mode":"bus","angle":-71.5,"mi":9,"l0":"48","c0":"#bf5f03"},"geometry":{"type":"Point","coordinates":[21.351356,46.171275]}},{"type":"Feature","properties":{"lines":"48","arr":["48"],"mode":"bus","angle":17.6,"mi":6,"l0":"48","c0":"#bf5f03"},"geometry":{"type":"Point","coordinates":[21.351704,46.170357]}},{"type":"Feature","properties":{"lines":"48","arr":["48"],"mode":"bus","angle":-72,"mi":8,"l0":"48","c0":"#bf5f03"},"geometry":{"type":"Point","coordinates":[21.3517,46.168668]}},{"type":"Feature","properties":{"lines":"48","arr":["48"],"mode":"bus","angle":-73.4,"extra":1,"ei":0,"l0":"48","c0":"#bf5f03"},"geometry":{"type":"Point","coordinates":[21.351172,46.167502]}},{"type":"Feature","properties":{"lines":"48","arr":["48"],"mode":"bus","angle":17.3,"mi":5,"l0":"48","c0":"#bf5f03"},"geometry":{"type":"Point","coordinates":[21.353415,46.166578]}},{"type":"Feature","properties":{"lines":"48","arr":["48"],"mode":"bus","angle":-72.9,"mi":2,"l0":"48","c0":"#bf5f03"},"geometry":{"type":"Point","coordinates":[21.35687,46.168391]}},{"type":"Feature","properties":{"lines":"48","arr":["48"],"mode":"bus","angle":-73.8,"extra":1,"ei":0,"l0":"48","c0":"#bf5f03"},"geometry":{"type":"Point","coordinates":[21.357486,46.169816]}},{"type":"Feature","properties":{"lines":"48","arr":["48"],"mode":"bus","angle":-72.4,"side":-1,"extra":1,"ei":1,"l0":"48","c0":"#bf5f03"},"geometry":{"type":"Point","coordinates":[21.355878,46.166207]}},{"type":"Feature","properties":{"lines":"48","arr":["48"],"mode":"bus","angle":-76.7,"mi":4,"l0":"48","c0":"#bf5f03"},"geometry":{"type":"Point","coordinates":[21.370241,46.169249]}},{"type":"Feature","properties":{"lines":"48","arr":["48"],"mode":"bus","angle":14,"extra":1,"ei":0,"l0":"48","c0":"#bf5f03"},"geometry":{"type":"Point","coordinates":[21.368271,46.168591]}},{"type":"Feature","properties":{"lines":"48","arr":["48"],"mode":"bus","angle":-76.7,"extra":1,"ei":1,"l0":"48","c0":"#bf5f03"},"geometry":{"type":"Point","coordinates":[21.370801,46.170888]}},{"type":"Feature","properties":{"lines":"48","arr":["48"],"mode":"bus","angle":16.2,"mi":7,"l0":"48","c0":"#bf5f03"},"geometry":{"type":"Point","coordinates":[21.371545,46.172146]}},{"type":"Feature","properties":{"lines":"48","arr":["48"],"mode":"bus","angle":14.3,"extra":1,"ei":0,"l0":"48","c0":"#bf5f03"},"geometry":{"type":"Point","coordinates":[21.368376,46.172725]}},{"type":"Feature","properties":{"lines":"48","arr":["48"],"mode":"bus","angle":25.6,"mi":10,"l0":"48","c0":"#bf5f03"},"geometry":{"type":"Point","coordinates":[21.378422,46.169764]}},{"type":"Feature","properties":{"lines":"Ghioroc","arr":["Ghioroc"],"mode":"bus","angle":18,"l0":"Ghioroc","c0":"#b0045c"},"geometry":{"type":"Point","coordinates":[21.373319,46.173266]}},{"type":"Feature","properties":{"lines":"Ghioroc","arr":["Ghioroc"],"mode":"bus","angle":44.8,"mi":2,"l0":"Ghioroc","c0":"#b0045c"},"geometry":{"type":"Point","coordinates":[21.377759,46.169184]}},{"type":"Feature","properties":{"lines":"Ghioroc","arr":["Ghioroc"],"mode":"bus","angle":-17.7,"mi":1,"l0":"Ghioroc","c0":"#b0045c"},"geometry":{"type":"Point","coordinates":[21.372945,46.173346]}},{"type":"Feature","properties":{"lines":"48, Ghioroc","arr":["48","Ghioroc"],"mode":"bus","angle":40.6,"l0":"48, ","c0":"#bf5f03","l1":"Ghioroc","c1":"#b0045c"},"geometry":{"type":"Point","coordinates":[21.377914,46.172157]}},{"type":"Feature","properties":{"lines":"48, Ghioroc","arr":["48","Ghioroc"],"mode":"bus","angle":17.1,"extra":1,"ei":0,"l0":"48, ","c0":"#bf5f03","l1":"Ghioroc","c1":"#b0045c"},"geometry":{"type":"Point","coordinates":[21.374926,46.172924]}},{"type":"Feature","properties":{"lines":"48, Ghioroc","arr":["48","Ghioroc"],"mode":"bus","angle":71.7,"extra":1,"ei":1,"l0":"48, ","c0":"#bf5f03","l1":"Ghioroc","c1":"#b0045c"},"geometry":{"type":"Point","coordinates":[21.377852,46.170671]}},{"type":"Feature","properties":{"lines":"48","arr":["48"],"mode":"bus","angle":-75.8,"mi":3,"l0":"48","c0":"#bf5f03"},"geometry":{"type":"Point","coordinates":[21.367456,46.170908]}},{"type":"Feature","properties":{"lines":"49","arr":["49"],"mode":"bus","angle":-80.4,"l0":"49","c0":"#b11526"},"geometry":{"type":"Point","coordinates":[21.321199,46.141493]}},{"type":"Feature","properties":{"lines":"49","arr":["49"],"mode":"bus","angle":-13.7,"mi":3,"l0":"49","c0":"#b11526"},"geometry":{"type":"Point","coordinates":[21.315143,46.155307]}},{"type":"Feature","properties":{"lines":"49","arr":["49"],"mode":"bus","angle":-8,"extra":1,"ei":0,"l0":"49","c0":"#b11526"},"geometry":{"type":"Point","coordinates":[21.320353,46.15585]}},{"type":"Feature","properties":{"lines":"49","arr":["49"],"mode":"bus","angle":-8.7,"extra":1,"ei":1,"l0":"49","c0":"#b11526"},"geometry":{"type":"Point","coordinates":[21.317657,46.155562]}},{"type":"Feature","properties":{"lines":"49","arr":["49"],"mode":"bus","angle":-16.7,"extra":1,"ei":2,"l0":"49","c0":"#b11526"},"geometry":{"type":"Point","coordinates":[21.312338,46.154794]}},{"type":"Feature","properties":{"lines":"49","arr":["49"],"mode":"bus","angle":-14.6,"extra":1,"ei":3,"l0":"49","c0":"#b11526"},"geometry":{"type":"Point","coordinates":[21.309711,46.154286]}},{"type":"Feature","properties":{"lines":"49","arr":["49"],"mode":"bus","angle":78.6,"l0":"49","c0":"#b11526"},"geometry":{"type":"Point","coordinates":[21.30886,46.153481]}},{"type":"Feature","properties":{"lines":"49","arr":["49"],"mode":"bus","angle":-34.6,"mi":1,"l0":"49","c0":"#b11526"},"geometry":{"type":"Point","coordinates":[21.307646,46.152536]}},{"type":"Feature","properties":{"lines":"49","arr":["49"],"mode":"bus","angle":11.3,"mi":2,"l0":"49","c0":"#b11526"},"geometry":{"type":"Point","coordinates":[21.303715,46.154065]}},{"type":"Feature","properties":{"lines":"49","arr":["49"],"mode":"bus","angle":74.8,"extra":1,"ei":0,"l0":"49","c0":"#b11526"},"geometry":{"type":"Point","coordinates":[21.306607,46.153117]}},{"type":"Feature","properties":{"lines":"49","arr":["49"],"mode":"bus","angle":11.6,"extra":1,"ei":1,"l0":"49","c0":"#b11526"},"geometry":{"type":"Point","coordinates":[21.301826,46.154332]}},{"type":"Feature","properties":{"lines":"49","arr":["49"],"mode":"bus","angle":11.6,"extra":1,"ei":2,"l0":"49","c0":"#b11526"},"geometry":{"type":"Point","coordinates":[21.299155,46.154712]}},{"type":"Feature","properties":{"lines":"49, 49b","arr":["49","49b"],"mode":"bus","angle":-77.6,"mi":1,"l0":"49, ","c0":"#b11526","l1":"49b","c1":"#6895fc"},"geometry":{"type":"Point","coordinates":[21.298654,46.153894]}},{"type":"Feature","properties":{"lines":"49, 49b","arr":["49","49b"],"mode":"bus","angle":12.1,"l0":"49, ","c0":"#b11526","l1":"49b","c1":"#6895fc"},"geometry":{"type":"Point","coordinates":[21.302291,46.152465]}},{"type":"Feature","properties":{"lines":"49, 49b","arr":["49","49b"],"mode":"bus","angle":12.1,"extra":1,"ei":0,"l0":"49, ","c0":"#b11526","l1":"49b","c1":"#6895fc"},"geometry":{"type":"Point","coordinates":[21.304863,46.152084]}},{"type":"Feature","properties":{"lines":"49, 49b","arr":["49","49b"],"mode":"bus","angle":12.1,"extra":1,"ei":1,"l0":"49, ","c0":"#b11526","l1":"49b","c1":"#6895fc"},"geometry":{"type":"Point","coordinates":[21.299529,46.152875]}},{"type":"Feature","properties":{"lines":"49, 49b","arr":["49","49b"],"mode":"bus","angle":-88.9,"l0":"49, ","c0":"#b11526","l1":"49b","c1":"#6895fc"},"geometry":{"type":"Point","coordinates":[21.321511,46.144017]}},{"type":"Feature","properties":{"lines":"49, 49b","arr":["49","49b"],"mode":"bus","angle":1.2,"mi":1,"l0":"49, ","c0":"#b11526","l1":"49b","c1":"#6895fc"},"geometry":{"type":"Point","coordinates":[21.315502,46.141113]}},{"type":"Feature","properties":{"lines":"49, 49b","arr":["49","49b"],"mode":"bus","angle":1.1,"extra":1,"ei":0,"l0":"49, ","c0":"#b11526","l1":"49b","c1":"#6895fc"},"geometry":{"type":"Point","coordinates":[21.31973,46.141056]}},{"type":"Feature","properties":{"lines":"49, 49b","arr":["49","49b"],"mode":"bus","angle":1.6,"extra":1,"ei":1,"l0":"49, ","c0":"#b11526","l1":"49b","c1":"#6895fc"},"geometry":{"type":"Point","coordinates":[21.31155,46.141186]}},{"type":"Feature","properties":{"lines":"49","arr":["49"],"mode":"bus","angle":20.6,"mi":1,"l0":"49","c0":"#b11526"},"geometry":{"type":"Point","coordinates":[21.310543,46.141239]}},{"type":"Feature","properties":{"lines":"49b","arr":["49b"],"mode":"bus","angle":-70,"l0":"49b","c0":"#6895fc"},"geometry":{"type":"Point","coordinates":[21.300753,46.164442]}},{"type":"Feature","properties":{"lines":"49b","arr":["49b"],"mode":"bus","angle":-70.1,"extra":1,"ei":0,"l0":"49b","c0":"#6895fc"},"geometry":{"type":"Point","coordinates":[21.300122,46.163208]}},{"type":"Feature","properties":{"lines":"49b","arr":["49b"],"mode":"bus","angle":85,"mi":1,"l0":"49b","c0":"#6895fc"},"geometry":{"type":"Point","coordinates":[21.299013,46.158588]}},{"type":"Feature","properties":{"lines":"49b","arr":["49b"],"mode":"bus","angle":-82,"extra":1,"ei":0,"l0":"49b","c0":"#6895fc"},"geometry":{"type":"Point","coordinates":[21.298977,46.161525]}},{"type":"Feature","properties":{"lines":"49b","arr":["49b"],"mode":"bus","angle":89.6,"extra":1,"ei":1,"l0":"49b","c0":"#6895fc"},"geometry":{"type":"Point","coordinates":[21.299226,46.155881]}},{"type":"Feature","properties":{"lines":"49b","arr":["49b"],"mode":"bus","angle":-83.1,"mi":1,"l0":"49b","c0":"#6895fc"},"geometry":{"type":"Point","coordinates":[21.307456,46.145496]}},{"type":"Feature","properties":{"lines":"49b","arr":["49b"],"mode":"bus","angle":-88.7,"extra":1,"ei":0,"l0":"49b","c0":"#6895fc"},"geometry":{"type":"Point","coordinates":[21.311202,46.142137]}},{"type":"Feature","properties":{"lines":"49b","arr":["49b"],"mode":"bus","angle":-87.9,"extra":1,"ei":1,"l0":"49b","c0":"#6895fc"},"geometry":{"type":"Point","coordinates":[21.311297,46.144024]}},{"type":"Feature","properties":{"lines":"49b","arr":["49b"],"mode":"bus","angle":5,"extra":1,"ei":2,"l0":"49b","c0":"#6895fc"},"geometry":{"type":"Point","coordinates":[21.309401,46.144764]}},{"type":"Feature","properties":{"lines":"49b","arr":["49b"],"mode":"bus","angle":-89.7,"extra":1,"ei":3,"l0":"49b","c0":"#6895fc"},"geometry":{"type":"Point","coordinates":[21.307713,46.147258]}},{"type":"Feature","properties":{"lines":"49b","arr":["49b"],"mode":"bus","angle":72.2,"extra":1,"ei":4,"l0":"49b","c0":"#6895fc"},"geometry":{"type":"Point","coordinates":[21.30765,46.149143]}},{"type":"Feature","properties":{"lines":"49b","arr":["49b"],"mode":"bus","angle":84.2,"extra":1,"ei":5,"l0":"49b","c0":"#6895fc"},"geometry":{"type":"Point","coordinates":[21.306585,46.150777]}},{"type":"Feature","properties":{"lines":"49b","arr":["49b"],"mode":"bus","angle":-18.9,"l0":"49b","c0":"#6895fc"},"geometry":{"type":"Point","coordinates":[21.310769,46.141665]}},{"type":"Feature","properties":{"lines":"49b","arr":["49b"],"mode":"bus","angle":-86.7,"side":-1,"mi":2,"l0":"49b","c0":"#6895fc"},"geometry":{"type":"Point","coordinates":[21.321272,46.141486]}},{"type":"Feature","properties":{"lines":"52","arr":["52"],"mode":"bus","angle":37.5,"mi":4,"l0":"52","c0":"#7c5001"},"geometry":{"type":"Point","coordinates":[21.339017,46.192613]}},{"type":"Feature","properties":{"lines":"52","arr":["52"],"mode":"bus","angle":35.4,"extra":1,"ei":0,"l0":"52","c0":"#7c5001"},"geometry":{"type":"Point","coordinates":[21.33522,46.194557]}},{"type":"Feature","properties":{"lines":"52","arr":["52"],"mode":"bus","angle":36.8,"extra":1,"ei":1,"l0":"52","c0":"#7c5001"},"geometry":{"type":"Point","coordinates":[21.337418,46.193439]}},{"type":"Feature","properties":{"lines":"52","arr":["52"],"mode":"bus","angle":50.8,"extra":1,"ei":2,"l0":"52","c0":"#7c5001"},"geometry":{"type":"Point","coordinates":[21.341274,46.190806]}},{"type":"Feature","properties":{"lines":"52","arr":["52"],"mode":"bus","angle":-71.7,"l0":"52","c0":"#7c5001"},"geometry":{"type":"Point","coordinates":[21.341945,46.187357]}},{"type":"Feature","properties":{"lines":"52","arr":["52"],"mode":"bus","angle":-5.1,"mi":3,"l0":"52","c0":"#7c5001"},"geometry":{"type":"Point","coordinates":[21.345537,46.185334]}},{"type":"Feature","properties":{"lines":"52","arr":["52"],"mode":"bus","angle":1,"extra":1,"ei":0,"l0":"52","c0":"#7c5001"},"geometry":{"type":"Point","coordinates":[21.342571,46.185303]}},{"type":"Feature","properties":{"lines":"52","arr":["52"],"mode":"bus","angle":-12.2,"extra":1,"ei":1,"l0":"52","c0":"#7c5001"},"geometry":{"type":"Point","coordinates":[21.347987,46.185615]}},{"type":"Feature","properties":{"lines":"52","arr":["52"],"mode":"bus","angle":-37.6,"mi":1,"l0":"52","c0":"#7c5001"},"geometry":{"type":"Point","coordinates":[21.340608,46.186183]}},{"type":"Feature","properties":{"lines":"52","arr":["52"],"mode":"bus","angle":54.2,"mi":2,"l0":"52","c0":"#7c5001"},"geometry":{"type":"Point","coordinates":[21.335849,46.189311]}},{"type":"Feature","properties":{"lines":"52","arr":["52"],"mode":"bus","angle":54,"extra":1,"ei":0,"l0":"52","c0":"#7c5001"},"geometry":{"type":"Point","coordinates":[21.338848,46.186435]}},{"type":"Feature","properties":{"lines":"52","arr":["52"],"mode":"bus","angle":54.2,"extra":1,"ei":1,"l0":"52","c0":"#7c5001"},"geometry":{"type":"Point","coordinates":[21.337256,46.187969]}},{"type":"Feature","properties":{"lines":"52","arr":["52"],"mode":"bus","angle":32.5,"extra":1,"ei":2,"l0":"52","c0":"#7c5001"},"geometry":{"type":"Point","coordinates":[21.333573,46.190679]}},{"type":"Feature","properties":{"lines":"52","arr":["52"],"mode":"bus","angle":33.3,"extra":1,"ei":3,"l0":"52","c0":"#7c5001"},"geometry":{"type":"Point","coordinates":[21.331289,46.191711]}},{"type":"Feature","properties":{"lines":"54","arr":["54"],"mode":"bus","angle":-1.9,"mi":3,"l0":"54","c0":"#f661b9"},"geometry":{"type":"Point","coordinates":[21.297601,46.16929]}},{"type":"Feature","properties":{"lines":"54","arr":["54"],"mode":"bus","angle":-1.9,"extra":1,"ei":0,"l0":"54","c0":"#f661b9"},"geometry":{"type":"Point","coordinates":[21.302017,46.169389]}},{"type":"Feature","properties":{"lines":"54","arr":["54"],"mode":"bus","angle":-1.9,"extra":1,"ei":1,"l0":"54","c0":"#f661b9"},"geometry":{"type":"Point","coordinates":[21.299291,46.169328]}},{"type":"Feature","properties":{"lines":"54","arr":["54"],"mode":"bus","angle":-1.6,"extra":1,"ei":2,"l0":"54","c0":"#f661b9"},"geometry":{"type":"Point","coordinates":[21.293838,46.169208]}},{"type":"Feature","properties":{"lines":"54","arr":["54"],"mode":"bus","angle":-1.4,"mi":2,"l0":"54","c0":"#f661b9"},"geometry":{"type":"Point","coordinates":[21.274152,46.168773]}},{"type":"Feature","properties":{"lines":"54","arr":["54"],"mode":"bus","angle":-2,"l0":"54","c0":"#f661b9"},"geometry":{"type":"Point","coordinates":[21.287001,46.169066]}},{"type":"Feature","properties":{"lines":"54","arr":["54"],"mode":"bus","angle":-76.6,"mi":1,"l0":"54","c0":"#f661b9"},"geometry":{"type":"Point","coordinates":[21.282169,46.168954]}},{"type":"Feature","properties":{"lines":"54","arr":["54"],"mode":"bus","angle":-1.7,"extra":1,"ei":0,"l0":"54","c0":"#f661b9"},"geometry":{"type":"Point","coordinates":[21.290459,46.169147]}},{"type":"Feature","properties":{"lines":"54","arr":["54"],"mode":"bus","angle":-2,"extra":1,"ei":1,"l0":"54","c0":"#f661b9"},"geometry":{"type":"Point","coordinates":[21.285007,46.16902]}},{"type":"Feature","properties":{"lines":"54","arr":["54"],"mode":"bus","angle":-2.4,"extra":1,"ei":0,"l0":"54","c0":"#f661b9"},"geometry":{"type":"Point","coordinates":[21.268931,46.16869]}},{"type":"Feature","properties":{"lines":"54","arr":["54"],"mode":"bus","angle":-1.4,"extra":1,"ei":1,"l0":"54","c0":"#f661b9"},"geometry":{"type":"Point","coordinates":[21.271657,46.168731]}},{"type":"Feature","properties":{"lines":"54","arr":["54"],"mode":"bus","angle":-1.4,"extra":1,"ei":2,"l0":"54","c0":"#f661b9"},"geometry":{"type":"Point","coordinates":[21.27711,46.168824]}},{"type":"Feature","properties":{"lines":"54","arr":["54"],"mode":"bus","angle":1.4,"extra":1,"ei":3,"l0":"54","c0":"#f661b9"},"geometry":{"type":"Point","coordinates":[21.279837,46.168879]}},{"type":"Feature","properties":{"lines":"54","arr":["54"],"mode":"bus","angle":-1.8,"l0":"54","c0":"#f661b9"},"geometry":{"type":"Point","coordinates":[21.249876,46.168295]}},{"type":"Feature","properties":{"lines":"54","arr":["54"],"mode":"bus","angle":-1.8,"extra":1,"ei":0,"l0":"54","c0":"#f661b9"},"geometry":{"type":"Point","coordinates":[21.266206,46.168611]}},{"type":"Feature","properties":{"lines":"54","arr":["54"],"mode":"bus","angle":-1.8,"extra":1,"ei":1,"l0":"54","c0":"#f661b9"},"geometry":{"type":"Point","coordinates":[21.26348,46.168552]}},{"type":"Feature","properties":{"lines":"54","arr":["54"],"mode":"bus","angle":-1.2,"extra":1,"ei":2,"l0":"54","c0":"#f661b9"},"geometry":{"type":"Point","coordinates":[21.260753,46.168509]}},{"type":"Feature","properties":{"lines":"54","arr":["54"],"mode":"bus","angle":-2.2,"extra":1,"ei":3,"l0":"54","c0":"#f661b9"},"geometry":{"type":"Point","coordinates":[21.258026,46.168461]}},{"type":"Feature","properties":{"lines":"54","arr":["54"],"mode":"bus","angle":-1.6,"extra":1,"ei":4,"l0":"54","c0":"#f661b9"},"geometry":{"type":"Point","coordinates":[21.2553,46.168407]}},{"type":"Feature","properties":{"lines":"54","arr":["54"],"mode":"bus","angle":-1.8,"extra":1,"ei":5,"l0":"54","c0":"#f661b9"},"geometry":{"type":"Point","coordinates":[21.252573,46.168353]}},{"type":"Feature","properties":{"lines":"54","arr":["54"],"mode":"bus","angle":-1.8,"extra":1,"ei":6,"l0":"54","c0":"#f661b9"},"geometry":{"type":"Point","coordinates":[21.24712,46.168236]}},{"type":"Feature","properties":{"lines":"54","arr":["54"],"mode":"bus","angle":-1.6,"extra":1,"ei":7,"l0":"54","c0":"#f661b9"},"geometry":{"type":"Point","coordinates":[21.244394,46.168184]}},{"type":"Feature","properties":{"lines":"54","arr":["54"],"mode":"bus","angle":88.7,"extra":1,"ei":8,"l0":"54","c0":"#f661b9"},"geometry":{"type":"Point","coordinates":[21.242896,46.169027]}},{"type":"Feature","properties":{"lines":"54","arr":["54"],"mode":"bus","angle":81.1,"extra":1,"ei":9,"l0":"54","c0":"#f661b9"},"geometry":{"type":"Point","coordinates":[21.242838,46.170915]}},{"type":"Feature","properties":{"lines":"54","arr":["54"],"mode":"bus","angle":-1.5,"extra":1,"ei":10,"l0":"54","c0":"#f661b9"},"geometry":{"type":"Point","coordinates":[21.240406,46.171177]}},{"type":"Feature","properties":{"lines":"54","arr":["54"],"mode":"bus","angle":89,"extra":1,"ei":11,"l0":"54","c0":"#f661b9"},"geometry":{"type":"Point","coordinates":[21.238072,46.171443]}},{"type":"Feature","properties":{"lines":"60","arr":["60"],"mode":"bus","angle":-21.9,"mi":9,"l0":"60","c0":"#b20b42"},"geometry":{"type":"Point","coordinates":[21.286047,46.213026]}},{"type":"Feature","properties":{"lines":"60","arr":["60"],"mode":"bus","angle":71.9,"mi":7,"l0":"60","c0":"#b20b42"},"geometry":{"type":"Point","coordinates":[21.282022,46.215]}},{"type":"Feature","properties":{"lines":"60","arr":["60"],"mode":"bus","angle":50,"extra":1,"ei":0,"l0":"60","c0":"#b20b42"},"geometry":{"type":"Point","coordinates":[21.280511,46.216613]}},{"type":"Feature","properties":{"lines":"60","arr":["60"],"mode":"bus","angle":72.6,"extra":1,"ei":1,"l0":"60","c0":"#b20b42"},"geometry":{"type":"Point","coordinates":[21.282815,46.21325]}},{"type":"Feature","properties":{"lines":"60","arr":["60"],"mode":"bus","angle":-19.2,"mi":6,"l0":"60","c0":"#b20b42"},"geometry":{"type":"Point","coordinates":[21.274471,46.216759]}},{"type":"Feature","properties":{"lines":"60","arr":["60"],"mode":"bus","angle":-5.9,"extra":1,"ei":0,"l0":"60","c0":"#b20b42"},"geometry":{"type":"Point","coordinates":[21.278257,46.217011]}},{"type":"Feature","properties":{"lines":"60","arr":["60"],"mode":"bus","angle":-20.7,"extra":1,"ei":1,"l0":"60","c0":"#b20b42"},"geometry":{"type":"Point","coordinates":[21.270424,46.215706]}},{"type":"Feature","properties":{"lines":"60","arr":["60"],"mode":"bus","angle":69.5,"mi":2,"l0":"60","c0":"#b20b42"},"geometry":{"type":"Point","coordinates":[21.270303,46.214149]}},{"type":"Feature","properties":{"lines":"60","arr":["60"],"mode":"bus","angle":69.5,"extra":1,"ei":0,"l0":"60","c0":"#b20b42"},"geometry":{"type":"Point","coordinates":[21.269592,46.215465]}},{"type":"Feature","properties":{"lines":"60","arr":["60"],"mode":"bus","angle":-21.8,"mi":1,"l0":"60","c0":"#b20b42"},"geometry":{"type":"Point","coordinates":[21.273381,46.213459]}},{"type":"Feature","properties":{"lines":"60","arr":["60"],"mode":"bus","angle":70,"l0":"60","c0":"#b20b42"},"geometry":{"type":"Point","coordinates":[21.277952,46.20982]}},{"type":"Feature","properties":{"lines":"60","arr":["60"],"mode":"bus","angle":70.6,"extra":1,"ei":0,"l0":"60","c0":"#b20b42"},"geometry":{"type":"Point","coordinates":[21.276187,46.213221]}},{"type":"Feature","properties":{"lines":"60","arr":["60"],"mode":"bus","angle":70.5,"extra":1,"ei":1,"l0":"60","c0":"#b20b42"},"geometry":{"type":"Point","coordinates":[21.277095,46.21144]}},{"type":"Feature","properties":{"lines":"60","arr":["60"],"mode":"bus","angle":69,"extra":1,"ei":2,"l0":"60","c0":"#b20b42"},"geometry":{"type":"Point","coordinates":[21.278947,46.207888]}},{"type":"Feature","properties":{"lines":"60","arr":["60"],"mode":"bus","angle":69.7,"extra":1,"ei":3,"l0":"60","c0":"#b20b42"},"geometry":{"type":"Point","coordinates":[21.27987,46.206111]}},{"type":"Feature","properties":{"lines":"60","arr":["60"],"mode":"bus","angle":-21.8,"mi":5,"l0":"60","c0":"#b20b42"},"geometry":{"type":"Point","coordinates":[21.275352,46.204191]}},{"type":"Feature","properties":{"lines":"60","arr":["60"],"mode":"bus","angle":-21,"extra":1,"ei":0,"l0":"60","c0":"#b20b42"},"geometry":{"type":"Point","coordinates":[21.271782,46.203218]}},{"type":"Feature","properties":{"lines":"60","arr":["60"],"mode":"bus","angle":-22,"extra":1,"ei":1,"l0":"60","c0":"#b20b42"},"geometry":{"type":"Point","coordinates":[21.279388,46.205308]}},{"type":"Feature","properties":{"lines":"60","arr":["60"],"mode":"bus","angle":69.1,"mi":8,"l0":"60","c0":"#b20b42"},"geometry":{"type":"Point","coordinates":[21.269851,46.204074]}},{"type":"Feature","properties":{"lines":"60","arr":["60"],"mode":"bus","angle":-22.4,"mi":3,"l0":"60","c0":"#b20b42"},"geometry":{"type":"Point","coordinates":[21.270499,46.205642]}},{"type":"Feature","properties":{"lines":"60","arr":["60"],"mode":"bus","angle":69.6,"mi":4,"l0":"60","c0":"#b20b42"},"geometry":{"type":"Point","coordinates":[21.272461,46.204794]}},{"type":"Feature","properties":{"lines":"Ghioroc","arr":["Ghioroc"],"mode":"bus","angle":-72.9,"l0":"Ghioroc","c0":"#b0045c"},"geometry":{"type":"Point","coordinates":[21.593672,46.155925]}},{"type":"Feature","properties":{"lines":"Ghioroc","arr":["Ghioroc"],"mode":"bus","angle":-23.7,"l0":"Ghioroc","c0":"#b0045c"},"geometry":{"type":"Point","coordinates":[21.560651,46.150723]}},{"type":"Feature","properties":{"lines":"Ghioroc","arr":["Ghioroc"],"mode":"bus","angle":36.6,"l0":"Ghioroc","c0":"#b0045c"},"geometry":{"type":"Point","coordinates":[21.531445,46.138649]}},{"type":"Feature","properties":{"lines":"Ghioroc","arr":["Ghioroc"],"mode":"bus","angle":-1.3,"extra":1,"ei":0,"l0":"Ghioroc","c0":"#b0045c"},"geometry":{"type":"Point","coordinates":[21.59211,46.155571]}},{"type":"Feature","properties":{"lines":"Ghioroc","arr":["Ghioroc"],"mode":"bus","angle":-8.3,"extra":1,"ei":1,"l0":"Ghioroc","c0":"#b0045c"},"geometry":{"type":"Point","coordinates":[21.589399,46.155398]}},{"type":"Feature","properties":{"lines":"Ghioroc","arr":["Ghioroc"],"mode":"bus","angle":-14.5,"extra":1,"ei":2,"l0":"Ghioroc","c0":"#b0045c"},"geometry":{"type":"Point","coordinates":[21.586701,46.155127]}},{"type":"Feature","properties":{"lines":"Ghioroc","arr":["Ghioroc"],"mode":"bus","angle":-14.3,"extra":1,"ei":3,"l0":"Ghioroc","c0":"#b0045c"},"geometry":{"type":"Point","coordinates":[21.584247,46.154321]}},{"type":"Feature","properties":{"lines":"Ghioroc","arr":["Ghioroc"],"mode":"bus","angle":-4.3,"extra":1,"ei":4,"l0":"Ghioroc","c0":"#b0045c"},"geometry":{"type":"Point","coordinates":[21.581532,46.154158]}},{"type":"Feature","properties":{"lines":"Ghioroc","arr":["Ghioroc"],"mode":"bus","angle":-5.3,"extra":1,"ei":5,"l0":"Ghioroc","c0":"#b0045c"},"geometry":{"type":"Point","coordinates":[21.578814,46.154004]}},{"type":"Feature","properties":{"lines":"Ghioroc","arr":["Ghioroc"],"mode":"bus","angle":-5.7,"extra":1,"ei":6,"l0":"Ghioroc","c0":"#b0045c"},"geometry":{"type":"Point","coordinates":[21.576098,46.153832]}},{"type":"Feature","properties":{"lines":"Ghioroc","arr":["Ghioroc"],"mode":"bus","angle":-15.9,"extra":1,"ei":7,"l0":"Ghioroc","c0":"#b0045c"},"geometry":{"type":"Point","coordinates":[21.573409,46.153539]}},{"type":"Feature","properties":{"lines":"Ghioroc","arr":["Ghioroc"],"mode":"bus","angle":-17.3,"extra":1,"ei":8,"l0":"Ghioroc","c0":"#b0045c"},"geometry":{"type":"Point","coordinates":[21.570811,46.152964]}},{"type":"Feature","properties":{"lines":"Ghioroc","arr":["Ghioroc"],"mode":"bus","angle":-17.7,"extra":1,"ei":9,"l0":"Ghioroc","c0":"#b0045c"},"geometry":{"type":"Point","coordinates":[21.568208,46.152399]}},{"type":"Feature","properties":{"lines":"Ghioroc","arr":["Ghioroc"],"mode":"bus","angle":-17.5,"extra":1,"ei":10,"l0":"Ghioroc","c0":"#b0045c"},"geometry":{"type":"Point","coordinates":[21.565608,46.151829]}},{"type":"Feature","properties":{"lines":"Ghioroc","arr":["Ghioroc"],"mode":"bus","angle":-17.3,"extra":1,"ei":11,"l0":"Ghioroc","c0":"#b0045c"},"geometry":{"type":"Point","coordinates":[21.563004,46.151267]}},{"type":"Feature","properties":{"lines":"Ghioroc","arr":["Ghioroc"],"mode":"bus","angle":-15,"extra":1,"ei":12,"l0":"Ghioroc","c0":"#b0045c"},"geometry":{"type":"Point","coordinates":[21.557833,46.15008]}},{"type":"Feature","properties":{"lines":"Ghioroc","arr":["Ghioroc"],"mode":"bus","angle":-9.2,"extra":1,"ei":13,"l0":"Ghioroc","c0":"#b0045c"},"geometry":{"type":"Point","coordinates":[21.55517,46.149682]}},{"type":"Feature","properties":{"lines":"Ghioroc","arr":["Ghioroc"],"mode":"bus","angle":-19.2,"extra":1,"ei":14,"l0":"Ghioroc","c0":"#b0045c"},"geometry":{"type":"Point","coordinates":[21.552542,46.149198]}},{"type":"Feature","properties":{"lines":"Ghioroc","arr":["Ghioroc"],"mode":"bus","angle":-36.2,"extra":1,"ei":15,"l0":"Ghioroc","c0":"#b0045c"},"geometry":{"type":"Point","coordinates":[21.550171,46.14829]}},{"type":"Feature","properties":{"lines":"Ghioroc","arr":["Ghioroc"],"mode":"bus","angle":-35.3,"extra":1,"ei":16,"l0":"Ghioroc","c0":"#b0045c"},"geometry":{"type":"Point","coordinates":[21.547963,46.147182]}},{"type":"Feature","properties":{"lines":"Ghioroc","arr":["Ghioroc"],"mode":"bus","angle":-36.6,"extra":1,"ei":17,"l0":"Ghioroc","c0":"#b0045c"},"geometry":{"type":"Point","coordinates":[21.545753,46.146075]}},{"type":"Feature","properties":{"lines":"Ghioroc","arr":["Ghioroc"],"mode":"bus","angle":-36,"extra":1,"ei":18,"l0":"Ghioroc","c0":"#b0045c"},"geometry":{"type":"Point","coordinates":[21.543546,46.144965]}},{"type":"Feature","properties":{"lines":"Ghioroc","arr":["Ghioroc"],"mode":"bus","angle":-35.8,"extra":1,"ei":19,"l0":"Ghioroc","c0":"#b0045c"},"geometry":{"type":"Point","coordinates":[21.541334,46.14386]}},{"type":"Feature","properties":{"lines":"Ghioroc","arr":["Ghioroc"],"mode":"bus","angle":-35.8,"extra":1,"ei":20,"l0":"Ghioroc","c0":"#b0045c"},"geometry":{"type":"Point","coordinates":[21.539124,46.142754]}},{"type":"Feature","properties":{"lines":"Ghioroc","arr":["Ghioroc"],"mode":"bus","angle":-36.1,"extra":1,"ei":21,"l0":"Ghioroc","c0":"#b0045c"},"geometry":{"type":"Point","coordinates":[21.536921,46.14164]}},{"type":"Feature","properties":{"lines":"Ghioroc","arr":["Ghioroc"],"mode":"bus","angle":-36.3,"extra":1,"ei":22,"l0":"Ghioroc","c0":"#b0045c"},"geometry":{"type":"Point","coordinates":[21.534703,46.140541]}},{"type":"Feature","properties":{"lines":"Ghioroc","arr":["Ghioroc"],"mode":"bus","angle":3.2,"l0":"Ghioroc","c0":"#b0045c"},"geometry":{"type":"Point","coordinates":[21.480755,46.145875]}},{"type":"Feature","properties":{"lines":"Ghioroc","arr":["Ghioroc"],"mode":"bus","angle":-52,"mi":1,"l0":"Ghioroc","c0":"#b0045c"},"geometry":{"type":"Point","coordinates":[21.428626,46.156847]}},{"type":"Feature","properties":{"lines":"Ghioroc","arr":["Ghioroc"],"mode":"bus","angle":84.8,"l0":"Ghioroc","c0":"#b0045c"},"geometry":{"type":"Point","coordinates":[21.430494,46.156406]}},{"type":"Feature","properties":{"lines":"Ghioroc","arr":["Ghioroc"],"mode":"bus","angle":28.5,"extra":1,"ei":0,"l0":"Ghioroc","c0":"#b0045c"},"geometry":{"type":"Point","coordinates":[21.530245,46.139092]}},{"type":"Feature","properties":{"lines":"Ghioroc","arr":["Ghioroc"],"mode":"bus","angle":28.2,"extra":1,"ei":1,"l0":"Ghioroc","c0":"#b0045c"},"geometry":{"type":"Point","coordinates":[21.527846,46.139991]}},{"type":"Feature","properties":{"lines":"Ghioroc","arr":["Ghioroc"],"mode":"bus","angle":15.8,"extra":1,"ei":2,"l0":"Ghioroc","c0":"#b0045c"},"geometry":{"type":"Point","coordinates":[21.52535,46.14074]}},{"type":"Feature","properties":{"lines":"Ghioroc","arr":["Ghioroc"],"mode":"bus","angle":16.1,"extra":1,"ei":3,"l0":"Ghioroc","c0":"#b0045c"},"geometry":{"type":"Point","coordinates":[21.522707,46.141207]}},{"type":"Feature","properties":{"lines":"Ghioroc","arr":["Ghioroc"],"mode":"bus","angle":22.6,"extra":1,"ei":4,"l0":"Ghioroc","c0":"#b0045c"},"geometry":{"type":"Point","coordinates":[21.520154,46.14187]}},{"type":"Feature","properties":{"lines":"Ghioroc","arr":["Ghioroc"],"mode":"bus","angle":27.5,"extra":1,"ei":5,"l0":"Ghioroc","c0":"#b0045c"},"geometry":{"type":"Point","coordinates":[21.517715,46.142713]}},{"type":"Feature","properties":{"lines":"Ghioroc","arr":["Ghioroc"],"mode":"bus","angle":26.9,"extra":1,"ei":6,"l0":"Ghioroc","c0":"#b0045c"},"geometry":{"type":"Point","coordinates":[21.515293,46.143582]}},{"type":"Feature","properties":{"lines":"Ghioroc","arr":["Ghioroc"],"mode":"bus","angle":25,"extra":1,"ei":7,"l0":"Ghioroc","c0":"#b0045c"},"geometry":{"type":"Point","coordinates":[21.512839,46.144406]}},{"type":"Feature","properties":{"lines":"Ghioroc","arr":["Ghioroc"],"mode":"bus","angle":4.3,"extra":1,"ei":8,"l0":"Ghioroc","c0":"#b0045c"},"geometry":{"type":"Point","coordinates":[21.510268,46.144996]}},{"type":"Feature","properties":{"lines":"Ghioroc","arr":["Ghioroc"],"mode":"bus","angle":2,"extra":1,"ei":9,"l0":"Ghioroc","c0":"#b0045c"},"geometry":{"type":"Point","coordinates":[21.507543,46.145069]}},{"type":"Feature","properties":{"lines":"Ghioroc","arr":["Ghioroc"],"mode":"bus","angle":2.3,"extra":1,"ei":10,"l0":"Ghioroc","c0":"#b0045c"},"geometry":{"type":"Point","coordinates":[21.504817,46.14514]}},{"type":"Feature","properties":{"lines":"Ghioroc","arr":["Ghioroc"],"mode":"bus","angle":2.3,"extra":1,"ei":11,"l0":"Ghioroc","c0":"#b0045c"},"geometry":{"type":"Point","coordinates":[21.502092,46.145215]}},{"type":"Feature","properties":{"lines":"Ghioroc","arr":["Ghioroc"],"mode":"bus","angle":2.3,"extra":1,"ei":12,"l0":"Ghioroc","c0":"#b0045c"},"geometry":{"type":"Point","coordinates":[21.499367,46.145291]}},{"type":"Feature","properties":{"lines":"Ghioroc","arr":["Ghioroc"],"mode":"bus","angle":2.5,"extra":1,"ei":13,"l0":"Ghioroc","c0":"#b0045c"},"geometry":{"type":"Point","coordinates":[21.496641,46.145371]}},{"type":"Feature","properties":{"lines":"Ghioroc","arr":["Ghioroc"],"mode":"bus","angle":2.3,"extra":1,"ei":14,"l0":"Ghioroc","c0":"#b0045c"},"geometry":{"type":"Point","coordinates":[21.493916,46.145451]}},{"type":"Feature","properties":{"lines":"Ghioroc","arr":["Ghioroc"],"mode":"bus","angle":2.3,"extra":1,"ei":15,"l0":"Ghioroc","c0":"#b0045c"},"geometry":{"type":"Point","coordinates":[21.491191,46.145527]}},{"type":"Feature","properties":{"lines":"Ghioroc","arr":["Ghioroc"],"mode":"bus","angle":2.4,"extra":1,"ei":16,"l0":"Ghioroc","c0":"#b0045c"},"geometry":{"type":"Point","coordinates":[21.488466,46.145606]}},{"type":"Feature","properties":{"lines":"Ghioroc","arr":["Ghioroc"],"mode":"bus","angle":2.6,"extra":1,"ei":17,"l0":"Ghioroc","c0":"#b0045c"},"geometry":{"type":"Point","coordinates":[21.485741,46.145687]}},{"type":"Feature","properties":{"lines":"Ghioroc","arr":["Ghioroc"],"mode":"bus","angle":3.2,"extra":1,"ei":18,"l0":"Ghioroc","c0":"#b0045c"},"geometry":{"type":"Point","coordinates":[21.483017,46.14579]}},{"type":"Feature","properties":{"lines":"Ghioroc","arr":["Ghioroc"],"mode":"bus","angle":3.2,"extra":1,"ei":19,"l0":"Ghioroc","c0":"#b0045c"},"geometry":{"type":"Point","coordinates":[21.47757,46.145992]}},{"type":"Feature","properties":{"lines":"Ghioroc","arr":["Ghioroc"],"mode":"bus","angle":4.4,"extra":1,"ei":20,"l0":"Ghioroc","c0":"#b0045c"},"geometry":{"type":"Point","coordinates":[21.474846,46.146099]}},{"type":"Feature","properties":{"lines":"Ghioroc","arr":["Ghioroc"],"mode":"bus","angle":16.9,"extra":1,"ei":21,"l0":"Ghioroc","c0":"#b0045c"},"geometry":{"type":"Point","coordinates":[21.472171,46.146445]}},{"type":"Feature","properties":{"lines":"Ghioroc","arr":["Ghioroc"],"mode":"bus","angle":18.7,"extra":1,"ei":22,"l0":"Ghioroc","c0":"#b0045c"},"geometry":{"type":"Point","coordinates":[21.469584,46.147044]}},{"type":"Feature","properties":{"lines":"Ghioroc","arr":["Ghioroc"],"mode":"bus","angle":19.4,"extra":1,"ei":23,"l0":"Ghioroc","c0":"#b0045c"},"geometry":{"type":"Point","coordinates":[21.466999,46.147647]}},{"type":"Feature","properties":{"lines":"Ghioroc","arr":["Ghioroc"],"mode":"bus","angle":19.2,"extra":1,"ei":24,"l0":"Ghioroc","c0":"#b0045c"},"geometry":{"type":"Point","coordinates":[21.464423,46.148266]}},{"type":"Feature","properties":{"lines":"Ghioroc","arr":["Ghioroc"],"mode":"bus","angle":19.2,"extra":1,"ei":25,"l0":"Ghioroc","c0":"#b0045c"},"geometry":{"type":"Point","coordinates":[21.461844,46.148882]}},{"type":"Feature","properties":{"lines":"Ghioroc","arr":["Ghioroc"],"mode":"bus","angle":19.7,"extra":1,"ei":26,"l0":"Ghioroc","c0":"#b0045c"},"geometry":{"type":"Point","coordinates":[21.459268,46.149502]}},{"type":"Feature","properties":{"lines":"Ghioroc","arr":["Ghioroc"],"mode":"bus","angle":19,"extra":1,"ei":27,"l0":"Ghioroc","c0":"#b0045c"},"geometry":{"type":"Point","coordinates":[21.456691,46.150121]}},{"type":"Feature","properties":{"lines":"Ghioroc","arr":["Ghioroc"],"mode":"bus","angle":19.1,"extra":1,"ei":28,"l0":"Ghioroc","c0":"#b0045c"},"geometry":{"type":"Point","coordinates":[21.45411,46.150731]}},{"type":"Feature","properties":{"lines":"Ghioroc","arr":["Ghioroc"],"mode":"bus","angle":18.8,"extra":1,"ei":29,"l0":"Ghioroc","c0":"#b0045c"},"geometry":{"type":"Point","coordinates":[21.45153,46.151345]}},{"type":"Feature","properties":{"lines":"Ghioroc","arr":["Ghioroc"],"mode":"bus","angle":19,"extra":1,"ei":30,"l0":"Ghioroc","c0":"#b0045c"},"geometry":{"type":"Point","coordinates":[21.44895,46.151957]}},{"type":"Feature","properties":{"lines":"Ghioroc","arr":["Ghioroc"],"mode":"bus","angle":19.4,"extra":1,"ei":31,"l0":"Ghioroc","c0":"#b0045c"},"geometry":{"type":"Point","coordinates":[21.446376,46.152581]}},{"type":"Feature","properties":{"lines":"Ghioroc","arr":["Ghioroc"],"mode":"bus","angle":19.5,"extra":1,"ei":32,"l0":"Ghioroc","c0":"#b0045c"},"geometry":{"type":"Point","coordinates":[21.443799,46.153201]}},{"type":"Feature","properties":{"lines":"Ghioroc","arr":["Ghioroc"],"mode":"bus","angle":19.1,"extra":1,"ei":33,"l0":"Ghioroc","c0":"#b0045c"},"geometry":{"type":"Point","coordinates":[21.441222,46.15382]}},{"type":"Feature","properties":{"lines":"Ghioroc","arr":["Ghioroc"],"mode":"bus","angle":18.9,"extra":1,"ei":34,"l0":"Ghioroc","c0":"#b0045c"},"geometry":{"type":"Point","coordinates":[21.438645,46.15444]}},{"type":"Feature","properties":{"lines":"Ghioroc","arr":["Ghioroc"],"mode":"bus","angle":19.2,"extra":1,"ei":35,"l0":"Ghioroc","c0":"#b0045c"},"geometry":{"type":"Point","coordinates":[21.436068,46.155058]}},{"type":"Feature","properties":{"lines":"Ghioroc","arr":["Ghioroc"],"mode":"bus","angle":19.5,"extra":1,"ei":36,"l0":"Ghioroc","c0":"#b0045c"},"geometry":{"type":"Point","coordinates":[21.433496,46.155687]}},{"type":"Feature","properties":{"lines":"Ghioroc, Vladimirescu","arr":["Ghioroc","Vladimirescu"],"mode":"bus","angle":20,"l0":"Ghioroc, ","c0":"#b0045c","l1":"Vladimirescu","c1":"#7c5001"},"geometry":{"type":"Point","coordinates":[21.422581,46.15836]}},{"type":"Feature","properties":{"lines":"Ghioroc, Vladimirescu","arr":["Ghioroc","Vladimirescu"],"mode":"bus","angle":20,"extra":1,"ei":0,"l0":"Ghioroc, ","c0":"#b0045c","l1":"Vladimirescu","c1":"#7c5001"},"geometry":{"type":"Point","coordinates":[21.427338,46.157172]}},{"type":"Feature","properties":{"lines":"Ghioroc, Vladimirescu","arr":["Ghioroc","Vladimirescu"],"mode":"bus","angle":19.8,"extra":1,"ei":1,"l0":"Ghioroc, ","c0":"#b0045c","l1":"Vladimirescu","c1":"#7c5001"},"geometry":{"type":"Point","coordinates":[21.424772,46.157814]}},{"type":"Feature","properties":{"lines":"Ghioroc, Vladimirescu","arr":["Ghioroc","Vladimirescu"],"mode":"bus","angle":20.5,"extra":1,"ei":2,"l0":"Ghioroc, ","c0":"#b0045c","l1":"Vladimirescu","c1":"#7c5001"},"geometry":{"type":"Point","coordinates":[21.419646,46.159106]}},{"type":"Feature","properties":{"lines":"Ghioroc, Vladimirescu","arr":["Ghioroc","Vladimirescu"],"mode":"bus","angle":21.4,"extra":1,"ei":3,"l0":"Ghioroc, ","c0":"#b0045c","l1":"Vladimirescu","c1":"#7c5001"},"geometry":{"type":"Point","coordinates":[21.417096,46.159776]}},{"type":"Feature","properties":{"lines":"Ghioroc, Vladimirescu","arr":["Ghioroc","Vladimirescu"],"mode":"bus","angle":25.1,"mi":9,"l0":"Ghioroc, ","c0":"#b0045c","l1":"Vladimirescu","c1":"#7c5001"},"geometry":{"type":"Point","coordinates":[21.40308,46.164012]}},{"type":"Feature","properties":{"lines":"Ghioroc, Vladimirescu","arr":["Ghioroc","Vladimirescu"],"mode":"bus","angle":27.4,"mi":1,"l0":"Ghioroc, ","c0":"#b0045c","l1":"Vladimirescu","c1":"#7c5001"},"geometry":{"type":"Point","coordinates":[21.387875,46.168739]}},{"type":"Feature","properties":{"lines":"Ghioroc, Vladimirescu","arr":["Ghioroc","Vladimirescu"],"mode":"bus","angle":20.7,"extra":1,"ei":0,"l0":"Ghioroc, ","c0":"#b0045c","l1":"Vladimirescu","c1":"#7c5001"},"geometry":{"type":"Point","coordinates":[21.415297,46.160259]}},{"type":"Feature","properties":{"lines":"Ghioroc, Vladimirescu","arr":["Ghioroc","Vladimirescu"],"mode":"bus","angle":22.5,"extra":1,"ei":1,"l0":"Ghioroc, ","c0":"#b0045c","l1":"Vladimirescu","c1":"#7c5001"},"geometry":{"type":"Point","coordinates":[21.412752,46.160939]}},{"type":"Feature","properties":{"lines":"Ghioroc, Vladimirescu","arr":["Ghioroc","Vladimirescu"],"mode":"bus","angle":24.9,"extra":1,"ei":2,"l0":"Ghioroc, ","c0":"#b0045c","l1":"Vladimirescu","c1":"#7c5001"},"geometry":{"type":"Point","coordinates":[21.41027,46.161722]}},{"type":"Feature","properties":{"lines":"Ghioroc, Vladimirescu","arr":["Ghioroc","Vladimirescu"],"mode":"bus","angle":24.8,"extra":1,"ei":3,"l0":"Ghioroc, ","c0":"#b0045c","l1":"Vladimirescu","c1":"#7c5001"},"geometry":{"type":"Point","coordinates":[21.407793,46.162512]}},{"type":"Feature","properties":{"lines":"Ghioroc, Vladimirescu","arr":["Ghioroc","Vladimirescu"],"mode":"bus","angle":25.3,"extra":1,"ei":4,"l0":"Ghioroc, ","c0":"#b0045c","l1":"Vladimirescu","c1":"#7c5001"},"geometry":{"type":"Point","coordinates":[21.405316,46.163303]}},{"type":"Feature","properties":{"lines":"Ghioroc, Vladimirescu","arr":["Ghioroc","Vladimirescu"],"mode":"bus","angle":24.2,"extra":1,"ei":5,"l0":"Ghioroc, ","c0":"#b0045c","l1":"Vladimirescu","c1":"#7c5001"},"geometry":{"type":"Point","coordinates":[21.400363,46.164887]}},{"type":"Feature","properties":{"lines":"Ghioroc, Vladimirescu","arr":["Ghioroc","Vladimirescu"],"mode":"bus","angle":23.7,"extra":1,"ei":6,"l0":"Ghioroc, ","c0":"#b0045c","l1":"Vladimirescu","c1":"#7c5001"},"geometry":{"type":"Point","coordinates":[21.397868,46.165648]}},{"type":"Feature","properties":{"lines":"Ghioroc, Vladimirescu","arr":["Ghioroc","Vladimirescu"],"mode":"bus","angle":23.6,"extra":1,"ei":7,"l0":"Ghioroc, ","c0":"#b0045c","l1":"Vladimirescu","c1":"#7c5001"},"geometry":{"type":"Point","coordinates":[21.395366,46.166401]}},{"type":"Feature","properties":{"lines":"Ghioroc, Vladimirescu","arr":["Ghioroc","Vladimirescu"],"mode":"bus","angle":24.4,"extra":1,"ei":8,"l0":"Ghioroc, ","c0":"#b0045c","l1":"Vladimirescu","c1":"#7c5001"},"geometry":{"type":"Point","coordinates":[21.392878,46.167175]}},{"type":"Feature","properties":{"lines":"Ghioroc, Vladimirescu","arr":["Ghioroc","Vladimirescu"],"mode":"bus","angle":13.4,"extra":1,"ei":9,"l0":"Ghioroc, ","c0":"#b0045c","l1":"Vladimirescu","c1":"#7c5001"},"geometry":{"type":"Point","coordinates":[21.390375,46.167918]}},{"type":"Feature","properties":{"lines":"Ghioroc, Vladimirescu","arr":["Ghioroc","Vladimirescu"],"mode":"bus","angle":72.2,"mi":6,"l0":"Ghioroc, ","c0":"#b0045c","l1":"Vladimirescu","c1":"#7c5001"},"geometry":{"type":"Point","coordinates":[21.393721,46.166339]}},{"type":"Feature","properties":{"lines":"Ghioroc, Vladimirescu","arr":["Ghioroc","Vladimirescu"],"mode":"bus","angle":6.8,"mi":5,"l0":"Ghioroc, ","c0":"#b0045c","l1":"Vladimirescu","c1":"#7c5001"},"geometry":{"type":"Point","coordinates":[21.392082,46.165678]}},{"type":"Feature","properties":{"lines":"Ghioroc, Vladimirescu","arr":["Ghioroc","Vladimirescu"],"mode":"bus","angle":73.7,"mi":2,"l0":"Ghioroc, ","c0":"#b0045c","l1":"Vladimirescu","c1":"#7c5001"},"geometry":{"type":"Point","coordinates":[21.389611,46.166797]}},{"type":"Feature","properties":{"lines":"Ghioroc, Vladimirescu","arr":["Ghioroc","Vladimirescu"],"mode":"bus","angle":28.5,"l0":"Ghioroc, ","c0":"#b0045c","l1":"Vladimirescu","c1":"#7c5001"},"geometry":{"type":"Point","coordinates":[21.382623,46.170926]}},{"type":"Feature","properties":{"lines":"Ghioroc, Vladimirescu","arr":["Ghioroc","Vladimirescu"],"mode":"bus","angle":28,"extra":1,"ei":0,"l0":"Ghioroc, ","c0":"#b0045c","l1":"Vladimirescu","c1":"#7c5001"},"geometry":{"type":"Point","coordinates":[21.385541,46.169851]}},{"type":"Feature","properties":{"lines":"Ghioroc, Vladimirescu","arr":["Ghioroc","Vladimirescu"],"mode":"bus","angle":33.3,"extra":1,"ei":1,"l0":"Ghioroc, ","c0":"#b0045c","l1":"Vladimirescu","c1":"#7c5001"},"geometry":{"type":"Point","coordinates":[21.380768,46.171677]}},{"type":"Feature","properties":{"lines":"31, 52","arr":["31","52"],"mode":"bus","angle":-78.6,"side":-1,"l0":"31, ","c0":"#f57145","l1":"52","c1":"#7c5001"},"geometry":{"type":"Point","coordinates":[21.326741,46.184995]}},{"type":"Feature","properties":{"lines":"1, 3, 6, 16, 18b","arr":["1","3","6","16","18b"],"mode":"tram","angle":-63.3,"side":-1,"l0":"1, ","c0":"#1cab97","l1":"3, ","c1":"#ab0377","l2":"6, ","c2":"#095d97","l3":"16, ","c3":"#446303","l4":"18b","c4":"#9789ff"},"geometry":{"type":"Point","coordinates":[21.31815,46.175362]}},{"type":"Feature","properties":{"lines":"1, 3, 6, 16, 18b","arr":["1","3","6","16","18b"],"mode":"tram","angle":39.6,"extra":1,"ei":0,"l0":"1, ","c0":"#1cab97","l1":"3, ","c1":"#ab0377","l2":"6, ","c2":"#095d97","l3":"16, ","c3":"#446303","l4":"18b","c4":"#9789ff"},"geometry":{"type":"Point","coordinates":[21.318405,46.168382]}},{"type":"Feature","properties":{"lines":"1, 3, 6, 16, 18b","arr":["1","3","6","16","18b"],"mode":"tram","angle":65.8,"extra":1,"ei":1,"l0":"1, ","c0":"#1cab97","l1":"3, ","c1":"#ab0377","l2":"6, ","c2":"#095d97","l3":"16, ","c3":"#446303","l4":"18b","c4":"#9789ff"},"geometry":{"type":"Point","coordinates":[21.316825,46.1699]}},{"type":"Feature","properties":{"lines":"1, 3, 6, 16, 18b","arr":["1","3","6","16","18b"],"mode":"tram","angle":82.6,"extra":1,"ei":2,"l0":"1, ","c0":"#1cab97","l1":"3, ","c1":"#ab0377","l2":"6, ","c2":"#095d97","l3":"16, ","c3":"#446303","l4":"18b","c4":"#9789ff"},"geometry":{"type":"Point","coordinates":[21.315966,46.171687]}},{"type":"Feature","properties":{"lines":"1, 3, 6, 16, 18b","arr":["1","3","6","16","18b"],"mode":"tram","angle":-65.9,"side":-1,"extra":1,"ei":3,"l0":"1, ","c0":"#1cab97","l1":"3, ","c1":"#ab0377","l2":"6, ","c2":"#095d97","l3":"16, ","c3":"#446303","l4":"18b","c4":"#9789ff"},"geometry":{"type":"Point","coordinates":[21.316777,46.173468]}},{"type":"Feature","properties":{"lines":"1, 3, 6, 16, 18b","arr":["1","3","6","16","18b"],"mode":"tram","angle":-66.8,"side":-1,"extra":1,"ei":4,"l0":"1, ","c0":"#1cab97","l1":"3, ","c1":"#ab0377","l2":"6, ","c2":"#095d97","l3":"16, ","c3":"#446303","l4":"18b","c4":"#9789ff"},"geometry":{"type":"Point","coordinates":[21.319134,46.176872]}},{"type":"Feature","properties":{"lines":"1, 3, 6, 16, 18b","arr":["1","3","6","16","18b"],"mode":"tram","angle":-61.8,"side":-1,"extra":1,"ei":5,"l0":"1, ","c0":"#1cab97","l1":"3, ","c1":"#ab0377","l2":"6, ","c2":"#095d97","l3":"16, ","c3":"#446303","l4":"18b","c4":"#9789ff"},"geometry":{"type":"Point","coordinates":[21.320261,46.178591]}},{"type":"Feature","properties":{"lines":"1, 3, 6, 16, 18b","arr":["1","3","6","16","18b"],"mode":"tram","angle":-62.4,"side":-1,"extra":1,"ei":6,"l0":"1, ","c0":"#1cab97","l1":"3, ","c1":"#ab0377","l2":"6, ","c2":"#095d97","l3":"16, ","c3":"#446303","l4":"18b","c4":"#9789ff"},"geometry":{"type":"Point","coordinates":[21.321518,46.180267]}},{"type":"Feature","properties":{"lines":"1, 3, 6, 16, 18b","arr":["1","3","6","16","18b"],"mode":"tram","angle":-61,"side":-1,"extra":1,"ei":7,"l0":"1, ","c0":"#1cab97","l1":"3, ","c1":"#ab0377","l2":"6, ","c2":"#095d97","l3":"16, ","c3":"#446303","l4":"18b","c4":"#9789ff"},"geometry":{"type":"Point","coordinates":[21.322863,46.181909]}},{"type":"Feature","properties":{"lines":"1, 3, 6, 7, 16, 18b","arr":["1","3","6","7","16","18b","31","39b","52","54"],"mode":"tram","angle":-64.5,"side":-1,"l0":"1, ","c0":"#1cab97","l1":"3, ","c1":"#ab0377","l2":"6, ","c2":"#095d97","l3":"7, ","c3":"#cf8a11","l4":"16, ","c4":"#446303","l5":"18b, ","c5":"#9789ff","l6":"31, ","c6":"#f57145","l7":"39b, ","c7":"#999f01","l8":"52, ","c8":"#7c5001","l9":"54","c9":"#f661b9"},"geometry":{"type":"Point","coordinates":[21.32438,46.183873]}},{"type":"Feature","properties":{"lines":"15, 16","arr":["15","16","31","52"],"mode":"tram","angle":-70.4,"l0":"15, ","c0":"#a72d06","l1":"16, ","c1":"#446303","l2":"31, ","c2":"#f57145","l3":"52","c3":"#7c5001"},"geometry":{"type":"Point","coordinates":[21.329381,46.189993]}},{"type":"Feature","properties":{"lines":"15, 16","arr":["15","16","31","52"],"mode":"tram","angle":-33,"extra":1,"ei":0,"l0":"15, ","c0":"#a72d06","l1":"16, ","c1":"#446303","l2":"31, ","c2":"#f57145","l3":"52","c3":"#7c5001"},"geometry":{"type":"Point","coordinates":[21.326614,46.185087]}},{"type":"Feature","properties":{"lines":"15, 16","arr":["15","16","31","52"],"mode":"tram","angle":-70.1,"extra":1,"ei":1,"l0":"15, ","c0":"#a72d06","l1":"16, ","c1":"#446303","l2":"31, ","c2":"#f57145","l3":"52","c3":"#7c5001"},"geometry":{"type":"Point","coordinates":[21.327716,46.186787]}},{"type":"Feature","properties":{"lines":"15, 16","arr":["15","16","31","52"],"mode":"tram","angle":-70.4,"extra":1,"ei":2,"l0":"15, ","c0":"#a72d06","l1":"16, ","c1":"#446303","l2":"31, ","c2":"#f57145","l3":"52","c3":"#7c5001"},"geometry":{"type":"Point","coordinates":[21.328643,46.188563]}},{"type":"Feature","properties":{"lines":"15, 16","arr":["15","16","31","52"],"mode":"tram","angle":-53.1,"extra":1,"ei":3,"l0":"15, ","c0":"#a72d06","l1":"16, ","c1":"#446303","l2":"31, ","c2":"#f57145","l3":"52","c3":"#7c5001"},"geometry":{"type":"Point","coordinates":[21.330648,46.192064]}},{"type":"Feature","properties":{"lines":"15, 16","arr":["15","16","31","52"],"mode":"tram","angle":-52.9,"extra":1,"ei":4,"l0":"15, ","c0":"#a72d06","l1":"16, ","c1":"#446303","l2":"31, ","c2":"#f57145","l3":"52","c3":"#7c5001"},"geometry":{"type":"Point","coordinates":[21.332292,46.193571]}},{"type":"Feature","properties":{"lines":"15, 16","arr":["15","16","31","52"],"mode":"tram","angle":-54.9,"extra":1,"ei":5,"l0":"15, ","c0":"#a72d06","l1":"16, ","c1":"#446303","l2":"31, ","c2":"#f57145","l3":"52","c3":"#7c5001"},"geometry":{"type":"Point","coordinates":[21.333963,46.195064]}},{"type":"Feature","properties":{"lines":"15, 16","arr":["15","16","31"],"mode":"tram","angle":-55.8,"l0":"15, ","c0":"#a72d06","l1":"16, ","c1":"#446303","l2":"31","c2":"#f57145"},"geometry":{"type":"Point","coordinates":[21.334278,46.195431]}},{"type":"Feature","properties":{"lines":"15, 16","arr":["15","16"],"mode":"tram","angle":-53.6,"l0":"15, ","c0":"#a72d06","l1":"16","c1":"#446303"},"geometry":{"type":"Point","coordinates":[21.338609,46.199369]}},{"type":"Feature","properties":{"lines":"15, 16","arr":["15","16"],"mode":"tram","angle":-52.6,"extra":1,"ei":0,"l0":"15, ","c0":"#a72d06","l1":"16","c1":"#446303"},"geometry":{"type":"Point","coordinates":[21.335312,46.196355]}},{"type":"Feature","properties":{"lines":"15, 16","arr":["15","16"],"mode":"tram","angle":-52.4,"extra":1,"ei":1,"l0":"15, ","c0":"#a72d06","l1":"16","c1":"#446303"},"geometry":{"type":"Point","coordinates":[21.336966,46.197856]}},{"type":"Feature","properties":{"lines":"15, 16","arr":["15","16"],"mode":"tram","angle":-51.8,"extra":1,"ei":2,"l0":"15, ","c0":"#a72d06","l1":"16","c1":"#446303"},"geometry":{"type":"Point","coordinates":[21.340283,46.200854]}},{"type":"Feature","properties":{"lines":"15, 16","arr":["15","16"],"mode":"tram","angle":-51.7,"extra":1,"ei":3,"l0":"15, ","c0":"#a72d06","l1":"16","c1":"#446303"},"geometry":{"type":"Point","coordinates":[21.34193,46.20236]}},{"type":"Feature","properties":{"lines":"16","arr":["16","31","52"],"mode":"tram","angle":-54.3,"l0":"16, ","c0":"#446303","l1":"31, ","c1":"#f57145","l2":"52","c2":"#7c5001"},"geometry":{"type":"Point","coordinates":[21.333823,46.195001]}},{"type":"Feature","properties":{"lines":"1, 3, 6, 18b","arr":["1","3","6","18b","39b"],"mode":"tram","angle":-78.1,"l0":"1, ","c0":"#1cab97","l1":"3, ","c1":"#ab0377","l2":"6, ","c2":"#095d97","l3":"18b, ","c3":"#9789ff","l4":"39b","c4":"#999f01"},"geometry":{"type":"Point","coordinates":[21.324922,46.184994]}},{"type":"Feature","properties":{"lines":"1, 3, 6, 15, 18b","arr":["1","3","6","15","18b","21","39b"],"mode":"tram","angle":80.3,"l0":"1, ","c0":"#1cab97","l1":"3, ","c1":"#ab0377","l2":"6, ","c2":"#095d97","l3":"15, ","c3":"#a72d06","l4":"18b, ","c4":"#9789ff","l5":"21, ","c5":"#07ad80","l6":"39b","c6":"#999f01"},"geometry":{"type":"Point","coordinates":[21.3257,46.187588]}},{"type":"Feature","properties":{"lines":"1, 3, 6, 15, 18b","arr":["1","3","6","15","18b","21","39b"],"mode":"tram","angle":-73.9,"side":-1,"extra":1,"ei":0,"l0":"1, ","c0":"#1cab97","l1":"3, ","c1":"#ab0377","l2":"6, ","c2":"#095d97","l3":"15, ","c3":"#a72d06","l4":"18b, ","c4":"#9789ff","l5":"21, ","c5":"#07ad80","l6":"39b","c6":"#999f01"},"geometry":{"type":"Point","coordinates":[21.325267,46.186158]}},{"type":"Feature","properties":{"lines":"1, 3, 6, 15, 18b","arr":["1","3","6","15","18b","21","39b"],"mode":"tram","angle":17.1,"extra":1,"ei":1,"l0":"1, ","c0":"#1cab97","l1":"3, ","c1":"#ab0377","l2":"6, ","c2":"#095d97","l3":"15, ","c3":"#a72d06","l4":"18b, ","c4":"#9789ff","l5":"21, ","c5":"#07ad80","l6":"39b","c6":"#999f01"},"geometry":{"type":"Point","coordinates":[21.323522,46.189182]}},{"type":"Feature","properties":{"lines":"1, 3, 6, 15, 18b","arr":["1","3","6","15","18b","39b"],"mode":"tram","angle":15.3,"l0":"1, ","c0":"#1cab97","l1":"3, ","c1":"#ab0377","l2":"6, ","c2":"#095d97","l3":"15, ","c3":"#a72d06","l4":"18b, ","c4":"#9789ff","l5":"39b","c5":"#999f01"},"geometry":{"type":"Point","coordinates":[21.321024,46.189678]}},{"type":"Feature","properties":{"lines":"1, 3, 6, 15, 18b","arr":["1","3","6","15","18b"],"mode":"tram","angle":16.2,"l0":"1, ","c0":"#1cab97","l1":"3, ","c1":"#ab0377","l2":"6, ","c2":"#095d97","l3":"15, ","c3":"#a72d06","l4":"18b","c4":"#9789ff"},"geometry":{"type":"Point","coordinates":[21.314936,46.190881]}},{"type":"Feature","properties":{"lines":"1, 3, 6, 15, 18b","arr":["1","3","6","15","18b"],"mode":"tram","angle":16,"extra":1,"ei":0,"l0":"1, ","c0":"#1cab97","l1":"3, ","c1":"#ab0377","l2":"6, ","c2":"#095d97","l3":"15, ","c3":"#a72d06","l4":"18b","c4":"#9789ff"},"geometry":{"type":"Point","coordinates":[21.317369,46.190396]}},{"type":"Feature","properties":{"lines":"1, 3, 6, 15, 18b","arr":["1","3","6","15","18b"],"mode":"tram","angle":15.8,"extra":1,"ei":1,"l0":"1, ","c0":"#1cab97","l1":"3, ","c1":"#ab0377","l2":"6, ","c2":"#095d97","l3":"15, ","c3":"#a72d06","l4":"18b","c4":"#9789ff"},"geometry":{"type":"Point","coordinates":[21.312129,46.191445]}},{"type":"Feature","properties":{"lines":"1, 3, 6, 15, 18b","arr":["1","3","6","15","18b","19","46","49b","60"],"mode":"tram","angle":15.8,"l0":"1, ","c0":"#1cab97","l1":"3, ","c1":"#ab0377","l2":"6, ","c2":"#095d97","l3":"15, ","c3":"#a72d06","l4":"18b, ","c4":"#9789ff","l5":"19, ","c5":"#03636c","l6":"46, ","c6":"#a76e00","l7":"49b, ","c7":"#6895fc","l8":"60","c8":"#b20b42"},"geometry":{"type":"Point","coordinates":[21.310255,46.191812]}},{"type":"Feature","properties":{"lines":"1, 3, 6, 15, 18b","arr":["1","3","6","15","18b","46","60"],"mode":"tram","angle":16,"l0":"1, ","c0":"#1cab97","l1":"3, ","c1":"#ab0377","l2":"6, ","c2":"#095d97","l3":"15, ","c3":"#a72d06","l4":"18b, ","c4":"#9789ff","l5":"46, ","c5":"#a76e00","l6":"60","c6":"#b20b42"},"geometry":{"type":"Point","coordinates":[21.308694,46.192122]}},{"type":"Feature","properties":{"lines":"1, 3, 6, 15, 18b","arr":["1","3","6","15","18b"],"mode":"tram","angle":30,"mi":1,"l0":"1, ","c0":"#1cab97","l1":"3, ","c1":"#ab0377","l2":"6, ","c2":"#095d97","l3":"15, ","c3":"#a72d06","l4":"18b","c4":"#9789ff"},"geometry":{"type":"Point","coordinates":[21.307001,46.1926]}},{"type":"Feature","properties":{"lines":"1, 3, 6, 7, 15, 18b","arr":["1","3","6","7","15","18b"],"mode":"tram","angle":52.2,"l0":"1, ","c0":"#1cab97","l1":"3, ","c1":"#ab0377","l2":"6, ","c2":"#095d97","l3":"7, ","c3":"#cf8a11","l4":"15, ","c4":"#a72d06","l5":"18b","c5":"#9789ff"},"geometry":{"type":"Point","coordinates":[21.298959,46.196216]}},{"type":"Feature","properties":{"lines":"1, 3, 6, 7, 15, 18b","arr":["1","3","6","7","15","18b"],"mode":"tram","angle":30.9,"extra":1,"ei":0,"l0":"1, ","c0":"#1cab97","l1":"3, ","c1":"#ab0377","l2":"6, ","c2":"#095d97","l3":"7, ","c3":"#cf8a11","l4":"15, ","c4":"#a72d06","l5":"18b","c5":"#9789ff"},"geometry":{"type":"Point","coordinates":[21.304803,46.1935]}},{"type":"Feature","properties":{"lines":"1, 3, 6, 7, 15, 18b","arr":["1","3","6","7","15","18b"],"mode":"tram","angle":30.8,"extra":1,"ei":1,"l0":"1, ","c0":"#1cab97","l1":"3, ","c1":"#ab0377","l2":"6, ","c2":"#095d97","l3":"7, ","c3":"#cf8a11","l4":"15, ","c4":"#a72d06","l5":"18b","c5":"#9789ff"},"geometry":{"type":"Point","coordinates":[21.302468,46.194477]}},{"type":"Feature","properties":{"lines":"1, 3, 6, 7, 15, 18b","arr":["1","3","6","7","15","18b"],"mode":"tram","angle":51.7,"extra":1,"ei":2,"l0":"1, ","c0":"#1cab97","l1":"3, ","c1":"#ab0377","l2":"6, ","c2":"#095d97","l3":"7, ","c3":"#cf8a11","l4":"15, ","c4":"#a72d06","l5":"18b","c5":"#9789ff"},"geometry":{"type":"Point","coordinates":[21.29661,46.198309]}},{"type":"Feature","properties":{"lines":"1, 3, 6, 7, 15, 18b","arr":["1","3","6","7","15","18b"],"mode":"tram","angle":41.6,"extra":1,"ei":3,"l0":"1, ","c0":"#1cab97","l1":"3, ","c1":"#ab0377","l2":"6, ","c2":"#095d97","l3":"7, ","c3":"#cf8a11","l4":"15, ","c4":"#a72d06","l5":"18b","c5":"#9789ff"},"geometry":{"type":"Point","coordinates":[21.294659,46.199622]}},{"type":"Feature","properties":{"lines":"1, 3, 6, 7, 15, 18b","arr":["1","3","6","7","15","18b"],"mode":"tram","angle":52.3,"mi":1,"l0":"1, ","c0":"#1cab97","l1":"3, ","c1":"#ab0377","l2":"6, ","c2":"#095d97","l3":"7, ","c3":"#cf8a11","l4":"15, ","c4":"#a72d06","l5":"18b","c5":"#9789ff"},"geometry":{"type":"Point","coordinates":[21.298555,46.19652]}},{"type":"Feature","properties":{"lines":"1, 3, 6, 7, 15, 18b","arr":["1","3","6","7","15","18b"],"mode":"tram","angle":41.3,"side":-1,"extra":1,"ei":0,"l0":"1, ","c0":"#1cab97","l1":"3, ","c1":"#ab0377","l2":"6, ","c2":"#095d97","l3":"7, ","c3":"#cf8a11","l4":"15, ","c4":"#a72d06","l5":"18b","c5":"#9789ff"},"geometry":{"type":"Point","coordinates":[21.293298,46.200401]}},{"type":"Feature","properties":{"lines":"1, 3, 6, 7, 15, 18b","arr":["1","3","6","7","15","18b"],"mode":"tram","angle":42.4,"extra":1,"ei":1,"l0":"1, ","c0":"#1cab97","l1":"3, ","c1":"#ab0377","l2":"6, ","c2":"#095d97","l3":"7, ","c3":"#cf8a11","l4":"15, ","c4":"#a72d06","l5":"18b","c5":"#9789ff"},"geometry":{"type":"Point","coordinates":[21.29535,46.199157]}},{"type":"Feature","properties":{"lines":"1, 3, 6, 7, 15, 18b","arr":["1","3","6","7","15","18b"],"mode":"tram","angle":52.3,"side":-1,"extra":1,"ei":2,"l0":"1, ","c0":"#1cab97","l1":"3, ","c1":"#ab0377","l2":"6, ","c2":"#095d97","l3":"7, ","c3":"#cf8a11","l4":"15, ","c4":"#a72d06","l5":"18b","c5":"#9789ff"},"geometry":{"type":"Point","coordinates":[21.297169,46.197756]}},{"type":"Feature","properties":{"lines":"1, 3, 6, 7, 15, 18b","arr":["1","3","6","7","15","18b"],"mode":"tram","angle":31.9,"extra":1,"ei":3,"l0":"1, ","c0":"#1cab97","l1":"3, ","c1":"#ab0377","l2":"6, ","c2":"#095d97","l3":"7, ","c3":"#cf8a11","l4":"15, ","c4":"#a72d06","l5":"18b","c5":"#9789ff"},"geometry":{"type":"Point","coordinates":[21.30092,46.195077]}},{"type":"Feature","properties":{"lines":"1, 3, 6, 7, 15, 18b","arr":["1","3","6","7","15","18b"],"mode":"tram","angle":31.9,"side":-1,"extra":1,"ei":4,"l0":"1, ","c0":"#1cab97","l1":"3, ","c1":"#ab0377","l2":"6, ","c2":"#095d97","l3":"7, ","c3":"#cf8a11","l4":"15, ","c4":"#a72d06","l5":"18b","c5":"#9789ff"},"geometry":{"type":"Point","coordinates":[21.303256,46.194102]}},{"type":"Feature","properties":{"lines":"1, 3, 6, 7, 15, 18b","arr":["1","3","6","7","15","18b"],"mode":"tram","angle":32.2,"side":-1,"extra":1,"ei":5,"l0":"1, ","c0":"#1cab97","l1":"3, ","c1":"#ab0377","l2":"6, ","c2":"#095d97","l3":"7, ","c3":"#cf8a11","l4":"15, ","c4":"#a72d06","l5":"18b","c5":"#9789ff"},"geometry":{"type":"Point","coordinates":[21.305594,46.19313]}},{"type":"Feature","properties":{"lines":"1, 3, 7, 15, 18b","arr":["1","3","7","15","18b"],"mode":"tram","angle":72.5,"mi":1,"l0":"1, ","c0":"#1cab97","l1":"3, ","c1":"#ab0377","l2":"7, ","c2":"#cf8a11","l3":"15, ","c3":"#a72d06","l4":"18b","c4":"#9789ff"},"geometry":{"type":"Point","coordinates":[21.292972,46.200874]}},{"type":"Feature","properties":{"lines":"1, 3, 7, 15, 18b","arr":["1","3","7","15","18b"],"mode":"tram","angle":75.8,"l0":"1, ","c0":"#1cab97","l1":"3, ","c1":"#ab0377","l2":"7, ","c2":"#cf8a11","l3":"15, ","c3":"#a72d06","l4":"18b","c4":"#9789ff"},"geometry":{"type":"Point","coordinates":[21.290915,46.201552]}},{"type":"Feature","properties":{"lines":"1, 1b, 3, 7, 15, 18b","arr":["1","1b","3","7","15","18b"],"mode":"tram","angle":-84.3,"l0":"1, ","c0":"#1cab97","l1":"1b, ","c1":"#126804","l2":"3, ","c2":"#ab0377","l3":"7, ","c3":"#cf8a11","l4":"15, ","c4":"#a72d06","l5":"18b","c5":"#9789ff"},"geometry":{"type":"Point","coordinates":[21.293257,46.203107]}},{"type":"Feature","properties":{"lines":"1, 1b, 3, 7, 15, 18b","arr":["1","1b","3","7","15","18b"],"mode":"tram","angle":-72,"mi":1,"l0":"1, ","c0":"#1cab97","l1":"1b, ","c1":"#126804","l2":"3, ","c2":"#ab0377","l3":"7, ","c3":"#cf8a11","l4":"15, ","c4":"#a72d06","l5":"18b","c5":"#9789ff"},"geometry":{"type":"Point","coordinates":[21.291075,46.202171]}},{"type":"Feature","properties":{"lines":"1, 1b, 3, 6, 7, 15, 18b","arr":["1","1b","3","6","7","15","18b"],"mode":"tram","angle":25.9,"l0":"1, ","c0":"#1cab97","l1":"1b, ","c1":"#126804","l2":"3, ","c2":"#ab0377","l3":"6, ","c3":"#095d97","l4":"7, ","c4":"#cf8a11","l5":"15, ","c5":"#a72d06","l6":"18b","c6":"#9789ff"},"geometry":{"type":"Point","coordinates":[21.291715,46.201148]}},{"type":"Feature","properties":{"lines":"1, 3, 6, 7, 15","arr":["1","3","6","7","15"],"mode":"tram","angle":28.3,"side":-1,"l0":"1, ","c0":"#1cab97","l1":"3, ","c1":"#ab0377","l2":"6, ","c2":"#095d97","l3":"7, ","c3":"#cf8a11","l4":"15","c4":"#a72d06"},"geometry":{"type":"Point","coordinates":[21.307409,46.192357]}},{"type":"Feature","properties":{"lines":"1, 3, 6, 7, 15","arr":["1","3","6","7","15","19","46","49b","60"],"mode":"tram","angle":14.5,"side":-1,"l0":"1, ","c0":"#1cab97","l1":"3, ","c1":"#ab0377","l2":"6, ","c2":"#095d97","l3":"7, ","c3":"#cf8a11","l4":"15, ","c4":"#a72d06","l5":"19, ","c5":"#03636c","l6":"46, ","c6":"#a76e00","l7":"49b, ","c7":"#6895fc","l8":"60","c8":"#b20b42"},"geometry":{"type":"Point","coordinates":[21.309967,46.191825]}},{"type":"Feature","properties":{"lines":"1, 3, 6, 7, 15","arr":["1","3","6","7","15"],"mode":"tram","angle":16,"mi":1,"l0":"1, ","c0":"#1cab97","l1":"3, ","c1":"#ab0377","l2":"6, ","c2":"#095d97","l3":"7, ","c3":"#cf8a11","l4":"15","c4":"#a72d06"},"geometry":{"type":"Point","coordinates":[21.314809,46.190875]}},{"type":"Feature","properties":{"lines":"1, 3, 6, 7, 15","arr":["1","3","6","7","15"],"mode":"tram","angle":15,"side":-1,"extra":1,"ei":0,"l0":"1, ","c0":"#1cab97","l1":"3, ","c1":"#ab0377","l2":"6, ","c2":"#095d97","l3":"7, ","c3":"#cf8a11","l4":"15","c4":"#a72d06"},"geometry":{"type":"Point","coordinates":[21.312218,46.191389]}},{"type":"Feature","properties":{"lines":"1, 3, 6, 7, 15","arr":["1","3","6","7","15"],"mode":"tram","angle":16,"extra":1,"ei":1,"l0":"1, ","c0":"#1cab97","l1":"3, ","c1":"#ab0377","l2":"6, ","c2":"#095d97","l3":"7, ","c3":"#cf8a11","l4":"15","c4":"#a72d06"},"geometry":{"type":"Point","coordinates":[21.317462,46.190347]}},{"type":"Feature","properties":{"lines":"1, 3, 6, 7, 15","arr":["1","3","6","7","15","39b"],"mode":"tram","angle":15.7,"l0":"1, ","c0":"#1cab97","l1":"3, ","c1":"#ab0377","l2":"6, ","c2":"#095d97","l3":"7, ","c3":"#cf8a11","l4":"15, ","c4":"#a72d06","l5":"39b","c5":"#999f01"},"geometry":{"type":"Point","coordinates":[21.321054,46.189641]}},{"type":"Feature","properties":{"lines":"1, 3, 6, 7, 15","arr":["1","3","6","7","15","21","39b"],"mode":"tram","angle":21,"side":-1,"mi":1,"l0":"1, ","c0":"#1cab97","l1":"3, ","c1":"#ab0377","l2":"6, ","c2":"#095d97","l3":"7, ","c3":"#cf8a11","l4":"15, ","c4":"#a72d06","l5":"21, ","c5":"#07ad80","l6":"39b","c6":"#999f01"},"geometry":{"type":"Point","coordinates":[21.323857,46.18907]}},{"type":"Feature","properties":{"lines":"1, 3, 6, 7, 15","arr":["1","3","6","7","15","39b"],"mode":"tram","angle":53.7,"side":-1,"mi":1,"l0":"1, ","c0":"#1cab97","l1":"3, ","c1":"#ab0377","l2":"6, ","c2":"#095d97","l3":"7, ","c3":"#cf8a11","l4":"15, ","c4":"#a72d06","l5":"39b","c5":"#999f01"},"geometry":{"type":"Point","coordinates":[21.324999,46.188467]}},{"type":"Feature","properties":{"lines":"1, 3, 6, 7, 15","arr":["1","3","6","7","15","21","39b"],"mode":"tram","angle":-73.7,"l0":"1, ","c0":"#1cab97","l1":"3, ","c1":"#ab0377","l2":"6, ","c2":"#095d97","l3":"7, ","c3":"#cf8a11","l4":"15, ","c4":"#a72d06","l5":"21, ","c5":"#07ad80","l6":"39b","c6":"#999f01"},"geometry":{"type":"Point","coordinates":[21.325372,46.186547]}},{"type":"Feature","properties":{"lines":"1, 3, 6, 7","arr":["1","3","6","7","39b"],"mode":"tram","angle":-77.1,"l0":"1, ","c0":"#1cab97","l1":"3, ","c1":"#ab0377","l2":"6, ","c2":"#095d97","l3":"7, ","c3":"#cf8a11","l4":"39b","c4":"#999f01"},"geometry":{"type":"Point","coordinates":[21.324848,46.184926]}},{"type":"Feature","properties":{"lines":"1, 3, 6, 7, 16","arr":["1","3","6","7","16"],"mode":"tram","angle":-64.4,"l0":"1, ","c0":"#1cab97","l1":"3, ","c1":"#ab0377","l2":"6, ","c2":"#095d97","l3":"7, ","c3":"#cf8a11","l4":"16","c4":"#446303"},"geometry":{"type":"Point","coordinates":[21.318003,46.175335]}},{"type":"Feature","properties":{"lines":"1, 3, 6, 7, 16","arr":["1","3","6","7","16"],"mode":"tram","angle":-57.9,"extra":1,"ei":0,"l0":"1, ","c0":"#1cab97","l1":"3, ","c1":"#ab0377","l2":"6, ","c2":"#095d97","l3":"7, ","c3":"#cf8a11","l4":"16","c4":"#446303"},"geometry":{"type":"Point","coordinates":[21.323038,46.182366]}},{"type":"Feature","properties":{"lines":"1, 3, 6, 7, 16","arr":["1","3","6","7","16"],"mode":"tram","angle":-60.8,"extra":1,"ei":1,"l0":"1, ","c0":"#1cab97","l1":"3, ","c1":"#ab0377","l2":"6, ","c2":"#095d97","l3":"7, ","c3":"#cf8a11","l4":"16","c4":"#446303"},"geometry":{"type":"Point","coordinates":[21.321617,46.180754]}},{"type":"Feature","properties":{"lines":"1, 3, 6, 7, 16","arr":["1","3","6","7","16"],"mode":"tram","angle":-63.7,"extra":1,"ei":2,"l0":"1, ","c0":"#1cab97","l1":"3, ","c1":"#ab0377","l2":"6, ","c2":"#095d97","l3":"7, ","c3":"#cf8a11","l4":"16","c4":"#446303"},"geometry":{"type":"Point","coordinates":[21.32036,46.179078]}},{"type":"Feature","properties":{"lines":"1, 3, 6, 7, 16","arr":["1","3","6","7","16"],"mode":"tram","angle":-67.2,"extra":1,"ei":3,"l0":"1, ","c0":"#1cab97","l1":"3, ","c1":"#ab0377","l2":"6, ","c2":"#095d97","l3":"7, ","c3":"#cf8a11","l4":"16","c4":"#446303"},"geometry":{"type":"Point","coordinates":[21.319245,46.177355]}},{"type":"Feature","properties":{"lines":"1, 3, 6, 7, 16","arr":["1","3","6","7","16"],"mode":"tram","angle":-64.2,"extra":1,"ei":4,"l0":"1, ","c0":"#1cab97","l1":"3, ","c1":"#ab0377","l2":"6, ","c2":"#095d97","l3":"7, ","c3":"#cf8a11","l4":"16","c4":"#446303"},"geometry":{"type":"Point","coordinates":[21.316971,46.173925]}},{"type":"Feature","properties":{"lines":"1, 3, 6, 7, 16","arr":["1","3","6","7","16"],"mode":"tram","angle":-75.5,"extra":1,"ei":5,"l0":"1, ","c0":"#1cab97","l1":"3, ","c1":"#ab0377","l2":"6, ","c2":"#095d97","l3":"7, ","c3":"#cf8a11","l4":"16","c4":"#446303"},"geometry":{"type":"Point","coordinates":[21.315936,46.17218]}},{"type":"Feature","properties":{"lines":"1, 3, 6, 7, 16","arr":["1","3","6","7","16"],"mode":"tram","angle":69.3,"extra":1,"ei":6,"l0":"1, ","c0":"#1cab97","l1":"3, ","c1":"#ab0377","l2":"6, ","c2":"#095d97","l3":"7, ","c3":"#cf8a11","l4":"16","c4":"#446303"},"geometry":{"type":"Point","coordinates":[21.316502,46.170361]}},{"type":"Feature","properties":{"lines":"1, 3, 6, 7, 16","arr":["1","3","6","7","16"],"mode":"tram","angle":47.4,"side":-1,"extra":1,"ei":7,"l0":"1, ","c0":"#1cab97","l1":"3, ","c1":"#ab0377","l2":"6, ","c2":"#095d97","l3":"7, ","c3":"#cf8a11","l4":"16","c4":"#446303"},"geometry":{"type":"Point","coordinates":[21.317828,46.168725]}},{"type":"Feature","properties":{"lines":"1, 3, 6, 16","arr":["1","3","6","16"],"mode":"tram","angle":55.2,"side":-1,"l0":"1, ","c0":"#1cab97","l1":"3, ","c1":"#ab0377","l2":"6, ","c2":"#095d97","l3":"16","c3":"#446303"},"geometry":{"type":"Point","coordinates":[21.319871,46.167662]}},{"type":"Feature","properties":{"lines":"1b","arr":["1b"],"mode":"tram","angle":-24.3,"l0":"1b","c0":"#126804"},"geometry":{"type":"Point","coordinates":[21.29071,46.201584]}},{"type":"Feature","properties":{"lines":"1b","arr":["1b"],"mode":"tram","angle":6.2,"l0":"1b","c0":"#126804"},"geometry":{"type":"Point","coordinates":[21.266133,46.201625]}},{"type":"Feature","properties":{"lines":"1b","arr":["1b"],"mode":"tram","angle":1,"extra":1,"ei":0,"l0":"1b","c0":"#126804"},"geometry":{"type":"Point","coordinates":[21.281894,46.201286]}},{"type":"Feature","properties":{"lines":"1b","arr":["1b"],"mode":"tram","angle":0.7,"extra":1,"ei":1,"l0":"1b","c0":"#126804"},"geometry":{"type":"Point","coordinates":[21.279167,46.201321]}},{"type":"Feature","properties":{"lines":"1b","arr":["1b"],"mode":"tram","angle":0.4,"extra":1,"ei":2,"l0":"1b","c0":"#126804"},"geometry":{"type":"Point","coordinates":[21.27644,46.201331]}},{"type":"Feature","properties":{"lines":"1b","arr":["1b"],"mode":"tram","angle":1.3,"extra":1,"ei":3,"l0":"1b","c0":"#126804"},"geometry":{"type":"Point","coordinates":[21.273712,46.201358]}},{"type":"Feature","properties":{"lines":"1b","arr":["1b"],"mode":"tram","angle":-1.9,"extra":1,"ei":4,"l0":"1b","c0":"#126804"},"geometry":{"type":"Point","coordinates":[21.270986,46.201333]}},{"type":"Feature","properties":{"lines":"1b","arr":["1b"],"mode":"tram","angle":6.3,"extra":1,"ei":5,"l0":"1b","c0":"#126804"},"geometry":{"type":"Point","coordinates":[21.268267,46.201463]}},{"type":"Feature","properties":{"lines":"1b","arr":["1b"],"mode":"tram","angle":6.2,"extra":1,"ei":6,"l0":"1b","c0":"#126804"},"geometry":{"type":"Point","coordinates":[21.262845,46.201874]}},{"type":"Feature","properties":{"lines":"1b","arr":["1b"],"mode":"tram","angle":6.4,"extra":1,"ei":7,"l0":"1b","c0":"#126804"},"geometry":{"type":"Point","coordinates":[21.260135,46.202087]}},{"type":"Feature","properties":{"lines":"1b","arr":["1b"],"mode":"tram","angle":6,"extra":1,"ei":8,"l0":"1b","c0":"#126804"},"geometry":{"type":"Point","coordinates":[21.257422,46.202286]}},{"type":"Feature","properties":{"lines":"1b","arr":["1b"],"mode":"tram","angle":70.4,"extra":1,"ei":9,"l0":"1b","c0":"#126804"},"geometry":{"type":"Point","coordinates":[21.255753,46.203514]}},{"type":"Feature","properties":{"lines":"1b","arr":["1b"],"mode":"tram","angle":-13.5,"extra":1,"ei":10,"l0":"1b","c0":"#126804"},"geometry":{"type":"Point","coordinates":[21.255935,46.205014]}},{"type":"Feature","properties":{"lines":"1b","arr":["1b"],"mode":"tram","angle":-37.3,"mi":1,"l0":"1b","c0":"#126804"},"geometry":{"type":"Point","coordinates":[21.292674,46.200995]}},{"type":"Feature","properties":{"lines":"1b, 6","arr":["1b","6"],"mode":"tram","angle":-9.1,"l0":"1b, ","c0":"#126804","l1":"6","c1":"#095d97"},"geometry":{"type":"Point","coordinates":[21.287061,46.201515]}},{"type":"Feature","properties":{"lines":"1b, 6","arr":["1b","6"],"mode":"tram","angle":-4.4,"extra":1,"ei":0,"l0":"1b, ","c0":"#126804","l1":"6","c1":"#095d97"},"geometry":{"type":"Point","coordinates":[21.284621,46.201263]}},{"type":"Feature","properties":{"lines":"1b, 6","arr":["1b","6"],"mode":"tram","angle":11.3,"extra":1,"ei":1,"l0":"1b, ","c0":"#126804","l1":"6","c1":"#095d97"},"geometry":{"type":"Point","coordinates":[21.290027,46.20164]}},{"type":"Feature","properties":{"lines":"3","arr":["3","19","49b"],"mode":"tram","angle":14.9,"side":-1,"l0":"3, ","c0":"#ab0377","l1":"19, ","c1":"#03636c","l2":"49b","c2":"#6895fc"},"geometry":{"type":"Point","coordinates":[21.327957,46.144993]}},{"type":"Feature","properties":{"lines":"3","arr":["3","19","49b"],"mode":"tram","angle":1.6,"extra":1,"ei":0,"l0":"3, ","c0":"#ab0377","l1":"19, ","c1":"#03636c","l2":"49b","c2":"#6895fc"},"geometry":{"type":"Point","coordinates":[21.333017,46.144151]}},{"type":"Feature","properties":{"lines":"3","arr":["3","19","49b"],"mode":"tram","angle":14.7,"side":-1,"extra":1,"ei":1,"l0":"3, ","c0":"#ab0377","l1":"19, ","c1":"#03636c","l2":"49b","c2":"#6895fc"},"geometry":{"type":"Point","coordinates":[21.330361,46.14456]}},{"type":"Feature","properties":{"lines":"3","arr":["3","19","49b"],"mode":"tram","angle":14.6,"extra":1,"ei":2,"l0":"3, ","c0":"#ab0377","l1":"19, ","c1":"#03636c","l2":"49b","c2":"#6895fc"},"geometry":{"type":"Point","coordinates":[21.325085,46.145521]}},{"type":"Feature","properties":{"lines":"3","arr":["3","19","49b"],"mode":"tram","angle":13.9,"extra":1,"ei":3,"l0":"3, ","c0":"#ab0377","l1":"19, ","c1":"#03636c","l2":"49b","c2":"#6895fc"},"geometry":{"type":"Point","coordinates":[21.322443,46.145988]}},{"type":"Feature","properties":{"lines":"3","arr":["3","19","49"],"mode":"tram","angle":-85.7,"side":-1,"l0":"3, ","c0":"#ab0377","l1":"19, ","c1":"#03636c","l2":"49","c2":"#b11526"},"geometry":{"type":"Point","coordinates":[21.321823,46.151452]}},{"type":"Feature","properties":{"lines":"3","arr":["3","19","49"],"mode":"tram","angle":-87.8,"side":-1,"extra":1,"ei":0,"l0":"3, ","c0":"#ab0377","l1":"19, ","c1":"#03636c","l2":"49","c2":"#b11526"},"geometry":{"type":"Point","coordinates":[21.321361,46.147238]}},{"type":"Feature","properties":{"lines":"3","arr":["3","19","49"],"mode":"tram","angle":-84.7,"side":-1,"extra":1,"ei":1,"l0":"3, ","c0":"#ab0377","l1":"19, ","c1":"#03636c","l2":"49","c2":"#b11526"},"geometry":{"type":"Point","coordinates":[21.32154,46.149122]}},{"type":"Feature","properties":{"lines":"3","arr":["3","19","49"],"mode":"tram","angle":-89.4,"side":-1,"extra":1,"ei":2,"l0":"3, ","c0":"#ab0377","l1":"19, ","c1":"#03636c","l2":"49","c2":"#b11526"},"geometry":{"type":"Point","coordinates":[21.321909,46.152889]}},{"type":"Feature","properties":{"lines":"3","arr":["3","19","49"],"mode":"tram","angle":88.3,"extra":1,"ei":3,"l0":"3, ","c0":"#ab0377","l1":"19, ","c1":"#03636c","l2":"49","c2":"#b11526"},"geometry":{"type":"Point","coordinates":[21.321888,46.154777]}},{"type":"Feature","properties":{"lines":"3","arr":["3"],"mode":"tram","angle":-83.7,"side":-1,"l0":"3","c0":"#ab0377"},"geometry":{"type":"Point","coordinates":[21.323283,46.162016]}},{"type":"Feature","properties":{"lines":"3","arr":["3"],"mode":"tram","angle":89.8,"extra":1,"ei":0,"l0":"3","c0":"#ab0377"},"geometry":{"type":"Point","coordinates":[21.321823,46.157564]}},{"type":"Feature","properties":{"lines":"3","arr":["3"],"mode":"tram","angle":-75.5,"extra":1,"ei":1,"l0":"3","c0":"#ab0377"},"geometry":{"type":"Point","coordinates":[21.321844,46.159449]}},{"type":"Feature","properties":{"lines":"3","arr":["3"],"mode":"tram","angle":72.7,"extra":1,"ei":2,"l0":"3","c0":"#ab0377"},"geometry":{"type":"Point","coordinates":[21.322352,46.164844]}},{"type":"Feature","properties":{"lines":"3","arr":["3"],"mode":"tram","angle":67.6,"extra":1,"ei":3,"l0":"3","c0":"#ab0377"},"geometry":{"type":"Point","coordinates":[21.321397,46.166613]}},{"type":"Feature","properties":{"lines":"3","arr":["3"],"mode":"tram","angle":48.4,"mi":2,"l0":"3","c0":"#ab0377"},"geometry":{"type":"Point","coordinates":[21.320225,46.167155]}},{"type":"Feature","properties":{"lines":"3","arr":["3"],"mode":"tram","angle":-79.8,"mi":1,"l0":"3","c0":"#ab0377"},"geometry":{"type":"Point","coordinates":[21.323197,46.161919]}},{"type":"Feature","properties":{"lines":"3","arr":["3"],"mode":"tram","angle":67.7,"extra":1,"ei":0,"l0":"3","c0":"#ab0377"},"geometry":{"type":"Point","coordinates":[21.321497,46.166359]}},{"type":"Feature","properties":{"lines":"3","arr":["3"],"mode":"tram","angle":73.8,"extra":1,"ei":1,"l0":"3","c0":"#ab0377"},"geometry":{"type":"Point","coordinates":[21.322421,46.164583]}},{"type":"Feature","properties":{"lines":"3","arr":["3"],"mode":"tram","angle":-87.2,"extra":1,"ei":2,"l0":"3","c0":"#ab0377"},"geometry":{"type":"Point","coordinates":[21.321755,46.159173]}},{"type":"Feature","properties":{"lines":"3","arr":["3"],"mode":"tram","angle":89.8,"extra":1,"ei":3,"l0":"3","c0":"#ab0377"},"geometry":{"type":"Point","coordinates":[21.32177,46.157285]}},{"type":"Feature","properties":{"lines":"3","arr":["3","19","49"],"mode":"tram","angle":-85.2,"mi":1,"l0":"3, ","c0":"#ab0377","l1":"19, ","c1":"#03636c","l2":"49","c2":"#b11526"},"geometry":{"type":"Point","coordinates":[21.321768,46.151487]}},{"type":"Feature","properties":{"lines":"3","arr":["3","19","49"],"mode":"tram","angle":88.4,"side":-1,"extra":1,"ei":0,"l0":"3, ","c0":"#ab0377","l1":"19, ","c1":"#03636c","l2":"49","c2":"#b11526"},"geometry":{"type":"Point","coordinates":[21.321794,46.155599]}},{"type":"Feature","properties":{"lines":"3","arr":["3","19","49"],"mode":"tram","angle":89.9,"side":-1,"extra":1,"ei":1,"l0":"3, ","c0":"#ab0377","l1":"19, ","c1":"#03636c","l2":"49","c2":"#b11526"},"geometry":{"type":"Point","coordinates":[21.321861,46.153711]}},{"type":"Feature","properties":{"lines":"3","arr":["3","19","49"],"mode":"tram","angle":-85,"extra":1,"ei":2,"l0":"3, ","c0":"#ab0377","l1":"19, ","c1":"#03636c","l2":"49","c2":"#b11526"},"geometry":{"type":"Point","coordinates":[21.32158,46.149941]}},{"type":"Feature","properties":{"lines":"3","arr":["3","19","49"],"mode":"tram","angle":-86.5,"extra":1,"ei":3,"l0":"3, ","c0":"#ab0377","l1":"19, ","c1":"#03636c","l2":"49","c2":"#b11526"},"geometry":{"type":"Point","coordinates":[21.321354,46.148059]}},{"type":"Feature","properties":{"lines":"3","arr":["3","19","49","49b"],"mode":"tram","angle":54.3,"l0":"3, ","c0":"#ab0377","l1":"19, ","c1":"#03636c","l2":"49, ","c2":"#b11526","l3":"49b","c3":"#6895fc"},"geometry":{"type":"Point","coordinates":[21.321376,46.146231]}},{"type":"Feature","properties":{"lines":"3","arr":["3","19","49b"],"mode":"tram","angle":14.9,"side":-1,"mi":1,"l0":"3, ","c0":"#ab0377","l1":"19, ","c1":"#03636c","l2":"49b","c2":"#6895fc"},"geometry":{"type":"Point","coordinates":[21.328391,46.14488]}},{"type":"Feature","properties":{"lines":"3","arr":["3","19","49b"],"mode":"tram","angle":14.4,"side":-1,"extra":1,"ei":0,"l0":"3, ","c0":"#ab0377","l1":"19, ","c1":"#03636c","l2":"49b","c2":"#6895fc"},"geometry":{"type":"Point","coordinates":[21.322954,46.145861]}},{"type":"Feature","properties":{"lines":"3","arr":["3","19","49b"],"mode":"tram","angle":14.9,"side":-1,"extra":1,"ei":1,"l0":"3, ","c0":"#ab0377","l1":"19, ","c1":"#03636c","l2":"49b","c2":"#6895fc"},"geometry":{"type":"Point","coordinates":[21.325594,46.145385]}},{"type":"Feature","properties":{"lines":"3","arr":["3","19","49b"],"mode":"tram","angle":14.3,"side":-1,"extra":1,"ei":2,"l0":"3, ","c0":"#ab0377","l1":"19, ","c1":"#03636c","l2":"49b","c2":"#6895fc"},"geometry":{"type":"Point","coordinates":[21.330874,46.144436]}},{"type":"Feature","properties":{"lines":"3","arr":["3","19","49b"],"mode":"tram","angle":-7.8,"side":-1,"extra":1,"ei":3,"l0":"3, ","c0":"#ab0377","l1":"19, ","c1":"#03636c","l2":"49b","c2":"#6895fc"},"geometry":{"type":"Point","coordinates":[21.333544,46.144109]}},{"type":"Feature","properties":{"lines":"3, 18b","arr":["3","18b"],"mode":"tram","angle":20.4,"l0":"3, ","c0":"#ab0377","l1":"18b","c1":"#9789ff"},"geometry":{"type":"Point","coordinates":[21.320298,46.167618]}},{"type":"Feature","properties":{"lines":"6","arr":["6"],"mode":"tram","angle":67.9,"side":-1,"mi":1,"l0":"6","c0":"#095d97"},"geometry":{"type":"Point","coordinates":[21.280086,46.205574]}},{"type":"Feature","properties":{"lines":"6","arr":["6"],"mode":"tram","angle":63.1,"extra":1,"ei":0,"l0":"6","c0":"#095d97"},"geometry":{"type":"Point","coordinates":[21.282377,46.201957]}},{"type":"Feature","properties":{"lines":"6","arr":["6"],"mode":"tram","angle":66.2,"extra":1,"ei":1,"l0":"6","c0":"#095d97"},"geometry":{"type":"Point","coordinates":[21.281273,46.203683]}},{"type":"Feature","properties":{"lines":"6","arr":["6"],"mode":"tram","angle":70.3,"side":-1,"extra":1,"ei":2,"l0":"6","c0":"#095d97"},"geometry":{"type":"Point","coordinates":[21.27924,46.207186]}},{"type":"Feature","properties":{"lines":"6","arr":["6"],"mode":"tram","angle":70.2,"side":-1,"extra":1,"ei":3,"l0":"6","c0":"#095d97"},"geometry":{"type":"Point","coordinates":[21.278318,46.208964]}},{"type":"Feature","properties":{"lines":"6","arr":["6"],"mode":"tram","angle":1.4,"l0":"6","c0":"#095d97"},"geometry":{"type":"Point","coordinates":[21.283903,46.201297]}},{"type":"Feature","properties":{"lines":"6","arr":["6"],"mode":"tram","angle":29.3,"mi":2,"l0":"6","c0":"#095d97"},"geometry":{"type":"Point","coordinates":[21.292095,46.201045]}},{"type":"Feature","properties":{"lines":"7","arr":["7","41","60"],"mode":"tram","angle":-3.4,"l0":"7, ","c0":"#cf8a11","l1":"41, ","c1":"#05617d","l2":"60","c2":"#b20b42"},"geometry":{"type":"Point","coordinates":[21.310434,46.167048]}},{"type":"Feature","properties":{"lines":"7","arr":["7","41","60"],"mode":"tram","angle":10.8,"extra":1,"ei":0,"l0":"7, ","c0":"#cf8a11","l1":"41, ","c1":"#05617d","l2":"60","c2":"#b20b42"},"geometry":{"type":"Point","coordinates":[21.317687,46.166559]}},{"type":"Feature","properties":{"lines":"7","arr":["7","41","60"],"mode":"tram","angle":4.7,"extra":1,"ei":1,"l0":"7, ","c0":"#cf8a11","l1":"41, ","c1":"#05617d","l2":"60","c2":"#b20b42"},"geometry":{"type":"Point","coordinates":[21.315006,46.166894]}},{"type":"Feature","properties":{"lines":"7","arr":["7","41","60"],"mode":"tram","angle":7.9,"extra":1,"ei":2,"l0":"7, ","c0":"#cf8a11","l1":"41, ","c1":"#05617d","l2":"60","c2":"#b20b42"},"geometry":{"type":"Point","coordinates":[21.312288,46.16705]}},{"type":"Feature","properties":{"lines":"7","arr":["7","41","60"],"mode":"tram","angle":-6,"extra":1,"ei":3,"l0":"7, ","c0":"#cf8a11","l1":"41, ","c1":"#05617d","l2":"60","c2":"#b20b42"},"geometry":{"type":"Point","coordinates":[21.306854,46.166887]}},{"type":"Feature","properties":{"lines":"7","arr":["7","41","60"],"mode":"tram","angle":-4.6,"extra":1,"ei":4,"l0":"7, ","c0":"#cf8a11","l1":"41, ","c1":"#05617d","l2":"60","c2":"#b20b42"},"geometry":{"type":"Point","coordinates":[21.304135,46.166742]}},{"type":"Feature","properties":{"lines":"7","arr":["7"],"mode":"tram","angle":-5.1,"l0":"7","c0":"#cf8a11"},"geometry":{"type":"Point","coordinates":[21.296112,46.16627]}},{"type":"Feature","properties":{"lines":"7","arr":["7"],"mode":"tram","angle":-4.3,"extra":1,"ei":0,"l0":"7","c0":"#cf8a11"},"geometry":{"type":"Point","coordinates":[21.300414,46.166526]}},{"type":"Feature","properties":{"lines":"7","arr":["7"],"mode":"tram","angle":-5.2,"extra":1,"ei":1,"l0":"7","c0":"#cf8a11"},"geometry":{"type":"Point","coordinates":[21.292259,46.166064]}},{"type":"Feature","properties":{"lines":"7","arr":["7","21"],"mode":"tram","angle":-78.1,"l0":"7, ","c0":"#cf8a11","l1":"21","c1":"#07ad80"},"geometry":{"type":"Point","coordinates":[21.29361,46.173177]}},{"type":"Feature","properties":{"lines":"7","arr":["7","21"],"mode":"tram","angle":-70.3,"extra":1,"ei":0,"l0":"7, ","c0":"#cf8a11","l1":"21","c1":"#07ad80"},"geometry":{"type":"Point","coordinates":[21.290418,46.166736]}},{"type":"Feature","properties":{"lines":"7","arr":["7","21"],"mode":"tram","angle":-70.2,"extra":1,"ei":1,"l0":"7, ","c0":"#cf8a11","l1":"21","c1":"#07ad80"},"geometry":{"type":"Point","coordinates":[21.29134,46.168513]}},{"type":"Feature","properties":{"lines":"7","arr":["7","21"],"mode":"tram","angle":-71.6,"extra":1,"ei":2,"l0":"7, ","c0":"#cf8a11","l1":"21","c1":"#07ad80"},"geometry":{"type":"Point","coordinates":[21.29222,46.170301]}},{"type":"Feature","properties":{"lines":"7","arr":["7","21"],"mode":"tram","angle":-70.8,"extra":1,"ei":3,"l0":"7, ","c0":"#cf8a11","l1":"21","c1":"#07ad80"},"geometry":{"type":"Point","coordinates":[21.294425,46.175517]}},{"type":"Feature","properties":{"lines":"7","arr":["7","21"],"mode":"tram","angle":-71,"extra":1,"ei":4,"l0":"7, ","c0":"#cf8a11","l1":"21","c1":"#07ad80"},"geometry":{"type":"Point","coordinates":[21.295311,46.177303]}},{"type":"Feature","properties":{"lines":"7","arr":["7","21"],"mode":"tram","angle":-71.3,"extra":1,"ei":5,"l0":"7, ","c0":"#cf8a11","l1":"21","c1":"#07ad80"},"geometry":{"type":"Point","coordinates":[21.296187,46.179092]}},{"type":"Feature","properties":{"lines":"7","arr":["7"],"mode":"tram","angle":-62.1,"l0":"7","c0":"#cf8a11"},"geometry":{"type":"Point","coordinates":[21.302122,46.187338]}},{"type":"Feature","properties":{"lines":"7","arr":["7"],"mode":"tram","angle":-71.5,"extra":1,"ei":0,"l0":"7","c0":"#cf8a11"},"geometry":{"type":"Point","coordinates":[21.297251,46.181264]}},{"type":"Feature","properties":{"lines":"7","arr":["7"],"mode":"tram","angle":-43.4,"side":-1,"extra":1,"ei":1,"l0":"7","c0":"#cf8a11"},"geometry":{"type":"Point","coordinates":[21.298415,46.182937]}},{"type":"Feature","properties":{"lines":"7","arr":["7"],"mode":"tram","angle":-62.1,"extra":1,"ei":2,"l0":"7","c0":"#cf8a11"},"geometry":{"type":"Point","coordinates":[21.299949,46.184471]}},{"type":"Feature","properties":{"lines":"7","arr":["7"],"mode":"tram","angle":-62.4,"extra":1,"ei":3,"l0":"7","c0":"#cf8a11"},"geometry":{"type":"Point","coordinates":[21.301215,46.186144]}},{"type":"Feature","properties":{"lines":"7","arr":["7"],"mode":"tram","angle":-61.8,"extra":1,"ei":4,"l0":"7","c0":"#cf8a11"},"geometry":{"type":"Point","coordinates":[21.303774,46.189479]}},{"type":"Feature","properties":{"lines":"7","arr":["7"],"mode":"tram","angle":-30.5,"extra":1,"ei":5,"l0":"7","c0":"#cf8a11"},"geometry":{"type":"Point","coordinates":[21.305829,46.190615]}},{"type":"Feature","properties":{"lines":"7","arr":["7"],"mode":"tram","angle":-74.1,"side":-1,"extra":1,"ei":6,"l0":"7","c0":"#cf8a11"},"geometry":{"type":"Point","coordinates":[21.307699,46.191906]}},{"type":"Feature","properties":{"lines":"15","arr":["15"],"mode":"tram","angle":47.1,"l0":"15","c0":"#a72d06"},"geometry":{"type":"Point","coordinates":[21.325108,46.184988]}},{"type":"Feature","properties":{"lines":"15","arr":["15"],"mode":"tram","angle":52.4,"mi":1,"l0":"15","c0":"#a72d06"},"geometry":{"type":"Point","coordinates":[21.325024,46.184987]}},{"type":"Feature","properties":{"lines":"18b","arr":["18b"],"mode":"tram","angle":-52.7,"l0":"18b","c0":"#9789ff"},"geometry":{"type":"Point","coordinates":[21.291521,46.202704]}},{"type":"Feature","properties":{"lines":"18b","arr":["18b"],"mode":"tram","angle":32.4,"side":-1,"l0":"18b","c0":"#9789ff"},"geometry":{"type":"Point","coordinates":[21.306551,46.19268]}},{"type":"Feature","properties":{"lines":"18b","arr":["18b","46","60"],"mode":"tram","angle":60.6,"side":-1,"l0":"18b, ","c0":"#9789ff","l1":"46, ","c1":"#a76e00","l2":"60","c2":"#b20b42"},"geometry":{"type":"Point","coordinates":[21.307546,46.192206]}},{"type":"Feature","properties":{"lines":"18b","arr":["18b"],"mode":"tram","angle":-62.3,"mi":1,"l0":"18b","c0":"#9789ff"},"geometry":{"type":"Point","coordinates":[21.301446,46.186523]}},{"type":"Feature","properties":{"lines":"18b","arr":["18b"],"mode":"tram","angle":-36.2,"extra":1,"ei":0,"l0":"18b","c0":"#9789ff"},"geometry":{"type":"Point","coordinates":[21.30686,46.191109]}},{"type":"Feature","properties":{"lines":"18b","arr":["18b"],"mode":"tram","angle":-29.3,"extra":1,"ei":1,"l0":"18b","c0":"#9789ff"},"geometry":{"type":"Point","coordinates":[21.304498,46.190169]}},{"type":"Feature","properties":{"lines":"18b","arr":["18b"],"mode":"tram","angle":-62.5,"extra":1,"ei":2,"l0":"18b","c0":"#9789ff"},"geometry":{"type":"Point","coordinates":[21.303055,46.188604]}},{"type":"Feature","properties":{"lines":"18b","arr":["18b"],"mode":"tram","angle":-62.4,"extra":1,"ei":3,"l0":"18b","c0":"#9789ff"},"geometry":{"type":"Point","coordinates":[21.300497,46.185268]}},{"type":"Feature","properties":{"lines":"18b","arr":["18b"],"mode":"tram","angle":-60.2,"extra":1,"ei":4,"l0":"18b","c0":"#9789ff"},"geometry":{"type":"Point","coordinates":[21.299224,46.183598]}},{"type":"Feature","properties":{"lines":"18b","arr":["18b"],"mode":"tram","angle":-65.1,"extra":1,"ei":5,"l0":"18b","c0":"#9789ff"},"geometry":{"type":"Point","coordinates":[21.297754,46.182075]}},{"type":"Feature","properties":{"lines":"18b","arr":["18b"],"mode":"tram","angle":-71.5,"extra":1,"ei":6,"l0":"18b","c0":"#9789ff"},"geometry":{"type":"Point","coordinates":[21.296752,46.180328]}},{"type":"Feature","properties":{"lines":"18b","arr":["18b","21"],"mode":"tram","angle":-76.6,"l0":"18b, ","c0":"#9789ff","l1":"21","c1":"#07ad80"},"geometry":{"type":"Point","coordinates":[21.293515,46.173041]}},{"type":"Feature","properties":{"lines":"18b","arr":["18b","21"],"mode":"tram","angle":-70.9,"extra":1,"ei":0,"l0":"18b, ","c0":"#9789ff","l1":"21","c1":"#07ad80"},"geometry":{"type":"Point","coordinates":[21.296306,46.179436]}},{"type":"Feature","properties":{"lines":"18b","arr":["18b","21"],"mode":"tram","angle":-71.1,"extra":1,"ei":1,"l0":"18b, ","c0":"#9789ff","l1":"21","c1":"#07ad80"},"geometry":{"type":"Point","coordinates":[21.295433,46.177647]}},{"type":"Feature","properties":{"lines":"18b","arr":["18b","21"],"mode":"tram","angle":-70.8,"extra":1,"ei":2,"l0":"18b, ","c0":"#9789ff","l1":"21","c1":"#07ad80"},"geometry":{"type":"Point","coordinates":[21.294547,46.17586]}},{"type":"Feature","properties":{"lines":"18b","arr":["18b","21"],"mode":"tram","angle":-71.7,"extra":1,"ei":3,"l0":"18b, ","c0":"#9789ff","l1":"21","c1":"#07ad80"},"geometry":{"type":"Point","coordinates":[21.292245,46.170444]}},{"type":"Feature","properties":{"lines":"18b","arr":["18b","21"],"mode":"tram","angle":-70.2,"extra":1,"ei":4,"l0":"18b, ","c0":"#9789ff","l1":"21","c1":"#07ad80"},"geometry":{"type":"Point","coordinates":[21.291369,46.168656]}},{"type":"Feature","properties":{"lines":"18b","arr":["18b","21"],"mode":"tram","angle":-70.2,"extra":1,"ei":5,"l0":"18b, ","c0":"#9789ff","l1":"21","c1":"#07ad80"},"geometry":{"type":"Point","coordinates":[21.290447,46.166878]}},{"type":"Feature","properties":{"lines":"18b","arr":["18b"],"mode":"tram","angle":-5.1,"side":-1,"l0":"18b","c0":"#9789ff"},"geometry":{"type":"Point","coordinates":[21.296074,46.166231]}},{"type":"Feature","properties":{"lines":"18b","arr":["18b"],"mode":"tram","angle":-5.1,"extra":1,"ei":0,"l0":"18b","c0":"#9789ff"},"geometry":{"type":"Point","coordinates":[21.291768,46.166]}},{"type":"Feature","properties":{"lines":"18b","arr":["18b"],"mode":"tram","angle":-5.2,"extra":1,"ei":1,"l0":"18b","c0":"#9789ff"},"geometry":{"type":"Point","coordinates":[21.299923,46.166465]}},{"type":"Feature","properties":{"lines":"18b","arr":["18b","41","60"],"mode":"tram","angle":10.4,"l0":"18b, ","c0":"#9789ff","l1":"41, ","c1":"#05617d","l2":"60","c2":"#b20b42"},"geometry":{"type":"Point","coordinates":[21.311765,46.166499]}},{"type":"Feature","properties":{"lines":"18b","arr":["18b","41","60"],"mode":"tram","angle":-4.5,"extra":1,"ei":0,"l0":"18b, ","c0":"#9789ff","l1":"41, ","c1":"#05617d","l2":"60","c2":"#b20b42"},"geometry":{"type":"Point","coordinates":[21.303092,46.16666]}},{"type":"Feature","properties":{"lines":"18b","arr":["18b","41","60"],"mode":"tram","angle":-3.8,"extra":1,"ei":1,"l0":"18b, ","c0":"#9789ff","l1":"41, ","c1":"#05617d","l2":"60","c2":"#b20b42"},"geometry":{"type":"Point","coordinates":[21.305812,46.166804]}},{"type":"Feature","properties":{"lines":"18b","arr":["18b","41","60"],"mode":"tram","angle":-2.5,"extra":1,"ei":2,"l0":"18b, ","c0":"#9789ff","l1":"41, ","c1":"#05617d","l2":"60","c2":"#b20b42"},"geometry":{"type":"Point","coordinates":[21.30853,46.166951]}},{"type":"Feature","properties":{"lines":"18b","arr":["18b","41","60"],"mode":"tram","angle":9.4,"extra":1,"ei":3,"l0":"18b, ","c0":"#9789ff","l1":"41, ","c1":"#05617d","l2":"60","c2":"#b20b42"},"geometry":{"type":"Point","coordinates":[21.313619,46.166278]}},{"type":"Feature","properties":{"lines":"18b","arr":["18b","41","60"],"mode":"tram","angle":8.4,"extra":1,"ei":4,"l0":"18b, ","c0":"#9789ff","l1":"41, ","c1":"#05617d","l2":"60","c2":"#b20b42"},"geometry":{"type":"Point","coordinates":[21.316288,46.165999]}},{"type":"Feature","properties":{"lines":"18b","arr":["18b","41","60"],"mode":"tram","angle":9.4,"extra":1,"ei":5,"l0":"18b, ","c0":"#9789ff","l1":"41, ","c1":"#05617d","l2":"60","c2":"#b20b42"},"geometry":{"type":"Point","coordinates":[21.318981,46.165701]}},{"type":"Feature","properties":{"lines":"18b","arr":["18b","41","60"],"mode":"tram","angle":-30.6,"side":-1,"extra":1,"ei":6,"l0":"18b, ","c0":"#9789ff","l1":"41, ","c1":"#05617d","l2":"60","c2":"#b20b42"},"geometry":{"type":"Point","coordinates":[21.32032,46.166949]}},{"type":"Feature","properties":{"lines":"18b","arr":["18b"],"mode":"tram","angle":-64.4,"l0":"18b","c0":"#9789ff"},"geometry":{"type":"Point","coordinates":[21.320925,46.167167]}}]}