{"type":"FeatureCollection","features":[{"type":"Feature","geometry":{"type":"LineString","coordinates":[[21.324723,46.18238],[21.324977,46.182341],[21.325231,46.182302],[21.325322,46.182288],[21.325484,46.182263],[21.325738,46.182225],[21.325992,46.182187],[21.326246,46.182148],[21.3265,46.18211],[21.326549,46.182103],[21.326754,46.182072],[21.327008,46.182035],[21.327262,46.181998],[21.327516,46.181961],[21.32777,46.181924],[21.328025,46.181886],[21.328279,46.181849],[21.328533,46.181812],[21.328787,46.181775],[21.329041,46.181737],[21.329296,46.1817],[21.32955,46.181663],[21.329603,46.181655],[21.329675,46.181645],[21.329802,46.181627],[21.329804,46.181626],[21.330058,46.181587],[21.330232,46.18156],[21.330312,46.181548],[21.330565,46.181509],[21.330819,46.18147],[21.330834,46.181467],[21.331072,46.181431],[21.331258,46.181403],[21.331326,46.181392],[21.33158,46.181354],[21.331834,46.181315],[21.332087,46.181276],[21.332341,46.181238],[21.332426,46.181225],[21.332576,46.181202],[21.332595,46.181199],[21.332849,46.18116],[21.333077,46.181125],[21.333085,46.181124],[21.333339,46.181085],[21.333592,46.181047],[21.333846,46.181008],[21.333988,46.180986],[21.334025,46.180982],[21.3341,46.180968],[21.334123,46.180964],[21.33425,46.180945],[21.334354,46.18093],[21.334358,46.18093],[21.334608,46.180895],[21.334649,46.180889],[21.334862,46.180855],[21.335115,46.180815],[21.335368,46.180775],[21.335372,46.180774],[21.335621,46.180734],[21.335874,46.180693],[21.336127,46.180652],[21.33638,46.180611],[21.336633,46.18057],[21.336851,46.180535],[21.336888,46.18053],[21.337143,46.180496],[21.337398,46.180462],[21.337653,46.180428],[21.337656,46.180428],[21.337905,46.180397],[21.337914,46.180396],[21.338119,46.180387],[21.338174,46.180386],[21.338433,46.180378],[21.338438,46.180378],[21.33857,46.180382],[21.338701,46.18039],[21.338774,46.180395],[21.338926,46.180409],[21.338968,46.180416],[21.339081,46.180436],[21.339219,46.180459],[21.339235,46.180461],[21.339472,46.180512],[21.339494,46.180517],[21.33972,46.180564],[21.3398,46.180581],[21.339969,46.180611],[21.340118,46.180638],[21.340217,46.180652],[21.340312,46.180664],[21.340471,46.180678],[21.340717,46.1807],[21.340725,46.180701],[21.340984,46.180708],[21.341029,46.180709],[21.341242,46.180708],[21.341339,46.180707],[21.3415,46.1807],[21.341653,46.180694],[21.341753,46.180681],[21.341999,46.180648],[21.342009,46.180647],[21.342151,46.180631],[21.34226,46.180613],[21.342332,46.180601],[21.342495,46.180569],[21.342509,46.180566],[21.342759,46.180516],[21.342788,46.18051],[21.343,46.180465],[21.343006,46.180464],[21.343252,46.180406],[21.343498,46.180348],[21.343671,46.180308],[21.343744,46.180291],[21.343991,46.180234],[21.344237,46.180177],[21.344284,46.180166],[21.344407,46.180137],[21.344641,46.18008],[21.344985,46.179988],[21.345779,46.1798],[21.3469,46.179546],[21.348563,46.179172],[21.348695,46.179143],[21.348774,46.179124],[21.349152,46.17904],[21.349155,46.17904],[21.349643,46.178932],[21.350802,46.178675],[21.351551,46.178514],[21.352121,46.178385],[21.352781,46.178235],[21.35283,46.178224],[21.353141,46.178149],[21.354755,46.177795],[21.354865,46.17777],[21.355275,46.177676],[21.355827,46.177564],[21.356205,46.177482],[21.35829,46.177029],[21.360062,46.176641],[21.360251,46.1766],[21.360362,46.176577],[21.360445,46.176559],[21.360419,46.176501],[21.360411,46.176484],[21.360405,46.176469],[21.360386,46.176425],[21.360335,46.176311],[21.360257,46.17614],[21.360179,46.175968],[21.360102,46.175796],[21.360024,46.175625],[21.359947,46.175453],[21.359869,46.175282],[21.359863,46.175268],[21.359836,46.175207],[21.359834,46.175205],[21.359218,46.173839],[21.358532,46.172263],[21.358532,46.172262],[21.358504,46.1722],[21.358456,46.172091],[21.35838,46.171919],[21.358327,46.171798],[21.358306,46.171747],[21.358298,46.171728],[21.358214,46.171578],[21.358124,46.171417],[21.358121,46.17141],[21.35804,46.171239],[21.35796,46.171069],[21.357929,46.171002],[21.357908,46.170962],[21.357873,46.170922],[21.357856,46.170906],[21.357838,46.170889],[21.357805,46.170865],[21.357775,46.170849],[21.357738,46.170833],[21.357697,46.170821],[21.357658,46.170812],[21.357631,46.170805],[21.357591,46.170794],[21.357556,46.170788],[21.35754,46.170791],[21.357399,46.170821],[21.357151,46.170873],[21.356902,46.170926],[21.356654,46.170978],[21.356405,46.171031],[21.356157,46.171083],[21.356009,46.171114],[21.355908,46.171136],[21.35566,46.171189],[21.355616,46.171198],[21.355412,46.171241],[21.355385,46.171247],[21.355347,46.171254],[21.355276,46.171281],[21.355258,46.171288],[21.355205,46.171307],[21.355175,46.171315],[21.355142,46.171323],[21.354926,46.17137],[21.354678,46.171424],[21.35443,46.171478],[21.354241,46.17152],[21.354183,46.171533],[21.354134,46.171544],[21.353935,46.171587],[21.353687,46.171641],[21.353639,46.171652],[21.353583,46.171664],[21.353434,46.171688],[21.353322,46.171707],[21.353243,46.171716],[21.353179,46.171723],[21.353144,46.171726],[21.352929,46.171772],[21.352814,46.171797],[21.352682,46.171826],[21.352434,46.171881],[21.352186,46.171935],[21.351939,46.17199],[21.351727,46.172036],[21.351691,46.172044],[21.351442,46.172095],[21.35143,46.172098],[21.351273,46.172148],[21.35122,46.172166],[21.351176,46.172181],[21.351033,46.172226],[21.350985,46.17224],[21.350747,46.172312],[21.350711,46.172323],[21.3505,46.172373],[21.350254,46.172432],[21.350251,46.172432],[21.350059,46.17247],[21.350002,46.17248],[21.349877,46.172501],[21.349745,46.172517],[21.349725,46.172519],[21.349548,46.172533],[21.349482,46.172535],[21.349296,46.172541],[21.349222,46.172543],[21.349083,46.172548],[21.349004,46.172552],[21.348978,46.172559],[21.348948,46.172566],[21.348896,46.172583],[21.348895,46.17262],[21.348891,46.172732],[21.348885,46.172801],[21.34888,46.172854],[21.348863,46.172972],[21.34886,46.172983],[21.348817,46.17316],[21.348801,46.173222],[21.348773,46.173337],[21.348758,46.173395],[21.348724,46.173514],[21.348674,46.173691],[21.348634,46.17383],[21.348621,46.173868],[21.348575,46.174],[21.348554,46.174042],[21.348506,46.174141],[21.348464,46.174212],[21.348366,46.174378],[21.348267,46.174545],[21.348169,46.174711],[21.348132,46.174773],[21.348064,46.174876],[21.348051,46.174895],[21.34797,46.175018],[21.347954,46.175039],[21.347889,46.175125],[21.347826,46.175195],[21.347761,46.175267],[21.347682,46.175344],[21.34756,46.175465],[21.34753,46.175491],[21.347401,46.175604],[21.347371,46.175632],[21.347217,46.175777],[21.347063,46.175922],[21.347004,46.175978],[21.346906,46.176065],[21.346769,46.176187],[21.346746,46.176205],[21.346574,46.176339],[21.34655,46.176358],[21.346426,46.176442],[21.346391,46.176463],[21.346195,46.176582],[21.346173,46.176595],[21.34599,46.176692],[21.345784,46.176802],[21.345746,46.176822],[21.345687,46.176852],[21.345575,46.176907],[21.345555,46.176917],[21.345367,46.177015],[21.345218,46.177093],[21.345158,46.177122],[21.344945,46.177225],[21.344733,46.177329],[21.344662,46.177363],[21.344516,46.177428],[21.344298,46.177526],[21.34408,46.177624],[21.34391,46.1777],[21.343862,46.177722],[21.343646,46.177822],[21.343429,46.177921],[21.343213,46.178021],[21.342996,46.17812],[21.34278,46.17822],[21.342671,46.17827],[21.342565,46.178321],[21.342352,46.178424],[21.342139,46.178527],[21.341926,46.178631],[21.341713,46.178734],[21.341501,46.178837],[21.341288,46.17894],[21.341184,46.17899],[21.341074,46.179042],[21.340859,46.179143],[21.340644,46.179244],[21.340529,46.179299],[21.34051,46.179307],[21.340482,46.17932],[21.340429,46.179344],[21.340407,46.179354],[21.34035,46.17938],[21.340249,46.179425],[21.340211,46.179442],[21.339995,46.179543],[21.33978,46.179643],[21.339565,46.179744],[21.339349,46.179845],[21.339336,46.179851],[21.339136,46.179949],[21.338988,46.180022],[21.338925,46.180054],[21.338718,46.180163],[21.338516,46.180268],[21.338509,46.180273],[21.338311,46.180389],[21.338113,46.180505],[21.337993,46.180576],[21.337914,46.180619],[21.337878,46.180638],[21.337774,46.180688],[21.337702,46.180722],[21.337658,46.180743],[21.337527,46.180799],[21.337484,46.180815],[21.33739,46.180849],[21.337252,46.180893],[21.337208,46.180907],[21.337043,46.180949],[21.33701,46.180955],[21.33688,46.180978],[21.336758,46.180999],[21.336719,46.181006],[21.336503,46.181032],[21.336493,46.181033],[21.336358,46.181048],[21.336245,46.181055],[21.33622,46.181056],[21.336059,46.181062],[21.335983,46.181061],[21.335836,46.181059],[21.335723,46.181056],[21.335463,46.181048],[21.335203,46.181041],[21.335108,46.181038],[21.335038,46.181036],[21.334944,46.181034],[21.334917,46.181033],[21.334695,46.18104],[21.334686,46.18104],[21.334429,46.181049],[21.334391,46.181051],[21.334176,46.181086],[21.334059,46.181105],[21.333923,46.181126],[21.333682,46.181165],[21.333669,46.181167],[21.333415,46.181205],[21.333162,46.181243],[21.332908,46.181281],[21.332654,46.181319],[21.3324,46.181357],[21.332146,46.181395],[21.331892,46.181433],[21.331638,46.181471],[21.331511,46.18149],[21.331384,46.181509],[21.33113,46.181547],[21.330876,46.181585],[21.330622,46.181623],[21.330368,46.181661],[21.330114,46.181699],[21.32986,46.181737],[21.329851,46.181738],[21.329821,46.181743],[21.329738,46.181758],[21.329705,46.181763],[21.325805,46.182323],[21.325659,46.182344],[21.32555,46.182363],[21.325485,46.182374],[21.325331,46.182408],[21.325299,46.182415],[21.325222,46.182434],[21.325076,46.182482],[21.325062,46.182487],[21.324948,46.182531],[21.324841,46.182578],[21.324812,46.182591],[21.32468,46.182652],[21.324631,46.182679],[21.324559,46.182719],[21.324504,46.182749],[21.324454,46.182779],[21.324431,46.182793],[21.324401,46.182811],[21.324259,46.182898],[21.324239,46.182912],[21.324089,46.183013],[21.324062,46.183033],[21.324034,46.183053],[21.323965,46.183088],[21.323912,46.183108],[21.323862,46.18312],[21.323832,46.183125],[21.323804,46.18313],[21.323796,46.183131],[21.323743,46.183138],[21.323733,46.183139],[21.323667,46.183144],[21.323603,46.183147],[21.323559,46.183099],[21.323424,46.182953],[21.323422,46.182951],[21.323328,46.182849],[21.323352,46.182798],[21.323383,46.18273],[21.323396,46.182705],[21.323421,46.182671],[21.323436,46.182656],[21.323448,46.182645],[21.323455,46.182639],[21.323471,46.182629],[21.323504,46.182609],[21.323544,46.182592],[21.323601,46.182571],[21.323648,46.18256],[21.323712,46.182545],[21.323884,46.182508],[21.323902,46.182504],[21.324075,46.182476],[21.324134,46.182467],[21.324389,46.182431],[21.324432,46.182425],[21.324643,46.182392],[21.324723,46.18238]]},"properties":{"line":"7A","dir":"0","headsign":"Podgoria","mode":"bus","color":"#0059a9"}},{"type":"Feature","geometry":{"type":"LineString","coordinates":[[21.324545,46.182407],[21.325322,46.182288],[21.326549,46.182103],[21.329603,46.181655],[21.329675,46.181645],[21.329802,46.181627],[21.330232,46.18156],[21.330834,46.181467],[21.331258,46.181403],[21.332426,46.181225],[21.332576,46.181202],[21.333077,46.181125],[21.333988,46.180986],[21.334025,46.180982],[21.334123,46.180964],[21.33425,46.180945],[21.334358,46.18093],[21.334649,46.180889],[21.335372,46.180774],[21.336851,46.180535],[21.337656,46.180428],[21.337905,46.180397],[21.338119,46.180387],[21.338164,46.180386],[21.338423,46.180378],[21.338433,46.180378],[21.33857,46.180382],[21.338687,46.180389],[21.338774,46.180395],[21.338926,46.180409],[21.338944,46.180412],[21.339081,46.180436],[21.339196,46.180455],[21.339235,46.180461],[21.339444,46.180506],[21.339494,46.180517],[21.339693,46.180558],[21.3398,46.180581],[21.339944,46.180607],[21.340118,46.180638],[21.3402,46.180649],[21.340312,46.180664],[21.340458,46.180677],[21.340714,46.1807],[21.340717,46.1807],[21.340972,46.180707],[21.341029,46.180709],[21.341232,46.180708],[21.341339,46.180707],[21.341495,46.180701],[21.341653,46.180694],[21.341761,46.18068],[21.341999,46.180648],[21.342014,46.180647],[21.342151,46.180631],[21.342269,46.180611],[21.342332,46.180601],[21.342332,46.1806],[21.342495,46.180569],[21.342788,46.18051],[21.343,46.180465],[21.343671,46.180308],[21.344407,46.180137],[21.344641,46.18008],[21.344985,46.179988],[21.345779,46.1798],[21.3469,46.179546],[21.348563,46.179172],[21.348695,46.179143],[21.348774,46.179124],[21.349643,46.178932],[21.350802,46.178675],[21.351551,46.178514],[21.352121,46.178385],[21.352781,46.178235],[21.35283,46.178224],[21.353141,46.178149],[21.354755,46.177795],[21.354865,46.17777],[21.355275,46.177676],[21.355827,46.177564],[21.35829,46.177029],[21.360251,46.1766],[21.360362,46.176577],[21.360445,46.176559],[21.360576,46.17653],[21.360671,46.176509],[21.360729,46.176498],[21.360762,46.176491],[21.365032,46.175555],[21.365151,46.175542],[21.365718,46.175416],[21.365882,46.175384],[21.366291,46.175305],[21.366388,46.175286],[21.366412,46.175343],[21.366426,46.17537],[21.366444,46.175404],[21.366474,46.175455],[21.36648,46.175464],[21.366497,46.175486],[21.366626,46.175575],[21.366626,46.175575],[21.367063,46.175814],[21.367677,46.17617],[21.368148,46.176444],[21.368836,46.17683],[21.369822,46.177372],[21.369973,46.177455],[21.371157,46.178108],[21.371347,46.178213],[21.371594,46.178348],[21.371594,46.178348],[21.371723,46.178452],[21.371765,46.178483],[21.371941,46.17861],[21.371945,46.178615],[21.37207,46.17874],[21.372095,46.178761],[21.372136,46.178795],[21.372176,46.178825],[21.372231,46.178858],[21.372284,46.178882],[21.372287,46.178884],[21.372388,46.178913],[21.37247,46.178927],[21.372535,46.178938],[21.372591,46.178948],[21.372633,46.17896],[21.372679,46.178978],[21.372704,46.178991],[21.372743,46.179011],[21.372762,46.179022],[21.372817,46.179053],[21.372962,46.179137],[21.373008,46.179164],[21.373107,46.179221],[21.373162,46.179252],[21.373361,46.179367],[21.37356,46.179483],[21.37376,46.179598],[21.373852,46.179651],[21.373959,46.179713],[21.374159,46.179828],[21.374162,46.17983],[21.374237,46.179868],[21.37437,46.179935],[21.374544,46.180023],[21.37458,46.180041],[21.374662,46.180083],[21.37472,46.180105],[21.37477,46.18012],[21.374806,46.180128],[21.374852,46.180138],[21.375063,46.180166],[21.375072,46.180167],[21.375315,46.180206],[21.375536,46.180241],[21.375568,46.180243],[21.375655,46.180247],[21.37576,46.180286],[21.375791,46.180315],[21.375832,46.180352],[21.375859,46.180432],[21.375837,46.18051],[21.375836,46.180513],[21.375837,46.180584],[21.375839,46.180634],[21.375848,46.180683],[21.375849,46.180689],[21.375858,46.18077],[21.375858,46.18077],[21.376184,46.180958],[21.376632,46.181197],[21.37745,46.181675],[21.379063,46.182565],[21.38176,46.183906],[21.382869,46.184457],[21.38378,46.184903],[21.385781,46.185878],[21.386207,46.186086],[21.387342,46.186694],[21.388495,46.187292],[21.391821,46.18907],[21.392175,46.189247],[21.392403,46.189348],[21.392576,46.189422],[21.392796,46.189505],[21.392928,46.189551],[21.392928,46.189551],[21.393182,46.189613],[21.399854,46.191128],[21.404314,46.192113],[21.407169,46.192744],[21.40884,46.193089],[21.409918,46.193314],[21.412697,46.193939],[21.41627,46.194771],[21.41627,46.194771],[21.417141,46.194996],[21.418016,46.195248],[21.421501,46.196311],[21.422004,46.196464],[21.428546,46.198523],[21.429858,46.198932],[21.429946,46.198961],[21.430311,46.19908],[21.430572,46.199159],[21.430572,46.199159],[21.431883,46.199466],[21.433806,46.199984],[21.435439,46.200396],[21.435439,46.200396],[21.435686,46.200453],[21.435932,46.200509],[21.436179,46.200566],[21.436426,46.200622],[21.436672,46.200678],[21.436919,46.200735],[21.437166,46.200791],[21.437413,46.200848],[21.437659,46.200904],[21.437716,46.200917],[21.437906,46.20096],[21.438119,46.201009],[21.438119,46.201009],[21.439419,46.201232],[21.439856,46.201308],[21.441702,46.201625],[21.444006,46.202021],[21.445714,46.202321],[21.446455,46.202452],[21.446953,46.202564],[21.447312,46.202659],[21.447312,46.202659],[21.447551,46.202728],[21.447791,46.202798],[21.447992,46.202856],[21.448031,46.202869],[21.448265,46.202948],[21.448424,46.203002],[21.448481,46.203027],[21.448497,46.203034],[21.448715,46.20313],[21.448761,46.20315],[21.450875,46.204345],[21.451606,46.204758],[21.452233,46.205128],[21.452611,46.205347],[21.452966,46.20552],[21.453124,46.205587],[21.453371,46.205689],[21.453371,46.205689],[21.453607,46.205776],[21.454292,46.206008],[21.454646,46.206117],[21.456375,46.206681],[21.457977,46.207172],[21.459621,46.207662],[21.461195,46.208142],[21.462874,46.208638],[21.462957,46.208501]]},"properties":{"line":"13","dir":"0","headsign":"Horia","mode":"bus","color":"#0059a9"}},{"type":"Feature","geometry":{"type":"LineString","coordinates":[[21.462957,46.208501],[21.462874,46.208638],[21.461195,46.208142],[21.459621,46.207662],[21.457977,46.207172],[21.456375,46.206681],[21.454646,46.206117],[21.454292,46.206008],[21.453607,46.205776],[21.453371,46.205689],[21.453371,46.205689],[21.453124,46.205587],[21.452966,46.20552],[21.452611,46.205347],[21.452233,46.205128],[21.451606,46.204758],[21.450875,46.204345],[21.448761,46.20315],[21.448543,46.203054],[21.448481,46.203027],[21.448424,46.203002],[21.448314,46.202965],[21.44808,46.202886],[21.447992,46.202856],[21.447841,46.202812],[21.447601,46.202743],[21.447362,46.202674],[21.447312,46.202659],[21.447312,46.202659],[21.446953,46.202564],[21.446455,46.202452],[21.445714,46.202321],[21.444006,46.202021],[21.441702,46.201625],[21.439856,46.201308],[21.439419,46.201232],[21.438119,46.201009],[21.438119,46.201009],[21.437872,46.200953],[21.437716,46.200917],[21.437626,46.200896],[21.437379,46.20084],[21.437132,46.200783],[21.436885,46.200727],[21.436639,46.200671],[21.436392,46.200614],[21.436145,46.200558],[21.435898,46.200501],[21.435652,46.200445],[21.435439,46.200396],[21.435439,46.200396],[21.433806,46.199984],[21.431883,46.199466],[21.430572,46.199159],[21.430572,46.199159],[21.430311,46.19908],[21.429946,46.198961],[21.429858,46.198932],[21.428546,46.198523],[21.422004,46.196464],[21.421501,46.196311],[21.418016,46.195248],[21.417141,46.194996],[21.41627,46.194771],[21.41627,46.194771],[21.412697,46.193939],[21.409918,46.193314],[21.40884,46.193089],[21.407169,46.192744],[21.404314,46.192113],[21.399854,46.191128],[21.393182,46.189613],[21.392928,46.189551],[21.392928,46.189551],[21.392796,46.189505],[21.392576,46.189422],[21.392403,46.189348],[21.392175,46.189247],[21.391821,46.18907],[21.388495,46.187292],[21.387342,46.186694],[21.386207,46.186086],[21.385781,46.185878],[21.38378,46.184903],[21.382869,46.184457],[21.38176,46.183906],[21.379063,46.182565],[21.37745,46.181675],[21.376632,46.181197],[21.376184,46.180958],[21.375858,46.18077],[21.375849,46.180689],[21.375839,46.180634],[21.375837,46.180592],[21.375837,46.180584],[21.375836,46.180513],[21.37579,46.180564],[21.375723,46.180603],[21.375643,46.180626],[21.375556,46.180631],[21.37551,46.180626],[21.375466,46.180616],[21.375425,46.180602],[21.375358,46.180561],[21.375312,46.180508],[21.375293,46.180448],[21.3753,46.18039],[21.375331,46.180336],[21.375385,46.18029],[21.375455,46.180258],[21.375536,46.180241],[21.375438,46.180225],[21.375185,46.180185],[21.375072,46.180167],[21.374932,46.180148],[21.374852,46.180138],[21.37477,46.18012],[21.37472,46.180105],[21.374682,46.180091],[21.374662,46.180083],[21.374544,46.180023],[21.374472,46.179987],[21.374262,46.179881],[21.374237,46.179868],[21.374162,46.17983],[21.374056,46.179769],[21.373857,46.179654],[21.373852,46.179651],[21.373657,46.179539],[21.373458,46.179423],[21.373258,46.179308],[21.373107,46.179221],[21.373059,46.179193],[21.373008,46.179164],[21.37286,46.179078],[21.372817,46.179053],[21.372743,46.179011],[21.372704,46.178991],[21.372679,46.178978],[21.372654,46.178968],[21.372633,46.17896],[21.372591,46.178948],[21.37247,46.178927],[21.372406,46.178916],[21.372388,46.178913],[21.372287,46.178884],[21.372231,46.178858],[21.37218,46.178828],[21.372176,46.178825],[21.372136,46.178795],[21.37207,46.17874],[21.372017,46.178686],[21.371941,46.17861],[21.371853,46.178546],[21.371723,46.178452],[21.371676,46.178415],[21.371594,46.178348],[21.371594,46.178348],[21.371347,46.178213],[21.371157,46.178108],[21.369973,46.177455],[21.369822,46.177372],[21.368836,46.17683],[21.368148,46.176444],[21.367677,46.17617],[21.367063,46.175814],[21.366626,46.175575],[21.366626,46.175575],[21.366497,46.175486],[21.36648,46.175464],[21.366459,46.17543],[21.366444,46.175404],[21.366426,46.17537],[21.366412,46.175343],[21.366388,46.175286],[21.366291,46.175305],[21.365882,46.175384],[21.365718,46.175416],[21.365151,46.175542],[21.365032,46.175555],[21.360762,46.176491],[21.360729,46.176498],[21.360671,46.176509],[21.360576,46.17653],[21.360445,46.176559],[21.360362,46.176577],[21.360251,46.1766],[21.35829,46.177029],[21.355827,46.177564],[21.355275,46.177676],[21.354865,46.17777],[21.354755,46.177795],[21.353141,46.178149],[21.35283,46.178224],[21.352781,46.178235],[21.352121,46.178385],[21.351551,46.178514],[21.350802,46.178675],[21.349643,46.178932],[21.348774,46.179124],[21.348695,46.179143],[21.348563,46.179172],[21.3469,46.179546],[21.345779,46.1798],[21.344985,46.179988],[21.344641,46.18008],[21.344407,46.180137],[21.343671,46.180308],[21.343,46.180465],[21.342788,46.18051],[21.342495,46.180569],[21.342332,46.1806],[21.342332,46.180601],[21.342151,46.180631],[21.342078,46.180639],[21.341999,46.180648],[21.341825,46.180671],[21.341653,46.180694],[21.34156,46.180698],[21.341339,46.180707],[21.341297,46.180707],[21.341038,46.180709],[21.341029,46.180709],[21.340779,46.180702],[21.340717,46.1807],[21.340522,46.180683],[21.340312,46.180664],[21.340263,46.180658],[21.340118,46.180638],[21.340007,46.180618],[21.3398,46.180581],[21.339755,46.180571],[21.339506,46.180519],[21.339494,46.180517],[21.339259,46.180466],[21.339235,46.180461],[21.339081,46.180436],[21.339007,46.180423],[21.338926,46.180409],[21.338774,46.180395],[21.338751,46.180393],[21.33857,46.180382],[21.338491,46.18038],[21.338433,46.180378],[21.338229,46.180384],[21.338119,46.180387],[21.33797,46.180394],[21.337905,46.180397],[21.337656,46.180428],[21.336851,46.180535],[21.335372,46.180774],[21.334649,46.180889],[21.334358,46.18093],[21.33425,46.180945],[21.334123,46.180964],[21.334025,46.180982],[21.333988,46.180986],[21.333077,46.181125],[21.332576,46.181202],[21.332426,46.181225],[21.331258,46.181403],[21.330834,46.181467],[21.330232,46.18156],[21.329802,46.181627],[21.329675,46.181645],[21.329603,46.181655],[21.326549,46.182103],[21.325322,46.182288],[21.324545,46.182407],[21.324613,46.182581],[21.324559,46.182719],[21.324504,46.182749],[21.324454,46.182779],[21.324401,46.182811],[21.324547,46.182916],[21.324642,46.182992],[21.324712,46.183048],[21.324775,46.183065],[21.324813,46.183072]]},"properties":{"line":"13","dir":"1","headsign":"Podgoria","mode":"bus","color":"#0059a9"}},{"type":"Feature","geometry":{"type":"LineString","coordinates":[[21.324723,46.18238],[21.324977,46.182341],[21.325231,46.182302],[21.325322,46.182288],[21.325484,46.182263],[21.325738,46.182225],[21.325992,46.182187],[21.326246,46.182148],[21.3265,46.18211],[21.326549,46.182103],[21.326754,46.182072],[21.327008,46.182035],[21.327262,46.181998],[21.327516,46.181961],[21.32777,46.181924],[21.328025,46.181886],[21.328279,46.181849],[21.328533,46.181812],[21.328787,46.181775],[21.329041,46.181737],[21.329296,46.1817],[21.32955,46.181663],[21.329603,46.181655],[21.329675,46.181645],[21.329802,46.181627],[21.329804,46.181626],[21.330058,46.181587],[21.330232,46.18156],[21.330312,46.181548],[21.330565,46.181509],[21.330819,46.18147],[21.330834,46.181467],[21.331072,46.181431],[21.331258,46.181403],[21.331326,46.181392],[21.33158,46.181354],[21.331834,46.181315],[21.332087,46.181276],[21.332341,46.181238],[21.332426,46.181225],[21.332576,46.181202],[21.332595,46.181199],[21.332849,46.18116],[21.333077,46.181125],[21.333085,46.181124],[21.333339,46.181085],[21.333592,46.181047],[21.333846,46.181008],[21.333988,46.180986],[21.334025,46.180982],[21.3341,46.180968],[21.334123,46.180964],[21.33425,46.180945],[21.334353,46.18093],[21.334358,46.18093],[21.334586,46.180853],[21.33482,46.180775],[21.335054,46.180697],[21.335201,46.180647],[21.335289,46.18062],[21.335527,46.180547],[21.335655,46.180508],[21.335768,46.180479],[21.336011,46.180415],[21.336029,46.180411],[21.336266,46.180374],[21.336492,46.18034],[21.33652,46.180336],[21.336774,46.1803],[21.337029,46.180263],[21.337263,46.18023],[21.337283,46.180227],[21.337538,46.180191],[21.337792,46.180155],[21.337844,46.180147],[21.338044,46.180113],[21.338128,46.180099],[21.338292,46.180066],[21.338341,46.180056],[21.338534,46.180005],[21.338542,46.180003],[21.338743,46.179923],[21.338752,46.179919],[21.338972,46.179823],[21.338973,46.179823],[21.339188,46.179724],[21.339292,46.179677],[21.339404,46.179624],[21.33962,46.179524],[21.339836,46.179424],[21.340052,46.179324],[21.340105,46.179299],[21.340194,46.179257],[21.340266,46.179222],[21.340319,46.179197],[21.340398,46.179162],[21.340482,46.179123],[21.340698,46.179022],[21.340914,46.178922],[21.341129,46.178822],[21.341345,46.178721],[21.34156,46.178621],[21.341601,46.178602],[21.341779,46.178524],[21.341998,46.178427],[21.342204,46.178337],[21.342218,46.17833],[21.342434,46.178231],[21.34265,46.178131],[21.342825,46.17805],[21.342866,46.178031],[21.343082,46.177932],[21.343287,46.177838],[21.343299,46.177832],[21.343511,46.177728],[21.343724,46.177625],[21.343936,46.177521],[21.344149,46.177417],[21.344361,46.177314],[21.344574,46.17721],[21.344786,46.177107],[21.344999,46.177003],[21.345087,46.17696],[21.345209,46.176897],[21.345355,46.176822],[21.345416,46.176789],[21.345535,46.176724],[21.345597,46.17669],[21.34562,46.176677],[21.345824,46.176566],[21.346012,46.176463],[21.346028,46.176454],[21.34623,46.176342],[21.346342,46.176279],[21.34643,46.176228],[21.346478,46.1762],[21.346613,46.176103],[21.34663,46.176091],[21.346775,46.175966],[21.34685,46.175901],[21.346932,46.175824],[21.347087,46.17568],[21.347242,46.175536],[21.347248,46.17553],[21.347338,46.175444],[21.347396,46.175392],[21.347422,46.175369],[21.34755,46.175247],[21.347633,46.175167],[21.347699,46.175097],[21.34773,46.175064],[21.347823,46.174933],[21.347827,46.174928],[21.347875,46.174854],[21.347928,46.174767],[21.348008,46.174636],[21.348027,46.174599],[21.348077,46.174498],[21.348107,46.174427],[21.348108,46.174425],[21.348131,46.174358],[21.348146,46.174282],[21.348149,46.17424],[21.348152,46.174202],[21.348149,46.174058],[21.348147,46.173878],[21.348144,46.173699],[21.348144,46.173694],[21.348136,46.173518],[21.348127,46.173338],[21.348119,46.173158],[21.348111,46.172979],[21.348102,46.172799],[21.348102,46.172797],[21.348101,46.17278],[21.348097,46.172621],[21.348096,46.172618],[21.348087,46.172506],[21.348083,46.172458],[21.348079,46.172436],[21.348046,46.172258],[21.348046,46.172255],[21.348097,46.17225],[21.348141,46.172245],[21.348269,46.172221],[21.348286,46.172209],[21.34832,46.172196],[21.348339,46.172187],[21.348383,46.172174],[21.348418,46.172168],[21.348461,46.172163],[21.348501,46.172162],[21.348541,46.172164],[21.348586,46.17217],[21.348637,46.172183],[21.348668,46.172194],[21.34873,46.172222],[21.348755,46.172236],[21.348771,46.172245],[21.348883,46.172327],[21.348918,46.172345],[21.348939,46.172355],[21.348988,46.172369],[21.349043,46.172381],[21.349079,46.172385],[21.349135,46.172388],[21.349142,46.172388],[21.349402,46.172382],[21.349661,46.172376],[21.349706,46.172375],[21.349809,46.17237],[21.3499,46.172362],[21.349924,46.172359],[21.349991,46.172351],[21.350057,46.17234],[21.350179,46.172314],[21.350427,46.172261],[21.350675,46.172209],[21.350699,46.172203],[21.350846,46.172176],[21.350927,46.172164],[21.351103,46.172139],[21.35118,46.172129],[21.351254,46.17212],[21.35143,46.172098],[21.351439,46.172096],[21.351687,46.172044],[21.351727,46.172036],[21.351935,46.17199],[21.352183,46.171936],[21.352431,46.171882],[21.352678,46.171827],[21.352814,46.171797],[21.352926,46.171773],[21.353144,46.171726],[21.353177,46.171723],[21.353243,46.171716],[21.353322,46.171707],[21.353431,46.171689],[21.353583,46.171664],[21.353639,46.171652],[21.353683,46.171642],[21.353931,46.171588],[21.354134,46.171544],[21.354179,46.171533],[21.354241,46.17152],[21.354426,46.171479],[21.354674,46.171425],[21.354922,46.171371],[21.355142,46.171323],[21.355171,46.171315],[21.355205,46.171307],[21.355258,46.171288],[21.355276,46.171281],[21.355347,46.171254],[21.355385,46.171247],[21.355408,46.171242],[21.355616,46.171198],[21.355656,46.171189],[21.355904,46.171137],[21.356009,46.171114],[21.356153,46.171084],[21.356401,46.171031],[21.35665,46.170979],[21.356898,46.170927],[21.357147,46.170874],[21.357395,46.170822],[21.35754,46.170791],[21.357556,46.170788],[21.357644,46.17077],[21.357702,46.170759],[21.357798,46.170739],[21.357867,46.170723],[21.357961,46.170766],[21.358005,46.170826],[21.358068,46.170911],[21.358102,46.170966],[21.358115,46.170993],[21.358197,46.171163],[21.358251,46.171274],[21.35829,46.171356],[21.358377,46.171592],[21.35846,46.171769],[21.358631,46.172164],[21.358663,46.172231],[21.359346,46.173813],[21.359968,46.175178],[21.359996,46.17524],[21.360007,46.175265],[21.360238,46.175778],[21.36028,46.175871],[21.360357,46.176043],[21.360433,46.176214],[21.360511,46.176385],[21.360523,46.176412],[21.360536,46.176441],[21.36055,46.176473],[21.360576,46.17653],[21.360586,46.176559],[21.360595,46.176581],[21.360606,46.176609],[21.360624,46.176655],[21.360587,46.176773],[21.360561,46.176746],[21.360501,46.176683],[21.36043,46.176699],[21.360182,46.176753],[21.360055,46.176781],[21.358337,46.177161],[21.355923,46.177688],[21.355899,46.177693],[21.355675,46.17774],[21.355427,46.177792],[21.355178,46.177844],[21.355074,46.177866],[21.354948,46.177892],[21.354929,46.177896],[21.354683,46.177953],[21.354436,46.178009],[21.354189,46.178065],[21.353942,46.178122],[21.353861,46.17814],[21.353694,46.178174],[21.353444,46.178224],[21.353195,46.178274],[21.35296,46.178321],[21.352945,46.178324],[21.352886,46.178336],[21.352697,46.178378],[21.352449,46.178432],[21.352201,46.178487],[21.351954,46.178541],[21.351852,46.178564],[21.351706,46.178596],[21.351459,46.178652],[21.351212,46.178707],[21.350965,46.178763],[21.350787,46.178803],[21.350718,46.178818],[21.350471,46.178875],[21.350224,46.178931],[21.349977,46.178987],[21.349785,46.179031],[21.349731,46.179043],[21.349484,46.179099],[21.349237,46.179155],[21.34922,46.179159],[21.34899,46.179212],[21.348838,46.179246],[21.348749,46.179265],[21.348745,46.179265],[21.348623,46.17929],[21.348494,46.17932],[21.348248,46.179377],[21.348001,46.179433],[21.347755,46.17949],[21.347554,46.179536],[21.347508,46.179547],[21.347261,46.179604],[21.347095,46.179643],[21.347015,46.179663],[21.34677,46.179723],[21.346743,46.179729],[21.346525,46.179781],[21.346279,46.17984],[21.346033,46.179899],[21.345942,46.17992],[21.345788,46.179956],[21.345671,46.179983],[21.345541,46.180017],[21.345484,46.180032],[21.345297,46.180075],[21.345081,46.180125],[21.345051,46.180132],[21.344959,46.180153],[21.344804,46.18019],[21.344709,46.180213],[21.344559,46.180251],[21.344482,46.180271],[21.344315,46.180306],[21.344066,46.18036],[21.343818,46.180413],[21.343695,46.180439],[21.34357,46.180465],[21.343321,46.180518],[21.343222,46.180539],[21.343073,46.18057],[21.342824,46.180622],[21.342575,46.180674],[21.342343,46.180722],[21.342331,46.180724],[21.342077,46.180762],[21.342041,46.180767],[21.341823,46.180792],[21.341769,46.180799],[21.34163,46.180808],[21.34157,46.180811],[21.341419,46.180818],[21.341311,46.180824],[21.341277,46.180826],[21.341166,46.180827],[21.341055,46.180827],[21.340974,46.180827],[21.340816,46.18082],[21.340798,46.180819],[21.340675,46.180814],[21.340539,46.180807],[21.340509,46.180805],[21.340301,46.180788],[21.340285,46.180786],[21.34012,46.180766],[21.340033,46.180752],[21.33978,46.180712],[21.339716,46.180702],[21.339534,46.180663],[21.33931,46.180614],[21.339283,46.180609],[21.339115,46.180579],[21.339031,46.180565],[21.338994,46.180559],[21.338815,46.180538],[21.338771,46.180534],[21.338671,46.180525],[21.338516,46.180513],[21.338511,46.180512],[21.3383,46.180505],[21.338248,46.180506],[21.338043,46.180511],[21.337985,46.180517],[21.337728,46.18054],[21.337661,46.180546],[21.337471,46.180575],[21.337217,46.180612],[21.336963,46.18065],[21.336897,46.18066],[21.336709,46.180688],[21.336455,46.180726],[21.336201,46.180765],[21.335947,46.180803],[21.335693,46.180841],[21.335439,46.180879],[21.33538,46.180888],[21.335186,46.18092],[21.334934,46.180963],[21.334681,46.181005],[21.334676,46.181006],[21.334428,46.181045],[21.334391,46.181051],[21.334175,46.181086],[21.334059,46.181105],[21.333922,46.181127],[21.333682,46.181165],[21.333668,46.181167],[21.333414,46.181205],[21.33316,46.181243],[21.332906,46.181281],[21.332652,46.181319],[21.332399,46.181357],[21.332145,46.181395],[21.331891,46.181433],[21.331637,46.181471],[21.331511,46.18149],[21.331383,46.181509],[21.331129,46.181547],[21.330875,46.181585],[21.330621,46.181623],[21.330367,46.181661],[21.330113,46.181699],[21.329859,46.181737],[21.329851,46.181738],[21.329821,46.181743],[21.329738,46.181758],[21.329705,46.181763],[21.325805,46.182323],[21.325659,46.182344],[21.32555,46.182363],[21.325485,46.182374],[21.325331,46.182408],[21.325299,46.182415],[21.325222,46.182434],[21.325076,46.182482],[21.325062,46.182487],[21.324948,46.182531],[21.324841,46.182578],[21.324812,46.182591],[21.32468,46.182652],[21.324631,46.182679],[21.324559,46.182719],[21.324504,46.182749],[21.324454,46.182779],[21.324431,46.182793],[21.324401,46.182811],[21.324259,46.182898],[21.324239,46.182912],[21.324089,46.183013],[21.324062,46.183033],[21.324034,46.183053],[21.323965,46.183088],[21.323912,46.183108],[21.323862,46.18312],[21.323832,46.183125],[21.323804,46.18313],[21.323796,46.183131],[21.323743,46.183138],[21.323733,46.183139],[21.323667,46.183144],[21.323603,46.183147],[21.323559,46.183099],[21.323424,46.182953],[21.323422,46.182951],[21.323328,46.182849],[21.323352,46.182798],[21.323383,46.18273],[21.323396,46.182705],[21.323421,46.182671],[21.323436,46.182656],[21.323448,46.182645],[21.323455,46.182639],[21.323471,46.182629],[21.323504,46.182609],[21.323544,46.182592],[21.323601,46.182571],[21.323648,46.18256],[21.323712,46.182545],[21.323884,46.182508],[21.323902,46.182504],[21.324075,46.182476],[21.324134,46.182467],[21.324389,46.182431],[21.324432,46.182425],[21.324643,46.182392],[21.324723,46.18238]]},"properties":{"line":"18A","dir":"0","headsign":"Podgoria","mode":"bus","color":"#0059a9"}},{"type":"Feature","geometry":{"type":"LineString","coordinates":[[21.308953,46.191817],[21.309108,46.191806],[21.309211,46.191798],[21.309469,46.191779],[21.309483,46.191778],[21.309728,46.191753],[21.309845,46.191742],[21.309985,46.191726],[21.310011,46.191723],[21.310116,46.191711],[21.310241,46.191692],[21.310416,46.191665],[21.310396,46.191611],[21.310391,46.19158],[21.310391,46.191577],[21.310394,46.19152],[21.310413,46.191489],[21.310451,46.191414],[21.310532,46.191256],[21.310537,46.191244],[21.310564,46.191186],[21.310568,46.19114],[21.310571,46.191066],[21.31057,46.191055],[21.310565,46.190957],[21.310563,46.190876],[21.310563,46.19087],[21.310555,46.190739],[21.310551,46.190695],[21.310546,46.190643],[21.310551,46.190516],[21.31052,46.190336],[21.31051,46.190282],[21.310493,46.19016],[21.310468,46.189981],[21.310442,46.189802],[21.310417,46.189623],[21.310396,46.189478],[21.31039,46.189444],[21.31036,46.189265],[21.310329,46.189086],[21.310299,46.188908],[21.310292,46.188865],[21.310271,46.188729],[21.310245,46.18855],[21.310229,46.188448],[21.310224,46.18842],[21.310219,46.188372],[21.310215,46.188331],[21.310192,46.188192],[21.310163,46.188014],[21.310133,46.187835],[21.310104,46.187656],[21.310075,46.187477],[21.310045,46.187299],[21.310016,46.18712],[21.309986,46.186941],[21.309976,46.186874],[21.309958,46.186763],[21.30993,46.186584],[21.309902,46.186405],[21.309874,46.186226],[21.309847,46.186047],[21.309819,46.185868],[21.309791,46.18569],[21.309781,46.185625],[21.309763,46.185511],[21.309735,46.185332],[21.309707,46.185153],[21.309699,46.1851],[21.30968,46.184974],[21.309654,46.184795],[21.309628,46.184617],[21.309626,46.184602],[21.309599,46.184437],[21.309591,46.18439],[21.309589,46.184376],[21.309569,46.184259],[21.309542,46.184104],[21.30954,46.184081],[21.30953,46.183997],[21.309522,46.183902],[21.30952,46.183884],[21.309526,46.1838],[21.309541,46.183729],[21.309544,46.183714],[21.309567,46.183621],[21.309573,46.183602],[21.309586,46.183554],[21.309588,46.183549],[21.309645,46.183381],[21.309706,46.183206],[21.309765,46.183033],[21.309766,46.182915],[21.309776,46.182844],[21.309782,46.1828],[21.309821,46.18267],[21.309846,46.182587],[21.309866,46.182529],[21.309879,46.182497],[21.309953,46.182316],[21.309946,46.182297],[21.309887,46.182135],[21.309914,46.182046],[21.30995,46.181993],[21.309953,46.18199],[21.309995,46.181952],[21.310036,46.181926],[21.310078,46.181906],[21.310132,46.181892],[21.310189,46.181878],[21.310223,46.181875],[21.31026,46.181874],[21.310288,46.181876],[21.310315,46.181878],[21.310376,46.181894],[21.310432,46.181926],[21.310489,46.181986],[21.310527,46.182037],[21.31056,46.182081],[21.310581,46.182122],[21.310641,46.182155],[21.310674,46.182179],[21.3107,46.182198],[21.310744,46.182246],[21.310797,46.182318],[21.310809,46.182334],[21.310834,46.182364],[21.310863,46.182401],[21.310956,46.182478],[21.311013,46.182524],[21.311061,46.182553],[21.311134,46.182589],[21.311147,46.182594],[21.311249,46.182631],[21.311397,46.182654],[21.311618,46.182687],[21.31165,46.182692],[21.311902,46.182734],[21.311949,46.182742],[21.312123,46.182772],[21.312153,46.18278],[21.312244,46.182805],[21.312371,46.182846],[21.312391,46.182854],[21.312434,46.182871],[21.312616,46.182943],[21.312722,46.182986],[21.312836,46.183037],[21.312872,46.183053],[21.313045,46.183146],[21.313202,46.18323],[21.31325,46.183257],[21.313453,46.183369],[21.313492,46.183391],[21.313604,46.183453],[21.313656,46.183482],[21.313857,46.183596],[21.31397,46.18366],[21.314042,46.183721],[21.314107,46.183776],[21.314217,46.183855],[21.314231,46.183864],[21.314397,46.183984],[21.314578,46.184114],[21.314639,46.184158],[21.314752,46.184246],[21.314924,46.184381],[21.314998,46.184439],[21.31509,46.184518],[21.315253,46.184657],[21.315288,46.184687],[21.315352,46.184739],[21.315425,46.184794],[21.3156,46.184926],[21.315635,46.184952],[21.31576,46.185029],[21.315813,46.18505],[21.315874,46.185075],[21.316056,46.185123],[21.316145,46.185136],[21.316229,46.185145],[21.316318,46.185146],[21.316373,46.185147],[21.316505,46.185168],[21.316574,46.185173],[21.316652,46.185179],[21.316788,46.185181],[21.31683,46.18518],[21.316939,46.185177],[21.317078,46.185159],[21.317084,46.185157],[21.317246,46.185126],[21.317329,46.1851],[21.317567,46.185027],[21.317669,46.184995],[21.317803,46.184951],[21.318037,46.184873],[21.318166,46.18483],[21.31827,46.184794],[21.318315,46.184779],[21.3185,46.18471],[21.318729,46.184626],[21.318958,46.184541],[21.319187,46.184456],[21.319368,46.184389],[21.319416,46.184371],[21.319425,46.184368],[21.31953,46.184331],[21.319646,46.184287],[21.319719,46.18426],[21.319768,46.184242],[21.319875,46.184202],[21.320103,46.184117],[21.320332,46.184032],[21.320561,46.183946],[21.320605,46.18393],[21.320651,46.183913],[21.320789,46.18386],[21.321018,46.183774],[21.321071,46.183754],[21.321246,46.18369],[21.321476,46.183605],[21.321705,46.183521],[21.321758,46.183501],[21.321935,46.183437],[21.322164,46.183352],[21.322394,46.183268],[21.322536,46.183216],[21.32262,46.183174],[21.322637,46.183166],[21.322717,46.183128],[21.322839,46.183081],[21.323067,46.182994],[21.323183,46.18295],[21.323239,46.182929],[21.323271,46.182912],[21.323285,46.1829],[21.323304,46.182884],[21.323328,46.182849],[21.323369,46.18276],[21.323383,46.18273],[21.323396,46.182705],[21.323421,46.182671],[21.323436,46.182656],[21.323455,46.182639],[21.323471,46.182629],[21.323486,46.18262],[21.323504,46.182609],[21.323544,46.182592],[21.323601,46.182571],[21.323707,46.182546],[21.323712,46.182545],[21.323902,46.182504],[21.323945,46.182497],[21.324075,46.182476],[21.324195,46.182459],[21.324432,46.182425],[21.324449,46.182422],[21.324703,46.182383],[21.324956,46.182344],[21.32521,46.182305],[21.325322,46.182288],[21.325464,46.182267],[21.325718,46.182228],[21.325971,46.18219],[21.326225,46.182151],[21.326479,46.182113],[21.326549,46.182103],[21.326733,46.182075],[21.326987,46.182038],[21.327242,46.182001],[21.327496,46.181964],[21.32775,46.181927],[21.328004,46.181889],[21.328258,46.181852],[21.328513,46.181815],[21.328767,46.181778],[21.329021,46.18174],[21.329275,46.181703],[21.329529,46.181666],[21.329603,46.181655],[21.329675,46.181645],[21.329784,46.181629],[21.329802,46.181627],[21.330038,46.18159],[21.330232,46.18156],[21.330291,46.181551],[21.330545,46.181512],[21.330798,46.181473],[21.330834,46.181467],[21.331052,46.181434],[21.331258,46.181403],[21.331306,46.181396],[21.331559,46.181357],[21.331813,46.181318],[21.332067,46.18128],[21.332321,46.181241],[21.332426,46.181225],[21.332574,46.181202],[21.332576,46.181202],[21.332828,46.181163],[21.333064,46.181127],[21.333077,46.181125],[21.333318,46.181088],[21.333572,46.18105],[21.333826,46.181011],[21.333988,46.180986],[21.334025,46.180982],[21.33408,46.180972],[21.334123,46.180964],[21.33425,46.180945],[21.334333,46.180933],[21.334358,46.18093],[21.334567,46.180859],[21.334801,46.180781],[21.335035,46.180703],[21.335201,46.180647],[21.33527,46.180626],[21.335508,46.180553],[21.335655,46.180508],[21.335748,46.180484],[21.335991,46.18042],[21.336029,46.180411],[21.336246,46.180378],[21.336492,46.18034],[21.336499,46.180339],[21.336754,46.180303],[21.337008,46.180266],[21.337263,46.18023],[21.337263,46.18023],[21.337517,46.180194],[21.337772,46.180158],[21.337844,46.180147],[21.338024,46.180117],[21.338128,46.180099],[21.338272,46.18007],[21.338341,46.180056],[21.338514,46.18001],[21.338542,46.180003],[21.338736,46.179926],[21.338743,46.179923],[21.338954,46.179831],[21.338973,46.179823],[21.339171,46.179732],[21.339292,46.179677],[21.339387,46.179633],[21.339603,46.179532],[21.339818,46.179432],[21.340034,46.179332],[21.340105,46.179299],[21.340194,46.179257],[21.340249,46.179231],[21.340319,46.179197],[21.340398,46.179162],[21.340465,46.179131],[21.340681,46.17903],[21.340896,46.17893],[21.341112,46.17883],[21.341327,46.178729],[21.341543,46.178629],[21.341601,46.178602],[21.341761,46.178531],[21.341981,46.178435],[21.3422,46.178338],[21.342204,46.178337],[21.342416,46.178239],[21.342632,46.178139],[21.342825,46.17805],[21.342849,46.178039],[21.343065,46.17794],[21.343281,46.17784],[21.343287,46.177838],[21.343494,46.177736],[21.343707,46.177633],[21.343919,46.177529],[21.344132,46.177426],[21.344344,46.177322],[21.344557,46.177219],[21.344769,46.177115],[21.344982,46.177012],[21.345087,46.17696],[21.345192,46.176906],[21.345355,46.176822],[21.3454,46.176797],[21.345535,46.176724],[21.345597,46.17669],[21.345604,46.176686],[21.345808,46.176575],[21.346012,46.176463],[21.346012,46.176463],[21.346214,46.176351],[21.346342,46.176279],[21.346414,46.176237],[21.346478,46.1762],[21.346599,46.176113],[21.34663,46.176091],[21.346762,46.175977],[21.34685,46.175901],[21.34692,46.175835],[21.347075,46.175691],[21.34723,46.175547],[21.347248,46.17553],[21.347338,46.175444],[21.347384,46.175403],[21.347422,46.175369],[21.347538,46.175258],[21.347633,46.175167],[21.347688,46.175109],[21.34773,46.175064],[21.347814,46.174946],[21.347827,46.174928],[21.347875,46.174854],[21.34792,46.174781],[21.348008,46.174636],[21.34802,46.174612],[21.348077,46.174498],[21.348101,46.17444],[21.348107,46.174427],[21.348131,46.174358],[21.348146,46.174282],[21.348148,46.174254],[21.348152,46.174202],[21.34815,46.174073],[21.348147,46.173893],[21.348144,46.173713],[21.348144,46.173694],[21.348136,46.173532],[21.348128,46.173352],[21.34812,46.173173],[21.348111,46.172993],[21.348103,46.172813],[21.348102,46.172797],[21.348101,46.17278],[21.348097,46.172634],[21.348097,46.172621],[21.348087,46.172506],[21.348083,46.172458],[21.348082,46.17245],[21.348049,46.172272],[21.348046,46.172255],[21.348038,46.172096],[21.348037,46.172094],[21.348023,46.171915],[21.348009,46.171735],[21.347994,46.171556],[21.347987,46.171464],[21.347979,46.171376],[21.347974,46.171313],[21.347972,46.171246],[21.347969,46.171197],[21.347967,46.17117],[21.347962,46.171092],[21.347954,46.171017],[21.347948,46.17097],[21.347929,46.170884],[21.347912,46.170834],[21.347897,46.170788],[21.347839,46.170669],[21.347832,46.170658],[21.347764,46.170543],[21.347726,46.170492],[21.347649,46.170388],[21.347608,46.170332],[21.347603,46.170326],[21.34749,46.17019],[21.347478,46.170175],[21.347422,46.170109],[21.347362,46.170049],[21.347332,46.170022],[21.347173,46.16988],[21.347046,46.169765],[21.347012,46.169738],[21.346889,46.169637],[21.346847,46.1696],[21.346686,46.169459],[21.346569,46.169358],[21.346522,46.169319],[21.346356,46.169181],[21.346189,46.169043],[21.346138,46.169001],[21.346026,46.168904],[21.345864,46.168763],[21.345831,46.168735],[21.345738,46.168662],[21.34569,46.168627],[21.345645,46.168594],[21.345557,46.168529],[21.345507,46.168497],[21.34547,46.168473],[21.345372,46.168409],[21.345312,46.168375],[21.34511,46.168262],[21.345024,46.168213],[21.344901,46.168153],[21.34469,46.168049],[21.344618,46.168014],[21.344475,46.167959],[21.34446,46.167954],[21.344229,46.167872],[21.344057,46.16781],[21.343992,46.167791],[21.343763,46.167726],[21.343753,46.167723],[21.343514,46.167654],[21.343466,46.16764],[21.343268,46.167591],[21.343164,46.167566],[21.34302,46.167533],[21.342774,46.167477],[21.342527,46.16742],[21.342517,46.167418],[21.342281,46.167364],[21.342034,46.167307],[21.341787,46.167251],[21.341541,46.167194],[21.341294,46.167138],[21.341047,46.167081],[21.340801,46.167025],[21.340554,46.166969],[21.340307,46.166912],[21.340061,46.166856],[21.339958,46.166832],[21.339813,46.1668],[21.339693,46.166773],[21.339568,46.166744],[21.339321,46.166686],[21.339075,46.166628],[21.338829,46.166571],[21.338583,46.166513],[21.338337,46.166455],[21.338186,46.16642],[21.338096,46.166399],[21.337854,46.166344],[21.337697,46.166308],[21.337607,46.166288],[21.337361,46.166232],[21.337268,46.166211],[21.337109,46.166182],[21.33687,46.166139],[21.336856,46.166137],[21.336602,46.166099],[21.33653,46.166088],[21.336346,46.166064],[21.336091,46.166032],[21.336026,46.166023],[21.335832,46.166009],[21.335574,46.165991],[21.335555,46.165989],[21.335315,46.165976],[21.335099,46.165965],[21.335055,46.165965],[21.334795,46.165962],[21.334727,46.165961],[21.334535,46.165963],[21.334289,46.165965],[21.334275,46.165965],[21.334015,46.165966],[21.333755,46.165968],[21.333496,46.165969],[21.33324,46.165971],[21.333236,46.165971],[21.332976,46.165974],[21.332716,46.165977],[21.332486,46.165979],[21.332456,46.165979],[21.332197,46.165983],[21.331937,46.165986],[21.331677,46.165989],[21.331417,46.165992],[21.331308,46.165993],[21.331157,46.165995],[21.330898,46.165999],[21.330638,46.166002],[21.33044,46.166005],[21.33038,46.166008],[21.330362,46.166009],[21.330192,46.166004],[21.330175,46.166027],[21.330153,46.166048],[21.330095,46.166078],[21.330062,46.166088],[21.330027,46.166093],[21.329992,46.166095],[21.329941,46.166089],[21.329907,46.166079],[21.329894,46.166076],[21.329853,46.166054],[21.329821,46.166027],[21.3298,46.165994],[21.329792,46.165965],[21.32979,46.16596],[21.329793,46.165924],[21.3298,46.165905],[21.329811,46.165887],[21.329829,46.165803],[21.329832,46.165796],[21.329851,46.165749],[21.329874,46.165705],[21.329914,46.165628],[21.329915,46.165627],[21.329984,46.165518],[21.330025,46.165465],[21.330092,46.165379],[21.330138,46.165301],[21.330238,46.165135],[21.330338,46.164969],[21.330438,46.164803],[21.330538,46.164637],[21.330638,46.164471],[21.330672,46.164415],[21.330736,46.164304],[21.330832,46.164137],[21.330928,46.16397],[21.33097,46.163897],[21.331015,46.163799],[21.331076,46.163665],[21.331085,46.163621],[21.331113,46.163483],[21.331114,46.163439],[21.331119,46.163321],[21.331103,46.163252],[21.331097,46.16323],[21.331037,46.163074],[21.330998,46.162972],[21.330953,46.162899],[21.330851,46.162734],[21.33075,46.162568],[21.330648,46.162403],[21.330546,46.162237],[21.330477,46.162125],[21.330443,46.162071],[21.330337,46.161907],[21.330232,46.161743],[21.330126,46.161578],[21.33002,46.161414],[21.329915,46.16125],[21.329809,46.161086],[21.329703,46.160921],[21.329598,46.160757],[21.329547,46.160679],[21.329495,46.160592],[21.329394,46.160427],[21.329377,46.160398],[21.329286,46.160262],[21.329269,46.160238],[21.329199,46.160125],[21.329183,46.160098],[21.329081,46.159932],[21.328979,46.159767],[21.328978,46.159765],[21.328924,46.159676],[21.328877,46.159601],[21.328773,46.159436],[21.328735,46.159376],[21.328732,46.159372],[21.328376,46.158801],[21.328008,46.158217],[21.327172,46.156862],[21.327164,46.156847],[21.327052,46.156698],[21.327038,46.156678],[21.32696,46.156623],[21.326854,46.156557],[21.326834,46.156545],[21.326657,46.156468],[21.326614,46.156455],[21.326431,46.1564],[21.326377,46.156384],[21.326285,46.156356],[21.326137,46.156353],[21.326122,46.156353],[21.326042,46.156357],[21.325979,46.156373],[21.325922,46.15641],[21.325832,46.156506],[21.325817,46.156523],[21.325771,46.156571],[21.325693,46.156625],[21.325688,46.156627],[21.325646,46.156644],[21.325584,46.156669],[21.325501,46.156684],[21.325404,46.156684],[21.325399,46.156684],[21.32515,46.156652],[21.324895,46.156618],[21.32464,46.156585],[21.324385,46.156551],[21.324152,46.156521],[21.324127,46.156518],[21.32387,46.156495],[21.323613,46.156471],[21.323355,46.156447],[21.323156,46.156428],[21.323097,46.156426],[21.322838,46.156419],[21.322578,46.156411],[21.322318,46.156403],[21.322059,46.156395],[21.322047,46.156394],[21.322017,46.156394],[21.321984,46.156394],[21.321906,46.156393],[21.32182,46.156392],[21.321799,46.156392],[21.32177,46.156392],[21.321706,46.156392],[21.321707,46.156295],[21.321707,46.15627],[21.321709,46.156116],[21.321712,46.155936],[21.321712,46.155911],[21.321718,46.155756],[21.321724,46.155577],[21.321731,46.155397],[21.321737,46.155217],[21.321743,46.155037],[21.32175,46.154857],[21.321756,46.154688],[21.321756,46.154678],[21.32176,46.154498],[21.321765,46.154318],[21.321767,46.154228],[21.321769,46.154138],[21.321769,46.154121],[21.321771,46.153958],[21.321772,46.153862],[21.321773,46.153778],[21.321775,46.153599],[21.321776,46.153529],[21.321776,46.153419],[21.321775,46.153239],[21.321775,46.153215],[21.321775,46.153059],[21.321776,46.152879],[21.321776,46.152859],[21.32177,46.152699],[21.321763,46.152519],[21.321757,46.152346],[21.321756,46.152339],[21.321755,46.152315],[21.321753,46.152235],[21.321745,46.152159],[21.321726,46.15198],[21.321708,46.1518],[21.32169,46.151621],[21.321671,46.151442],[21.321653,46.151262],[21.321635,46.151083],[21.321616,46.150903],[21.321598,46.150724],[21.32158,46.150545],[21.321561,46.150365],[21.32156,46.150351],[21.32155,46.150267],[21.321541,46.150186],[21.321519,46.150007],[21.321498,46.149827],[21.321477,46.149648],[21.321456,46.149469],[21.321435,46.14929],[21.321414,46.14911],[21.321393,46.148931],[21.321372,46.148752],[21.321351,46.148572],[21.32133,46.148393],[21.321325,46.14835],[21.321313,46.148214],[21.321297,46.148034],[21.32128,46.147855],[21.321264,46.147675],[21.321248,46.147496],[21.321235,46.147354],[21.321233,46.147316],[21.321223,46.147137],[21.321216,46.147011],[21.321213,46.146957],[21.321207,46.146865],[21.321206,46.146777],[21.321203,46.146597],[21.321203,46.146594],[21.321206,46.146417],[21.321206,46.146397],[21.321215,46.14624],[21.321216,46.146219],[21.321207,46.146181],[21.321216,46.146142],[21.321241,46.146108],[21.321263,46.146092],[21.321276,46.146084],[21.321319,46.146067],[21.321368,46.146059],[21.321417,46.14606],[21.321464,46.146072],[21.321498,46.146087],[21.321584,46.146118],[21.321643,46.146133],[21.321722,46.146148],[21.321749,46.146153],[21.321794,46.146154],[21.32188,46.146148],[21.321969,46.146147],[21.321997,46.146147],[21.322222,46.146103],[21.322472,46.146054],[21.322722,46.146006],[21.322853,46.145981],[21.322974,46.145959],[21.323092,46.145939],[21.323225,46.145915],[21.323477,46.145871],[21.323729,46.145827],[21.323981,46.145783],[21.324162,46.145751],[21.324233,46.145739],[21.324485,46.145695],[21.324737,46.145652],[21.324989,46.145608],[21.325232,46.145566],[21.325259,46.145562],[21.326361,46.145372],[21.327701,46.145135],[21.328933,46.144911],[21.331857,46.144363],[21.332116,46.144317],[21.332185,46.144305],[21.332364,46.144276],[21.332368,46.144275],[21.332521,46.144253],[21.332623,46.144243],[21.332644,46.14424],[21.332775,46.14423],[21.33288,46.144226],[21.332999,46.144221],[21.333139,46.144224],[21.333398,46.144228],[21.333518,46.14423],[21.333586,46.144234],[21.333627,46.144239],[21.333663,46.144248],[21.333713,46.144262],[21.333767,46.144281],[21.33383,46.144311],[21.333896,46.144349],[21.333911,46.144358],[21.333968,46.144399],[21.334025,46.144449],[21.334064,46.144493],[21.334071,46.144501],[21.334104,46.144543],[21.334154,46.144622],[21.33418,46.14467],[21.33427,46.144838],[21.33436,46.145007],[21.334395,46.145071],[21.334413,46.145109],[21.334444,46.145178],[21.33452,46.14535],[21.334597,46.145522],[21.33466,46.145663],[21.334671,46.145696],[21.334734,46.14587],[21.334787,46.146016],[21.334794,46.146047],[21.334834,46.146225],[21.334848,46.146288],[21.334865,46.146405],[21.33489,46.146584],[21.334915,46.146763],[21.33493,46.146872],[21.334945,46.14694],[21.334982,46.147118],[21.33502,46.147296],[21.335058,46.147474],[21.335096,46.147652],[21.335115,46.147741],[21.335136,46.147829],[21.335179,46.148006],[21.335198,46.148084],[21.335225,46.148183],[21.335261,46.148315],[21.335273,46.14836],[21.335321,46.148536],[21.335342,46.148617],[21.335353,46.148663],[21.335365,46.148714],[21.335407,46.148892],[21.335449,46.149069],[21.335491,46.149247],[21.335502,46.14929],[21.335563,46.149413],[21.335591,46.14947],[21.335661,46.149575],[21.335716,46.149647],[21.33578,46.149671],[21.335808,46.149673],[21.33593,46.149685],[21.336064,46.149686],[21.336075,46.149687],[21.336282,46.149679],[21.336324,46.149672],[21.336577,46.149631],[21.33681,46.149593],[21.33683,46.14959],[21.337082,46.149547],[21.337334,46.149504],[21.337586,46.149461],[21.337604,46.149458],[21.337836,46.149404],[21.337874,46.149395],[21.338075,46.149329],[21.338138,46.149309],[21.338279,46.149252],[21.338303,46.14924],[21.338418,46.14918],[21.338502,46.149123],[21.338554,46.149088],[21.338671,46.148983],[21.338676,46.148979],[21.338811,46.14883],[21.338821,46.148819],[21.338932,46.148669],[21.338943,46.148653],[21.33905,46.148509],[21.339053,46.148506],[21.339141,46.148379],[21.339164,46.148346],[21.339278,46.148185],[21.339352,46.148081],[21.339394,46.148024],[21.339498,46.147879],[21.33951,46.147863],[21.339625,46.147702],[21.339664,46.147647],[21.3397,46.147578],[21.339719,46.147531],[21.33972,46.147528],[21.339733,46.147476],[21.339737,46.147418],[21.339738,46.147347],[21.339738,46.147328],[21.339724,46.14722],[21.339709,46.147164],[21.339706,46.147155],[21.339671,46.147073],[21.339632,46.147007],[21.339618,46.146989],[21.339509,46.146847],[21.339495,46.146831],[21.339457,46.146784],[21.339423,46.146741],[21.339395,46.146688],[21.339389,46.146674],[21.339314,46.146502],[21.339283,46.14643],[21.339279,46.14642],[21.339244,46.146329],[21.339178,46.146155],[21.339111,46.145981],[21.339045,46.145807],[21.338978,46.145633],[21.338911,46.14546],[21.338868,46.145346],[21.33885,46.145285],[21.338843,46.145261],[21.338829,46.145173],[21.338836,46.14513],[21.338843,46.145114],[21.338854,46.145086],[21.338897,46.145035],[21.338968,46.144978],[21.338978,46.144971],[21.339089,46.144896],[21.339163,46.144844],[21.339214,46.144809],[21.339325,46.144721],[21.339337,46.144706],[21.339378,46.144654],[21.33941,46.14461],[21.339434,46.144555],[21.339436,46.144531],[21.339438,46.144488],[21.339386,46.14435],[21.339321,46.144176],[21.339255,46.144002],[21.33919,46.143828],[21.339125,46.143654],[21.339059,46.14348],[21.339009,46.143346],[21.338994,46.143306],[21.338931,46.143132],[21.338878,46.142985],[21.338867,46.142957],[21.338802,46.142783],[21.338736,46.142609],[21.338671,46.142435],[21.338626,46.142315],[21.338606,46.142261],[21.338542,46.142087],[21.338478,46.141912],[21.338463,46.141871],[21.338412,46.141738],[21.3384,46.141704],[21.338334,46.141565],[21.338301,46.141495],[21.338287,46.141479],[21.338279,46.141461],[21.338278,46.141442],[21.338286,46.141417],[21.338299,46.141404],[21.338306,46.141396],[21.338334,46.14138],[21.338368,46.141371],[21.338396,46.14137],[21.338424,46.141373],[21.33856,46.141376],[21.338567,46.141377],[21.338819,46.141387],[21.338933,46.141392],[21.339078,46.141406],[21.339149,46.141413],[21.339337,46.14141],[21.33934,46.14141],[21.339526,46.141398],[21.339596,46.141385],[21.339702,46.141366],[21.339844,46.141331],[21.339856,46.141328],[21.340084,46.141259],[21.340124,46.141248],[21.340321,46.141185],[21.340558,46.141111],[21.340665,46.141077],[21.340795,46.141037],[21.341032,46.140964],[21.341269,46.14089],[21.341506,46.140817],[21.341665,46.140768],[21.3417,46.140757],[21.341743,46.140743],[21.34198,46.140669],[21.342189,46.140602],[21.342216,46.140594],[21.34245,46.140516],[21.342573,46.140476],[21.342682,46.140433],[21.342775,46.140396],[21.342905,46.14034],[21.342966,46.140314],[21.34312,46.140238],[21.343331,46.140133],[21.343543,46.140028],[21.343754,46.139924],[21.343965,46.139819],[21.344122,46.139741],[21.344176,46.139713],[21.344384,46.139605],[21.344591,46.139497],[21.344799,46.139389],[21.344912,46.139331],[21.345008,46.139282],[21.345219,46.139177],[21.345429,46.139072],[21.345518,46.139028],[21.345637,46.138963],[21.345762,46.138896],[21.345846,46.138856],[21.346059,46.138754],[21.346123,46.138723],[21.346527,46.13853],[21.347667,46.137972],[21.34937,46.13714],[21.350877,46.136403],[21.352573,46.135574],[21.352681,46.135521],[21.352669,46.135443],[21.352663,46.135406],[21.352642,46.135265],[21.352614,46.135086],[21.352587,46.134907],[21.35256,46.134728],[21.352532,46.13455],[21.352505,46.134371],[21.352478,46.134192],[21.35245,46.134013],[21.352423,46.133834],[21.352396,46.133656],[21.352386,46.133592],[21.352368,46.133477],[21.35234,46.133298],[21.352312,46.133119],[21.352284,46.13294],[21.352257,46.132761],[21.352229,46.132583],[21.352201,46.132404],[21.352173,46.132225],[21.352145,46.132046],[21.352118,46.131867],[21.3521,46.131757]]},"properties":{"line":"19","dir":"0","headsign":"Vântului","mode":"bus","color":"#0059a9"}},{"type":"Feature","geometry":{"type":"LineString","coordinates":[[21.352133,46.131967],[21.352161,46.132146],[21.352189,46.132324],[21.352216,46.132503],[21.352244,46.132682],[21.352272,46.132861],[21.3523,46.13304],[21.352328,46.133218],[21.352356,46.133397],[21.352383,46.133576],[21.352386,46.133592],[21.352411,46.133755],[21.352438,46.133934],[21.352466,46.134113],[21.352493,46.134291],[21.35252,46.13447],[21.352548,46.134649],[21.352575,46.134828],[21.352602,46.135006],[21.35263,46.135185],[21.352657,46.135364],[21.352663,46.135406],[21.352681,46.135521],[21.352665,46.135529],[21.352573,46.135574],[21.350877,46.136403],[21.34937,46.13714],[21.347667,46.137972],[21.346527,46.13853],[21.346157,46.138707],[21.345943,46.138809],[21.345762,46.138896],[21.345731,46.138913],[21.345526,46.139023],[21.345518,46.139028],[21.345315,46.139129],[21.345105,46.139234],[21.344912,46.139331],[21.344894,46.13934],[21.344687,46.139448],[21.344479,46.139556],[21.344271,46.139664],[21.344122,46.139741],[21.344062,46.139771],[21.343851,46.139876],[21.34364,46.13998],[21.343428,46.140085],[21.343217,46.14019],[21.343006,46.140294],[21.342966,46.140314],[21.342786,46.140392],[21.342775,46.140396],[21.342573,46.140476],[21.342558,46.140481],[21.342323,46.140558],[21.342189,46.140602],[21.342088,46.140634],[21.341852,46.140709],[21.3417,46.140757],[21.341665,46.140768],[21.341615,46.140783],[21.341378,46.140857],[21.341141,46.14093],[21.340903,46.141004],[21.340666,46.141077],[21.340665,46.141077],[21.34043,46.141151],[21.340193,46.141226],[21.340124,46.141248],[21.339955,46.141298],[21.339856,46.141328],[21.339712,46.141363],[21.339702,46.141366],[21.339526,46.141398],[21.339458,46.141402],[21.33934,46.14141],[21.339198,46.141412],[21.339149,46.141413],[21.338941,46.141433],[21.338928,46.141434],[21.338682,46.14145],[21.338681,46.141451],[21.338597,46.141458],[21.338559,46.141466],[21.338489,46.141484],[21.338478,46.141495],[21.338465,46.141505],[21.338465,46.141506],[21.338429,46.141562],[21.338413,46.141616],[21.338407,46.141654],[21.3384,46.141704],[21.338444,46.141823],[21.338463,46.141871],[21.338509,46.141997],[21.338573,46.142171],[21.338626,46.142315],[21.338637,46.142345],[21.338703,46.14252],[21.338768,46.142694],[21.338834,46.142868],[21.338878,46.142985],[21.338899,46.143042],[21.338962,46.143216],[21.339009,46.143346],[21.339026,46.143391],[21.339091,46.143565],[21.339156,46.143739],[21.339222,46.143913],[21.339287,46.144087],[21.339352,46.144261],[21.339418,46.144435],[21.339438,46.144488],[21.339434,46.144555],[21.33941,46.14461],[21.3394,46.144624],[21.339378,46.144654],[21.339325,46.144721],[21.339254,46.144776],[21.339214,46.144809],[21.339089,46.144896],[21.339073,46.144906],[21.338968,46.144978],[21.338897,46.145035],[21.338854,46.145086],[21.338836,46.14513],[21.338829,46.145173],[21.338832,46.145194],[21.338843,46.145261],[21.338868,46.145346],[21.338877,46.14537],[21.338944,46.145544],[21.33901,46.145718],[21.339077,46.145892],[21.339144,46.146066],[21.33921,46.14624],[21.339277,46.146413],[21.339279,46.14642],[21.339283,46.14643],[21.33935,46.146585],[21.339395,46.146688],[21.339423,46.146741],[21.339431,46.146751],[21.339457,46.146784],[21.339509,46.146847],[21.339556,46.146909],[21.339632,46.147007],[21.33967,46.147071],[21.339671,46.147073],[21.339706,46.147155],[21.339724,46.14722],[21.339728,46.147252],[21.339738,46.147328],[21.339737,46.147418],[21.339736,46.147434],[21.339733,46.147476],[21.33972,46.147528],[21.3397,46.147578],[21.339681,46.147615],[21.339664,46.147647],[21.339569,46.14778],[21.339498,46.147879],[21.339453,46.147941],[21.339352,46.148081],[21.339338,46.148102],[21.339223,46.148263],[21.339141,46.148379],[21.339109,46.148424],[21.339053,46.148506],[21.338993,46.148586],[21.338943,46.148653],[21.338875,46.148746],[21.338821,46.148819],[21.338744,46.148904],[21.338676,46.148979],[21.338593,46.149052],[21.338554,46.149088],[21.338418,46.14918],[21.338408,46.149185],[21.338279,46.149252],[21.338192,46.149287],[21.338138,46.149309],[21.337957,46.149368],[21.337874,46.149395],[21.337713,46.149432],[21.337604,46.149458],[21.337461,46.149482],[21.337209,46.149525],[21.336956,46.149568],[21.33681,46.149593],[21.336704,46.14961],[21.336451,46.149652],[21.336282,46.149679],[21.336204,46.149701],[21.336058,46.149741],[21.335965,46.149771],[21.335952,46.149775],[21.335849,46.149829],[21.335815,46.149874],[21.335791,46.14989],[21.335771,46.149902],[21.335717,46.149921],[21.335658,46.149929],[21.335598,46.149924],[21.335557,46.149912],[21.335542,46.149908],[21.335487,46.149874],[21.335452,46.149829],[21.335445,46.149794],[21.335442,46.149778],[21.335458,46.149728],[21.335498,46.149685],[21.335501,46.149627],[21.335503,46.149581],[21.335505,46.149473],[21.335504,46.149446],[21.335502,46.14929],[21.335495,46.149264],[21.335453,46.149086],[21.335411,46.148909],[21.335369,46.148731],[21.335353,46.148663],[21.335342,46.148617],[21.335325,46.148553],[21.335277,46.148377],[21.335261,46.148315],[21.33523,46.1482],[21.335198,46.148084],[21.335184,46.148023],[21.33514,46.147846],[21.335115,46.147741],[21.335099,46.147669],[21.335062,46.147491],[21.335024,46.147313],[21.334986,46.147135],[21.334948,46.146957],[21.33493,46.146872],[21.334917,46.14678],[21.334892,46.146601],[21.334867,46.146422],[21.334848,46.146288],[21.334838,46.146242],[21.334798,46.146064],[21.334787,46.146016],[21.33474,46.145887],[21.334678,46.145713],[21.33466,46.145663],[21.334604,46.145539],[21.334528,46.145367],[21.334451,46.145195],[21.334413,46.145109],[21.334395,46.145071],[21.334369,46.145023],[21.334278,46.144854],[21.334188,46.144685],[21.334154,46.144622],[21.334104,46.144543],[21.334084,46.144518],[21.334064,46.144493],[21.334025,46.144449],[21.333968,46.144399],[21.333942,46.14438],[21.333911,46.144358],[21.33383,46.144311],[21.333767,46.144281],[21.333749,46.144274],[21.333713,46.144262],[21.333627,46.144239],[21.333586,46.144234],[21.333518,46.14423],[21.333476,46.144229],[21.333225,46.144225],[21.332999,46.144221],[21.332976,46.144222],[21.332775,46.14423],[21.33272,46.144234],[21.332644,46.14424],[21.332521,46.144253],[21.332463,46.144262],[21.332364,46.144276],[21.332209,46.144301],[21.332185,46.144305],[21.331957,46.144345],[21.331857,46.144363],[21.331706,46.144391],[21.331456,46.144438],[21.331205,46.144485],[21.330954,46.144532],[21.330703,46.144579],[21.330452,46.144626],[21.330202,46.144673],[21.329951,46.14472],[21.3297,46.144767],[21.329449,46.144814],[21.329198,46.144861],[21.328948,46.144908],[21.328933,46.144911],[21.328941,46.145032],[21.329068,46.147211],[21.329074,46.147473],[21.329048,46.147716],[21.328912,46.148117],[21.32891,46.148123],[21.328835,46.148291],[21.328819,46.148328],[21.32876,46.148463],[21.328684,46.148635],[21.328609,46.148807],[21.328533,46.148979],[21.328506,46.149041],[21.328458,46.149151],[21.328384,46.149323],[21.328349,46.149402],[21.328317,46.149495],[21.328158,46.149952],[21.327916,46.150689],[21.327703,46.151313],[21.327474,46.152009],[21.327357,46.152332],[21.327345,46.152364],[21.327281,46.152539],[21.327217,46.152713],[21.327153,46.152887],[21.327114,46.152992],[21.327089,46.153062],[21.327024,46.153236],[21.326959,46.15341],[21.326894,46.153584],[21.326883,46.153614],[21.326833,46.153759],[21.326772,46.153934],[21.326712,46.154109],[21.326651,46.154284],[21.326642,46.154309],[21.326591,46.154458],[21.326531,46.154633],[21.326471,46.154808],[21.326411,46.154983],[21.326351,46.155158],[21.326291,46.155333],[21.326231,46.155508],[21.326171,46.155683],[21.326119,46.155836],[21.326112,46.155858],[21.326058,46.156034],[21.326037,46.156101],[21.325999,46.156172],[21.325983,46.156207],[21.325971,46.156233],[21.325922,46.15641],[21.325979,46.156373],[21.326042,46.156357],[21.326077,46.156355],[21.326137,46.156353],[21.326285,46.156356],[21.326331,46.15637],[21.326431,46.1564],[21.326569,46.156442],[21.326657,46.156468],[21.326803,46.156532],[21.326834,46.156545],[21.32696,46.156623],[21.32701,46.156658],[21.327038,46.156678],[21.327148,46.156827],[21.327164,46.156847],[21.327255,46.156995],[21.327357,46.15716],[21.327458,46.157326],[21.32756,46.157491],[21.327662,46.157657],[21.327764,46.157822],[21.327866,46.157988],[21.327968,46.158153],[21.328008,46.158217],[21.328071,46.158318],[21.328175,46.158483],[21.328279,46.158648],[21.328376,46.158801],[21.328383,46.158812],[21.328486,46.158978],[21.328589,46.159143],[21.328692,46.159308],[21.328732,46.159372],[21.328796,46.159473],[21.3289,46.159637],[21.328924,46.159676],[21.328978,46.159765],[21.329002,46.159803],[21.329103,46.159969],[21.329183,46.160098],[21.329199,46.160125],[21.329204,46.160134],[21.329269,46.160238],[21.32931,46.160298],[21.329377,46.160398],[21.329416,46.160463],[21.329517,46.160629],[21.329547,46.160679],[21.329621,46.160793],[21.329727,46.160957],[21.329832,46.161122],[21.329938,46.161286],[21.330044,46.16145],[21.330149,46.161615],[21.330255,46.161779],[21.330361,46.161943],[21.330466,46.162108],[21.330477,46.162125],[21.330569,46.162273],[21.33067,46.162439],[21.330772,46.162605],[21.330874,46.16277],[21.330976,46.162935],[21.330998,46.162972],[21.331052,46.163112],[21.331097,46.16323],[21.331112,46.16329],[21.331119,46.163321],[21.331113,46.163478],[21.331113,46.163483],[21.331077,46.16366],[21.331076,46.163665],[21.330998,46.163837],[21.33097,46.163897],[21.330907,46.164007],[21.330811,46.164174],[21.330715,46.164341],[21.330672,46.164415],[21.330616,46.164508],[21.330516,46.164674],[21.330416,46.16484],[21.330316,46.165006],[21.330216,46.165172],[21.330116,46.165338],[21.330092,46.165379],[21.330048,46.165508],[21.330042,46.165527],[21.330026,46.165611],[21.330027,46.165677],[21.330032,46.165697],[21.330045,46.165743],[21.33008,46.165818],[21.330101,46.165825],[21.330121,46.165834],[21.330139,46.165844],[21.330162,46.165861],[21.330181,46.165881],[21.330194,46.165902],[21.330204,46.165927],[21.330207,46.165953],[21.330203,46.165979],[21.330192,46.166004],[21.330362,46.166009],[21.33044,46.166005],[21.330501,46.166004],[21.33076,46.166001],[21.33102,46.165997],[21.33128,46.165994],[21.331308,46.165993],[21.33154,46.16599],[21.3318,46.165987],[21.332059,46.165984],[21.332319,46.165981],[21.332486,46.165979],[21.332579,46.165978],[21.332839,46.165975],[21.333099,46.165972],[21.33324,46.165971],[21.333358,46.16597],[21.333618,46.165969],[21.333878,46.165967],[21.334138,46.165965],[21.334289,46.165965],[21.334398,46.165964],[21.334657,46.165962],[21.334727,46.165961],[21.334918,46.165963],[21.335099,46.165965],[21.335178,46.165969],[21.335437,46.165983],[21.335555,46.165989],[21.335695,46.165999],[21.335953,46.166018],[21.336026,46.166023],[21.33621,46.166047],[21.336466,46.16608],[21.33653,46.166088],[21.336721,46.166117],[21.33687,46.166139],[21.336975,46.166158],[21.337226,46.166203],[21.337268,46.166211],[21.337476,46.166258],[21.337697,46.166308],[21.337723,46.166314],[21.33797,46.166371],[21.338186,46.16642],[21.338195,46.166422],[21.338441,46.16648],[21.338687,46.166537],[21.338933,46.166595],[21.339179,46.166653],[21.339425,46.16671],[21.339671,46.166768],[21.339693,46.166773],[21.339918,46.166823],[21.339958,46.166832],[21.340165,46.166879],[21.340411,46.166936],[21.340658,46.166992],[21.340905,46.167049],[21.341151,46.167105],[21.341398,46.167162],[21.341645,46.167218],[21.341891,46.167275],[21.342138,46.167331],[21.342384,46.167388],[21.342517,46.167418],[21.342631,46.167444],[21.342878,46.1675],[21.343124,46.167557],[21.343164,46.167566],[21.343369,46.167616],[21.343466,46.16764],[21.343608,46.167681],[21.343763,46.167726],[21.343848,46.16775],[21.344057,46.16781],[21.344083,46.16782],[21.344314,46.167902],[21.344475,46.167959],[21.344543,46.167985],[21.344618,46.168014],[21.344755,46.168081],[21.344967,46.168185],[21.345024,46.168213],[21.345168,46.168294],[21.34537,46.168408],[21.345372,46.168409],[21.34547,46.168473],[21.345556,46.168529],[21.345557,46.168529],[21.345645,46.168594],[21.345732,46.168657],[21.345738,46.168662],[21.345831,46.168735],[21.345894,46.16879],[21.346056,46.16893],[21.346138,46.169001],[21.346222,46.16907],[21.346388,46.169208],[21.346569,46.169358],[21.346889,46.169637],[21.34706,46.169536],[21.347202,46.169672],[21.347354,46.169818],[21.347404,46.169866],[21.347502,46.169967],[21.347647,46.170116],[21.347792,46.170265],[21.347937,46.170414],[21.348082,46.170563],[21.348124,46.170607],[21.348206,46.170699],[21.348222,46.170719],[21.348247,46.17075],[21.348289,46.17081],[21.348334,46.170885],[21.348344,46.170902],[21.348425,46.171055],[21.348442,46.171088],[21.348486,46.171184],[21.348505,46.171228],[21.348534,46.171299],[21.348551,46.171337],[21.348575,46.171402],[21.348639,46.171577],[21.348704,46.171751],[21.348768,46.171925],[21.348827,46.172086],[21.348832,46.172099],[21.348841,46.172124],[21.348864,46.172192],[21.348877,46.172282],[21.348883,46.172327],[21.348892,46.172426],[21.348893,46.172434],[21.348894,46.172464],[21.348894,46.172467],[21.348894,46.1725],[21.348894,46.172509],[21.348896,46.172583],[21.348894,46.172645],[21.348891,46.172732],[21.348883,46.172826],[21.34888,46.172854],[21.348863,46.172972],[21.348854,46.173008],[21.34881,46.173185],[21.348801,46.173222],[21.348766,46.173363],[21.348758,46.173395],[21.348717,46.17354],[21.348667,46.173716],[21.348634,46.17383],[21.348612,46.173893],[21.348575,46.174],[21.348542,46.174067],[21.348506,46.174141],[21.34845,46.174236],[21.348352,46.174402],[21.348253,46.174569],[21.348155,46.174735],[21.348132,46.174773],[21.348051,46.174895],[21.348049,46.1749],[21.34797,46.175018],[21.347937,46.175062],[21.347889,46.175125],[21.347806,46.175216],[21.347761,46.175267],[21.347661,46.175366],[21.34756,46.175465],[21.347507,46.175511],[21.347401,46.175604],[21.347349,46.175653],[21.347195,46.175798],[21.347041,46.175943],[21.347004,46.175978],[21.346883,46.176085],[21.346769,46.176187],[21.346721,46.176224],[21.34655,46.176358],[21.346426,46.176442],[21.346363,46.17648],[21.346173,46.176595],[21.346167,46.176598],[21.345961,46.176708],[21.345755,46.176818],[21.345746,46.176822],[21.345687,46.176852],[21.345555,46.176917],[21.345544,46.176923],[21.345337,46.177031],[21.345218,46.177093],[21.345127,46.177137],[21.344915,46.17724],[21.344702,46.177343],[21.344662,46.177363],[21.344485,46.177442],[21.344267,46.17754],[21.344049,46.177638],[21.34391,46.1777],[21.343831,46.177736],[21.343615,46.177836],[21.343398,46.177935],[21.343182,46.178035],[21.342966,46.178134],[21.342749,46.178234],[21.342671,46.17827],[21.342534,46.178336],[21.342321,46.178439],[21.342109,46.178542],[21.341896,46.178645],[21.341683,46.178749],[21.34147,46.178852],[21.341257,46.178955],[21.341184,46.17899],[21.341044,46.179056],[21.341019,46.179068],[21.340529,46.179299],[21.34051,46.179307],[21.340482,46.17932],[21.340407,46.179354],[21.34035,46.17938],[21.340249,46.179425],[21.339336,46.179851],[21.338988,46.180022],[21.338516,46.180268],[21.337993,46.180576],[21.337878,46.180638],[21.337774,46.180688],[21.337658,46.180743],[21.337527,46.180799],[21.33739,46.180849],[21.337208,46.180907],[21.337043,46.180949],[21.33688,46.180978],[21.336719,46.181006],[21.336493,46.181033],[21.336358,46.181048],[21.33622,46.181056],[21.336059,46.181062],[21.335836,46.181059],[21.335108,46.181038],[21.335038,46.181036],[21.334917,46.181033],[21.334695,46.18104],[21.334391,46.181051],[21.334059,46.181105],[21.333682,46.181165],[21.333614,46.181175],[21.331511,46.18149],[21.329851,46.181738],[21.329738,46.181758],[21.329705,46.181763],[21.328465,46.181941],[21.325659,46.182344],[21.325485,46.182374],[21.325331,46.182408],[21.325222,46.182434],[21.325076,46.182482],[21.324948,46.182531],[21.324812,46.182591],[21.32468,46.182652],[21.324559,46.182719],[21.324504,46.182749],[21.324454,46.182779],[21.324401,46.182811],[21.324259,46.182898],[21.324089,46.183013],[21.324034,46.183053],[21.323965,46.183088],[21.323912,46.183108],[21.323862,46.18312],[21.323804,46.18313],[21.323796,46.183131],[21.323743,46.183138],[21.323733,46.183139],[21.323667,46.183144],[21.323603,46.183147],[21.323436,46.183146],[21.323225,46.18315],[21.323047,46.183156],[21.322892,46.183169],[21.322707,46.183193],[21.322536,46.183216],[21.322309,46.1833],[21.322079,46.183384],[21.321849,46.183468],[21.321758,46.183501],[21.32162,46.183552],[21.32139,46.183637],[21.321161,46.183721],[21.321071,46.183754],[21.320933,46.183806],[21.320704,46.183893],[21.320651,46.183913],[21.320605,46.18393],[21.320476,46.183978],[21.320247,46.184063],[21.320018,46.184148],[21.31979,46.184234],[21.319768,46.184242],[21.319719,46.18426],[21.319561,46.184319],[21.31953,46.184331],[21.319425,46.184368],[21.319368,46.184389],[21.319331,46.184403],[21.319102,46.184487],[21.318873,46.184572],[21.318644,46.184657],[21.318415,46.184742],[21.318315,46.184779],[21.318185,46.184824],[21.318166,46.18483],[21.317951,46.184902],[21.317716,46.18498],[21.317669,46.184995],[21.31748,46.185054],[21.317246,46.185126],[21.31724,46.185127],[21.317078,46.185159],[21.316991,46.18517],[21.316939,46.185177],[21.316788,46.185181],[21.316737,46.18518],[21.316652,46.185179],[21.316505,46.185168],[21.316483,46.185165],[21.316373,46.185147],[21.316229,46.185145],[21.316225,46.185145],[21.316145,46.185136],[21.316056,46.185123],[21.315968,46.1851],[21.315874,46.185075],[21.31576,46.185029],[21.315723,46.185006],[21.315635,46.184952],[21.315535,46.184877],[21.31536,46.184744],[21.315352,46.184739],[21.315288,46.184687],[21.315192,46.184605],[21.315029,46.184466],[21.314998,46.184439],[21.314859,46.184331],[21.314688,46.184196],[21.314639,46.184158],[21.31451,46.184065],[21.31433,46.183936],[21.314231,46.183864],[21.31415,46.183806],[21.314107,46.183776],[21.313981,46.18367],[21.31397,46.18366],[21.313781,46.183553],[21.313604,46.183453],[21.313579,46.183439],[21.313492,46.183391],[21.313376,46.183327],[21.313202,46.18323],[21.313173,46.183215],[21.312967,46.183105],[21.312872,46.183053],[21.312755,46.183],[21.312722,46.182986],[21.312531,46.182909],[21.312434,46.182871],[21.312371,46.182846],[21.312302,46.182824],[21.312244,46.182805],[21.312123,46.182772],[21.31206,46.182761],[21.311949,46.182742],[21.311808,46.182719],[21.311618,46.182687],[21.311555,46.182678],[21.311301,46.182639],[21.311249,46.182631],[21.311156,46.182638],[21.31107,46.182641],[21.311041,46.182639],[21.310937,46.182632],[21.31078,46.182615],[21.31074,46.18261],[21.310694,46.182603],[21.310658,46.182597],[21.31058,46.182585],[21.310523,46.182573],[21.310404,46.182546],[21.31038,46.18255],[21.310299,46.182593],[21.310153,46.182671],[21.310096,46.182704],[21.310067,46.182721],[21.309976,46.182796],[21.309931,46.182837],[21.309909,46.182857],[21.30988,46.182893],[21.309844,46.182944],[21.309804,46.18299],[21.309765,46.183033],[21.309724,46.183153],[21.309664,46.183326],[21.309606,46.183496],[21.309588,46.183549],[21.309573,46.183602],[21.309567,46.183621],[21.309557,46.183663],[21.309544,46.183714],[21.309526,46.1838],[21.309524,46.183836],[21.30952,46.183884],[21.30953,46.183997],[21.309532,46.184012],[21.309542,46.184104],[21.309557,46.18419],[21.309587,46.184368],[21.309589,46.184376],[21.309591,46.18439],[21.309617,46.184547],[21.309626,46.184602],[21.309644,46.184726],[21.30967,46.184905],[21.309697,46.185084],[21.309699,46.1851],[21.309724,46.185263],[21.309752,46.185442],[21.30978,46.185621],[21.309781,46.185625],[21.309808,46.185799],[21.309836,46.185978],[21.309864,46.186157],[21.309892,46.186336],[21.309919,46.186515],[21.309923,46.186538],[21.309976,46.186874],[21.310215,46.188331],[21.310224,46.18842],[21.310229,46.188448],[21.310292,46.188865],[21.310396,46.189478],[21.31051,46.190282],[21.310515,46.190309],[21.310545,46.190485],[21.310551,46.190516],[21.310585,46.190592],[21.310613,46.190653],[21.310615,46.19066],[21.310648,46.190745],[21.310679,46.190834],[21.310712,46.190926],[21.310745,46.191007],[21.310751,46.191021],[21.310815,46.191155],[21.31083,46.191173],[21.310951,46.191332],[21.310988,46.19138],[21.311023,46.19142],[21.311057,46.191485],[21.311063,46.191501],[21.311073,46.191535],[21.311072,46.191563],[21.311062,46.191602],[21.311056,46.191621],[21.311042,46.191646],[21.311032,46.19166],[21.311019,46.191678],[21.311012,46.191686],[21.310991,46.191712],[21.310941,46.19176],[21.310802,46.19179],[21.310694,46.191813],[21.310553,46.191843],[21.310305,46.191896],[21.310203,46.191918],[21.310057,46.191949],[21.309892,46.191985]]},"properties":{"line":"19","dir":"1","headsign":"U.T.A.","mode":"bus","color":"#0059a9"}},{"type":"Feature","geometry":{"type":"LineString","coordinates":[[21.324776,46.1831],[21.324944,46.183235],[21.325112,46.183371],[21.325281,46.183507],[21.32545,46.183643],[21.325527,46.183705],[21.325541,46.183716],[21.325615,46.183782],[21.325643,46.183807],[21.325691,46.183844],[21.325696,46.183879],[21.325701,46.18391],[21.325712,46.183941],[21.325712,46.183943],[21.325731,46.183979],[21.325816,46.184106],[21.325824,46.184118],[21.325859,46.18419],[21.325866,46.18421],[21.325884,46.184258],[21.325889,46.18428],[21.325894,46.18431],[21.325898,46.184354],[21.325892,46.184428],[21.325882,46.184462],[21.325868,46.18451],[21.325865,46.184518],[21.325823,46.184626],[21.325815,46.184639],[21.325787,46.184687],[21.325711,46.184804],[21.325673,46.184861],[21.325658,46.184882],[21.325638,46.18491],[21.325615,46.184942],[21.325597,46.184966],[21.32557,46.185003],[21.325476,46.185125],[21.325354,46.185284],[21.325294,46.185363],[21.325246,46.18543],[21.325238,46.185444],[21.325223,46.185472],[21.325212,46.185514],[21.325205,46.185571],[21.325204,46.185611],[21.325204,46.185619],[21.325203,46.185633],[21.325211,46.185706],[21.325217,46.185754],[21.325221,46.185797],[21.325228,46.185857],[21.32524,46.18594],[21.325252,46.18597],[21.325324,46.186143],[21.325396,46.186316],[21.325468,46.186489],[21.32554,46.186662],[21.325607,46.186823],[21.325612,46.186835],[21.325687,46.187007],[21.325732,46.187108],[21.325754,46.187181],[21.325773,46.187241],[21.325787,46.18736],[21.325789,46.187376],[21.325786,46.187475],[21.32578,46.187538],[21.325775,46.187581],[21.325751,46.187717],[21.325748,46.187736],[21.32571,46.187886],[21.325707,46.187894],[21.325658,46.188051],[21.325651,46.188067],[21.325586,46.188209],[21.325571,46.188234],[21.325549,46.188272],[21.325523,46.188316],[21.325466,46.188396],[21.325449,46.188421],[21.325413,46.188465],[21.325341,46.188542],[21.325336,46.188545],[21.325218,46.188629],[21.32515,46.188669],[21.325093,46.188702],[21.325046,46.188726],[21.324998,46.18875],[21.324945,46.188778],[21.324741,46.188889],[21.324536,46.189],[21.32441,46.189069],[21.324371,46.18909],[21.324329,46.189109],[21.324321,46.189113],[21.324257,46.189134],[21.324166,46.18916],[21.324094,46.189174],[21.324051,46.189183],[21.323843,46.189208],[21.323701,46.189226],[21.323649,46.189232],[21.323594,46.189238],[21.323554,46.189175],[21.323533,46.189146],[21.3235,46.189098],[21.323605,46.18907],[21.323583,46.189036],[21.323522,46.188939],[21.323494,46.1889],[21.323475,46.188873],[21.323456,46.188846],[21.323335,46.188718],[21.32333,46.188713],[21.323179,46.188571],[21.323085,46.188482],[21.323026,46.188427],[21.322985,46.188389],[21.322895,46.188326],[21.322873,46.188285],[21.32287,46.188279],[21.322841,46.188222],[21.322793,46.188114],[21.32279,46.188107],[21.322722,46.187941],[21.322713,46.187919],[21.32265,46.187768],[21.322579,46.187595],[21.322508,46.187422],[21.322437,46.187249],[21.322366,46.187076],[21.322294,46.186903],[21.322223,46.18673],[21.322152,46.186557],[21.322126,46.186493],[21.322077,46.186385],[21.322001,46.186214],[21.321961,46.186125],[21.321923,46.186057],[21.321914,46.186046],[21.321875,46.185998],[21.321792,46.185913],[21.321772,46.185901],[21.321579,46.185781],[21.321512,46.185739],[21.321381,46.185664],[21.32118,46.18555],[21.32098,46.185435],[21.32078,46.185321],[21.32058,46.185206],[21.320379,46.185092],[21.320322,46.185059],[21.320175,46.184981],[21.320148,46.184967],[21.319996,46.184852],[21.319971,46.184832],[21.319885,46.184756],[21.319836,46.184711],[21.319831,46.184707],[21.319768,46.184639],[21.319702,46.184558],[21.319642,46.184479],[21.319625,46.184455],[21.319582,46.184399],[21.31953,46.184331],[21.319425,46.184368],[21.319385,46.184382],[21.319368,46.184389],[21.319156,46.184467],[21.318927,46.184552],[21.318698,46.184637],[21.318469,46.184722],[21.318315,46.184779],[21.318239,46.184805],[21.318166,46.18483],[21.318005,46.184884],[21.317771,46.184961],[21.317669,46.184995],[21.317535,46.185037],[21.317298,46.18511],[21.317246,46.185126],[21.317078,46.185159],[21.317051,46.185162],[21.316939,46.185177],[21.316796,46.18518],[21.316788,46.185181],[21.316652,46.185179],[21.31654,46.185171],[21.316505,46.185168],[21.316373,46.185147],[21.316286,46.185146],[21.316229,46.185145],[21.316145,46.185136],[21.316056,46.185123],[21.316025,46.185115],[21.315874,46.185075],[21.315781,46.185037],[21.31576,46.185029],[21.315635,46.184952],[21.315576,46.184908],[21.315401,46.184775],[21.315352,46.184739],[21.315288,46.184687],[21.31523,46.184638],[21.315067,46.184499],[21.314998,46.184439],[21.3149,46.184362],[21.314728,46.184228],[21.314639,46.184158],[21.314553,46.184096],[21.314372,46.183966],[21.314231,46.183864],[21.314192,46.183837],[21.314107,46.183776],[21.31402,46.183702],[21.31397,46.18366],[21.313828,46.18358],[21.313627,46.183466],[21.313604,46.183453],[21.313492,46.183391],[21.313424,46.183353],[21.313221,46.183241],[21.313202,46.18323],[21.313016,46.18313],[21.312872,46.183053],[21.312806,46.183023],[21.312722,46.182986],[21.312584,46.18293],[21.312434,46.182871],[21.312371,46.182846],[21.312357,46.182841],[21.312244,46.182805],[21.312123,46.182772],[21.312119,46.182771],[21.311949,46.182742],[21.311867,46.182728],[21.311618,46.182687],[21.311614,46.182687],[21.31136,46.182648],[21.311249,46.182631],[21.311156,46.182638],[21.311106,46.18264],[21.31107,46.182641],[21.310937,46.182632],[21.31084,46.182621],[21.31074,46.18261],[21.310694,46.182603],[21.310658,46.182597],[21.310583,46.182586],[21.31058,46.182585],[21.310404,46.182546],[21.31038,46.18255],[21.310349,46.182551],[21.310342,46.182552],[21.310302,46.18255],[21.310231,46.182538],[21.310136,46.182503],[21.31013,46.182499],[21.310081,46.182464],[21.310027,46.182417],[21.309994,46.182378],[21.309986,46.182365],[21.309953,46.182316],[21.30991,46.182199],[21.309887,46.182135],[21.30983,46.182025],[21.309827,46.18202],[21.30974,46.181856],[21.309726,46.181829],[21.309687,46.181728],[21.309677,46.181689],[21.309672,46.181671],[21.309664,46.181609],[21.309611,46.181511],[21.309556,46.181407],[21.309528,46.181355],[21.30952,46.181341],[21.309429,46.181173],[21.309425,46.181165],[21.309163,46.180685],[21.308906,46.180154],[21.308639,46.179635],[21.30806,46.178506],[21.307604,46.177614],[21.307529,46.177468],[21.307413,46.177497],[21.307168,46.177558],[21.306924,46.177618],[21.306679,46.177679],[21.306434,46.177739],[21.30619,46.1778],[21.305945,46.177861],[21.305866,46.17788],[21.305701,46.177923],[21.305457,46.177985],[21.305214,46.178048],[21.30497,46.17811],[21.304726,46.178172],[21.304483,46.178235],[21.304239,46.178297],[21.304186,46.178311],[21.304004,46.178358],[21.303445,46.178497],[21.301969,46.178866],[21.29995,46.179381],[21.297948,46.179885],[21.297201,46.180072],[21.296987,46.180126],[21.296957,46.180134],[21.296845,46.180162],[21.296804,46.180078],[21.296799,46.180067],[21.296719,46.179907],[21.296635,46.179737],[21.29655,46.179567],[21.296472,46.17941],[21.296467,46.179398],[21.296424,46.179304],[21.296386,46.179226],[21.296302,46.179056],[21.296218,46.178886],[21.296134,46.178715],[21.29605,46.178545],[21.296037,46.178518],[21.295967,46.178375],[21.295884,46.178205],[21.295802,46.178034],[21.295771,46.177972],[21.295734,46.17789],[21.295721,46.177863],[21.295637,46.177693],[21.295552,46.177523],[21.295468,46.177353],[21.295384,46.177183],[21.295299,46.177012],[21.295215,46.176842],[21.295131,46.176672],[21.295046,46.176502],[21.294989,46.176387],[21.294962,46.176332],[21.294877,46.176162],[21.294791,46.175992],[21.294706,46.175822],[21.29466,46.17573],[21.294622,46.175652],[21.29454,46.175481],[21.294457,46.175311],[21.294423,46.175242],[21.294375,46.17514],[21.294294,46.17497],[21.294212,46.174799],[21.294131,46.174628],[21.294088,46.174539],[21.294044,46.174489],[21.294029,46.174467],[21.294022,46.174457],[21.294007,46.174436],[21.293996,46.17442],[21.293986,46.1744],[21.293971,46.174373],[21.293956,46.174342],[21.293949,46.174326],[21.293936,46.174292],[21.293924,46.174261],[21.293907,46.174247],[21.293896,46.174231],[21.293891,46.174214],[21.293894,46.17419],[21.293902,46.174101],[21.293918,46.173924],[21.293923,46.173874],[21.293927,46.173824],[21.293933,46.17376],[21.293929,46.173743],[21.293908,46.173624],[21.293894,46.173565],[21.293875,46.17348],[21.293853,46.173387],[21.293848,46.17337],[21.293813,46.173268],[21.293788,46.173212],[21.293749,46.173123],[21.293709,46.173042],[21.293626,46.172871],[21.293543,46.172701],[21.29346,46.17253],[21.293377,46.17236],[21.293294,46.172189],[21.293211,46.172019],[21.293128,46.171849],[21.293045,46.171678],[21.292962,46.171508],[21.292879,46.171337],[21.292797,46.171167],[21.292782,46.171138],[21.292743,46.171058],[21.292713,46.170997],[21.29263,46.170826],[21.292547,46.170656],[21.292464,46.170485],[21.292381,46.170315],[21.292298,46.170145],[21.292215,46.169974],[21.292132,46.169804],[21.292049,46.169633],[21.291966,46.169463],[21.291895,46.169317],[21.291884,46.169293],[21.291875,46.169274],[21.291822,46.169169],[21.291798,46.169122],[21.291739,46.169005],[21.291711,46.168952],[21.29171,46.168948],[21.291698,46.168925],[21.291656,46.168842],[21.290335,46.166228],[21.290323,46.166204],[21.290297,46.166153],[21.290242,46.166046],[21.290225,46.16601],[21.290217,46.165994],[21.290185,46.165984],[21.290161,46.165976],[21.290123,46.165903],[21.290115,46.165887],[21.290027,46.165718],[21.289939,46.165549],[21.289851,46.16538],[21.289763,46.165211],[21.289721,46.165131],[21.289677,46.165041],[21.289593,46.164871],[21.289509,46.164701],[21.289455,46.16459],[21.289427,46.16453],[21.289349,46.164358],[21.289272,46.164191],[21.289269,46.164183],[21.289454,46.164138],[21.289699,46.164079],[21.289944,46.16402],[21.289965,46.164015],[21.29019,46.163961],[21.290283,46.163938],[21.290373,46.163916],[21.290435,46.163902],[21.290474,46.163893],[21.290637,46.163855]]},"properties":{"line":"21","dir":"0","headsign":"Faleză Sud","mode":"bus","color":"#0059a9"}},{"type":"Feature","geometry":{"type":"LineString","coordinates":[[21.290637,46.163855],[21.290714,46.163837],[21.290883,46.163797],[21.29113,46.16374],[21.291376,46.163682],[21.29145,46.163665],[21.291532,46.163647],[21.291616,46.163607],[21.291754,46.16354],[21.291759,46.163527],[21.291772,46.163515],[21.291784,46.163504],[21.291786,46.163503],[21.29182,46.163488],[21.291861,46.163482],[21.291883,46.163485],[21.291902,46.163487],[21.291938,46.163502],[21.291964,46.163525],[21.291965,46.163529],[21.291976,46.163553],[21.291973,46.163582],[21.291955,46.163608],[21.291924,46.163628],[21.291885,46.163639],[21.291843,46.16364],[21.291824,46.163635],[21.291803,46.163629],[21.291788,46.16362],[21.291603,46.163639],[21.291532,46.163647],[21.29145,46.163665],[21.291358,46.163687],[21.291112,46.163744],[21.290866,46.163801],[21.290714,46.163837],[21.290619,46.163859],[21.290474,46.163893],[21.290373,46.163916],[21.290283,46.163938],[21.290128,46.163975],[21.289965,46.164015],[21.289883,46.164035],[21.289637,46.164094],[21.289392,46.164153],[21.289269,46.164183],[21.289293,46.164235],[21.289371,46.164406],[21.289449,46.164578],[21.289455,46.16459],[21.289532,46.164747],[21.289616,46.164918],[21.2897,46.165088],[21.289721,46.165131],[21.289787,46.165257],[21.289875,46.165426],[21.289963,46.165595],[21.290051,46.165764],[21.290123,46.165903],[21.290176,46.165919],[21.290206,46.165973],[21.290217,46.165994],[21.290225,46.16601],[21.290263,46.166086],[21.290297,46.166153],[21.290335,46.166228],[21.290342,46.166241],[21.290428,46.16641],[21.290513,46.16658],[21.290599,46.16675],[21.290685,46.16692],[21.290771,46.16709],[21.290856,46.167259],[21.290942,46.167429],[21.291028,46.167599],[21.291114,46.167769],[21.291199,46.167938],[21.291285,46.168108],[21.291371,46.168278],[21.291457,46.168448],[21.291543,46.168618],[21.291628,46.168787],[21.291698,46.168925],[21.29171,46.168948],[21.291714,46.168957],[21.291739,46.169005],[21.291801,46.169127],[21.291822,46.169169],[21.291875,46.169274],[21.291886,46.169298],[21.291895,46.169317],[21.291968,46.169468],[21.292051,46.169638],[21.292134,46.169809],[21.292217,46.169979],[21.2923,46.170149],[21.292383,46.17032],[21.292466,46.17049],[21.292549,46.170661],[21.292632,46.170831],[21.292716,46.171002],[21.292743,46.171058],[21.292782,46.171138],[21.292799,46.171172],[21.292882,46.171342],[21.292965,46.171513],[21.293048,46.171683],[21.293131,46.171854],[21.293214,46.172024],[21.293297,46.172194],[21.29338,46.172365],[21.293463,46.172535],[21.293546,46.172706],[21.293629,46.172876],[21.293712,46.173047],[21.293749,46.173123],[21.293791,46.173217],[21.293813,46.173268],[21.293848,46.17337],[21.293854,46.173393],[21.293875,46.17348],[21.293895,46.17357],[21.293908,46.173624],[21.29393,46.173748],[21.293933,46.17376],[21.29396,46.173842],[21.29397,46.173874],[21.293986,46.17392],[21.294043,46.174094],[21.294061,46.174149],[21.294069,46.174155],[21.294085,46.174166],[21.2941,46.174188],[21.294104,46.174212],[21.294096,46.174235],[21.294078,46.174256],[21.294075,46.174288],[21.294072,46.174312],[21.294071,46.174323],[21.294073,46.174356],[21.294078,46.174421],[21.29408,46.174446],[21.294081,46.174459],[21.294083,46.174478],[21.294088,46.174539],[21.294133,46.174633],[21.294215,46.174804],[21.294296,46.174975],[21.294377,46.175146],[21.294423,46.175242],[21.294459,46.175316],[21.294542,46.175487],[21.294625,46.175657],[21.29466,46.17573],[21.294709,46.175827],[21.294794,46.175997],[21.294879,46.176167],[21.294964,46.176337],[21.294989,46.176387],[21.295049,46.176507],[21.295133,46.176677],[21.295218,46.176847],[21.295302,46.177018],[21.295386,46.177188],[21.29547,46.177358],[21.295555,46.177528],[21.295639,46.177698],[21.295723,46.177868],[21.295734,46.17789],[21.295771,46.177972],[21.295804,46.178039],[21.295887,46.17821],[21.29597,46.17838],[21.296037,46.178518],[21.296052,46.17855],[21.296136,46.17872],[21.29622,46.178891],[21.296304,46.179061],[21.296388,46.179231],[21.296424,46.179304],[21.296469,46.179403],[21.296472,46.17941],[21.296553,46.179572],[21.296637,46.179742],[21.296722,46.179912],[21.296799,46.180067],[21.296806,46.180082],[21.296845,46.180162],[21.296964,46.180132],[21.296987,46.180126],[21.297208,46.180071],[21.297215,46.180069],[21.297948,46.179885],[21.29995,46.179381],[21.301969,46.178866],[21.303386,46.178512],[21.303445,46.178497],[21.304004,46.178358],[21.305866,46.17788],[21.307498,46.177476],[21.307529,46.177468],[21.30806,46.178506],[21.308639,46.179635],[21.308906,46.180154],[21.309163,46.180685],[21.309528,46.181355],[21.309547,46.181391],[21.309556,46.181407],[21.309611,46.181511],[21.309634,46.181554],[21.309664,46.181609],[21.309733,46.181648],[21.309803,46.181686],[21.30989,46.181721],[21.309919,46.181731],[21.31002,46.181769],[21.310049,46.18178],[21.310193,46.181838],[21.310288,46.181876],[21.310315,46.181878],[21.310376,46.181894],[21.310412,46.181914],[21.310432,46.181926],[21.310489,46.181986],[21.310551,46.182068],[21.31056,46.182081],[21.310581,46.182122],[21.310641,46.182155],[21.3107,46.182198],[21.31071,46.182208],[21.310744,46.182246],[21.310797,46.182318],[21.310834,46.182364],[21.310863,46.182401],[21.310989,46.182505],[21.311013,46.182524],[21.311061,46.182553],[21.311134,46.182589],[21.311192,46.18261],[21.311249,46.182631],[21.311447,46.182661],[21.311618,46.182687],[21.3117,46.182701],[21.311949,46.182742],[21.311953,46.182743],[21.312123,46.182772],[21.312201,46.182793],[21.312244,46.182805],[21.312371,46.182846],[21.312434,46.182871],[21.312436,46.182871],[21.31266,46.182961],[21.312722,46.182986],[21.312872,46.183053],[21.31288,46.183058],[21.313086,46.183168],[21.313202,46.18323],[21.31329,46.183279],[21.313492,46.183391],[21.313494,46.183391],[21.313604,46.183453],[21.313696,46.183505],[21.313896,46.183619],[21.31397,46.18366],[21.314108,46.183715],[21.314164,46.183737],[21.314107,46.183776],[21.314231,46.183864],[21.314253,46.18388],[21.314433,46.18401],[21.314613,46.184139],[21.314639,46.184158],[21.314786,46.184273],[21.314958,46.184408],[21.314998,46.184439],[21.315122,46.184546],[21.315285,46.184685],[21.315288,46.184687],[21.315352,46.184739],[21.31546,46.18482],[21.315635,46.184952],[21.31564,46.184956],[21.31576,46.185029],[21.315857,46.185069],[21.315874,46.185075],[21.316056,46.185123],[21.316113,46.185131],[21.316145,46.185136],[21.316229,46.185145],[21.316373,46.185147],[21.316505,46.185168],[21.316626,46.185177],[21.316652,46.185179],[21.316788,46.185181],[21.316881,46.185178],[21.316939,46.185177],[21.317078,46.185159],[21.317134,46.185148],[21.317246,46.185126],[21.317377,46.185085],[21.317614,46.185012],[21.317669,46.184995],[21.31785,46.184935],[21.318084,46.184858],[21.318166,46.18483],[21.318315,46.184779],[21.318319,46.184777],[21.318548,46.184693],[21.318777,46.184608],[21.319006,46.184523],[21.319235,46.184438],[21.319368,46.184389],[21.319425,46.184368],[21.319463,46.184354],[21.31953,46.184331],[21.319692,46.18427],[21.319719,46.18426],[21.319768,46.184242],[21.319921,46.184185],[21.320149,46.1841],[21.320378,46.184014],[21.320605,46.18393],[21.320607,46.183929],[21.320651,46.183913],[21.320835,46.183843],[21.321064,46.183757],[21.321071,46.183754],[21.321293,46.183673],[21.321522,46.183588],[21.321752,46.183504],[21.321758,46.183501],[21.321981,46.18342],[21.322211,46.183335],[21.32244,46.183251],[21.322536,46.183216],[21.322637,46.183166],[21.322662,46.183154],[21.322717,46.183128],[21.322885,46.183064],[21.323112,46.182977],[21.323183,46.18295],[21.323239,46.182929],[21.323271,46.182912],[21.323304,46.182884],[21.323306,46.182881],[21.323328,46.182849],[21.323383,46.18273],[21.323387,46.182723],[21.323396,46.182705],[21.323421,46.182671],[21.323436,46.182656],[21.323455,46.182639],[21.323471,46.182629],[21.323504,46.182609],[21.323529,46.182598],[21.323544,46.182592],[21.323601,46.182571],[21.323712,46.182545],[21.323758,46.182535],[21.323902,46.182504],[21.32399,46.182559],[21.324014,46.182573],[21.324021,46.182578],[21.324035,46.182586],[21.324044,46.182591],[21.324067,46.182606],[21.324213,46.182695],[21.324305,46.182752],[21.324401,46.182811],[21.324408,46.182816],[21.324547,46.182916],[21.324588,46.182949],[21.324712,46.183048],[21.324741,46.183072]]},"properties":{"line":"21","dir":"1","headsign":"Podgoria","mode":"bus","color":"#0059a9"}},{"type":"Feature","geometry":{"type":"LineString","coordinates":[[21.323009,46.206591],[21.32302,46.206412],[21.323026,46.206316],[21.323036,46.206234],[21.323059,46.206054],[21.323082,46.205875],[21.323105,46.205696],[21.323128,46.205517],[21.323151,46.205338],[21.323174,46.205159],[21.323195,46.204991],[21.323196,46.204979],[21.323215,46.204799],[21.323215,46.204798],[21.323218,46.204627],[21.323217,46.204616],[21.323193,46.204437],[21.323169,46.204258],[21.323145,46.204079],[21.323121,46.2039],[21.323097,46.203721],[21.323073,46.203542],[21.323049,46.203362],[21.323032,46.203233],[21.323025,46.203183],[21.322998,46.203004],[21.322971,46.202825],[21.322945,46.202646],[21.322918,46.202468],[21.322891,46.202289],[21.322864,46.20211],[21.322838,46.201931],[21.322811,46.201752],[21.322784,46.201573],[21.322757,46.201394],[21.322731,46.201215],[21.322704,46.201036],[21.322677,46.200857],[21.322657,46.200723],[21.322658,46.200681],[21.322662,46.20057],[21.322671,46.200503],[21.322686,46.200395],[21.322695,46.200324],[21.322718,46.200145],[21.322741,46.199966],[21.322764,46.199787],[21.322787,46.199608],[21.322811,46.199428],[21.322832,46.199261],[21.322833,46.199251],[21.323087,46.199266],[21.323346,46.199281],[21.323605,46.199296],[21.323864,46.199311],[21.32407,46.199323],[21.324123,46.199326],[21.324382,46.19934],[21.324641,46.199353],[21.3249,46.199367],[21.325159,46.199381],[21.325339,46.199391],[21.325459,46.199397],[21.325526,46.19916],[21.325576,46.198984],[21.325626,46.198807],[21.325676,46.198631],[21.325726,46.198454],[21.325776,46.198278],[21.325787,46.198239],[21.325807,46.198188],[21.325831,46.198157],[21.325842,46.198146],[21.325859,46.19813],[21.325895,46.198111],[21.326019,46.198086],[21.326268,46.198035],[21.326471,46.197994],[21.326518,46.197985],[21.326767,46.197933],[21.327015,46.197881],[21.327264,46.197829],[21.327513,46.197778],[21.32764,46.197751],[21.327761,46.197727],[21.328011,46.197677],[21.328261,46.197628],[21.32851,46.197578],[21.32876,46.197528],[21.328796,46.197521],[21.32901,46.197477],[21.329258,46.197426],[21.329507,46.197375],[21.329756,46.197324],[21.329975,46.197279],[21.330005,46.197273],[21.330256,46.197226],[21.330506,46.197178],[21.330757,46.19713],[21.331007,46.197082],[21.331156,46.197053],[21.331254,46.197013],[21.33128,46.197003],[21.331465,46.196906],[21.331673,46.196798],[21.33188,46.19669],[21.332088,46.196582],[21.332295,46.196474],[21.3325,46.196367],[21.332503,46.196365],[21.332709,46.196256],[21.332916,46.196147],[21.333122,46.196038],[21.333329,46.195928],[21.333535,46.195819],[21.333741,46.19571],[21.333948,46.1956],[21.334154,46.195491],[21.334205,46.195465],[21.334242,46.195445],[21.334274,46.195427],[21.334358,46.19538],[21.334383,46.195366],[21.334315,46.195301],[21.33424,46.195229],[21.334186,46.195178],[21.334099,46.195095],[21.334087,46.195083],[21.334049,46.195047],[21.334042,46.195042],[21.334019,46.19502],[21.333931,46.194939],[21.333776,46.194795],[21.33362,46.194651],[21.333478,46.194519],[21.333464,46.194507],[21.333376,46.194429],[21.333305,46.194364],[21.333242,46.194307],[21.333149,46.194221],[21.332992,46.194078],[21.332835,46.193934],[21.332679,46.193791],[21.332554,46.193676],[21.332522,46.193647],[21.332366,46.193503],[21.332316,46.193458],[21.332304,46.193447],[21.332209,46.19336],[21.332053,46.193216],[21.332027,46.193191],[21.331897,46.193072],[21.33174,46.192929],[21.331635,46.192833],[21.331584,46.192786],[21.331428,46.192641],[21.331273,46.192497],[21.331222,46.192451],[21.331116,46.192354],[21.330959,46.19221],[21.330802,46.192067],[21.330788,46.192053],[21.330749,46.192018],[21.330698,46.191971],[21.330656,46.191921],[21.33064,46.191902],[21.330553,46.19179],[21.330536,46.191763],[21.330436,46.191614],[21.330427,46.1916],[21.330314,46.191438],[21.330233,46.19132],[21.330202,46.191276],[21.330092,46.191117],[21.32998,46.190955],[21.329867,46.190793],[21.329853,46.190772],[21.329755,46.190631],[21.329748,46.190621],[21.329683,46.190517],[21.329656,46.190467],[21.329566,46.190298],[21.329519,46.19021],[21.329481,46.190137],[21.329477,46.190129],[21.329391,46.18996],[21.329304,46.18979],[21.32929,46.189763],[21.329284,46.189752],[21.329036,46.189274],[21.328992,46.189187],[21.328914,46.189085],[21.328845,46.188984],[21.328802,46.18891],[21.328416,46.188161],[21.327897,46.187171],[21.327808,46.187002],[21.327719,46.186833],[21.327667,46.186732],[21.32763,46.186664],[21.327539,46.186495],[21.327448,46.186327],[21.327357,46.186158],[21.327328,46.186104],[21.327269,46.185989],[21.327182,46.18582],[21.327095,46.18565],[21.327008,46.185481],[21.326983,46.185432],[21.32696,46.185398],[21.326921,46.18535],[21.326891,46.185319],[21.326872,46.185299],[21.326825,46.185257],[21.32676,46.185209],[21.326716,46.185181],[21.32668,46.185158],[21.326582,46.185109],[21.326564,46.185101],[21.326503,46.18508],[21.326482,46.185073],[21.326365,46.185048],[21.326257,46.185032],[21.326003,46.184996],[21.326,46.184995],[21.325893,46.18498],[21.325748,46.18496],[21.325727,46.184957],[21.325615,46.184942],[21.325519,46.184928],[21.325493,46.184924],[21.325304,46.184898],[21.325239,46.184888],[21.325224,46.184886],[21.325013,46.184853],[21.324986,46.184845],[21.324979,46.184844],[21.324954,46.184837],[21.324916,46.184827],[21.324866,46.184805],[21.324797,46.18477],[21.324758,46.184751],[21.324727,46.184735],[21.324675,46.184722],[21.324629,46.184722],[21.32458,46.184606],[21.324508,46.184437],[21.324435,46.184264],[21.324365,46.1841],[21.32436,46.184091],[21.324309,46.184002],[21.32426,46.183925],[21.32423,46.183879],[21.32414,46.183767],[21.324013,46.183611],[21.324003,46.183598],[21.323878,46.183458],[21.323793,46.183362],[21.323752,46.183315],[21.323743,46.183305],[21.323607,46.183151],[21.323603,46.183147],[21.323484,46.183018],[21.323424,46.182953],[21.323346,46.182869],[21.323328,46.182849],[21.323383,46.18273],[21.323393,46.182711],[21.323396,46.182705],[21.323421,46.182671],[21.323436,46.182656],[21.323455,46.182639],[21.323471,46.182629],[21.323504,46.182609],[21.323544,46.182592],[21.323601,46.182571],[21.323712,46.182545],[21.323773,46.182532],[21.323902,46.182504],[21.32399,46.182559],[21.324014,46.182573],[21.324031,46.182584],[21.324035,46.182586],[21.324044,46.182591],[21.324067,46.182606],[21.324225,46.182703],[21.324305,46.182752],[21.324401,46.182811],[21.32442,46.182825],[21.324547,46.182916],[21.324599,46.182958],[21.324712,46.183048],[21.324768,46.183094],[21.324776,46.1831]]},"properties":{"line":"31","dir":"0","headsign":"Podgoria","mode":"bus","color":"#0059a9"}},{"type":"Feature","geometry":{"type":"LineString","coordinates":[[21.324776,46.1831],[21.324944,46.183235],[21.325112,46.183371],[21.325281,46.183507],[21.32545,46.183643],[21.325527,46.183705],[21.325541,46.183716],[21.325615,46.183782],[21.325643,46.183807],[21.325691,46.183844],[21.325786,46.183917],[21.325933,46.184028],[21.325959,46.184055],[21.326101,46.184206],[21.326243,46.184356],[21.326385,46.184506],[21.326401,46.184522],[21.326523,46.184659],[21.326601,46.184746],[21.326639,46.184794],[21.326656,46.184815],[21.32674,46.184988],[21.32676,46.185209],[21.326825,46.185257],[21.326872,46.185299],[21.326905,46.185333],[21.326921,46.18535],[21.32696,46.185398],[21.326983,46.185432],[21.327013,46.18549],[21.3271,46.185659],[21.327187,46.185829],[21.327274,46.185998],[21.327328,46.186104],[21.327362,46.186167],[21.327453,46.186336],[21.327544,46.186504],[21.327635,46.186673],[21.327667,46.186732],[21.327724,46.186842],[21.327813,46.187011],[21.327902,46.18718],[21.32799,46.187349],[21.328079,46.187518],[21.328168,46.187687],[21.328256,46.187856],[21.328345,46.188025],[21.328416,46.188161],[21.328433,46.188195],[21.328521,46.188364],[21.328608,46.188533],[21.328695,46.188703],[21.328783,46.188872],[21.328802,46.18891],[21.328845,46.188984],[21.328882,46.189038],[21.328914,46.189085],[21.328992,46.189187],[21.328999,46.189201],[21.329036,46.189274],[21.329086,46.18937],[21.329174,46.189539],[21.329261,46.189708],[21.32929,46.189763],[21.329349,46.189878],[21.329436,46.190048],[21.329481,46.190137],[21.329519,46.19021],[21.329522,46.190217],[21.329613,46.190385],[21.329683,46.190517],[21.329705,46.190552],[21.329748,46.190621],[21.329813,46.190715],[21.329853,46.190772],[21.329926,46.190877],[21.330038,46.191039],[21.33015,46.191201],[21.330233,46.19132],[21.330263,46.191363],[21.330375,46.191525],[21.330436,46.191614],[21.330486,46.191688],[21.330553,46.19179],[21.330599,46.191849],[21.33064,46.191902],[21.330698,46.191971],[21.330731,46.192001],[21.330749,46.192018],[21.330788,46.192053],[21.330887,46.192144],[21.331044,46.192288],[21.331201,46.192431],[21.331222,46.192451],[21.331357,46.192575],[21.331512,46.192719],[21.331635,46.192833],[21.331668,46.192863],[21.331824,46.193006],[21.331981,46.19315],[21.332027,46.193191],[21.332138,46.193294],[21.332294,46.193437],[21.332304,46.193447],[21.332316,46.193458],[21.33245,46.193581],[21.332554,46.193676],[21.332607,46.193724],[21.332763,46.193868],[21.33292,46.194011],[21.333076,46.194155],[21.333233,46.194298],[21.333242,46.194307],[21.333376,46.194429],[21.33339,46.194441],[21.333478,46.194519],[21.333549,46.194584],[21.333704,46.194728],[21.33386,46.194873],[21.334015,46.195017],[21.334019,46.19502],[21.334042,46.195042],[21.334049,46.195047],[21.334099,46.195095],[21.334169,46.195162],[21.334186,46.195178],[21.334315,46.195301],[21.334322,46.195307],[21.334383,46.195366],[21.334274,46.195427],[21.33425,46.19544],[21.334242,46.195445],[21.334205,46.195465],[21.334043,46.19555],[21.333837,46.195659],[21.33363,46.195769],[21.333424,46.195878],[21.333218,46.195987],[21.333011,46.196096],[21.332805,46.196206],[21.332598,46.196315],[21.3325,46.196367],[21.332391,46.196424],[21.332184,46.196532],[21.331976,46.19664],[21.331769,46.196748],[21.331561,46.196856],[21.331353,46.196965],[21.33128,46.197003],[21.331156,46.197053],[21.331122,46.19706],[21.330872,46.197108],[21.330622,46.197156],[21.330371,46.197203],[21.330121,46.197251],[21.329975,46.197279],[21.329871,46.197301],[21.329622,46.197352],[21.329373,46.197403],[21.329124,46.197454],[21.328875,46.197505],[21.328796,46.197521],[21.328626,46.197555],[21.328376,46.197605],[21.328126,46.197654],[21.327877,46.197704],[21.32764,46.197751],[21.327628,46.197754],[21.327379,46.197805],[21.32713,46.197857],[21.326881,46.197909],[21.326632,46.197961],[21.326471,46.197994],[21.326513,46.198134],[21.326566,46.19831],[21.326619,46.198486],[21.326672,46.198662],[21.326725,46.198838],[21.326778,46.199014],[21.326831,46.19919],[21.326884,46.199366],[21.32691,46.199452],[21.326939,46.199541],[21.326996,46.199716],[21.327053,46.199892],[21.32711,46.200067],[21.327166,46.200243],[21.327223,46.200418],[21.32728,46.200594],[21.327304,46.200667],[21.327334,46.200772],[21.327386,46.200948],[21.327438,46.201124],[21.327489,46.2013],[21.327541,46.201477],[21.327548,46.2015],[21.327595,46.201652],[21.327649,46.201828],[21.327696,46.201982],[21.327756,46.20218],[21.327809,46.202356],[21.327862,46.202532],[21.32788,46.202591],[21.327923,46.202701],[21.32799,46.202874],[21.328058,46.203048],[21.328126,46.203222],[21.328193,46.203393],[21.328244,46.203525],[21.32826,46.203562],[21.328332,46.203735],[21.328404,46.203908],[21.328476,46.204081],[21.328519,46.204184],[21.328526,46.204207],[21.32854,46.204257],[21.32859,46.204434],[21.32864,46.20461],[21.328654,46.20466],[21.328694,46.204786],[21.328749,46.204962],[21.328804,46.205137],[21.32886,46.205313],[21.328915,46.205489],[21.328936,46.205554],[21.328977,46.205662],[21.329044,46.205836],[21.329111,46.206009],[21.329121,46.206033],[21.329183,46.206182],[21.329256,46.206354],[21.329319,46.206504],[21.329326,46.206531],[21.329345,46.206605],[21.329344,46.206631],[21.329326,46.206649],[21.329293,46.206659],[21.329233,46.206669],[21.329208,46.20667],[21.329145,46.206673],[21.328948,46.206674],[21.328902,46.206674],[21.328758,46.206683],[21.32869,46.206689],[21.328523,46.206703],[21.328432,46.206709],[21.328356,46.206714],[21.3282,46.206713],[21.328171,46.206711],[21.328016,46.206703],[21.327912,46.206706],[21.327652,46.206713],[21.327393,46.20672],[21.327133,46.206727],[21.326873,46.206734],[21.326777,46.206737],[21.326614,46.206742],[21.326355,46.206751],[21.326095,46.20676],[21.325836,46.206769],[21.325576,46.206778],[21.325534,46.206779],[21.325315,46.206778],[21.325056,46.206777],[21.325045,46.206777],[21.324796,46.206773],[21.324536,46.206769],[21.324276,46.206764],[21.324209,46.206763],[21.324017,46.20676],[21.323757,46.206756],[21.323497,46.206752],[21.323357,46.206749],[21.323237,46.206745],[21.323178,46.206743],[21.323001,46.206726],[21.323001,46.206723],[21.323009,46.206591]]},"properties":{"line":"31","dir":"1","headsign":"Trenului","mode":"bus","color":"#0059a9"}},{"type":"Feature","geometry":{"type":"LineString","coordinates":[[21.324776,46.1831],[21.324944,46.183235],[21.325112,46.183371],[21.325281,46.183507],[21.32545,46.183643],[21.325527,46.183705],[21.325541,46.183716],[21.325615,46.183782],[21.325643,46.183807],[21.325691,46.183844],[21.325696,46.183879],[21.325701,46.18391],[21.325712,46.183941],[21.325712,46.183943],[21.325731,46.183979],[21.325816,46.184106],[21.325824,46.184118],[21.325859,46.18419],[21.325866,46.18421],[21.325884,46.184258],[21.325889,46.18428],[21.325894,46.18431],[21.325898,46.184354],[21.325892,46.184428],[21.325882,46.184462],[21.325868,46.18451],[21.325865,46.184518],[21.325823,46.184626],[21.325815,46.184639],[21.325787,46.184687],[21.325711,46.184804],[21.325673,46.184861],[21.325658,46.184882],[21.325638,46.18491],[21.325615,46.184942],[21.325597,46.184966],[21.32557,46.185003],[21.325476,46.185125],[21.325354,46.185284],[21.325294,46.185363],[21.325246,46.18543],[21.325238,46.185444],[21.325223,46.185472],[21.325212,46.185514],[21.325205,46.185571],[21.325204,46.185611],[21.325204,46.185619],[21.325203,46.185633],[21.325211,46.185706],[21.325217,46.185754],[21.325221,46.185797],[21.325228,46.185857],[21.32524,46.18594],[21.325252,46.18597],[21.325324,46.186143],[21.325396,46.186316],[21.325468,46.186489],[21.32554,46.186662],[21.325607,46.186823],[21.325612,46.186835],[21.325687,46.187007],[21.325732,46.187108],[21.325754,46.187181],[21.325773,46.187241],[21.325787,46.18736],[21.325789,46.187376],[21.325786,46.187475],[21.32578,46.187538],[21.325775,46.187581],[21.325751,46.187717],[21.325748,46.187736],[21.32571,46.187886],[21.325707,46.187894],[21.325658,46.188051],[21.325651,46.188067],[21.325586,46.188209],[21.325571,46.188234],[21.325549,46.188272],[21.325523,46.188316],[21.325466,46.188396],[21.325449,46.188421],[21.325413,46.188465],[21.325341,46.188542],[21.325336,46.188545],[21.325218,46.188629],[21.32515,46.188669],[21.325093,46.188702],[21.325046,46.188726],[21.324998,46.18875],[21.324945,46.188778],[21.324741,46.188889],[21.324536,46.189],[21.32441,46.189069],[21.324371,46.18909],[21.324329,46.189109],[21.324321,46.189113],[21.324257,46.189134],[21.324166,46.18916],[21.324094,46.189174],[21.324051,46.189183],[21.323843,46.189208],[21.323701,46.189226],[21.323594,46.189238],[21.323586,46.189239],[21.323332,46.189275],[21.323299,46.18928],[21.323079,46.189321],[21.322828,46.189367],[21.322738,46.189383],[21.322577,46.189415],[21.322327,46.189464],[21.322077,46.189512],[21.321972,46.189533],[21.321827,46.189562],[21.321692,46.189588],[21.321577,46.18961],[21.321527,46.18962],[21.321469,46.189631],[21.321327,46.18966],[21.321077,46.189709],[21.320828,46.189759],[21.320578,46.189809],[21.320328,46.189858],[21.320269,46.18987],[21.320079,46.189908],[21.319829,46.189958],[21.319579,46.190009],[21.319352,46.190054],[21.31933,46.190059],[21.31929,46.190067],[21.319081,46.190111],[21.319054,46.190116],[21.319092,46.19023],[21.319103,46.190264],[21.319105,46.190271],[21.319159,46.190439],[21.319215,46.190615],[21.319245,46.19071],[21.319271,46.190791],[21.319325,46.190967],[21.319379,46.191143],[21.319434,46.191318],[21.319476,46.191455],[21.319488,46.191494],[21.319513,46.191574],[21.319543,46.19167],[21.319597,46.191846],[21.319623,46.191928],[21.319652,46.192022],[21.319706,46.192198],[21.31971,46.192209],[21.319738,46.192223],[21.319775,46.192259],[21.319794,46.192302],[21.319793,46.192347],[21.319774,46.192383],[21.319771,46.192389],[21.319747,46.19241],[21.319797,46.192552],[21.319846,46.192688],[21.319859,46.192727],[21.3199,46.192841],[21.319917,46.192902],[21.319965,46.193079],[21.320003,46.193217],[21.320014,46.193256],[21.320062,46.193432],[21.320111,46.193609],[21.320159,46.193785],[21.320208,46.193962],[21.320256,46.194139],[21.320305,46.194315],[21.320353,46.194492],[21.320401,46.194669],[21.32045,46.194845],[21.320498,46.195022],[21.3205,46.195028],[21.32052,46.19513],[21.320526,46.195197],[21.320529,46.195232],[21.320531,46.195343],[21.320531,46.195374],[21.320526,46.195554],[21.320522,46.195734],[21.320518,46.195914],[21.320514,46.196093],[21.320512,46.196166],[21.320496,46.196272],[21.32049,46.196308],[21.320454,46.196449],[21.320409,46.196626],[21.320387,46.196715],[21.320364,46.196803],[21.320339,46.196898],[21.320326,46.19698],[21.320322,46.197008],[21.320309,46.19711],[21.320308,46.197157],[21.320308,46.197252],[21.320307,46.197337],[21.320307,46.197362],[21.320318,46.197456],[21.320329,46.197515],[21.32036,46.197693],[21.320391,46.197872],[21.320421,46.19804],[21.320422,46.198051],[21.320444,46.198211],[21.320446,46.198231],[21.320451,46.198313],[21.320437,46.198403],[21.320433,46.198416],[21.320378,46.198592],[21.320322,46.198768],[21.320267,46.198943],[21.320266,46.198947],[21.320205,46.199119],[21.320172,46.199213],[21.32014,46.199294],[21.320122,46.199339],[21.320065,46.199467],[21.320043,46.199516],[21.319982,46.199638],[21.319923,46.199757],[21.319901,46.199808],[21.319827,46.199981],[21.319804,46.200033],[21.319789,46.200077],[21.319776,46.200112],[21.319772,46.20015],[21.319767,46.200192],[21.319768,46.200241],[21.319774,46.200293],[21.31978,46.200324],[21.319783,46.200336],[21.319798,46.20037],[21.319832,46.200448],[21.319838,46.200463],[21.319853,46.200493],[21.3199,46.200582],[21.319948,46.200659],[21.320015,46.200765],[21.320055,46.200822],[21.320104,46.200891],[21.320179,46.200977],[21.320189,46.200988],[21.320259,46.201069],[21.320314,46.201131],[21.320439,46.20127],[21.320451,46.201285],[21.320517,46.201365],[21.320567,46.201434],[21.320574,46.201447],[21.320596,46.201486],[21.320612,46.201537],[21.320622,46.201615],[21.320623,46.201631],[21.320625,46.201681],[21.320624,46.201812],[21.320622,46.201992],[21.32062,46.202172],[21.320619,46.202352],[21.320617,46.202531],[21.320615,46.202711],[21.320613,46.202891],[21.320612,46.203071],[21.32061,46.203251],[21.320608,46.203431],[21.320606,46.203611],[21.320605,46.2037],[21.320605,46.20379],[21.320603,46.20397],[21.320602,46.20415],[21.320601,46.20427],[21.320601,46.204299],[21.320574,46.206758],[21.320571,46.20736],[21.32057,46.20754],[21.320569,46.20772],[21.320568,46.2079],[21.320568,46.207981],[21.320568,46.208079],[21.320568,46.208259],[21.320568,46.208439],[21.320568,46.208602],[21.320567,46.208619],[21.320567,46.208799],[21.320566,46.208979],[21.320566,46.209159],[21.320565,46.209339],[21.320564,46.209518],[21.320564,46.209698],[21.320564,46.209741],[21.320729,46.209741],[21.320989,46.209741],[21.321249,46.209741],[21.321442,46.209741],[21.321455,46.209847],[21.321476,46.210026],[21.321498,46.210204],[21.32152,46.210383],[21.321542,46.210562],[21.321564,46.210742],[21.321586,46.210921],[21.321608,46.2111],[21.32163,46.211279],[21.321652,46.211458],[21.321674,46.211638],[21.321696,46.211817],[21.321718,46.211996],[21.321741,46.212175],[21.321763,46.212355],[21.321785,46.212534],[21.321807,46.212713],[21.32182,46.212821],[21.321712,46.21282],[21.321452,46.212818],[21.321192,46.212816],[21.320933,46.212813],[21.320673,46.212811],[21.320551,46.21281],[21.320551,46.21282]]},"properties":{"line":"39b","dir":"0","headsign":"Arțarului","mode":"bus","color":"#0059a9"}},{"type":"Feature","geometry":{"type":"LineString","coordinates":[[21.320551,46.21272],[21.320555,46.210985],[21.320573,46.209923],[21.320564,46.209741],[21.320568,46.208602],[21.320568,46.2086],[21.320568,46.20842],[21.320568,46.20824],[21.320568,46.20806],[21.320568,46.207981],[21.320568,46.207881],[21.320569,46.207701],[21.32057,46.207521],[21.320571,46.20736],[21.320574,46.206758],[21.320601,46.204299],[21.320605,46.2037],[21.320606,46.20368],[21.320607,46.2035],[21.320609,46.20332],[21.320611,46.203141],[21.320613,46.202961],[21.320614,46.202781],[21.320616,46.202601],[21.320618,46.202421],[21.32062,46.202241],[21.320621,46.202061],[21.320623,46.201882],[21.320625,46.201702],[21.320625,46.201681],[21.320622,46.201615],[21.320612,46.201537],[21.320605,46.201516],[21.320596,46.201486],[21.320567,46.201434],[21.320517,46.201365],[21.320501,46.201345],[21.320439,46.20127],[21.320367,46.20119],[21.320259,46.201069],[21.320231,46.201037],[21.320189,46.200988],[21.320104,46.200891],[21.320099,46.200884],[21.320015,46.200765],[21.319988,46.200723],[21.3199,46.200582],[21.319887,46.200558],[21.319838,46.200463],[21.319832,46.200448],[21.319806,46.200388],[21.319798,46.20037],[21.319783,46.200336],[21.319774,46.200293],[21.319768,46.200241],[21.319768,46.200218],[21.319767,46.200192],[21.319776,46.200112],[21.319789,46.200077],[21.319799,46.200046],[21.319804,46.200033],[21.319872,46.199875],[21.319923,46.199757],[21.319949,46.199704],[21.320034,46.199534],[21.320043,46.199516],[21.320112,46.199362],[21.320122,46.199339],[21.320172,46.199213],[21.320181,46.199187],[21.320243,46.199012],[21.320266,46.198947],[21.320301,46.198836],[21.320356,46.19866],[21.320412,46.198484],[21.320437,46.198403],[21.320451,46.198313],[21.32045,46.1983],[21.320444,46.198211],[21.320432,46.19812],[21.320421,46.19804],[21.320403,46.197941],[21.320372,46.197763],[21.320341,46.197584],[21.320318,46.197456],[21.320312,46.197406],[21.320307,46.197362],[21.320308,46.197252],[21.320308,46.197227],[21.320309,46.19711],[21.320316,46.197049],[21.320322,46.197008],[21.320339,46.196898],[21.320346,46.196872],[21.320387,46.196715],[21.320392,46.196695],[21.320437,46.196518],[21.320482,46.196341],[21.32049,46.196308],[21.320512,46.196166],[21.320512,46.196163],[21.320516,46.195983],[21.320521,46.195804],[21.320525,46.195624],[21.320529,46.195444],[21.320531,46.195343],[21.32053,46.195265],[21.320529,46.195232],[21.32052,46.19513],[21.320512,46.195089],[21.3205,46.195028],[21.320469,46.194914],[21.32042,46.194737],[21.320372,46.194561],[21.320323,46.194384],[21.320275,46.194207],[21.320226,46.19403],[21.320178,46.193854],[21.320129,46.193677],[21.320081,46.1935],[21.320033,46.193324],[21.320003,46.193217],[21.319984,46.193147],[21.319936,46.192971],[21.3199,46.192841],[21.319883,46.192794],[21.319846,46.192688],[21.319821,46.19262],[21.319759,46.192445],[21.319747,46.19241],[21.319731,46.192424],[21.319673,46.192449],[21.319607,46.19246],[21.319571,46.192457],[21.319539,46.192454],[21.319478,46.192434],[21.31943,46.1924],[21.319402,46.192357],[21.319395,46.19231],[21.319412,46.192264],[21.319448,46.192227],[21.319498,46.192199],[21.319559,46.192184],[21.319624,46.192183],[21.319685,46.192197],[21.31971,46.192209],[21.319673,46.19209],[21.319623,46.191928],[21.319618,46.191914],[21.319564,46.191738],[21.319513,46.191574],[21.319509,46.191562],[21.319476,46.191455],[21.319455,46.191387],[21.319401,46.191211],[21.319346,46.191035],[21.319292,46.190859],[21.319245,46.19071],[21.319237,46.190683],[21.319181,46.190507],[21.319124,46.190332],[21.319105,46.190271],[21.319092,46.19023],[21.319067,46.190156],[21.319054,46.190116],[21.319036,46.190065],[21.319029,46.190037],[21.319011,46.189988],[21.318999,46.189953],[21.319223,46.189907],[21.319245,46.189903],[21.319495,46.189853],[21.319591,46.189834],[21.319745,46.189804],[21.319995,46.189754],[21.320244,46.189705],[21.320494,46.189655],[21.320496,46.189655],[21.320747,46.189609],[21.320998,46.189564],[21.32125,46.189518],[21.321368,46.189497],[21.321401,46.189492],[21.321491,46.189479],[21.321503,46.189476],[21.321599,46.189461],[21.321752,46.189442],[21.32176,46.189441],[21.321839,46.189432],[21.321947,46.189416],[21.322011,46.189403],[21.32226,46.189352],[21.322509,46.1893],[21.322626,46.189276],[21.322696,46.189262],[21.322759,46.18925],[21.322896,46.189223],[21.323008,46.1892],[21.323257,46.189148],[21.32342,46.189115],[21.3235,46.189098],[21.323505,46.189097],[21.323605,46.18907],[21.323689,46.189048],[21.323744,46.189028],[21.32379,46.189011],[21.323917,46.188957],[21.323963,46.188934],[21.324014,46.188909],[21.324097,46.188862],[21.324165,46.188824],[21.324366,46.18871],[21.324567,46.188596],[21.324668,46.18854],[21.324713,46.188514],[21.324768,46.188483],[21.324775,46.188479],[21.324832,46.188455],[21.324964,46.188365],[21.324996,46.188343],[21.325084,46.188273],[21.325133,46.188229],[21.325166,46.188199],[21.325245,46.188115],[21.325277,46.188078],[21.325342,46.188004],[21.325403,46.187919],[21.32541,46.187909],[21.325485,46.187779],[21.325497,46.187751],[21.325522,46.187691],[21.325554,46.187576],[21.325555,46.187571],[21.325581,46.187448],[21.325584,46.187397],[21.325585,46.187368],[21.325586,46.18729],[21.325578,46.187223],[21.325576,46.187214],[21.325554,46.187139],[21.32552,46.187045],[21.325516,46.187036],[21.325437,46.186866],[21.325358,46.186695],[21.325278,46.186524],[21.325199,46.186352],[21.32512,46.186181],[21.32505,46.186031],[21.32504,46.18601],[21.325026,46.185979],[21.324991,46.185905],[21.32497,46.185835],[21.324957,46.185794],[21.324916,46.185659],[21.324862,46.185484],[21.324838,46.185404],[21.324808,46.185308],[21.324755,46.185132],[21.324701,46.184956],[21.324653,46.184801],[21.324647,46.18478],[21.324629,46.184722],[21.32458,46.184606],[21.324507,46.184433],[21.324433,46.184261],[21.324365,46.1841],[21.324358,46.184088],[21.324309,46.184002],[21.324258,46.183922],[21.32423,46.183879],[21.324137,46.183765],[21.32401,46.183608],[21.324003,46.183598],[21.323876,46.183455],[21.323793,46.183362],[21.323752,46.183315],[21.32374,46.183302],[21.323604,46.183149],[21.323603,46.183147],[21.32348,46.183014],[21.323424,46.182953],[21.323344,46.182867],[21.323328,46.182849],[21.323383,46.18273],[21.323394,46.182709],[21.323396,46.182705],[21.323421,46.182671],[21.323436,46.182656],[21.323455,46.182639],[21.323471,46.182629],[21.323504,46.182609],[21.323544,46.182592],[21.323547,46.18259],[21.323601,46.182571],[21.323712,46.182545],[21.323781,46.18253],[21.323902,46.182504],[21.32399,46.182559],[21.324014,46.182573],[21.324035,46.182586],[21.324038,46.182588],[21.324044,46.182591],[21.324067,46.182606],[21.324232,46.182707],[21.324305,46.182752],[21.324401,46.182811],[21.324426,46.182829],[21.324547,46.182916],[21.324605,46.182963],[21.324712,46.183048],[21.324774,46.183099],[21.324776,46.1831]]},"properties":{"line":"39b","dir":"1","headsign":"Podgoria","mode":"bus","color":"#0059a9"}},{"type":"Feature","geometry":{"type":"LineString","coordinates":[[21.319936,46.166463],[21.319948,46.166499],[21.320015,46.16663],[21.320065,46.166729],[21.320073,46.166741],[21.320087,46.166763],[21.320108,46.166787],[21.320124,46.166805],[21.320153,46.166831],[21.320196,46.166853],[21.320252,46.166874],[21.320284,46.166883],[21.320303,46.166888],[21.320531,46.166937],[21.320712,46.166977],[21.320761,46.166989],[21.320777,46.166993],[21.320797,46.166999],[21.320891,46.167043],[21.320941,46.167075],[21.320984,46.167117],[21.320992,46.167125],[21.321008,46.167155],[21.321025,46.167188],[21.321032,46.167221],[21.321038,46.167252],[21.321041,46.167295],[21.321036,46.167311],[21.321017,46.167365],[21.320983,46.167427],[21.320933,46.167478],[21.32093,46.167482],[21.320893,46.16751],[21.320853,46.167533],[21.320803,46.167558],[21.32076,46.167574],[21.32073,46.167582],[21.32072,46.167584],[21.320672,46.167591],[21.320613,46.167597],[21.320562,46.167599],[21.32052,46.167598],[21.320478,46.167596],[21.320437,46.16759],[21.320407,46.167582],[21.320373,46.167573],[21.320316,46.167548],[21.320258,46.167514],[21.320202,46.167467],[21.320171,46.167433],[21.320153,46.167403],[21.320138,46.16737],[21.320137,46.167322],[21.320142,46.16727],[21.32014,46.167265],[21.320129,46.167237],[21.320118,46.167207],[21.320091,46.167139],[21.320062,46.167086],[21.320024,46.167038],[21.319961,46.16696],[21.319898,46.166881],[21.319852,46.166823],[21.319813,46.166773],[21.319772,46.166723],[21.319645,46.166566],[21.319557,46.166457],[21.319517,46.166409],[21.319487,46.166374],[21.319457,46.166344],[21.319435,46.166322],[21.319422,46.166309],[21.319335,46.16632],[21.31908,46.166352],[21.318895,46.166375],[21.318824,46.166385],[21.318569,46.166419],[21.318314,46.166453],[21.31814,46.166476],[21.31806,46.166488],[21.317977,46.1665],[21.317804,46.166522],[21.317697,46.166536],[21.317549,46.166555],[21.317294,46.166589],[21.317038,46.166622],[21.31682,46.166651],[21.316784,46.166656],[21.31653,46.166693],[21.316366,46.166717],[21.316276,46.166731],[21.316022,46.166771],[21.315787,46.166807],[21.31577,46.16681],[21.315674,46.166827],[21.31553,46.166844],[21.31551,46.166845],[21.315342,46.166854],[21.315251,46.166858],[21.314992,46.16687],[21.314732,46.166881],[21.314624,46.166886],[21.314474,46.166896],[21.314472,46.166896],[21.314214,46.166908],[21.314179,46.16691],[21.313955,46.16692],[21.313728,46.166931],[21.313696,46.166933],[21.313437,46.166946],[21.313271,46.166955],[21.313178,46.166961],[21.31292,46.166978],[21.312743,46.166989],[21.312662,46.166995],[21.312436,46.167013],[21.312404,46.167016],[21.312146,46.167038],[21.312063,46.167045],[21.311888,46.167059],[21.311661,46.167078],[21.311625,46.167078],[21.311489,46.167078],[21.311366,46.16707],[21.311245,46.167063],[21.311107,46.167057],[21.310848,46.167046],[21.310795,46.167044],[21.310716,46.167043],[21.310625,46.16704],[21.310588,46.167038],[21.310329,46.167029],[21.310069,46.167019],[21.310066,46.167019],[21.30981,46.167009],[21.30955,46.166999],[21.309442,46.166995],[21.309291,46.166991],[21.309031,46.166983],[21.308772,46.166975],[21.308512,46.166967],[21.308252,46.166959],[21.308234,46.166959],[21.308156,46.166956],[21.307992,46.166957],[21.307912,46.166958],[21.307732,46.166958],[21.307502,46.166959],[21.307474,46.166958],[21.307215,46.166943],[21.306956,46.166929],[21.306817,46.166921],[21.306697,46.166914],[21.306438,46.1669],[21.306412,46.166898],[21.30618,46.166883],[21.306092,46.166877],[21.305921,46.166868],[21.305808,46.166862],[21.305662,46.166854],[21.305403,46.166839],[21.305282,46.166832],[21.305144,46.166825],[21.304885,46.166811],[21.304705,46.166801],[21.304626,46.166797],[21.304367,46.166783],[21.304108,46.166768],[21.303849,46.166754],[21.303824,46.166753],[21.303695,46.166743],[21.303591,46.166735],[21.303421,46.166721],[21.303332,46.166717],[21.303073,46.166703],[21.302854,46.166692],[21.302814,46.166689],[21.302555,46.166674],[21.302296,46.166658],[21.30221,46.166653],[21.302037,46.166642],[21.301935,46.166636],[21.301967,46.166694],[21.301977,46.166714],[21.302061,46.166884],[21.302144,46.167055],[21.302228,46.167225],[21.302311,46.167395],[21.302395,46.167566],[21.302478,46.167736],[21.302514,46.167809],[21.302565,46.167905],[21.302656,46.168073],[21.302746,46.168242],[21.302837,46.16841],[21.302928,46.168579],[21.303018,46.168747],[21.303109,46.168916],[21.303199,46.169085],[21.30329,46.169253],[21.303323,46.169315],[21.30338,46.16942],[21.303381,46.169422],[21.303468,46.169591],[21.303556,46.169761],[21.303644,46.16993],[21.303719,46.170075],[21.303732,46.170099],[21.303819,46.170269],[21.303907,46.170438],[21.303908,46.170441],[21.303995,46.170607],[21.303999,46.170616],[21.304081,46.170777],[21.304168,46.170947],[21.304254,46.171116],[21.30434,46.171286],[21.304427,46.171455],[21.304508,46.171615],[21.304513,46.171625],[21.30457,46.171746],[21.304596,46.171795],[21.304683,46.171965],[21.304703,46.172002],[21.304759,46.17211],[21.305547,46.173632],[21.305669,46.173859],[21.30596,46.174439],[21.306332,46.17518],[21.306335,46.175185],[21.306929,46.176356],[21.307529,46.177468],[21.30806,46.178506],[21.308628,46.179615],[21.308639,46.179635],[21.308376,46.179701],[21.308349,46.179708],[21.306986,46.180049],[21.305131,46.180516],[21.304174,46.180757],[21.303929,46.180818],[21.303685,46.18088],[21.303441,46.180941],[21.303197,46.181003],[21.303082,46.181032],[21.302953,46.181065],[21.30271,46.181128],[21.302467,46.181191],[21.302223,46.181255],[21.30198,46.181318],[21.301737,46.181381],[21.301494,46.181444],[21.30125,46.181508],[21.301079,46.181552],[21.301007,46.18157],[21.300763,46.181633],[21.300519,46.181695],[21.300275,46.181757],[21.300031,46.181819],[21.299788,46.181881],[21.299544,46.181943],[21.2993,46.182005],[21.299077,46.182062],[21.299055,46.182067],[21.298808,46.182123],[21.298562,46.18218],[21.298531,46.182187],[21.298458,46.182193],[21.298418,46.182191],[21.298365,46.182187],[21.29831,46.182181],[21.298055,46.18215],[21.297926,46.182134],[21.297841,46.182125],[21.297799,46.182121],[21.297786,46.182119],[21.297769,46.182118],[21.297543,46.182091],[21.297287,46.182061],[21.297232,46.182054],[21.297032,46.182027],[21.296778,46.181992],[21.296523,46.181957],[21.296268,46.181922],[21.296013,46.181887],[21.295894,46.181871],[21.295832,46.181864],[21.295773,46.181863],[21.295743,46.181866],[21.295732,46.181867],[21.295698,46.181875],[21.295675,46.181886],[21.295654,46.181904],[21.29565,46.181925],[21.295646,46.181955],[21.295648,46.181979],[21.295657,46.182001],[21.295667,46.182027],[21.295676,46.182043],[21.295708,46.182104],[21.295774,46.182207],[21.295879,46.182371],[21.295984,46.182536],[21.296012,46.182581],[21.296048,46.182659],[21.296051,46.182693],[21.296048,46.182718],[21.296045,46.182727],[21.296035,46.18276],[21.296018,46.182784],[21.295997,46.182803],[21.295968,46.18282],[21.295858,46.182857],[21.295637,46.182932],[21.295626,46.182936],[21.29557,46.18296],[21.295543,46.182983],[21.295518,46.183004],[21.295504,46.183035],[21.295501,46.183056],[21.295497,46.183089],[21.295486,46.183235],[21.295481,46.1833],[21.295483,46.183413],[21.295484,46.183453],[21.295506,46.183561],[21.295516,46.183583],[21.295546,46.183645],[21.295604,46.18374],[21.295609,46.183748],[21.295688,46.183865],[21.295718,46.183912],[21.295823,46.184077],[21.295928,46.184241],[21.296032,46.184406],[21.296137,46.18457],[21.296242,46.184735],[21.296347,46.184899],[21.296451,46.185064],[21.296556,46.185229],[21.296658,46.185388],[21.296661,46.185394],[21.296761,46.18556],[21.296861,46.185726],[21.296961,46.185892],[21.296965,46.185899],[21.297066,46.186056],[21.29717,46.186217],[21.297172,46.18622],[21.297277,46.186385],[21.297381,46.18655],[21.297409,46.186594],[21.297484,46.186715],[21.297587,46.18688],[21.297632,46.186952],[21.297691,46.187045],[21.297794,46.18721],[21.297897,46.187375],[21.298001,46.18754],[21.298104,46.187705],[21.298105,46.187706],[21.298204,46.187871],[21.298304,46.188037],[21.298403,46.188204],[21.298452,46.188285],[21.298454,46.188384],[21.298457,46.188564],[21.29846,46.188743],[21.298463,46.188923],[21.298463,46.188935],[21.298466,46.189103],[21.29847,46.189283],[21.298473,46.189462],[21.298476,46.189642],[21.298479,46.189806],[21.298479,46.189822],[21.298481,46.190002],[21.298483,46.190102],[21.298481,46.190181],[21.298481,46.190189],[21.29851,46.190196],[21.298534,46.190209],[21.29855,46.190226],[21.298558,46.190246],[21.298556,46.190267],[21.298545,46.190287],[21.298524,46.190303],[21.298497,46.190314],[21.298466,46.190317],[21.298435,46.190314],[21.298408,46.190304],[21.298387,46.190288],[21.298374,46.190268],[21.298372,46.190247],[21.29838,46.190226],[21.298361,46.190222],[21.298261,46.1902],[21.298114,46.190167],[21.298013,46.190144],[21.297411,46.190011],[21.292313,46.188927],[21.29231,46.188934],[21.292236,46.189106],[21.292162,46.189279],[21.292088,46.189451],[21.292014,46.189624],[21.292011,46.18963],[21.291984,46.189698],[21.291961,46.189732],[21.291936,46.189762],[21.291902,46.189787],[21.291885,46.189795],[21.291849,46.189813],[21.291803,46.189829],[21.291761,46.18984],[21.291706,46.189847],[21.291624,46.189848],[21.291604,46.189848],[21.291364,46.189843],[21.291105,46.189837],[21.291101,46.189837],[21.290845,46.189834],[21.290585,46.189832],[21.290325,46.18983],[21.290065,46.189827],[21.289831,46.189825],[21.289805,46.189826],[21.289744,46.189826],[21.28971,46.18983],[21.289692,46.189834],[21.289674,46.189841],[21.289657,46.189849],[21.289638,46.189861],[21.289624,46.189875],[21.2895,46.190013],[21.289489,46.190026],[21.289356,46.190181],[21.289224,46.190336],[21.289187,46.190379],[21.289094,46.190491],[21.288963,46.190646],[21.288833,46.190802],[21.288703,46.190958],[21.288573,46.191113],[21.288443,46.191269],[21.288312,46.191425],[21.288182,46.19158],[21.288052,46.191736],[21.287922,46.191892],[21.287792,46.192047],[21.287719,46.192134],[21.287754,46.192166],[21.287773,46.192183],[21.287835,46.192248],[21.287891,46.192321],[21.287895,46.192327],[21.287927,46.192392],[21.287941,46.192474],[21.287943,46.192507],[21.287945,46.19256],[21.287943,46.192673],[21.287939,46.19269],[21.287935,46.192711],[21.287918,46.19275],[21.28789,46.192785],[21.287861,46.192812],[21.287809,46.192831],[21.287808,46.192832],[21.287777,46.192842],[21.287692,46.192853],[21.287598,46.192859],[21.287548,46.19286],[21.287412,46.192862],[21.287288,46.192864],[21.287029,46.192869],[21.286769,46.192873],[21.286509,46.192878],[21.28625,46.192883],[21.28599,46.192888],[21.28592,46.192889],[21.28573,46.192891],[21.28547,46.192894],[21.28521,46.192897],[21.284951,46.1929],[21.284691,46.192903],[21.284435,46.192905],[21.284431,46.192905],[21.284171,46.19291],[21.283912,46.192915],[21.283652,46.19292],[21.283392,46.192925],[21.283132,46.192929],[21.282951,46.192933],[21.282873,46.192934],[21.282613,46.192939],[21.28254,46.19294],[21.282274,46.192945],[21.281413,46.192961],[21.279909,46.193],[21.279867,46.193002],[21.278404,46.193035],[21.277902,46.193045],[21.276889,46.193066],[21.27686,46.193066],[21.276601,46.193072],[21.276428,46.193077],[21.276341,46.193079],[21.276081,46.193085],[21.275822,46.193091],[21.275562,46.193097],[21.275315,46.193103],[21.275321,46.193264],[21.275324,46.193349],[21.275342,46.193788],[21.275382,46.194842],[21.275413,46.195889],[21.275427,46.196219],[21.275427,46.196221],[21.27543,46.196263],[21.275438,46.196295],[21.27546,46.196331],[21.275511,46.196363],[21.2757,46.196486],[21.27589,46.196609],[21.276065,46.196722]]},"properties":{"line":"41","dir":"0","headsign":"Bujac","mode":"bus","color":"#0059a9"}},{"type":"Feature","geometry":{"type":"LineString","coordinates":[[21.275834,46.196572],[21.275644,46.19645],[21.27546,46.196331],[21.275438,46.196295],[21.27543,46.196263],[21.275427,46.196221],[21.275425,46.196166],[21.275417,46.195986],[21.275413,46.195889],[21.27541,46.195807],[21.275405,46.195627],[21.2754,46.195447],[21.275395,46.195267],[21.275389,46.195087],[21.275384,46.194908],[21.275382,46.194842],[21.275378,46.194728],[21.275371,46.194548],[21.275364,46.194368],[21.275357,46.194188],[21.27535,46.194008],[21.275343,46.193829],[21.275342,46.193788],[21.275336,46.193649],[21.275329,46.193469],[21.275322,46.193289],[21.275315,46.193109],[21.275315,46.193103],[21.275525,46.193098],[21.275785,46.193092],[21.276045,46.193086],[21.276304,46.19308],[21.276428,46.193077],[21.276564,46.193073],[21.276824,46.193067],[21.276889,46.193066],[21.277083,46.193062],[21.277343,46.193056],[21.277603,46.193051],[21.277863,46.193046],[21.277902,46.193045],[21.278122,46.193041],[21.278382,46.193036],[21.278404,46.193035],[21.278642,46.19303],[21.278901,46.193024],[21.279161,46.193018],[21.279421,46.193012],[21.27968,46.193006],[21.279867,46.193002],[21.279909,46.193],[21.27994,46.192999],[21.2802,46.192993],[21.280459,46.192986],[21.280719,46.192979],[21.280979,46.192972],[21.281238,46.192966],[21.281413,46.192961],[21.281498,46.19296],[21.281758,46.192955],[21.282017,46.19295],[21.28202,46.19295],[21.282274,46.192945],[21.282951,46.192933],[21.284435,46.192905],[21.28592,46.192889],[21.28677,46.192873],[21.287029,46.192869],[21.287289,46.192864],[21.287412,46.192862],[21.287549,46.19286],[21.287598,46.192859],[21.287692,46.192853],[21.287777,46.192842],[21.287807,46.192832],[21.287809,46.192831],[21.287861,46.192812],[21.28789,46.192785],[21.287918,46.19275],[21.287935,46.192711],[21.287939,46.19269],[21.287943,46.192673],[21.287945,46.19256],[21.287943,46.192506],[21.287941,46.192474],[21.287927,46.192392],[21.287895,46.192327],[21.28789,46.19232],[21.287835,46.192248],[21.287773,46.192183],[21.287752,46.192165],[21.287719,46.192134],[21.287793,46.192046],[21.287923,46.19189],[21.288053,46.191734],[21.288184,46.191579],[21.288314,46.191423],[21.288444,46.191267],[21.288574,46.191112],[21.288704,46.190956],[21.288835,46.1908],[21.288965,46.190645],[21.289095,46.190489],[21.289187,46.190379],[21.289226,46.190334],[21.289358,46.190179],[21.28949,46.190024],[21.2895,46.190013],[21.289624,46.189875],[21.289625,46.189873],[21.289638,46.189861],[21.289657,46.189849],[21.289674,46.189841],[21.289692,46.189834],[21.28971,46.18983],[21.289744,46.189826],[21.289807,46.189826],[21.289831,46.189825],[21.290067,46.189828],[21.290327,46.18983],[21.290587,46.189832],[21.290846,46.189834],[21.291101,46.189837],[21.291106,46.189837],[21.291366,46.189843],[21.291604,46.189848],[21.291626,46.189848],[21.291706,46.189847],[21.291761,46.18984],[21.291803,46.189829],[21.291849,46.189813],[21.291886,46.189795],[21.291902,46.189787],[21.291936,46.189762],[21.291961,46.189732],[21.291984,46.189698],[21.292011,46.18963],[21.292013,46.189624],[21.292088,46.189452],[21.292162,46.189279],[21.292236,46.189107],[21.29231,46.188935],[21.292313,46.188927],[21.292541,46.188975],[21.292789,46.189028],[21.293038,46.189081],[21.293286,46.189134],[21.293534,46.189186],[21.293783,46.189239],[21.294031,46.189292],[21.294279,46.189345],[21.294528,46.189398],[21.294776,46.18945],[21.295025,46.189503],[21.295273,46.189556],[21.295521,46.189609],[21.29577,46.189662],[21.296018,46.189715],[21.296266,46.189767],[21.296515,46.18982],[21.296763,46.189873],[21.297012,46.189926],[21.29726,46.189979],[21.297411,46.190011],[21.297508,46.190032],[21.297755,46.190087],[21.298003,46.190142],[21.29825,46.190197],[21.298261,46.1902],[21.29838,46.190226],[21.298397,46.190208],[21.298422,46.190195],[21.298451,46.190189],[21.298481,46.190189],[21.298483,46.190102],[21.298482,46.190015],[21.29848,46.189835],[21.298479,46.189806],[21.298476,46.189655],[21.298473,46.189475],[21.29847,46.189295],[21.298467,46.189115],[21.298463,46.188936],[21.298463,46.188935],[21.29846,46.188756],[21.298457,46.188577],[21.298454,46.188397],[21.298452,46.188285],[21.29841,46.188215],[21.298311,46.188049],[21.298211,46.187883],[21.298111,46.187717],[21.298105,46.187706],[21.298008,46.187552],[21.297905,46.187386],[21.297801,46.187221],[21.297698,46.187056],[21.297632,46.186952],[21.297595,46.186891],[21.297492,46.186726],[21.297409,46.186594],[21.297388,46.186561],[21.297284,46.186396],[21.29718,46.186232],[21.29717,46.186217],[21.297074,46.186067],[21.296968,46.185903],[21.296965,46.185899],[21.296868,46.185738],[21.296768,46.185572],[21.296668,46.185406],[21.296658,46.185388],[21.296564,46.18524],[21.296459,46.185076],[21.296354,46.184911],[21.296249,46.184746],[21.296145,46.184582],[21.29604,46.184417],[21.295935,46.184253],[21.29583,46.184088],[21.295725,46.183924],[21.295688,46.183865],[21.295617,46.183759],[21.295604,46.18374],[21.295546,46.183645],[21.295522,46.183595],[21.295506,46.183561],[21.295484,46.183453],[21.295484,46.183427],[21.295481,46.1833],[21.295485,46.183248],[21.295497,46.183089],[21.2955,46.183069],[21.295504,46.183035],[21.295518,46.183004],[21.295543,46.182983],[21.29557,46.18296],[21.29561,46.182943],[21.295637,46.182932],[21.295841,46.182863],[21.295968,46.18282],[21.295997,46.182803],[21.296018,46.182784],[21.296035,46.18276],[21.296042,46.182738],[21.296048,46.182718],[21.296051,46.182693],[21.296048,46.182659],[21.296012,46.182581],[21.295991,46.182547],[21.295886,46.182382],[21.295781,46.182218],[21.295708,46.182104],[21.295682,46.182054],[21.295667,46.182027],[21.295657,46.182001],[21.295648,46.181979],[21.295646,46.181955],[21.29565,46.181925],[21.295654,46.181904],[21.295675,46.181886],[21.295698,46.181875],[21.295732,46.181867],[21.295773,46.181863],[21.295832,46.181864],[21.295894,46.181871],[21.295996,46.181885],[21.296251,46.18192],[21.296505,46.181955],[21.29676,46.181989],[21.297015,46.182024],[21.297232,46.182054],[21.297269,46.182059],[21.297526,46.182089],[21.297769,46.182118],[21.297781,46.182119],[21.297786,46.182119],[21.297841,46.182125],[21.297926,46.182134],[21.298038,46.182148],[21.298293,46.182179],[21.298365,46.182187],[21.298418,46.182191],[21.298458,46.182193],[21.298531,46.182187],[21.298545,46.182183],[21.298792,46.182127],[21.299039,46.182071],[21.299055,46.182067],[21.299077,46.182062],[21.299284,46.182009],[21.299528,46.181947],[21.299771,46.181885],[21.300015,46.181823],[21.300259,46.181761],[21.300503,46.181699],[21.300747,46.181637],[21.300991,46.181575],[21.301079,46.181552],[21.301234,46.181512],[21.301478,46.181448],[21.301721,46.181385],[21.301964,46.181322],[21.302207,46.181259],[21.302451,46.181196],[21.302694,46.181132],[21.302937,46.181069],[21.303082,46.181032],[21.303181,46.181007],[21.303425,46.180945],[21.303669,46.180884],[21.303783,46.180855],[21.305131,46.180516],[21.306986,46.180049],[21.308212,46.179742],[21.308456,46.179681],[21.308639,46.179635],[21.3086,46.17956],[21.308513,46.17939],[21.308427,46.179221],[21.30834,46.179051],[21.308253,46.178882],[21.308166,46.178712],[21.308079,46.178543],[21.30806,46.178506],[21.307993,46.178373],[21.307906,46.178204],[21.307819,46.178034],[21.307732,46.177865],[21.307645,46.177695],[21.307559,46.177526],[21.307529,46.177468],[21.307469,46.177356],[21.307378,46.177188],[21.307287,46.177019],[21.307196,46.176851],[21.307105,46.176682],[21.307015,46.176514],[21.306929,46.176356],[21.306924,46.176346],[21.306924,46.176344],[21.306335,46.175185],[21.30596,46.174439],[21.305669,46.173859],[21.305547,46.173632],[21.305029,46.172633],[21.304942,46.172463],[21.304854,46.172294],[21.304766,46.172125],[21.304759,46.17211],[21.304679,46.171956],[21.304591,46.171786],[21.30457,46.171746],[21.304508,46.171615],[21.304422,46.171446],[21.304408,46.171418],[21.303999,46.170616],[21.303908,46.170441],[21.303719,46.170075],[21.30338,46.16942],[21.303323,46.169315],[21.302514,46.167809],[21.301967,46.166694],[21.301935,46.166636],[21.301917,46.166609],[21.301904,46.166581],[21.30189,46.166553],[21.302212,46.16657],[21.303626,46.166657],[21.303774,46.166664],[21.305822,46.166781],[21.306119,46.166794],[21.30642,46.166808],[21.307117,46.166864],[21.307695,46.166903],[21.307823,46.166915],[21.30797,46.16693],[21.308074,46.166944],[21.308156,46.166956],[21.308234,46.166959],[21.308345,46.166962],[21.308604,46.16697],[21.308864,46.166978],[21.309123,46.166986],[21.309383,46.166993],[21.309442,46.166995],[21.309642,46.167003],[21.309901,46.167013],[21.310066,46.167019],[21.31016,46.167022],[21.310419,46.167032],[21.310625,46.16704],[21.310716,46.167043],[21.310795,46.167044],[21.311039,46.167054],[21.311186,46.167061],[21.311245,46.167063],[21.311489,46.167078],[21.311395,46.16676],[21.311347,46.166601],[21.311336,46.166563],[21.311327,46.166533],[21.311433,46.166518],[21.311533,46.166501],[21.31156,46.166496],[21.311792,46.166466],[21.311973,46.166443],[21.312048,46.166434],[21.312304,46.166403],[21.31256,46.166372],[21.312769,46.166347],[21.312815,46.166342],[21.313071,46.166311],[21.313327,46.16628],[21.313583,46.16625],[21.313838,46.166219],[21.314094,46.166189],[21.314348,46.166158],[21.314353,46.166157],[21.31446,46.166139],[21.314563,46.166106],[21.314601,46.166096],[21.314653,46.166083],[21.31485,46.16605],[21.314893,46.166043],[21.3151,46.166016],[21.315102,46.166015],[21.315195,46.166011],[21.315243,46.166014],[21.315292,46.166016],[21.315374,46.166036],[21.315449,46.166053],[21.315481,46.166057],[21.315515,46.166057],[21.315615,46.166047],[21.315872,46.166021],[21.316129,46.165995],[21.316165,46.165991],[21.316386,46.165968],[21.316642,46.16594],[21.316711,46.165933],[21.316899,46.165912],[21.317155,46.165884],[21.317412,46.165855],[21.317669,46.165827],[21.317782,46.165814],[21.317925,46.165798],[21.318182,46.16577],[21.318228,46.165765],[21.318438,46.165741],[21.318694,46.165712],[21.318951,46.165682],[21.319207,46.165653],[21.319265,46.165646],[21.319463,46.165625],[21.319551,46.165616],[21.319668,46.165607],[21.319679,46.165645],[21.319732,46.165821],[21.319785,46.165997],[21.319838,46.166173],[21.319862,46.166251],[21.319894,46.166335],[21.319898,46.166348],[21.319936,46.166463]]},"properties":{"line":"41","dir":"1","headsign":"Piața Romană","mode":"bus","color":"#0059a9"}},{"type":"Feature","geometry":{"type":"LineString","coordinates":[[21.308248,46.171138],[21.308473,46.171229],[21.308697,46.171319],[21.308922,46.171409],[21.309086,46.171475],[21.309147,46.1715],[21.309175,46.171511],[21.309374,46.171586],[21.309602,46.171673],[21.30983,46.171759],[21.310011,46.171827],[21.310053,46.171859],[21.310106,46.171898],[21.310134,46.171932],[21.310144,46.171951],[21.310148,46.171975],[21.310145,46.171994],[21.310138,46.172009],[21.310118,46.172028],[21.310091,46.172039],[21.310082,46.172043],[21.309995,46.172068],[21.309834,46.172076],[21.309575,46.172091],[21.309316,46.172105],[21.309281,46.172107],[21.309055,46.172112],[21.308795,46.172118],[21.308551,46.172124],[21.308534,46.172123],[21.308275,46.172111],[21.308015,46.172099],[21.307924,46.172094],[21.307756,46.172085],[21.307497,46.17207],[21.307408,46.172065],[21.307239,46.172055],[21.307049,46.172045],[21.306982,46.172041],[21.306888,46.17203],[21.306727,46.172011],[21.306487,46.171982],[21.306471,46.17198],[21.306369,46.171966],[21.306215,46.171947],[21.30596,46.171916],[21.305704,46.171885],[21.305448,46.171853],[21.305192,46.171822],[21.304936,46.171791],[21.30468,46.171759],[21.30457,46.171746],[21.304629,46.171861],[21.304703,46.172002],[21.304759,46.17211],[21.305547,46.173632],[21.305669,46.173859],[21.30596,46.174439],[21.306332,46.17518],[21.306335,46.175185],[21.306929,46.176356],[21.307529,46.177468],[21.30806,46.178506],[21.308628,46.179615],[21.308639,46.179635],[21.308716,46.179785],[21.308803,46.179954],[21.308891,46.180124],[21.308906,46.180154],[21.308974,46.180294],[21.309057,46.180465],[21.309139,46.180635],[21.309163,46.180685],[21.309228,46.180804],[21.30932,46.180972],[21.309411,46.18114],[21.309503,46.181309],[21.309528,46.181355],[21.309556,46.181407],[21.30959,46.181472],[21.309611,46.181511],[21.309664,46.181609],[21.309711,46.181636],[21.309733,46.181648],[21.309803,46.181686],[21.30989,46.181721],[21.309919,46.181731],[21.309924,46.181733],[21.310049,46.18178],[21.310288,46.181876],[21.310304,46.181877],[21.310315,46.181878],[21.310376,46.181894],[21.310432,46.181926],[21.310489,46.181986],[21.310494,46.181994],[21.31056,46.182081],[21.310581,46.182122],[21.310597,46.182158],[21.310626,46.18222],[21.310652,46.182292],[21.310653,46.182325],[21.310651,46.182336],[21.310646,46.182361],[21.310633,46.182389],[21.310617,46.182413],[21.310565,46.182463],[21.310518,46.182495],[21.310513,46.182498],[21.310477,46.182521],[21.310427,46.18254],[21.310404,46.182546],[21.31038,46.18255],[21.310293,46.182597],[21.310153,46.182671],[21.310091,46.182707],[21.310067,46.182721],[21.309976,46.182796],[21.309926,46.182841],[21.309909,46.182857],[21.30988,46.182893],[21.309844,46.182944],[21.309799,46.182995],[21.309765,46.183033],[21.309722,46.183158],[21.309662,46.183332],[21.309602,46.183507],[21.309588,46.183549],[21.309573,46.183602],[21.309567,46.183621],[21.309553,46.18368],[21.309544,46.183714],[21.309526,46.1838],[21.309522,46.183855],[21.30952,46.183884],[21.30953,46.183997],[21.309534,46.184032],[21.309542,46.184104],[21.30956,46.184209],[21.309589,46.184376],[21.309591,46.184389],[21.309591,46.18439],[21.30962,46.184567],[21.309626,46.184602],[21.309647,46.184746],[21.309673,46.184925],[21.309699,46.1851],[21.309699,46.185104],[21.309727,46.185283],[21.309755,46.185461],[21.309781,46.185625],[21.309783,46.18564],[21.309811,46.185819],[21.309839,46.185998],[21.309867,46.186177],[21.309895,46.186356],[21.309923,46.186534],[21.30995,46.186713],[21.309954,46.186738],[21.309976,46.186874],[21.310215,46.188331],[21.310224,46.18842],[21.310229,46.188448],[21.310292,46.188865],[21.310396,46.189478],[21.31051,46.190282],[21.310515,46.190309],[21.310545,46.190485],[21.310551,46.190516],[21.310585,46.190592],[21.310613,46.190653],[21.310615,46.19066],[21.310648,46.190745],[21.310679,46.190834],[21.310712,46.190926],[21.310745,46.191007],[21.310751,46.191021],[21.310815,46.191155],[21.31083,46.191173],[21.310951,46.191332],[21.310988,46.19138],[21.311023,46.19142],[21.311057,46.191485],[21.311063,46.191501],[21.311073,46.191535],[21.311072,46.191563],[21.311062,46.191602],[21.311056,46.191621],[21.311042,46.191646],[21.311032,46.19166],[21.311019,46.191678],[21.311012,46.191686],[21.310991,46.191712],[21.310941,46.19176],[21.310802,46.19179],[21.310694,46.191813],[21.310553,46.191843],[21.310305,46.191896],[21.310203,46.191918],[21.310057,46.191949],[21.309809,46.192002],[21.309683,46.19203],[21.309561,46.192055],[21.30936,46.192097],[21.309312,46.192106],[21.309225,46.192123],[21.309062,46.192155],[21.308861,46.192195],[21.308812,46.192204],[21.308562,46.192253],[21.308498,46.192266],[21.308418,46.19228],[21.308313,46.192302],[21.308135,46.192339],[21.308106,46.192367],[21.308088,46.192384],[21.308055,46.192422],[21.30803,46.19247],[21.308015,46.19251],[21.308013,46.192515],[21.307998,46.19259],[21.307991,46.192686],[21.307979,46.192847],[21.307981,46.192862],[21.307987,46.192894],[21.308016,46.193039],[21.308051,46.193217],[21.308087,46.193396],[21.30811,46.193512],[21.308122,46.193574],[21.308157,46.193752],[21.308191,46.19393],[21.308226,46.194108],[21.308228,46.194116],[21.308227,46.194134],[21.308155,46.194184],[21.3081,46.194227],[21.308039,46.194281],[21.308064,46.194275],[21.308091,46.194273],[21.308096,46.194274],[21.308117,46.194276],[21.308141,46.194284],[21.308161,46.194296],[21.308177,46.194311],[21.308186,46.194328],[21.308188,46.194347],[21.308183,46.194365],[21.308172,46.194381],[21.308155,46.194396],[21.308133,46.194406],[21.308108,46.194412],[21.308082,46.194414],[21.308056,46.194411],[21.308032,46.194403],[21.30797,46.194408],[21.307925,46.194415],[21.307869,46.194428],[21.307835,46.194436],[21.307818,46.19444],[21.307769,46.194447],[21.307635,46.19453],[21.307441,46.19465],[21.307247,46.194769],[21.307088,46.194868],[21.307053,46.194889],[21.306857,46.195007],[21.306661,46.195126],[21.306466,46.195244],[21.306342,46.195319],[21.306272,46.195363],[21.306081,46.195485],[21.30589,46.195607],[21.305742,46.195701],[21.305697,46.195729],[21.305503,46.195848],[21.305308,46.195966],[21.305113,46.196085],[21.304918,46.196204],[21.304789,46.196283],[21.304723,46.196323],[21.304528,46.196442],[21.304333,46.196561],[21.304138,46.19668],[21.303943,46.196799],[21.303749,46.196918],[21.303663,46.19697],[21.303553,46.197037],[21.303358,46.197155],[21.303163,46.197274],[21.302967,46.197393],[21.302772,46.197511],[21.302743,46.197529],[21.302578,46.19763],[21.302464,46.1977],[21.302386,46.197751],[21.302225,46.197857],[21.3022,46.197875],[21.302025,46.198007],[21.302017,46.198014],[21.301857,46.198143],[21.30177,46.198214],[21.30169,46.198281],[21.301526,46.198421],[21.301362,46.19856],[21.301283,46.198627],[21.301224,46.198677],[21.301197,46.198699],[21.301032,46.198833],[21.301028,46.198836],[21.300923,46.198921],[21.30086,46.198973],[21.300695,46.199111],[21.300611,46.199183],[21.300539,46.199254],[21.300391,46.199402],[21.300373,46.199419],[21.300257,46.199556],[21.300165,46.199665],[21.30013,46.199712],[21.30001,46.199871],[21.299929,46.199979],[21.299888,46.200031],[21.299765,46.200189],[21.299658,46.200328],[21.299642,46.200348],[21.299517,46.200505],[21.29947,46.200566],[21.299391,46.200663],[21.299264,46.20082],[21.299136,46.200976],[21.299009,46.201133],[21.298885,46.201286],[21.298882,46.20129],[21.298833,46.201353],[21.298757,46.201448],[21.298631,46.201605],[21.298595,46.201651],[21.298505,46.201762],[21.298439,46.201846],[21.298377,46.201919],[21.298327,46.201979],[21.298247,46.202075],[21.298116,46.20223],[21.297985,46.202386],[21.297945,46.202432],[21.297854,46.202541],[21.297724,46.202696],[21.297599,46.202846],[21.297594,46.202852],[21.297468,46.203009],[21.297461,46.203018],[21.297439,46.203057],[21.297406,46.203102],[21.297352,46.203169],[21.297256,46.203286],[21.297253,46.203294],[21.297248,46.203309],[21.297231,46.20333],[21.297206,46.203346],[21.29714,46.203416],[21.297048,46.203514],[21.297007,46.203554],[21.296994,46.203564],[21.296966,46.203588],[21.296881,46.203691],[21.296862,46.203714],[21.296771,46.203823],[21.296718,46.203867],[21.296661,46.203914],[21.296612,46.20394],[21.296558,46.203955],[21.296499,46.203964],[21.296469,46.20397],[21.29632,46.20398],[21.296241,46.203982],[21.295981,46.203988],[21.29584,46.203992],[21.295722,46.203996],[21.295462,46.204003],[21.295203,46.204011],[21.295143,46.204013],[21.294943,46.204019],[21.294684,46.204027],[21.294568,46.204031],[21.294424,46.204034],[21.294164,46.20404],[21.294065,46.204042],[21.293913,46.204066],[21.293842,46.204077],[21.293724,46.2041],[21.293682,46.204113],[21.293669,46.20412],[21.293619,46.204143],[21.29358,46.204173],[21.293532,46.204226],[21.293515,46.204246],[21.29351,46.204253],[21.293484,46.204285],[21.293518,46.20442],[21.293518,46.204421],[21.293556,46.204598],[21.293595,46.204776],[21.293634,46.204954],[21.293648,46.20502],[21.29367,46.205132],[21.293705,46.20531],[21.293716,46.205363],[21.293744,46.205488],[21.293785,46.205665],[21.293826,46.205843],[21.293867,46.206021],[21.293908,46.206198],[21.29391,46.206208],[21.293946,46.206376],[21.293969,46.206484],[21.293981,46.206555],[21.294003,46.206683],[21.29401,46.206735],[21.294019,46.206812],[21.294019,46.206917],[21.294019,46.206968],[21.294009,46.207098],[21.294008,46.207112],[21.29399,46.207205],[21.29397,46.20728],[21.293966,46.207296],[21.293904,46.207456],[21.293886,46.207503],[21.293826,46.207629],[21.29382,46.207643],[21.293731,46.207797],[21.293729,46.2078],[21.293661,46.207896],[21.293611,46.207961],[21.293553,46.208037],[21.293503,46.208103],[21.29349,46.20812],[21.293369,46.208279],[21.293247,46.208438],[21.293126,46.208597],[21.293005,46.208756],[21.292941,46.208839],[21.292882,46.208915],[21.292758,46.209073],[21.292634,46.209231],[21.292584,46.209295],[21.292528,46.209368],[21.292511,46.20939],[21.292384,46.209547],[21.292258,46.209704],[21.292131,46.209861],[21.292005,46.210018],[21.291878,46.210175],[21.291836,46.210228],[21.291751,46.210332],[21.291624,46.210489],[21.291497,46.210646],[21.29137,46.210803],[21.291243,46.21096],[21.291157,46.211067],[21.291117,46.211117],[21.29099,46.211274],[21.290864,46.211431],[21.290738,46.211588],[21.290611,46.211745],[21.290489,46.211898],[21.290485,46.211903],[21.290398,46.212013],[21.290357,46.21206],[21.290225,46.212215],[21.290093,46.21237],[21.289961,46.212525],[21.289829,46.21268],[21.289697,46.212834],[21.289653,46.212886],[21.289566,46.21299],[21.289437,46.213146],[21.289307,46.213301],[21.289177,46.213457],[21.289118,46.213528],[21.28905,46.213614],[21.288978,46.213704],[21.288914,46.213769],[21.288769,46.213918],[21.288674,46.214015],[21.288614,46.214065],[21.288513,46.21415],[21.288445,46.214202],[21.288271,46.214336],[21.288097,46.214469],[21.287923,46.214603],[21.287749,46.214736],[21.287719,46.214759],[21.287575,46.21487],[21.287401,46.215004],[21.287227,46.215137],[21.287131,46.215211],[21.28704,46.215281],[21.286681,46.215567],[21.286369,46.215815],[21.285726,46.216328],[21.285056,46.216861],[21.284926,46.216965],[21.284083,46.217593],[21.283331,46.218189],[21.283242,46.218261],[21.282904,46.218535],[21.282541,46.218821],[21.281698,46.219486],[21.280842,46.220145],[21.279719,46.221032],[21.279527,46.221184],[21.279356,46.22132],[21.279185,46.221455],[21.279014,46.221591],[21.278923,46.221663],[21.278843,46.221726],[21.278671,46.221861],[21.278499,46.221995],[21.278396,46.222076],[21.278328,46.222131],[21.278158,46.222267],[21.278036,46.222364],[21.277985,46.222402],[21.277809,46.222534],[21.277632,46.222666],[21.27763,46.222667],[21.277531,46.222736],[21.277456,46.222781],[21.27744,46.22279],[21.277352,46.222843],[21.277241,46.222906],[21.277141,46.222963],[21.277037,46.223017],[21.27691,46.223083],[21.276829,46.223125],[21.276763,46.22316],[21.276612,46.223224],[21.276485,46.223279],[21.276387,46.223315],[21.276158,46.223399],[21.276154,46.223401],[21.27592,46.223474],[21.275873,46.223489],[21.275679,46.223544],[21.275439,46.223612],[21.275276,46.223658],[21.275192,46.223676],[21.274945,46.223731],[21.274839,46.223755],[21.274698,46.223786],[21.27445,46.223841],[21.274236,46.223889],[21.274203,46.223896],[21.273955,46.223951],[21.273708,46.224005],[21.27346,46.22406],[21.273237,46.224109],[21.273215,46.224115],[21.272972,46.224178],[21.272729,46.224241],[21.272709,46.224246],[21.272493,46.224312],[21.272255,46.224384],[21.272163,46.224412],[21.272026,46.224463],[21.271797,46.224548],[21.271603,46.22462],[21.271571,46.224633],[21.271348,46.224726],[21.271216,46.22478],[21.271134,46.224822],[21.270924,46.224928],[21.270715,46.225035],[21.270506,46.225141],[21.270297,46.225248],[21.270232,46.225281],[21.270094,46.225358],[21.269949,46.225438],[21.269896,46.225472],[21.269702,46.225591],[21.269531,46.225697],[21.269511,46.225711],[21.269377,46.225805],[21.269328,46.225838],[21.269187,46.225934],[21.269148,46.225965],[21.268975,46.226099],[21.268945,46.226123],[21.268814,46.226238],[21.268805,46.226246],[21.26865,46.226378],[21.268562,46.226454],[21.268492,46.226519],[21.268338,46.226663],[21.268318,46.226682],[21.268185,46.226809],[21.268033,46.226954],[21.26788,46.2271],[21.267814,46.227164],[21.26773,46.227246],[21.26758,46.227393],[21.26743,46.22754],[21.26728,46.227687],[21.267131,46.227834],[21.266981,46.227981],[21.266948,46.228013],[21.266828,46.228127],[21.266676,46.228271],[21.266674,46.228272],[21.26652,46.228417],[21.266394,46.228536],[21.266366,46.228562],[21.266212,46.228707],[21.266057,46.228851],[21.265903,46.228996],[21.265819,46.229074],[21.265749,46.229141],[21.265643,46.229241],[21.265596,46.229286],[21.265443,46.229431],[21.26529,46.229577],[21.265289,46.229578],[21.265141,46.229724],[21.264991,46.22987],[21.264922,46.229938],[21.264842,46.230018],[21.264756,46.230103],[21.264693,46.230165],[21.264554,46.230304],[21.264544,46.230313],[21.264389,46.230457],[21.264371,46.230474],[21.264237,46.230603],[21.264111,46.230725],[21.264085,46.230749],[21.264023,46.230808],[21.264016,46.230814],[21.263928,46.230893],[21.263811,46.230999],[21.26377,46.231036],[21.263634,46.231157],[21.263606,46.231178],[21.263449,46.231296],[21.263431,46.23131],[21.26326,46.231445],[21.263203,46.231491],[21.263078,46.231577],[21.263004,46.231628],[21.262895,46.231704],[21.262823,46.231754],[21.262699,46.231824],[21.262662,46.231845],[21.262502,46.231942],[21.262407,46.231999],[21.262308,46.232061],[21.262123,46.232176],[21.262115,46.232181],[21.261921,46.2323],[21.261868,46.232333],[21.261715,46.232413],[21.261507,46.232521],[21.261485,46.232533],[21.261296,46.232627],[21.261182,46.232685],[21.261083,46.232731],[21.260868,46.232832],[21.260763,46.232881],[21.26065,46.232931],[21.260432,46.233025],[21.260429,46.233026],[21.260204,46.233116],[21.260059,46.233175],[21.259976,46.233203],[21.259743,46.233283],[21.259647,46.233316],[21.259509,46.233362],[21.259274,46.233438],[21.259098,46.233495],[21.259039,46.233515],[21.258805,46.233593],[21.258571,46.233671],[21.258533,46.233684],[21.258338,46.233752],[21.258106,46.233833],[21.258054,46.233851],[21.25787,46.233906],[21.257735,46.233947],[21.257633,46.233981],[21.257499,46.234025],[21.257482,46.234095],[21.257441,46.234272],[21.257409,46.234407],[21.257397,46.23445],[21.257348,46.234627],[21.257302,46.234795],[21.257299,46.234804],[21.257247,46.23498],[21.257194,46.235156],[21.257144,46.235327],[21.257142,46.235332],[21.257089,46.235508],[21.257044,46.235655],[21.257036,46.235684],[21.256985,46.235861],[21.256935,46.236037],[21.256898,46.236165],[21.256883,46.236214],[21.256827,46.236389],[21.256772,46.236565],[21.256761,46.2366],[21.256716,46.236741],[21.25666,46.236916],[21.256633,46.237003],[21.256603,46.237092],[21.256563,46.237213],[21.256547,46.237267],[21.256497,46.237444],[21.256497,46.237444],[21.25645,46.23762],[21.256413,46.23776],[21.256405,46.237797],[21.256369,46.237975],[21.256348,46.238081],[21.256336,46.238153],[21.256311,46.238296],[21.256305,46.238332],[21.256279,46.23851],[21.256265,46.238609],[21.256254,46.238689],[21.256231,46.238868],[21.256222,46.238933],[21.256207,46.239048],[21.256182,46.239227],[21.256177,46.239268],[21.256158,46.239405],[21.256136,46.239574],[21.256136,46.239584],[21.256127,46.239739],[21.256127,46.239763],[21.256124,46.239919],[21.256124,46.239943],[21.256124,46.240096],[21.256126,46.240121],[21.256136,46.240239],[21.256146,46.2403],[21.256156,46.240366],[21.256173,46.240458],[21.256177,46.240478],[21.256187,46.240528],[21.256211,46.2406],[21.25623,46.240651],[21.25625,46.240709],[21.256305,46.240821],[21.256376,46.240966],[21.256388,46.240992],[21.256446,46.241115],[21.25647,46.241162],[21.256547,46.241315],[21.256555,46.241331],[21.256646,46.2415],[21.256737,46.241668],[21.256796,46.241777],[21.256829,46.241836],[21.25685,46.241875],[21.256927,46.242002],[21.257004,46.24213],[21.257025,46.24217],[21.257074,46.242264],[21.257114,46.242338],[21.257206,46.242507],[21.257229,46.24255],[21.257294,46.242676],[21.257378,46.242839],[21.257382,46.242847],[21.257463,46.243018],[21.257518,46.243134],[21.257544,46.243188],[21.257613,46.243333],[21.257625,46.24336],[21.257703,46.243531],[21.257707,46.243538],[21.257777,46.243704],[21.25785,46.243877],[21.257922,46.24405],[21.257995,46.244222],[21.258068,46.244395],[21.258141,46.244568],[21.258192,46.244689],[21.258214,46.24474],[21.258286,46.244913],[21.258359,46.245085],[21.258408,46.2452],[21.258675,46.245834],[21.258701,46.245894],[21.258883,46.246291],[21.259895,46.248348],[21.2599,46.248359],[21.259977,46.248531],[21.260053,46.248703],[21.260086,46.248776],[21.260122,46.248861],[21.260128,46.248875],[21.260207,46.249046],[21.260286,46.249218],[21.260365,46.249389],[21.260444,46.24956],[21.260519,46.249722],[21.260523,46.249732],[21.260602,46.249903],[21.26068,46.250075],[21.260758,46.250246],[21.260837,46.250418],[21.2609,46.250555],[21.260915,46.250589],[21.260992,46.250761],[21.261069,46.250933],[21.261117,46.25104],[21.261146,46.251105],[21.261222,46.251277],[21.261295,46.251441],[21.261298,46.251448],[21.261384,46.251618],[21.261469,46.251787],[21.261505,46.251858],[21.261552,46.251959],[21.261632,46.25213],[21.261656,46.252182],[21.261708,46.252303],[21.261737,46.252369],[21.261786,46.252477],[21.261853,46.252607],[21.261799,46.252619]]},"properties":{"line":"46","dir":"0","headsign":"Cartier San Paolo","mode":"bus","color":"#0059a9"}},{"type":"Feature","geometry":{"type":"LineString","coordinates":[[21.261901,46.252688],[21.261853,46.252607],[21.261809,46.252522],[21.261786,46.252477],[21.261737,46.252369],[21.261729,46.252352],[21.261656,46.252182],[21.261655,46.252179],[21.261575,46.252008],[21.261505,46.251858],[21.261494,46.251836],[21.261408,46.251666],[21.261323,46.251497],[21.261295,46.251441],[21.261244,46.251326],[21.261168,46.251154],[21.261117,46.25104],[21.261091,46.250982],[21.261014,46.25081],[21.260937,46.250639],[21.2609,46.250555],[21.260859,46.250467],[21.260797,46.25033],[21.260519,46.249722],[21.260122,46.248861],[21.260086,46.248776],[21.259895,46.248348],[21.259261,46.24706],[21.258883,46.246291],[21.258701,46.245894],[21.258675,46.245834],[21.258192,46.244689],[21.25806,46.244376],[21.257987,46.244203],[21.257914,46.244031],[21.257842,46.243858],[21.257769,46.243685],[21.257707,46.243538],[21.257695,46.243512],[21.257617,46.243341],[21.257613,46.243333],[21.257535,46.24317],[21.257518,46.243134],[21.257454,46.242999],[21.257378,46.242839],[21.257372,46.242827],[21.257285,46.242658],[21.257229,46.24255],[21.257196,46.242488],[21.257104,46.24232],[21.257074,46.242264],[21.257015,46.242152],[21.257004,46.24213],[21.256916,46.241984],[21.25685,46.241875],[21.256819,46.241818],[21.256796,46.241777],[21.256727,46.24165],[21.256636,46.241481],[21.256547,46.241315],[21.256546,46.241313],[21.256461,46.241144],[21.256446,46.241115],[21.25638,46.240973],[21.256376,46.240966],[21.256296,46.240803],[21.25625,46.240709],[21.256223,46.240632],[21.256211,46.2406],[21.256187,46.240528],[21.256173,46.240458],[21.256173,46.240458],[21.256156,46.240366],[21.256143,46.240281],[21.256136,46.240239],[21.256125,46.240102],[21.256124,46.240096],[21.256124,46.239924],[21.256124,46.239919],[21.256127,46.239744],[21.256127,46.239739],[21.256136,46.239574],[21.256137,46.239566],[21.256161,46.239387],[21.256177,46.239268],[21.256185,46.239208],[21.256209,46.239028],[21.256222,46.238933],[21.256233,46.238849],[21.256257,46.23867],[21.256265,46.238609],[21.256282,46.238491],[21.256308,46.238313],[21.256311,46.238296],[21.256339,46.238134],[21.256348,46.238081],[21.256373,46.237956],[21.256409,46.237778],[21.256413,46.23776],[21.256455,46.237602],[21.256497,46.237444],[21.256503,46.237425],[21.256553,46.237249],[21.256563,46.237213],[21.256609,46.237074],[21.256633,46.237003],[21.256666,46.236898],[21.256722,46.236723],[21.256761,46.2366],[21.256778,46.236547],[21.256833,46.236371],[21.256889,46.236195],[21.256898,46.236165],[21.25694,46.236018],[21.256991,46.235842],[21.257041,46.235666],[21.257044,46.235655],[21.257094,46.23549],[21.257144,46.235327],[21.257147,46.235314],[21.2572,46.235137],[21.257252,46.234961],[21.257302,46.234795],[21.257305,46.234785],[21.257353,46.234608],[21.257402,46.234431],[21.257409,46.234407],[21.257445,46.234254],[21.257487,46.234076],[21.257499,46.234025],[21.257658,46.233973],[21.257735,46.233947],[21.257895,46.233899],[21.258054,46.233851],[21.258131,46.233824],[21.258363,46.233743],[21.258533,46.233684],[21.258596,46.233663],[21.25883,46.233585],[21.259064,46.233507],[21.259098,46.233495],[21.259299,46.23343],[21.259534,46.233353],[21.259647,46.233316],[21.259768,46.233275],[21.26,46.233195],[21.260059,46.233175],[21.260229,46.233107],[21.260432,46.233025],[21.260454,46.233016],[21.260674,46.23292],[21.260763,46.232881],[21.260892,46.232821],[21.261107,46.23272],[21.261182,46.232685],[21.26132,46.232616],[21.261485,46.232533],[21.26153,46.23251],[21.261738,46.232401],[21.261868,46.232333],[21.261942,46.232287],[21.262123,46.232176],[21.262136,46.232168],[21.262329,46.232048],[21.262407,46.231999],[21.262524,46.231929],[21.262662,46.231845],[21.262721,46.231812],[21.262823,46.231754],[21.262915,46.23169],[21.263004,46.231628],[21.263098,46.231563],[21.263203,46.231491],[21.263279,46.23143],[21.263449,46.231296],[21.263625,46.231163],[21.263634,46.231157],[21.263788,46.23102],[21.263811,46.230999],[21.263946,46.230877],[21.264016,46.230814],[21.264023,46.230808],[21.264102,46.230733],[21.264111,46.230725],[21.264254,46.230587],[21.264371,46.230474],[21.264406,46.230441],[21.264554,46.230304],[21.264561,46.230296],[21.26471,46.230149],[21.264756,46.230103],[21.264858,46.230001],[21.264922,46.229938],[21.265007,46.229854],[21.265157,46.229707],[21.265289,46.229578],[21.265308,46.229561],[21.26546,46.229415],[21.265613,46.22927],[21.265643,46.229241],[21.265766,46.229124],[21.265819,46.229074],[21.26592,46.22898],[21.266075,46.228835],[21.266229,46.22869],[21.266384,46.228546],[21.266394,46.228536],[21.266538,46.228401],[21.266676,46.228271],[21.266692,46.228256],[21.266845,46.228111],[21.266948,46.228013],[21.266997,46.227964],[21.267147,46.227818],[21.267297,46.227671],[21.267447,46.227524],[21.267597,46.227377],[21.267746,46.22723],[21.267814,46.227164],[21.267897,46.227084],[21.26805,46.226938],[21.268202,46.226792],[21.268318,46.226682],[21.268355,46.226647],[21.268509,46.226503],[21.268562,46.226454],[21.268669,46.226362],[21.268805,46.226246],[21.268832,46.226222],[21.268945,46.226123],[21.268995,46.226084],[21.269167,46.22595],[21.269187,46.225934],[21.269349,46.225824],[21.269377,46.225805],[21.269531,46.225697],[21.269724,46.225578],[21.269918,46.225458],[21.269949,46.225438],[21.270117,46.225345],[21.270232,46.225281],[21.270321,46.225235],[21.27053,46.225129],[21.270739,46.225023],[21.270949,46.224916],[21.271158,46.22481],[21.271216,46.22478],[21.271373,46.224715],[21.271596,46.224623],[21.271603,46.22462],[21.271823,46.224538],[21.272052,46.224453],[21.272163,46.224412],[21.272283,46.224375],[21.272521,46.224303],[21.272709,46.224246],[21.272758,46.224233],[21.273001,46.22417],[21.273237,46.224109],[21.273243,46.224108],[21.27349,46.224053],[21.273738,46.223999],[21.273985,46.223944],[21.274233,46.223889],[21.274236,46.223889],[21.27448,46.223834],[21.274727,46.223779],[21.274839,46.223755],[21.274975,46.223724],[21.275222,46.22367],[21.275276,46.223658],[21.275468,46.223603],[21.275708,46.223536],[21.275873,46.223489],[21.275949,46.223465],[21.276154,46.223401],[21.276185,46.223389],[21.276414,46.223305],[21.276485,46.223279],[21.276638,46.223213],[21.276763,46.22316],[21.276854,46.223112],[21.27691,46.223083],[21.277062,46.223004],[21.277141,46.222963],[21.277266,46.222892],[21.277352,46.222843],[21.277456,46.222781],[21.277464,46.222776],[21.277531,46.222736],[21.27763,46.222667],[21.277654,46.22265],[21.27783,46.222518],[21.278007,46.222386],[21.278036,46.222364],[21.278179,46.22225],[21.278349,46.222114],[21.278396,46.222076],[21.27852,46.221979],[21.278692,46.221844],[21.278864,46.221709],[21.278923,46.221663],[21.279035,46.221574],[21.279206,46.221438],[21.279291,46.221371],[21.279719,46.221032],[21.280842,46.220145],[21.281698,46.219486],[21.282541,46.218821],[21.282904,46.218535],[21.283331,46.218189],[21.283542,46.218021],[21.284083,46.217593],[21.284926,46.216965],[21.285056,46.216861],[21.285726,46.216328],[21.286369,46.215815],[21.286681,46.215567],[21.28704,46.215281],[21.287719,46.214759],[21.288077,46.214485],[21.288251,46.214351],[21.288425,46.214217],[21.288513,46.21415],[21.288595,46.214081],[21.288674,46.214015],[21.288752,46.213935],[21.288898,46.213786],[21.288978,46.213704],[21.289036,46.213632],[21.289118,46.213528],[21.289162,46.213475],[21.289292,46.213319],[21.289422,46.213163],[21.289551,46.213008],[21.289653,46.212886],[21.289682,46.212852],[21.289814,46.212697],[21.289946,46.212542],[21.290078,46.212388],[21.29021,46.212233],[21.290342,46.212078],[21.290357,46.21206],[21.290398,46.212013],[21.290445,46.211953],[21.290489,46.211898],[21.291157,46.211067],[21.291836,46.210228],[21.292499,46.209405],[21.292528,46.209368],[21.292584,46.209295],[21.292622,46.209246],[21.292746,46.209088],[21.29287,46.20893],[21.292941,46.208839],[21.292993,46.208771],[21.293114,46.208612],[21.293236,46.208453],[21.293357,46.208294],[21.293478,46.208135],[21.293503,46.208103],[21.293553,46.208037],[21.2936,46.207976],[21.293661,46.207896],[21.293718,46.207815],[21.293731,46.207797],[21.293818,46.207646],[21.29382,46.207643],[21.293886,46.207503],[21.293898,46.207472],[21.293966,46.207296],[21.293966,46.207296],[21.29399,46.207205],[21.294007,46.207117],[21.294008,46.207112],[21.294019,46.206968],[21.294019,46.206934],[21.294019,46.206812],[21.294012,46.206752],[21.294003,46.206683],[21.293984,46.206572],[21.293969,46.206484],[21.293949,46.206393],[21.293911,46.206215],[21.29391,46.206208],[21.293871,46.206037],[21.29383,46.205859],[21.293789,46.205682],[21.293748,46.205504],[21.293716,46.205363],[21.293709,46.205327],[21.293674,46.205149],[21.293648,46.20502],[21.293637,46.20497],[21.293599,46.204792],[21.29356,46.204614],[21.293521,46.204437],[21.293518,46.204421],[21.293484,46.204285],[21.293479,46.204259],[21.293473,46.204232],[21.293438,46.204081],[21.293428,46.204041],[21.293559,46.204043],[21.293697,46.204045],[21.29382,46.204044],[21.294065,46.204042],[21.29408,46.204042],[21.294339,46.204036],[21.294568,46.204031],[21.294599,46.20403],[21.294859,46.204022],[21.295118,46.204014],[21.295143,46.204013],[21.295378,46.204006],[21.295638,46.203998],[21.29584,46.203992],[21.295897,46.20399],[21.296157,46.203984],[21.29632,46.20398],[21.296416,46.203973],[21.296469,46.20397],[21.296558,46.203955],[21.296612,46.20394],[21.296661,46.203914],[21.296664,46.203911],[21.296771,46.203823],[21.29682,46.203764],[21.296881,46.203691],[21.296949,46.203608],[21.296966,46.203588],[21.296993,46.203497],[21.297004,46.203445],[21.297005,46.203436],[21.297012,46.203388],[21.297019,46.203303],[21.297014,46.203274],[21.297023,46.203246],[21.297045,46.203221],[21.297078,46.203204],[21.297115,46.203195],[21.297136,46.203195],[21.297155,46.203195],[21.297158,46.203193],[21.297228,46.203163],[21.297287,46.203134],[21.297349,46.203095],[21.297349,46.203095],[21.297417,46.203045],[21.297461,46.203018],[21.297512,46.202955],[21.297599,46.202846],[21.297638,46.202798],[21.297769,46.202643],[21.297899,46.202487],[21.297945,46.202432],[21.29803,46.202332],[21.298161,46.202176],[21.298292,46.202021],[21.298327,46.201979],[21.298422,46.201865],[21.298439,46.201846],[21.298549,46.201708],[21.298595,46.201651],[21.298675,46.201551],[21.298801,46.201393],[21.298833,46.201353],[21.298885,46.201286],[21.298926,46.201236],[21.299053,46.201079],[21.29918,46.200922],[21.299308,46.200765],[21.299435,46.200608],[21.29947,46.200566],[21.29956,46.200451],[21.299658,46.200328],[21.299685,46.200293],[21.299808,46.200134],[21.299929,46.199979],[21.299931,46.199976],[21.300051,46.199816],[21.300165,46.199665],[21.300171,46.199658],[21.300302,46.199503],[21.300373,46.199419],[21.300442,46.199351],[21.30059,46.199203],[21.300611,46.199183],[21.300753,46.199063],[21.300918,46.198925],[21.300923,46.198921],[21.301032,46.198833],[21.301087,46.198789],[21.301224,46.198677],[21.301255,46.198651],[21.301283,46.198627],[21.301419,46.198512],[21.301583,46.198372],[21.301747,46.198233],[21.30177,46.198214],[21.301915,46.198096],[21.302017,46.198014],[21.302086,46.197961],[21.302225,46.197857],[21.302263,46.197832],[21.302451,46.197708],[21.302464,46.1977],[21.302645,46.197589],[21.302743,46.197529],[21.30284,46.19747],[21.303035,46.197352],[21.30323,46.197233],[21.303426,46.197114],[21.303621,46.196996],[21.303663,46.19697],[21.303816,46.196877],[21.304011,46.196758],[21.304206,46.196639],[21.304401,46.19652],[21.304596,46.196401],[21.304789,46.196283],[21.30479,46.196282],[21.304985,46.196163],[21.30518,46.196044],[21.305375,46.195925],[21.30557,46.195806],[21.305742,46.195701],[21.305765,46.195687],[21.305956,46.195565],[21.306147,46.195443],[21.306338,46.195321],[21.306342,46.195319],[21.306533,46.195203],[21.306729,46.195085],[21.306925,46.194966],[21.307088,46.194868],[21.30712,46.194848],[21.307314,46.194728],[21.307508,46.194608],[21.307702,46.194488],[21.307769,46.194447],[21.307796,46.194415],[21.307829,46.194387],[21.307875,46.194357],[21.30789,46.194347],[21.307916,46.194333],[21.307955,46.194318],[21.308001,46.194306],[21.308018,46.194292],[21.308039,46.194281],[21.308057,46.194265],[21.3081,46.194227],[21.308155,46.194184],[21.308227,46.194134],[21.308228,46.194118],[21.308228,46.194116],[21.308193,46.193938],[21.308158,46.19376],[21.308123,46.193582],[21.30811,46.193512],[21.308088,46.193403],[21.308053,46.193225],[21.308017,46.193047],[21.307987,46.192894],[21.307982,46.192869],[21.307979,46.192847],[21.30791,46.192693],[21.307849,46.192557],[21.307838,46.192541],[21.307825,46.192522],[21.307819,46.192513],[21.30779,46.19249],[21.307754,46.19247],[21.307675,46.192439],[21.30765,46.192432],[21.307548,46.192403],[21.307519,46.192394],[21.307488,46.192383],[21.307463,46.192371],[21.30745,46.192363],[21.307436,46.192353],[21.30743,46.192349],[21.307405,46.192331],[21.307394,46.19232],[21.307369,46.192294],[21.307352,46.192269],[21.307339,46.192237],[21.307331,46.192201],[21.307331,46.192198],[21.30733,46.192165],[21.307336,46.192123],[21.307357,46.192047],[21.307482,46.191979],[21.307518,46.191963],[21.307558,46.191947],[21.307559,46.191946],[21.307613,46.191929],[21.307662,46.191914],[21.307699,46.191907],[21.307774,46.191898],[21.307795,46.191897],[21.307902,46.191891],[21.307981,46.191886],[21.308054,46.191882],[21.308253,46.19187],[21.308313,46.191866],[21.308571,46.191846],[21.30883,46.191827],[21.309088,46.191807],[21.309108,46.191806],[21.309346,46.191788],[21.309483,46.191778],[21.309605,46.191766],[21.309845,46.191742],[21.309862,46.19174],[21.310011,46.191723],[21.310116,46.191711],[21.31012,46.191711],[21.310373,46.191671],[21.310416,46.191665],[21.310396,46.191611],[21.310391,46.191577],[21.310394,46.19152],[21.310408,46.191496],[21.310413,46.191489],[21.310496,46.191326],[21.310532,46.191256],[21.310564,46.191186],[21.310568,46.191143],[21.310568,46.19114],[21.310571,46.191066],[21.310566,46.190961],[21.310565,46.190957],[21.310563,46.19087],[21.310558,46.190781],[21.310555,46.190739],[21.310546,46.190643],[21.310548,46.190604],[21.310551,46.190516],[21.310534,46.190419],[21.31051,46.190282],[21.310505,46.190245],[21.31048,46.190066],[21.310454,46.189887],[21.310429,46.189708],[21.310404,46.18953],[21.310396,46.189478],[21.310374,46.18935],[21.310344,46.189172],[21.310314,46.188993],[21.310292,46.188865],[21.310284,46.188815],[21.310257,46.188636],[21.310231,46.188457],[21.310229,46.188448],[21.310224,46.18842],[21.310215,46.188331],[21.310206,46.188278],[21.310177,46.188099],[21.310147,46.18792],[21.310118,46.187741],[21.310089,46.187563],[21.310059,46.187384],[21.31003,46.187205],[21.310001,46.187027],[21.309976,46.186874],[21.309971,46.186848],[21.309944,46.186669],[21.309916,46.18649],[21.309888,46.186311],[21.30986,46.186133],[21.309832,46.185954],[21.309804,46.185775],[21.309781,46.185625],[21.309776,46.185596],[21.309748,46.185417],[21.30972,46.185238],[21.309699,46.1851],[21.309693,46.18506],[21.309667,46.184881],[21.309641,46.184702],[21.309626,46.184602],[21.309613,46.184523],[21.309591,46.18439],[21.309589,46.184376],[21.309583,46.184344],[21.309553,46.184165],[21.309542,46.184104],[21.30953,46.183997],[21.30953,46.183988],[21.30952,46.183884],[21.309526,46.183811],[21.309526,46.1838],[21.309544,46.183714],[21.309563,46.183638],[21.309567,46.183621],[21.309573,46.183602],[21.309588,46.183549],[21.309617,46.183465],[21.309677,46.18329],[21.309737,46.183115],[21.309765,46.183033],[21.309766,46.182924],[21.309766,46.182915],[21.309782,46.1828],[21.309796,46.182754],[21.309846,46.182587],[21.309849,46.182579],[21.309866,46.182529],[21.309915,46.182407],[21.309953,46.182316],[21.309914,46.18221],[21.309887,46.182135],[21.309836,46.182037],[21.309827,46.18202],[21.309746,46.181868],[21.309726,46.181829],[21.309687,46.181728],[21.30968,46.181701],[21.309672,46.181671],[21.309664,46.181609],[21.309615,46.181519],[21.309611,46.181511],[21.309556,46.181407],[21.309528,46.181355],[21.309526,46.181352],[21.309435,46.181184],[21.309424,46.181164],[21.309163,46.180685],[21.308906,46.180154],[21.308639,46.179635],[21.30806,46.178506],[21.307529,46.177468],[21.307521,46.177452],[21.30743,46.177284],[21.307339,46.177115],[21.307248,46.176947],[21.307157,46.176778],[21.307066,46.17661],[21.306975,46.176441],[21.306929,46.176356],[21.306924,46.176344],[21.306335,46.175185],[21.30596,46.174439],[21.305669,46.173859],[21.305547,46.173632],[21.305029,46.172633],[21.304942,46.172463],[21.304854,46.172294],[21.304766,46.172125],[21.304759,46.17211],[21.304679,46.171956],[21.304591,46.171786],[21.30457,46.171746],[21.304508,46.171615],[21.304422,46.171446],[21.304336,46.171277],[21.304249,46.171107],[21.304163,46.170937],[21.304076,46.170768],[21.303999,46.170616],[21.30399,46.170598],[21.303908,46.170441],[21.303902,46.170429],[21.303814,46.170259],[21.303727,46.17009],[21.303719,46.170075],[21.303639,46.169921],[21.303551,46.169751],[21.303463,46.169582],[21.303387,46.169434],[21.30338,46.16942],[21.30355,46.169426],[21.303625,46.169428],[21.303788,46.169434],[21.303883,46.169443],[21.303897,46.169444],[21.304018,46.169467],[21.304129,46.169505],[21.304169,46.169518],[21.304357,46.169591],[21.304584,46.169678],[21.304696,46.169722],[21.304811,46.169767],[21.305037,46.169855],[21.305263,46.169944],[21.305488,46.170033],[21.305597,46.170076],[21.305714,46.170122],[21.30594,46.170212],[21.306101,46.170275],[21.306165,46.170301],[21.306391,46.17039],[21.306616,46.170479],[21.306842,46.170569],[21.307056,46.170653],[21.307068,46.170658],[21.307169,46.170699],[21.307292,46.17075],[21.307515,46.170842],[21.307739,46.170933],[21.307795,46.170956],[21.307963,46.171024],[21.308188,46.171114],[21.308248,46.171138]]},"properties":{"line":"46","dir":"1","headsign":"Parcul Reconcilierii","mode":"bus","color":"#0059a9"}},{"type":"Feature","geometry":{"type":"LineString","coordinates":[[21.348845,46.173044],[21.348802,46.173221],[21.348801,46.173222],[21.348758,46.173395],[21.348757,46.173399],[21.348707,46.173575],[21.348657,46.173752],[21.348634,46.17383],[21.3486,46.173928],[21.348575,46.174],[21.348525,46.174101],[21.348506,46.174141],[21.34843,46.17427],[21.348332,46.174436],[21.348233,46.174602],[21.348135,46.174769],[21.348132,46.174773],[21.348051,46.174895],[21.348027,46.174933],[21.34797,46.175018],[21.347912,46.175094],[21.347889,46.175125],[21.347779,46.175247],[21.347761,46.175267],[21.34763,46.175395],[21.34756,46.175465],[21.347476,46.175461],[21.347451,46.175458],[21.347417,46.175455],[21.347338,46.175444],[21.347422,46.175369],[21.347437,46.175354],[21.347589,46.175209],[21.347633,46.175167],[21.34773,46.175064],[21.347738,46.175052],[21.347827,46.174928],[21.347852,46.17489],[21.347875,46.174854],[21.347954,46.174724],[21.348008,46.174636],[21.348049,46.174555],[21.348077,46.174498],[21.348107,46.174427],[21.348123,46.174379],[21.348131,46.174358],[21.348146,46.174282],[21.348152,46.174202],[21.348151,46.174191],[21.348149,46.174012],[21.348146,46.173832],[21.348144,46.173694],[21.348142,46.173651],[21.348134,46.173471],[21.348125,46.173291],[21.348117,46.173112],[21.348108,46.172932],[21.348102,46.172797],[21.348101,46.17278],[21.3481,46.172753],[21.348097,46.172621],[21.348092,46.172572],[21.348087,46.172506],[21.348083,46.172458],[21.348071,46.17239],[21.348046,46.172255],[21.348062,46.172253],[21.348097,46.17225],[21.348141,46.172245],[21.348269,46.172221],[21.348286,46.172209],[21.348315,46.172198],[21.34832,46.172196],[21.348339,46.172187],[21.348383,46.172174],[21.348418,46.172168],[21.348461,46.172163],[21.348501,46.172162],[21.348541,46.172164],[21.348569,46.172168],[21.348586,46.17217],[21.348637,46.172183],[21.348668,46.172194],[21.34873,46.172222],[21.348771,46.172245],[21.348805,46.17227],[21.348883,46.172327],[21.348939,46.172355],[21.348961,46.172361],[21.348988,46.172369],[21.349043,46.172381],[21.349079,46.172385],[21.349135,46.172388],[21.34921,46.172386],[21.349469,46.17238],[21.349706,46.172375],[21.349729,46.172374],[21.349809,46.17237],[21.3499,46.172362],[21.349991,46.172351],[21.349992,46.17235],[21.350057,46.17234],[21.350243,46.1723],[21.350491,46.172247],[21.350699,46.172203],[21.35074,46.172196],[21.350846,46.172176],[21.350993,46.172155],[21.351103,46.172139],[21.351246,46.17212],[21.351254,46.17212],[21.35143,46.172098],[21.351503,46.172082],[21.351727,46.172036],[21.351721,46.172019],[21.351687,46.171948],[21.351686,46.171946],[21.351605,46.171778],[21.351529,46.17162],[21.351522,46.171606],[21.351504,46.171574],[21.351446,46.171465],[21.351433,46.171439],[21.351352,46.171268],[21.35127,46.171097],[21.35126,46.171074],[21.351188,46.170927],[21.351106,46.170756],[21.351023,46.170586],[21.350989,46.170513],[21.351139,46.170481],[21.351387,46.170427],[21.351535,46.170395],[21.351585,46.170383],[21.351635,46.170372],[21.351882,46.170318],[21.35213,46.170263],[21.352377,46.170208],[21.352418,46.1702],[21.352384,46.170127],[21.352344,46.17004],[21.352266,46.169868],[21.352187,46.169697],[21.352109,46.169525],[21.352075,46.169451],[21.352026,46.169354],[21.351942,46.169184],[21.351914,46.169128],[21.351861,46.169014],[21.351781,46.168842],[21.351737,46.168747],[21.351714,46.168698],[21.351701,46.168671],[21.351621,46.1685],[21.35154,46.168329],[21.35146,46.168158],[21.351401,46.168034],[21.351381,46.167987],[21.351307,46.167814],[21.351233,46.167642],[21.351158,46.16747],[21.351084,46.167297],[21.351039,46.167193],[21.351035,46.167165],[21.351045,46.167127],[21.351049,46.167123],[21.351077,46.167099],[21.351109,46.167082],[21.351289,46.167043],[21.351536,46.166988],[21.351783,46.166934],[21.351892,46.16691],[21.352031,46.166879],[21.352278,46.166825],[21.352526,46.166771],[21.352645,46.166744],[21.352774,46.166717],[21.352986,46.166671],[21.353196,46.166625],[21.354671,46.166308],[21.355816,46.166072],[21.356079,46.166645],[21.356531,46.167627],[21.357218,46.169176],[21.357798,46.170559],[21.357867,46.170723],[21.357952,46.170709],[21.358124,46.170671],[21.358263,46.170641],[21.359542,46.170368],[21.362039,46.169834],[21.362853,46.169661],[21.363073,46.169612],[21.363114,46.169603],[21.363386,46.169545],[21.364451,46.169312],[21.364732,46.169254],[21.364981,46.169203],[21.36523,46.169151],[21.365479,46.1691],[21.365728,46.169048],[21.365977,46.168997],[21.365985,46.168995],[21.366219,46.168928],[21.36622,46.168928],[21.366312,46.16889],[21.36638,46.168862],[21.366385,46.168796],[21.366396,46.168774],[21.366417,46.168733],[21.366474,46.168678],[21.36655,46.168637],[21.36655,46.168633],[21.366569,46.168541],[21.366583,46.168469],[21.36659,46.168435],[21.366536,46.168286],[21.366472,46.168111],[21.366409,46.167937],[21.366407,46.167933],[21.366471,46.168108],[21.366534,46.168282],[21.36659,46.168435],[21.366608,46.168451],[21.366682,46.168518],[21.366749,46.168578],[21.366762,46.16859],[21.366784,46.16861],[21.366881,46.168634],[21.366962,46.168676],[21.366963,46.168676],[21.367111,46.168736],[21.367174,46.168744],[21.367249,46.168755],[21.367381,46.168745],[21.367426,46.168737],[21.367678,46.168694],[21.36793,46.16865],[21.368182,46.168606],[21.368434,46.168562],[21.368453,46.168559],[21.36868,46.16852],[21.368686,46.168519],[21.368938,46.168475],[21.36919,46.168432],[21.369298,46.168413],[21.369443,46.16839],[21.369696,46.168348],[21.369777,46.168335],[21.369822,46.168335],[21.369862,46.168341],[21.369902,46.168357],[21.369934,46.168389],[21.369975,46.168432],[21.369991,46.168516],[21.37095,46.171323],[21.370954,46.171336],[21.371007,46.171496],[21.371013,46.171511],[21.37107,46.171687],[21.371128,46.171862],[21.371185,46.172038],[21.37124,46.172206],[21.371469,46.172161],[21.371512,46.172153],[21.371718,46.17211],[21.371932,46.172066],[21.371967,46.172059],[21.372098,46.172032],[21.372213,46.172004],[21.372249,46.171996],[21.372409,46.171965],[21.372448,46.172054],[21.372522,46.172227],[21.372597,46.172399],[21.372665,46.172555],[21.372671,46.172571],[21.372746,46.172743],[21.37282,46.172915],[21.372895,46.173088],[21.372904,46.173108],[21.37307,46.173072],[21.373074,46.173071],[21.373215,46.173036],[21.373319,46.173018],[21.373439,46.172998],[21.37351,46.173037],[21.373557,46.173062],[21.373593,46.173132],[21.373617,46.173189],[21.373621,46.173198],[21.373693,46.173183],[21.373824,46.173155],[21.374073,46.173103],[21.374322,46.173051],[21.37457,46.172999],[21.374819,46.172946],[21.37486,46.172938],[21.375067,46.172893],[21.375315,46.17284],[21.375561,46.172787],[21.375563,46.172787],[21.375721,46.172753],[21.375812,46.172733],[21.37606,46.172681],[21.376213,46.172648],[21.376304,46.172624],[21.376461,46.172582],[21.376546,46.172558],[21.376786,46.172489],[21.376949,46.172442],[21.377025,46.172419],[21.377264,46.172349],[21.377503,46.172279],[21.377742,46.172208],[21.377982,46.172138],[21.378074,46.17211],[21.378069,46.17203],[21.378068,46.172017],[21.378056,46.171838],[21.378054,46.171808],[21.378027,46.171657],[21.377996,46.171479],[21.377964,46.1713],[21.377932,46.171122],[21.377901,46.170943],[21.377869,46.170765],[21.377841,46.170609],[21.378061,46.170527],[21.37829,46.170442],[21.378508,46.17036],[21.378481,46.170324],[21.378416,46.17024],[21.378356,46.170166],[21.378314,46.170113],[21.37824,46.170007],[21.378227,46.169987],[21.37812,46.169864],[21.37811,46.16985],[21.378026,46.169732],[21.377996,46.169689],[21.377937,46.169606],[21.377884,46.169527],[21.377847,46.169474],[21.37785,46.169477],[21.377937,46.169606],[21.377961,46.169639],[21.378026,46.169732],[21.378075,46.169801],[21.37812,46.169864],[21.378221,46.169831],[21.378453,46.169754],[21.378685,46.169677]]},"properties":{"line":"48","dir":"0","headsign":"Real","mode":"bus","color":"#0059a9"}},{"type":"Feature","geometry":{"type":"LineString","coordinates":[[21.378725,46.169664],[21.378492,46.169741],[21.37826,46.169818],[21.37812,46.169864],[21.378156,46.169906],[21.378227,46.169987],[21.378282,46.170066],[21.378314,46.170113],[21.378402,46.170223],[21.378416,46.17024],[21.378508,46.17036],[21.378435,46.170388],[21.378206,46.170473],[21.377977,46.170558],[21.377841,46.170609],[21.377849,46.170651],[21.377881,46.17083],[21.377912,46.171008],[21.377944,46.171187],[21.377976,46.171365],[21.378007,46.171544],[21.378039,46.171722],[21.378054,46.171808],[21.37806,46.171903],[21.378069,46.17203],[21.378073,46.172082],[21.378074,46.17211],[21.377894,46.172164],[21.377655,46.172234],[21.377416,46.172304],[21.377177,46.172375],[21.376949,46.172442],[21.376938,46.172445],[21.376698,46.172514],[21.376461,46.172582],[21.376458,46.172583],[21.376216,46.172647],[21.376213,46.172648],[21.375969,46.1727],[21.375721,46.172753],[21.37572,46.172753],[21.375561,46.172787],[21.375472,46.172806],[21.375224,46.17286],[21.374976,46.172913],[21.37486,46.172938],[21.374728,46.172966],[21.374479,46.173018],[21.37423,46.17307],[21.373982,46.173122],[21.373733,46.173174],[21.373693,46.173183],[21.373621,46.173198],[21.373593,46.173132],[21.373557,46.173062],[21.373455,46.173007],[21.373439,46.172998],[21.373226,46.173034],[21.373215,46.173036],[21.373074,46.173071],[21.372979,46.173092],[21.372904,46.173108],[21.372863,46.173013],[21.372788,46.172841],[21.372714,46.172669],[21.372665,46.172555],[21.372639,46.172496],[21.372565,46.172324],[21.37249,46.172152],[21.372409,46.171965],[21.372354,46.171976],[21.372249,46.171996],[21.37217,46.172015],[21.372098,46.172032],[21.371932,46.172066],[21.371922,46.172068],[21.371673,46.172119],[21.371512,46.172153],[21.371424,46.17217],[21.37124,46.172206],[21.371174,46.172218],[21.370934,46.172265],[21.370684,46.172314],[21.370434,46.172363],[21.370384,46.172372],[21.370327,46.172382],[21.370182,46.172407],[21.36993,46.172452],[21.369746,46.172484],[21.369678,46.172496],[21.369427,46.17254],[21.369175,46.172584],[21.368923,46.172628],[21.368671,46.172672],[21.368595,46.172686],[21.368419,46.172717],[21.368168,46.172762],[21.368121,46.17277],[21.368088,46.172668],[21.368067,46.172606],[21.368008,46.172431],[21.367949,46.172256],[21.367938,46.172223],[21.367885,46.172081],[21.367872,46.172046],[21.367823,46.171907],[21.367804,46.171852],[21.36776,46.171732],[21.367697,46.171558],[21.367678,46.171505],[21.367632,46.171383],[21.367567,46.171209],[21.367501,46.171035],[21.367501,46.171033],[21.367438,46.170861],[21.367375,46.170686],[21.367312,46.170512],[21.367249,46.170338],[21.367185,46.170163],[21.367157,46.170085],[21.367124,46.169988],[21.367064,46.169813],[21.367004,46.169638],[21.366979,46.169565],[21.366947,46.169463],[21.366897,46.169299],[21.366887,46.169285],[21.366853,46.169232],[21.366784,46.169162],[21.366747,46.169129],[21.366737,46.169119],[21.366692,46.169078],[21.366587,46.16906],[21.366528,46.169034],[21.366495,46.16902],[21.366426,46.168962],[21.366395,46.168914],[21.366391,46.1689],[21.36638,46.168862],[21.366385,46.168796],[21.366417,46.168733],[21.366474,46.168678],[21.36655,46.168637],[21.366557,46.168601],[21.366569,46.168541],[21.36659,46.168435],[21.366642,46.168482],[21.366682,46.168518],[21.366749,46.168578],[21.366784,46.16861],[21.366787,46.168611],[21.366881,46.168634],[21.366962,46.168676],[21.367005,46.168717],[21.367023,46.168734],[21.367056,46.168802],[21.367058,46.168873],[21.36704,46.168915],[21.367029,46.168942],[21.366972,46.169001],[21.366891,46.169046],[21.366846,46.169059],[21.366795,46.169073],[21.366692,46.169078],[21.366587,46.16906],[21.366576,46.169055],[21.366495,46.16902],[21.366426,46.168962],[21.366353,46.168963],[21.366242,46.168964],[21.366092,46.168982],[21.365985,46.168995],[21.365842,46.169025],[21.365593,46.169076],[21.365344,46.169128],[21.365095,46.169179],[21.364846,46.169231],[21.364597,46.169282],[21.364451,46.169312],[21.364349,46.169335],[21.364101,46.169389],[21.363854,46.169443],[21.363606,46.169497],[21.363386,46.169545],[21.363358,46.169551],[21.363114,46.169603],[21.36311,46.169604],[21.363073,46.169612],[21.362862,46.169658],[21.362853,46.169661],[21.362614,46.169711],[21.362365,46.169764],[21.362117,46.169817],[21.362039,46.169834],[21.361869,46.16987],[21.36162,46.169923],[21.361372,46.169976],[21.361124,46.170029],[21.360876,46.170082],[21.360627,46.170136],[21.360379,46.170189],[21.360131,46.170242],[21.359883,46.170295],[21.359634,46.170348],[21.359386,46.170401],[21.359138,46.170454],[21.35889,46.170507],[21.358641,46.17056],[21.358393,46.170613],[21.358263,46.170641],[21.358145,46.170666],[21.358124,46.170671],[21.357952,46.170709],[21.357893,46.170719],[21.357867,46.170723],[21.357798,46.170739],[21.357702,46.170759],[21.357646,46.17077],[21.357556,46.170788],[21.35754,46.170791],[21.357398,46.170821],[21.357149,46.170874],[21.356901,46.170926],[21.356652,46.170979],[21.356404,46.171031],[21.356155,46.171083],[21.356009,46.171114],[21.355907,46.171136],[21.355659,46.171189],[21.355616,46.171198],[21.35541,46.171242],[21.355385,46.171247],[21.355347,46.171254],[21.355276,46.171281],[21.355258,46.171288],[21.355205,46.171307],[21.355173,46.171315],[21.355142,46.171323],[21.354924,46.171371],[21.354676,46.171425],[21.354429,46.171479],[21.354241,46.17152],[21.354181,46.171533],[21.354134,46.171544],[21.353933,46.171587],[21.353686,46.171641],[21.353639,46.171652],[21.353583,46.171664],[21.353432,46.171688],[21.353322,46.171707],[21.353243,46.171716],[21.353177,46.171723],[21.353144,46.171726],[21.352928,46.171773],[21.352814,46.171797],[21.35268,46.171827],[21.352433,46.171881],[21.352185,46.171936],[21.351938,46.17199],[21.351727,46.172036],[21.351689,46.172044],[21.35144,46.172096],[21.35143,46.172098],[21.351273,46.172148],[21.351219,46.172167],[21.351176,46.172181],[21.351033,46.172226],[21.350984,46.172241],[21.350747,46.172312],[21.350746,46.172312],[21.350711,46.172323],[21.350499,46.172373],[21.350253,46.172432],[21.350251,46.172432],[21.350059,46.17247],[21.35,46.17248],[21.349877,46.172501],[21.349744,46.172517],[21.349725,46.172519],[21.349548,46.172533],[21.349481,46.172535],[21.349296,46.172541],[21.349221,46.172543],[21.349083,46.172548],[21.349004,46.172552],[21.348977,46.172559],[21.348948,46.172566],[21.348896,46.172583],[21.348895,46.172621],[21.348891,46.172732],[21.348885,46.172802],[21.34888,46.172854],[21.348863,46.172972],[21.34886,46.172984],[21.348848,46.173034]]},"properties":{"line":"48","dir":"1","headsign":"Billa","mode":"bus","color":"#0059a9"}},{"type":"Feature","geometry":{"type":"LineString","coordinates":[[21.321994,46.15365],[21.321997,46.15383],[21.321997,46.153862],[21.321992,46.15401],[21.321988,46.154126],[21.321986,46.15419],[21.321984,46.154228],[21.321978,46.15437],[21.321971,46.15455],[21.321969,46.154597],[21.321963,46.15473],[21.321954,46.154909],[21.321945,46.155089],[21.321936,46.155269],[21.321928,46.155449],[21.321919,46.155628],[21.32191,46.155808],[21.321905,46.155917],[21.321902,46.155979],[21.321902,46.155987],[21.321904,46.156167],[21.321904,46.156243],[21.321905,46.156274],[21.321905,46.156346],[21.321906,46.156393],[21.32182,46.156392],[21.32177,46.156392],[21.321706,46.156392],[21.321706,46.156366],[21.321707,46.15627],[21.321708,46.156186],[21.321711,46.156006],[21.321712,46.155911],[21.321646,46.155911],[21.321625,46.15591],[21.32161,46.15591],[21.321531,46.155909],[21.321271,46.155905],[21.321012,46.155901],[21.320925,46.1559],[21.320752,46.155885],[21.320495,46.155863],[21.320244,46.155841],[21.320236,46.15584],[21.31998,46.15581],[21.319724,46.15578],[21.319686,46.155776],[21.319467,46.155752],[21.319211,46.155724],[21.318954,46.155696],[21.318697,46.155668],[21.318576,46.155655],[21.31844,46.155641],[21.318183,46.155616],[21.317926,46.155591],[21.317914,46.15559],[21.317669,46.155564],[21.317412,46.155536],[21.317155,46.155508],[21.316982,46.15549],[21.316898,46.155483],[21.316691,46.155465],[21.316638,46.155467],[21.316379,46.155477],[21.316308,46.155479],[21.316216,46.155479],[21.316118,46.155466],[21.316103,46.155464],[21.315865,46.155425],[21.315612,46.155384],[21.31536,46.155342],[21.315107,46.1553],[21.31506,46.155293],[21.314855,46.155256],[21.314603,46.155212],[21.314351,46.155167],[21.3141,46.155123],[21.313848,46.155078],[21.313596,46.155034],[21.313549,46.155025],[21.313441,46.155008],[21.313344,46.15499],[21.313093,46.154944],[21.312904,46.15491],[21.312843,46.154897],[21.312594,46.154847],[21.312418,46.154811],[21.312345,46.154795],[21.312096,46.154744],[21.311848,46.154692],[21.311754,46.154672],[21.311599,46.15464],[21.31135,46.154588],[21.311179,46.154552],[21.311099,46.154538],[21.310848,46.154492],[21.310596,46.154447],[21.310345,46.154401],[21.310094,46.154355],[21.309842,46.15431],[21.309591,46.154264],[21.309407,46.154231],[21.30934,46.154219],[21.309088,46.154175],[21.308855,46.154135],[21.308837,46.15413],[21.308791,46.154118],[21.30875,46.154085],[21.308732,46.154041],[21.308728,46.154013],[21.308723,46.153975],[21.308737,46.153887],[21.308751,46.153847],[21.30878,46.153762],[21.308807,46.153671],[21.308824,46.153612],[21.308854,46.153502],[21.308877,46.153417],[21.308904,46.153331],[21.308921,46.153277],[21.308957,46.153158],[21.308961,46.153144],[21.308984,46.153057],[21.309002,46.152979],[21.309019,46.152875],[21.308896,46.152877],[21.308848,46.152878],[21.308692,46.152869],[21.308636,46.152862],[21.308502,46.152844],[21.308385,46.152822],[21.308323,46.15281],[21.30815,46.15276],[21.30814,46.152756],[21.307939,46.152677],[21.307917,46.152666],[21.307704,46.152564],[21.307491,46.152461],[21.307279,46.152359],[21.307066,46.152256],[21.306958,46.152204],[21.306924,46.152288],[21.30691,46.152321],[21.306897,46.152354],[21.306843,46.152495],[21.306777,46.152668],[21.306711,46.152842],[21.306645,46.153016],[21.306581,46.153186],[21.306579,46.153191],[21.306507,46.153364],[21.306436,46.153537],[21.306418,46.153579],[21.30636,46.153641],[21.306274,46.153687],[21.306262,46.153693],[21.306004,46.153733],[21.30575,46.153773],[21.305497,46.153812],[21.305243,46.153852],[21.305108,46.153873],[21.304988,46.15389],[21.304733,46.153925],[21.304479,46.15396],[21.304224,46.153995],[21.303969,46.154031],[21.303714,46.154066],[21.303603,46.154081],[21.303297,46.154123],[21.29904,46.154728],[21.298922,46.154745],[21.298873,46.15459],[21.298818,46.154414],[21.298762,46.154239],[21.298707,46.154063],[21.298678,46.15397],[21.298651,46.153887],[21.298646,46.153871],[21.298596,46.153711],[21.29854,46.153536],[21.298485,46.15336],[21.29843,46.153185],[21.298389,46.153056],[21.298385,46.153044],[21.302751,46.152397],[21.303347,46.152309],[21.303601,46.152271],[21.303855,46.152233],[21.304109,46.152196],[21.304363,46.152158],[21.304617,46.15212],[21.304871,46.152083],[21.305125,46.152045],[21.305379,46.152007],[21.305633,46.15197],[21.305887,46.151932],[21.305913,46.151928],[21.30599,46.151912],[21.306068,46.151877],[21.306085,46.151862],[21.306141,46.151814],[21.306379,46.151931],[21.306415,46.151949],[21.306593,46.152033],[21.306808,46.152134],[21.306958,46.152204],[21.307022,46.152235],[21.307235,46.152338],[21.307448,46.15244],[21.307661,46.152543],[21.30786,46.152639],[21.307939,46.152677],[21.308081,46.152733],[21.30815,46.15276],[21.308316,46.152808],[21.308323,46.15281],[21.308502,46.152844],[21.308568,46.152853],[21.308692,46.152869],[21.308825,46.152876],[21.308848,46.152878],[21.309019,46.152875],[21.309008,46.152947],[21.309002,46.152979],[21.308984,46.153057],[21.308969,46.153114],[21.308961,46.153144],[21.308921,46.153277],[21.308918,46.153285],[21.308877,46.153417],[21.308866,46.153458],[21.308824,46.153612],[21.308821,46.153623],[21.30878,46.153762],[21.308767,46.1538],[21.308737,46.153887],[21.308723,46.153972],[21.308723,46.153975],[21.308732,46.154041],[21.30875,46.154085],[21.30878,46.154109],[21.308791,46.154118],[21.308855,46.154135],[21.30902,46.154163],[21.309272,46.154207],[21.309407,46.154231],[21.309524,46.154252],[21.309775,46.154297],[21.310026,46.154343],[21.310278,46.154389],[21.310529,46.154434],[21.31078,46.15448],[21.311031,46.154526],[21.311179,46.154552],[21.311283,46.154574],[21.311532,46.154626],[21.311754,46.154672],[21.311781,46.154678],[21.312029,46.15473],[21.312278,46.154782],[21.312418,46.154811],[21.312527,46.154833],[21.312776,46.154884],[21.312904,46.15491],[21.313025,46.154932],[21.313277,46.154978],[21.313441,46.155008],[21.313528,46.155022],[21.313549,46.155025],[21.31378,46.155066],[21.314032,46.155111],[21.314283,46.155155],[21.314535,46.1552],[21.314787,46.155244],[21.315039,46.155289],[21.31506,46.155293],[21.315291,46.155331],[21.315544,46.155372],[21.315797,46.155414],[21.316049,46.155455],[21.316103,46.155464],[21.316216,46.155479],[21.316308,46.155479],[21.316569,46.15547],[21.31661,46.155468],[21.316691,46.155465],[21.316982,46.15549],[21.317914,46.15559],[21.318576,46.155655],[21.319686,46.155776],[21.320244,46.155841],[21.320759,46.155886],[21.320925,46.1559],[21.321019,46.155901],[21.321278,46.155905],[21.321537,46.155909],[21.32161,46.15591],[21.321625,46.15591],[21.321646,46.155911],[21.321712,46.155911],[21.321714,46.15585],[21.321721,46.15567],[21.321727,46.15549],[21.321734,46.155311],[21.32174,46.155131],[21.321746,46.154951],[21.321753,46.154771],[21.321756,46.154688],[21.321758,46.154592],[21.321762,46.154412],[21.321767,46.154232],[21.321767,46.154228],[21.321769,46.154121],[21.32177,46.154052],[21.321772,46.153862],[21.321856,46.153862],[21.321859,46.153862],[21.32192,46.153862],[21.321997,46.153862],[21.321995,46.15372],[21.321994,46.153653]]},"properties":{"line":"49","dir":"0","headsign":"Caraiman","mode":"bus","color":"#0059a9"}},{"type":"Feature","geometry":{"type":"LineString","coordinates":[[21.321771,46.15401],[21.321772,46.153862],[21.321773,46.15383],[21.321775,46.15365],[21.321776,46.153529],[21.321776,46.15347],[21.321775,46.153291],[21.321775,46.153215],[21.321775,46.153111],[21.321775,46.152931],[21.321776,46.152859],[21.321772,46.152751],[21.321765,46.152571],[21.321758,46.152391],[21.321757,46.152346],[21.321755,46.152315],[21.321753,46.152235],[21.32175,46.152211],[21.321732,46.152031],[21.321713,46.151852],[21.321695,46.151673],[21.321677,46.151493],[21.321658,46.151314],[21.32164,46.151134],[21.321622,46.150955],[21.321603,46.150776],[21.321585,46.150596],[21.321566,46.150417],[21.32156,46.150351],[21.32155,46.150267],[21.321547,46.150237],[21.321526,46.150058],[21.321504,46.149879],[21.321483,46.1497],[21.321462,46.14952],[21.321441,46.149341],[21.32142,46.149162],[21.321399,46.148983],[21.321378,46.148803],[21.321357,46.148624],[21.321336,46.148445],[21.321325,46.14835],[21.321318,46.148265],[21.321301,46.148086],[21.321285,46.147906],[21.321269,46.147727],[21.321253,46.147547],[21.321236,46.147368],[21.321235,46.147354],[21.321226,46.147188],[21.321216,46.147011],[21.321216,46.147009],[21.321207,46.146865],[21.321207,46.146829],[21.321204,46.146649],[21.321203,46.146594],[21.321205,46.146469],[21.321206,46.146397],[21.321212,46.146289],[21.321216,46.146219],[21.321207,46.146181],[21.321216,46.146142],[21.321227,46.146127],[21.321241,46.146108],[21.321265,46.146024],[21.321283,46.145956],[21.321295,46.145909],[21.321336,46.145782],[21.321337,46.14578],[21.32137,46.145686],[21.321398,46.145613],[21.321455,46.14546],[21.321457,46.145423],[21.321468,46.145263],[21.321476,46.145135],[21.321478,46.145082],[21.321486,46.144902],[21.321489,46.144833],[21.321493,46.14476],[21.321496,46.144723],[21.321508,46.144544],[21.321514,46.144453],[21.321515,46.144362],[21.321515,46.144287],[21.321514,46.144216],[21.321514,46.144182],[21.321511,46.144002],[21.321509,46.143829],[21.321508,46.143819],[21.321502,46.143759],[21.321489,46.143639],[21.32147,46.143463],[21.32147,46.143461],[21.321453,46.143281],[21.321444,46.143185],[21.321435,46.143101],[21.321414,46.142922],[21.321394,46.142742],[21.321373,46.142563],[21.321358,46.142432],[21.321354,46.142384],[21.321338,46.142205],[21.321337,46.142196],[21.321319,46.142025],[21.32131,46.141948],[21.321284,46.141842],[21.321246,46.141684],[21.321202,46.141507],[21.321159,46.141331],[21.321116,46.141155],[21.321094,46.141038],[21.320976,46.14104],[21.320716,46.141043],[21.320457,46.141047],[21.320197,46.14105],[21.31998,46.141053],[21.31778,46.141082],[21.315216,46.141117],[21.31495,46.141122],[21.31469,46.141128],[21.314431,46.141133],[21.314171,46.141138],[21.313911,46.141143],[21.313651,46.141148],[21.313392,46.141153],[21.313132,46.141158],[21.312872,46.141163],[21.312613,46.141168],[21.312441,46.141172],[21.312353,46.14117],[21.31231,46.14117],[21.312093,46.141174],[21.311833,46.14118],[21.311574,46.141185],[21.311314,46.141191],[21.311262,46.141192],[21.311171,46.141193],[21.311054,46.141194],[21.311021,46.141194],[21.310798,46.141216],[21.310767,46.14122],[21.310614,46.141229],[21.310546,46.141239],[21.310484,46.141248],[21.310373,46.141283],[21.310316,46.141312],[21.310285,46.141327],[21.310237,46.141377],[21.310204,46.141446],[21.310226,46.141474],[21.310243,46.141503],[21.310256,46.141545],[21.310258,46.141588],[21.310252,46.141618],[21.310249,46.141631],[21.310229,46.141672],[21.310199,46.141709],[21.310159,46.141742],[21.310112,46.14177],[21.310058,46.141791],[21.309999,46.141805],[21.309929,46.141812],[21.309865,46.141809],[21.309858,46.141808],[21.30979,46.141795],[21.309727,46.141772],[21.309688,46.14175],[21.309662,46.141731],[21.309653,46.141725],[21.309625,46.141697],[21.309602,46.141667],[21.309581,46.141618],[21.309578,46.141584],[21.309576,46.141567],[21.309586,46.141517],[21.309612,46.141469],[21.309658,46.141421],[21.309721,46.141381],[21.309795,46.141354],[21.309872,46.141341],[21.309877,46.14134],[21.309961,46.14134],[21.310087,46.141291],[21.310105,46.141286],[21.310328,46.141214],[21.310341,46.141211],[21.310418,46.141192],[21.310472,46.141185],[21.310559,46.141182],[21.310597,46.141182],[21.310766,46.141182],[21.310858,46.141187],[21.311021,46.141194],[21.311117,46.141193],[21.311171,46.141193],[21.311262,46.141192],[21.311377,46.14119],[21.311636,46.141184],[21.311896,46.141178],[21.312156,46.141173],[21.31231,46.14117],[21.312415,46.141171],[21.312441,46.141172],[21.312675,46.141167],[21.312935,46.141162],[21.313195,46.141157],[21.313454,46.141152],[21.313714,46.141147],[21.313974,46.141142],[21.314234,46.141137],[21.314493,46.141131],[21.314753,46.141126],[21.315013,46.141121],[21.315216,46.141117],[21.315273,46.141116],[21.315532,46.141113],[21.3157,46.141111],[21.31778,46.141082],[21.31982,46.141055],[21.32008,46.141052],[21.32034,46.141048],[21.320599,46.141045],[21.320859,46.141041],[21.321094,46.141038],[21.321116,46.141155],[21.321122,46.141181],[21.321166,46.141357],[21.321209,46.141534],[21.321252,46.141711],[21.321294,46.14188],[21.32131,46.141948],[21.321323,46.142063],[21.321337,46.142196],[21.321342,46.142243],[21.321358,46.142423],[21.321358,46.142432],[21.321378,46.142602],[21.321398,46.142781],[21.321419,46.14296],[21.321439,46.143139],[21.321444,46.143185],[21.321457,46.14332],[21.32147,46.143463],[21.321474,46.143499],[21.321493,46.143678],[21.321502,46.143759],[21.321509,46.143829],[21.32151,46.143861],[21.321512,46.14404],[21.321514,46.144216],[21.321514,46.14422],[21.321515,46.144287],[21.321515,46.144401],[21.321514,46.144453],[21.321505,46.144582],[21.321493,46.14476],[21.321493,46.144762],[21.321489,46.144833],[21.321484,46.144941],[21.321477,46.145121],[21.321476,46.145135],[21.321465,46.145301],[21.321455,46.14546],[21.321455,46.145471],[21.321458,46.14565],[21.321459,46.145697],[21.321463,46.145829],[21.321465,46.145895],[21.321467,46.145925],[21.321471,46.145991],[21.321473,46.146007],[21.321477,46.146034],[21.321498,46.146087],[21.321525,46.146108],[21.321546,46.146132],[21.321551,46.146141],[21.321555,46.146151],[21.321558,46.146161],[21.321558,46.14617],[21.321559,46.146197],[21.321546,46.146229],[21.321522,46.146257],[21.321488,46.146279],[21.321447,46.146295],[21.321431,46.146332],[21.321419,46.146361],[21.321401,46.146431],[21.321393,46.146506],[21.321392,46.14651],[21.32139,46.146685],[21.321387,46.146857],[21.321387,46.146865],[21.321391,46.147008],[21.321393,46.147044],[21.321405,46.147224],[21.321417,46.147403],[21.321426,46.147547],[21.321429,46.147583],[21.321442,46.147762],[21.321456,46.147942],[21.321469,46.148121],[21.321482,46.148301],[21.321489,46.148395],[21.321501,46.148479],[21.321525,46.148658],[21.321549,46.148837],[21.321573,46.149016],[21.321598,46.149195],[21.321622,46.149374],[21.321646,46.149553],[21.32167,46.149732],[21.321694,46.149911],[21.321719,46.15009],[21.321743,46.150269],[21.321753,46.150342],[21.321766,46.150449],[21.321777,46.150529],[21.321789,46.150628],[21.321811,46.150807],[21.321824,46.150905],[21.321833,46.150987],[21.321855,46.151166],[21.321876,46.151345],[21.321897,46.151524],[21.321919,46.151704],[21.32194,46.151883],[21.321962,46.152062],[21.321977,46.152189],[21.321981,46.152242],[21.321982,46.152254],[21.321983,46.152313],[21.321981,46.152425],[21.32198,46.152455],[21.321981,46.152604],[21.321983,46.152784],[21.321984,46.152964],[21.321984,46.152974],[21.321986,46.153143],[21.321989,46.153323],[21.321992,46.153503],[21.321994,46.15365]]},"properties":{"line":"49","dir":"1","headsign":"Caraiman","mode":"bus","color":"#0059a9"}},{"type":"Feature","geometry":{"type":"LineString","coordinates":[[21.308936,46.191819],[21.309108,46.191806],[21.309193,46.191799],[21.30945,46.19178],[21.309483,46.191778],[21.30971,46.191755],[21.309845,46.191742],[21.309966,46.191728],[21.310011,46.191723],[21.310116,46.191711],[21.31022,46.191695],[21.310416,46.191665],[21.310396,46.191611],[21.310391,46.19158],[21.310391,46.191577],[21.310394,46.19152],[21.310413,46.191489],[21.310449,46.191417],[21.310532,46.191256],[21.310536,46.191247],[21.310564,46.191186],[21.310568,46.19114],[21.310571,46.191066],[21.31057,46.191054],[21.310565,46.190957],[21.310563,46.190877],[21.310563,46.19087],[21.310555,46.190739],[21.310551,46.190696],[21.310546,46.190643],[21.310551,46.190516],[21.31055,46.190513],[21.310519,46.190335],[21.31051,46.190282],[21.310492,46.190157],[21.310467,46.189978],[21.310442,46.189799],[21.310417,46.189625],[21.310396,46.189478],[21.310292,46.188865],[21.310229,46.188448],[21.310224,46.18842],[21.310215,46.188331],[21.309976,46.186874],[21.309923,46.186541],[21.309781,46.185625],[21.309699,46.1851],[21.309626,46.184602],[21.309591,46.18439],[21.309589,46.184376],[21.309542,46.184104],[21.30953,46.183997],[21.30952,46.183884],[21.309526,46.1838],[21.309544,46.183714],[21.309567,46.183621],[21.309573,46.183602],[21.309588,46.183549],[21.309765,46.183033],[21.309766,46.182915],[21.309782,46.1828],[21.309846,46.182587],[21.309866,46.182529],[21.309953,46.182316],[21.309887,46.182135],[21.309827,46.18202],[21.309726,46.181829],[21.309687,46.181728],[21.309672,46.181671],[21.309664,46.181609],[21.309611,46.181511],[21.309556,46.181407],[21.309528,46.181355],[21.309425,46.181165],[21.309163,46.180685],[21.308906,46.180154],[21.308639,46.179635],[21.30806,46.178506],[21.307529,46.177468],[21.306929,46.176356],[21.306335,46.175185],[21.30596,46.174439],[21.305669,46.173859],[21.305547,46.173632],[21.304759,46.17211],[21.30457,46.171746],[21.304508,46.171615],[21.304409,46.171421],[21.303999,46.170616],[21.303908,46.170441],[21.303719,46.170075],[21.30338,46.16942],[21.303323,46.169315],[21.302514,46.167809],[21.301967,46.166694],[21.301935,46.166636],[21.301917,46.166609],[21.301904,46.166581],[21.30189,46.166553],[21.301867,46.16651],[21.301852,46.166481],[21.301648,46.166102],[21.300757,46.164449],[21.300106,46.163176],[21.300072,46.163114],[21.299981,46.162946],[21.299891,46.162777],[21.2998,46.162609],[21.299709,46.16244],[21.299696,46.162417],[21.299617,46.162333],[21.299569,46.162299],[21.299507,46.162256],[21.2994,46.162161],[21.299398,46.162159],[21.299244,46.162033],[21.299239,46.162027],[21.299177,46.16196],[21.299116,46.161887],[21.299055,46.161774],[21.299019,46.161707],[21.298985,46.161597],[21.298969,46.16146],[21.298964,46.161301],[21.298925,46.161112],[21.299018,46.158455],[21.29909,46.158277],[21.299075,46.157973],[21.299042,46.15766],[21.299027,46.157472],[21.299013,46.157298],[21.299007,46.157225],[21.299005,46.157126],[21.299004,46.15705],[21.299021,46.156954],[21.299031,46.156902],[21.299053,46.156776],[21.299084,46.156605],[21.299086,46.156598],[21.299126,46.15642],[21.299166,46.156243],[21.299206,46.156065],[21.29921,46.156047],[21.299221,46.155961],[21.299226,46.155892],[21.299227,46.155869],[21.299222,46.155766],[21.299211,46.155706],[21.299176,46.155523],[21.299176,46.155521],[21.299118,46.155345],[21.299061,46.15517],[21.299004,46.154994],[21.298946,46.154819],[21.298922,46.154745],[21.29889,46.154644],[21.298835,46.154468],[21.298779,46.154292],[21.298724,46.154117],[21.298678,46.15397],[21.298668,46.153941],[21.298646,46.153871],[21.298613,46.153765],[21.298557,46.15359],[21.298502,46.153414],[21.298447,46.153238],[21.298385,46.153044],[21.302751,46.152397],[21.303343,46.152309],[21.303597,46.152272],[21.303851,46.152234],[21.304105,46.152196],[21.304359,46.152159],[21.304613,46.152121],[21.304867,46.152083],[21.305121,46.152046],[21.305375,46.152008],[21.305629,46.15197],[21.305883,46.151933],[21.305913,46.151928],[21.30599,46.151912],[21.306068,46.151877],[21.306108,46.151842],[21.306141,46.151814],[21.306415,46.151949],[21.306427,46.151847],[21.306433,46.15181],[21.306445,46.151736],[21.30646,46.151631],[21.306486,46.151452],[21.306512,46.151273],[21.306538,46.151094],[21.306564,46.150915],[21.30659,46.150736],[21.306616,46.150558],[21.306642,46.150379],[21.306669,46.1502],[21.306691,46.150049],[21.306696,46.150023],[21.306711,46.149954],[21.306758,46.149858],[21.306767,46.149847],[21.306807,46.149801],[21.306893,46.149726],[21.306921,46.14971],[21.307123,46.1496],[21.307205,46.149555],[21.307323,46.149485],[21.307354,46.149466],[21.307483,46.149364],[21.307508,46.149335],[21.307581,46.149256],[21.307629,46.149177],[21.307658,46.14913],[21.307686,46.149013],[21.307688,46.148995],[21.307697,46.148885],[21.307698,46.148813],[21.307699,46.148633],[21.307701,46.148453],[21.307703,46.148273],[21.307705,46.148093],[21.307706,46.147948],[21.307708,46.147768],[21.30771,46.147588],[21.307712,46.147408],[21.307714,46.147228],[21.307714,46.147201],[21.307718,46.147098],[21.307713,46.147048],[21.307702,46.146943],[21.307689,46.146869],[21.307659,46.146691],[21.307629,46.146512],[21.307599,46.146333],[21.307569,46.146155],[21.307538,46.145976],[21.307531,46.14593],[21.307515,46.145837],[21.307508,46.145798],[21.307477,46.145619],[21.307446,46.14544],[21.307415,46.145262],[21.307384,46.145083],[21.307373,46.145021],[21.307375,46.144959],[21.307394,46.144917],[21.307397,46.14491],[21.307414,46.144891],[21.30744,46.144877],[21.307508,46.144853],[21.30758,46.14484],[21.307609,46.144835],[21.307852,46.144829],[21.308111,46.144823],[21.30837,46.144816],[21.308628,46.14481],[21.308629,46.14481],[21.308888,46.144794],[21.309147,46.144779],[21.309405,46.144763],[21.309664,46.144748],[21.309923,46.144732],[21.310057,46.144724],[21.310182,46.144716],[21.310313,46.144707],[21.31044,46.1447],[21.310699,46.144685],[21.310917,46.144673],[21.310963,46.144668],[21.311153,46.144646],[21.31117,46.144641],[21.311211,46.144629],[21.31125,46.144607],[21.311278,46.144576],[21.311294,46.14454],[21.311308,46.144453],[21.311307,46.144205],[21.311292,46.143942],[21.311237,46.143191],[21.311198,46.142009],[21.311195,46.141909],[21.311194,46.141896],[21.311077,46.141796],[21.311008,46.141758],[21.310951,46.141727],[21.310853,46.141685],[21.31079,46.14167],[21.310709,46.141651],[21.310534,46.14164],[21.310528,46.14164],[21.31039,46.14164],[21.310323,46.141647],[21.310272,46.141661],[21.310229,46.141672],[21.310199,46.141709],[21.310159,46.141742],[21.310112,46.14177],[21.310081,46.141782],[21.310058,46.141791],[21.309999,46.141805],[21.309929,46.141812],[21.309858,46.141808],[21.309843,46.141805],[21.30979,46.141795],[21.309727,46.141772],[21.309688,46.14175],[21.309653,46.141725],[21.309625,46.141697],[21.309602,46.141667],[21.309581,46.141618],[21.309576,46.141567],[21.309578,46.141557],[21.309586,46.141517],[21.309612,46.141469],[21.309658,46.141421],[21.309682,46.141406],[21.309721,46.141381],[21.309795,46.141354],[21.309877,46.14134],[21.309903,46.14134],[21.309961,46.14134],[21.310087,46.141291],[21.310151,46.141271],[21.310328,46.141214],[21.310389,46.141199],[21.310418,46.141192],[21.310472,46.141185],[21.310559,46.141182],[21.31065,46.141182],[21.310766,46.141182],[21.310908,46.141189],[21.311021,46.141194],[21.311169,46.141193],[21.311171,46.141193],[21.311262,46.141192],[21.311429,46.141189],[21.311689,46.141183],[21.311948,46.141177],[21.312208,46.141172],[21.31231,46.14117],[21.312441,46.141172],[21.312468,46.141171],[21.312727,46.141166],[21.312987,46.141161],[21.313247,46.141156],[21.313507,46.141151],[21.313766,46.141146],[21.314026,46.141141],[21.314286,46.141136],[21.314545,46.14113],[21.314805,46.141125],[21.315065,46.14112],[21.315216,46.141117],[21.315324,46.141116],[21.315584,46.141112],[21.315701,46.141111],[21.31778,46.141082],[21.319861,46.141055],[21.320121,46.141051],[21.32038,46.141048],[21.32064,46.141044],[21.3209,46.141041],[21.321094,46.141038],[21.32116,46.141032],[21.321215,46.141026],[21.321217,46.141033],[21.321249,46.141216],[21.32131,46.141948],[21.321337,46.142196],[21.321358,46.142432],[21.321444,46.143185],[21.32147,46.143463],[21.321502,46.143759],[21.321509,46.143829],[21.321514,46.144216],[21.321515,46.144287],[21.321514,46.144453],[21.321493,46.14476],[21.321489,46.144833],[21.321484,46.144939],[21.321477,46.145119],[21.321476,46.145135],[21.321465,46.145299],[21.321455,46.14546],[21.321455,46.145479],[21.321458,46.145659],[21.321459,46.145697],[21.321463,46.145838],[21.321465,46.145895],[21.321467,46.145925],[21.321471,46.145991],[21.321474,46.146015],[21.321477,46.146034],[21.321498,46.146087],[21.321584,46.146118],[21.321643,46.146133],[21.321749,46.146153],[21.321794,46.146154],[21.32188,46.146148],[21.321997,46.146147],[21.322853,46.145981],[21.323092,46.145939],[21.324162,46.145751],[21.325259,46.145562],[21.326361,46.145372],[21.327701,46.145135],[21.328933,46.144911],[21.331857,46.144363],[21.33218,46.144306],[21.332185,46.144305],[21.332364,46.144276],[21.332429,46.144266],[21.332521,46.144253],[21.332644,46.14424],[21.332686,46.144237],[21.332775,46.14423],[21.332946,46.144223],[21.332999,46.144221],[21.333205,46.144225],[21.333464,46.144229],[21.333518,46.14423],[21.333586,46.144234],[21.333627,46.144239],[21.333713,46.144262],[21.333767,46.144281],[21.33383,46.144311],[21.333911,46.144358],[21.333928,46.14437],[21.333968,46.144399],[21.334025,46.144449],[21.334064,46.144493],[21.334086,46.144521],[21.334104,46.144543],[21.334154,46.144622],[21.334186,46.144681],[21.334276,46.14485],[21.334366,46.145018],[21.334395,46.145071],[21.334413,46.145109],[21.334448,46.145188],[21.334511,46.145328]]},"properties":{"line":"49b","dir":"0","headsign":"Gara Aradul Nou","mode":"bus","color":"#0059a9"}},{"type":"Feature","geometry":{"type":"LineString","coordinates":[[21.334496,46.145295],[21.33442,46.145125],[21.334413,46.145109],[21.334395,46.145071],[21.334333,46.144956],[21.334244,46.14479],[21.334154,46.144622],[21.334154,46.144621],[21.334104,46.144543],[21.334064,46.144493],[21.334033,46.144458],[21.334025,46.144449],[21.333968,46.144399],[21.333911,46.144358],[21.333852,46.144324],[21.33383,46.144311],[21.333767,46.144281],[21.333713,46.144262],[21.333627,46.144239],[21.333589,46.144234],[21.333586,46.144234],[21.333518,46.14423],[21.33349,46.144229],[21.332999,46.144221],[21.332775,46.14423],[21.332644,46.14424],[21.332521,46.144253],[21.332364,46.144276],[21.332185,46.144305],[21.331857,46.144363],[21.328933,46.144911],[21.327701,46.145135],[21.326361,46.145372],[21.325259,46.145562],[21.324162,46.145751],[21.323092,46.145939],[21.322853,46.145981],[21.321997,46.146147],[21.321902,46.146186],[21.321819,46.146203],[21.321763,46.146212],[21.321632,46.146238],[21.321488,46.146279],[21.321447,46.146295],[21.321423,46.146299],[21.321392,46.146303],[21.321381,46.146303],[21.321361,46.146303],[21.321343,46.1463],[21.321318,46.146295],[21.321287,46.146283],[21.321256,46.146265],[21.321232,46.146244],[21.321216,46.146219],[21.321207,46.146181],[21.321216,46.146142],[21.321241,46.146108],[21.321265,46.146024],[21.32127,46.146006],[21.321295,46.145909],[21.32132,46.145831],[21.321337,46.14578],[21.32137,46.145686],[21.32138,46.14566],[21.321443,46.145492],[21.321455,46.14546],[21.321465,46.145303],[21.321476,46.145135],[21.321477,46.145123],[21.321484,46.144943],[21.321487,46.144872],[21.321489,46.144833],[21.321493,46.14476],[21.321514,46.144453],[21.321515,46.144287],[21.321514,46.144216],[21.321509,46.143829],[21.321502,46.143759],[21.32147,46.143463],[21.321444,46.143185],[21.321358,46.142432],[21.321337,46.142196],[21.32131,46.141948],[21.321249,46.141216],[21.321215,46.141026],[21.32116,46.141032],[21.321094,46.141038],[21.320901,46.141041],[21.320641,46.141044],[21.320381,46.141048],[21.320122,46.141051],[21.31998,46.141053],[21.31778,46.141082],[21.315216,46.141117],[21.314958,46.141122],[21.314698,46.141127],[21.314439,46.141132],[21.314179,46.141138],[21.313919,46.141143],[21.313659,46.141148],[21.3134,46.141153],[21.31314,46.141158],[21.31288,46.141163],[21.312621,46.141168],[21.312441,46.141172],[21.312363,46.14117],[21.31231,46.14117],[21.312101,46.141174],[21.311841,46.14118],[21.311582,46.141185],[21.311323,46.141191],[21.311262,46.141192],[21.311171,46.141193],[21.311174,46.141288],[21.311194,46.141896],[21.311198,46.142009],[21.311237,46.143191],[21.311292,46.143942],[21.311307,46.144205],[21.311308,46.144453],[21.311294,46.14454],[21.311292,46.144545],[21.311278,46.144576],[21.31125,46.144607],[21.311211,46.144629],[21.311153,46.144646],[21.310917,46.144673],[21.310313,46.144707],[21.310057,46.144724],[21.308628,46.14481],[21.307609,46.144835],[21.307508,46.144853],[21.30744,46.144877],[21.307414,46.144891],[21.307398,46.144909],[21.307397,46.14491],[21.307375,46.144959],[21.307373,46.145021],[21.307515,46.145837],[21.307531,46.14593],[21.307702,46.146943],[21.307718,46.147098],[21.307714,46.147201],[21.307706,46.148],[21.307704,46.14818],[21.307702,46.14836],[21.3077,46.148539],[21.307698,46.148719],[21.307697,46.148885],[21.307696,46.1489],[21.307686,46.149013],[21.307669,46.149081],[21.307658,46.14913],[21.307581,46.149256],[21.307578,46.149259],[21.307483,46.149364],[21.307419,46.149415],[21.307354,46.149466],[21.307223,46.149544],[21.307205,46.149555],[21.307024,46.149654],[21.306893,46.149726],[21.306834,46.149778],[21.306807,46.149801],[21.306758,46.149858],[21.306718,46.14994],[21.306711,46.149954],[21.306691,46.150049],[21.30668,46.150121],[21.306654,46.150299],[21.306628,46.150478],[21.306602,46.150657],[21.306576,46.150836],[21.30655,46.151015],[21.306524,46.151194],[21.306498,46.151373],[21.306471,46.151552],[21.306445,46.151731],[21.306445,46.151736],[21.306427,46.151847],[21.306424,46.151872],[21.306415,46.151949],[21.306141,46.151814],[21.306068,46.151877],[21.30599,46.151912],[21.305913,46.151928],[21.302751,46.152397],[21.302322,46.152461],[21.298385,46.153044],[21.298429,46.153184],[21.298485,46.153359],[21.29854,46.153535],[21.298596,46.153711],[21.298631,46.153823],[21.298646,46.153871],[21.298678,46.15397],[21.298922,46.154745],[21.299176,46.155523],[21.299222,46.155766],[21.299227,46.155869],[21.299221,46.155961],[21.29921,46.156047],[21.299084,46.156605],[21.299031,46.156902],[21.299004,46.15705],[21.299007,46.157225],[21.299042,46.15766],[21.299075,46.157973],[21.29909,46.158277],[21.299018,46.158455],[21.298925,46.161112],[21.298964,46.161301],[21.298969,46.16146],[21.298985,46.161597],[21.299019,46.161707],[21.299055,46.161774],[21.299116,46.161887],[21.299177,46.16196],[21.299244,46.162033],[21.299398,46.162159],[21.299507,46.162256],[21.299617,46.162333],[21.299696,46.162417],[21.300106,46.163176],[21.300757,46.164449],[21.301596,46.166006],[21.301852,46.166481],[21.301867,46.16651],[21.30189,46.166553],[21.301904,46.166581],[21.301917,46.166609],[21.301935,46.166636],[21.301967,46.166694],[21.302514,46.167809],[21.303323,46.169315],[21.30338,46.16942],[21.303719,46.170075],[21.303908,46.170441],[21.303999,46.170616],[21.304508,46.171615],[21.30457,46.171746],[21.3047,46.171997],[21.304759,46.17211],[21.305547,46.173632],[21.305669,46.173859],[21.30596,46.174439],[21.306335,46.175185],[21.306929,46.176356],[21.307529,46.177468],[21.30806,46.178506],[21.308179,46.178738],[21.308639,46.179635],[21.308906,46.180154],[21.309163,46.180685],[21.309528,46.181355],[21.309556,46.181407],[21.309611,46.181511],[21.309664,46.181609],[21.309704,46.181632],[21.309733,46.181648],[21.309803,46.181686],[21.30989,46.181721],[21.309919,46.181731],[21.310049,46.18178],[21.310139,46.181817],[21.310288,46.181876],[21.310315,46.181878],[21.310365,46.181891],[21.310376,46.181894],[21.310432,46.181926],[21.310489,46.181986],[21.310528,46.182038],[21.31056,46.182081],[21.310581,46.182122],[21.310606,46.182176],[21.310626,46.18222],[21.310652,46.182292],[21.310653,46.182325],[21.310646,46.182361],[21.310641,46.182373],[21.310633,46.182389],[21.310617,46.182413],[21.310565,46.182463],[21.310518,46.182495],[21.310477,46.182521],[21.310447,46.182533],[21.310427,46.18254],[21.310404,46.182546],[21.31038,46.18255],[21.310237,46.182627],[21.310153,46.182671],[21.310067,46.182721],[21.310047,46.182737],[21.309976,46.182796],[21.309909,46.182857],[21.309901,46.182867],[21.30988,46.182893],[21.309844,46.182944],[21.30978,46.183016],[21.309765,46.183033],[21.309708,46.183198],[21.309648,46.183373],[21.309588,46.183549],[21.309588,46.18355],[21.309573,46.183602],[21.309567,46.183621],[21.309544,46.183714],[21.309541,46.183728],[21.309526,46.1838],[21.309524,46.183829],[21.30952,46.183884],[21.30953,46.183997],[21.309542,46.184104],[21.309589,46.184376],[21.309591,46.18439],[21.309626,46.184602],[21.309699,46.1851],[21.309781,46.185625],[21.309954,46.186735],[21.309972,46.186854],[21.309976,46.186874],[21.310002,46.187033],[21.310031,46.187211],[21.31006,46.18739],[21.31009,46.187569],[21.310119,46.187748],[21.310148,46.187926],[21.310178,46.188105],[21.310207,46.188284],[21.310215,46.188331],[21.310224,46.18842],[21.310229,46.188448],[21.310232,46.188463],[21.310258,46.188642],[21.310285,46.18882],[21.310292,46.188865],[21.310315,46.188999],[21.310345,46.189178],[21.310375,46.189356],[21.310396,46.189478],[21.310404,46.189535],[21.31043,46.189714],[21.310455,46.189893],[21.31048,46.190072],[21.310506,46.190251],[21.31051,46.190282],[21.310535,46.190427],[21.310551,46.190516],[21.310585,46.190592],[21.310591,46.190605],[21.310613,46.190653],[21.310648,46.190745],[21.310659,46.190777],[21.310712,46.190926],[21.310721,46.190949],[21.310751,46.191021],[21.310798,46.191118],[21.310815,46.191155],[21.310908,46.191276],[21.310988,46.19138],[21.311023,46.19142],[21.311033,46.191439],[21.311057,46.191485],[21.311073,46.191535],[21.311072,46.191563],[21.311062,46.191602],[21.311056,46.191621],[21.311053,46.191626],[21.311042,46.191646],[21.311032,46.19166],[21.311019,46.191678],[21.310991,46.191712],[21.310941,46.19176],[21.310888,46.191772],[21.310694,46.191813],[21.310642,46.191824],[21.310394,46.191877],[21.310203,46.191918],[21.310146,46.19193],[21.309898,46.191983]]},"properties":{"line":"49b","dir":"1","headsign":"U.T.A.","mode":"bus","color":"#0059a9"}},{"type":"Feature","geometry":{"type":"LineString","coordinates":[[21.324776,46.1831],[21.324944,46.183235],[21.325112,46.183371],[21.325281,46.183507],[21.32545,46.183643],[21.325527,46.183705],[21.325541,46.183716],[21.325615,46.183782],[21.325643,46.183807],[21.325691,46.183844],[21.325786,46.183916],[21.325933,46.184028],[21.325958,46.184055],[21.326101,46.184205],[21.326243,46.184356],[21.326385,46.184506],[21.326401,46.184522],[21.326523,46.184659],[21.326601,46.184746],[21.326639,46.184794],[21.326656,46.184815],[21.326743,46.184987],[21.32676,46.185209],[21.326825,46.185257],[21.326872,46.185299],[21.326905,46.185333],[21.326921,46.18535],[21.32696,46.185398],[21.326983,46.185432],[21.327014,46.185492],[21.327101,46.185661],[21.327188,46.185831],[21.327275,46.186],[21.327328,46.186104],[21.327363,46.186169],[21.327454,46.186337],[21.327545,46.186506],[21.327636,46.186674],[21.327667,46.186732],[21.327725,46.186843],[21.327814,46.187013],[21.327902,46.187182],[21.327991,46.187351],[21.32808,46.18752],[21.328168,46.187689],[21.328257,46.187858],[21.328346,46.188027],[21.328416,46.188161],[21.328434,46.188196],[21.328521,46.188366],[21.328609,46.188535],[21.328696,46.188704],[21.328783,46.188874],[21.328802,46.18891],[21.328845,46.188984],[21.328882,46.189039],[21.328914,46.189085],[21.328992,46.189187],[21.329,46.189202],[21.329036,46.189274],[21.329087,46.189372],[21.329175,46.189541],[21.329262,46.18971],[21.32929,46.189763],[21.32935,46.18988],[21.329436,46.190049],[21.329481,46.190137],[21.329519,46.19021],[21.329523,46.190218],[21.329613,46.190387],[21.329683,46.190517],[21.329706,46.190554],[21.329748,46.190621],[21.329814,46.190716],[21.329853,46.190772],[21.329927,46.190878],[21.330039,46.19104],[21.330151,46.191203],[21.330233,46.19132],[21.330264,46.191365],[21.330376,46.191527],[21.330436,46.191614],[21.330487,46.19169],[21.330553,46.19179],[21.3306,46.191851],[21.33064,46.191902],[21.330698,46.191971],[21.330732,46.192002],[21.330749,46.192018],[21.330788,46.192053],[21.330888,46.192146],[21.331045,46.192289],[21.331202,46.192432],[21.331222,46.192451],[21.331358,46.192576],[21.331513,46.19272],[21.331635,46.192833],[21.331669,46.192864],[21.331826,46.193008],[21.331983,46.193151],[21.332027,46.193191],[21.332139,46.193295],[21.332295,46.193439],[21.332304,46.193447],[21.332316,46.193458],[21.332451,46.193582],[21.332554,46.193676],[21.332608,46.193726],[21.332764,46.193869],[21.332921,46.194013],[21.333078,46.194156],[21.333234,46.1943],[21.333242,46.194307],[21.333376,46.194429],[21.333391,46.194443],[21.333478,46.194519],[21.33355,46.194586],[21.333705,46.19473],[21.333861,46.194874],[21.334016,46.195018],[21.334019,46.19502],[21.334042,46.195042],[21.334049,46.195047],[21.334099,46.195095],[21.334143,46.195073],[21.334242,46.195026],[21.334273,46.195011],[21.334357,46.194971],[21.33457,46.194869],[21.334784,46.194767],[21.334998,46.194665],[21.335109,46.194612],[21.335157,46.194588],[21.33521,46.194562],[21.335352,46.194491],[21.335421,46.194457],[21.335425,46.194455],[21.335649,46.194343],[21.3365,46.193916],[21.337565,46.193362],[21.337644,46.193322],[21.338486,46.19289],[21.33892,46.192665],[21.339133,46.192552],[21.339231,46.192498],[21.339332,46.192443],[21.339393,46.192403],[21.339427,46.192374],[21.339589,46.192237],[21.339753,46.192098],[21.339917,46.191958],[21.340081,46.191819],[21.340245,46.191679],[21.34041,46.19154],[21.340574,46.1914],[21.340738,46.191261],[21.340902,46.191122],[21.341066,46.190982],[21.34123,46.190843],[21.341394,46.190703],[21.341559,46.190564],[21.341723,46.190424],[21.341773,46.190382],[21.341887,46.190285],[21.342052,46.190146],[21.342216,46.190007],[21.342381,46.189868],[21.342546,46.189729],[21.342693,46.189604],[21.34271,46.189587],[21.342764,46.189533],[21.342813,46.18946],[21.342829,46.189426],[21.342856,46.189365],[21.342807,46.189253],[21.342732,46.189081],[21.342657,46.188909],[21.342581,46.188737],[21.342506,46.188564],[21.342431,46.188392],[21.342373,46.18826],[21.342354,46.18822],[21.342272,46.188049],[21.342245,46.187994],[21.342191,46.187878],[21.34211,46.187707],[21.34203,46.187536],[21.342003,46.187479],[21.341948,46.187365],[21.341867,46.187195],[21.341785,46.187024],[21.341703,46.186853],[21.341621,46.186682],[21.341598,46.186633],[21.341541,46.186511],[21.341462,46.18634],[21.341383,46.186169],[21.341304,46.185998],[21.341224,46.185827],[21.341145,46.185656],[21.341141,46.185646],[21.341132,46.185617],[21.341131,46.185579],[21.341138,46.185524],[21.341153,46.185488],[21.34116,46.185472],[21.341229,46.185353],[21.341255,46.185333],[21.34126,46.18533],[21.341313,46.18531],[21.341504,46.185309],[21.341764,46.185308],[21.342023,46.185307],[21.342283,46.185306],[21.342433,46.185305],[21.342543,46.185303],[21.342803,46.185299],[21.343063,46.185295],[21.343323,46.185291],[21.343417,46.185289],[21.343582,46.185286],[21.343842,46.185281],[21.343854,46.185281],[21.344102,46.185283],[21.344362,46.185284],[21.344475,46.185285],[21.344621,46.18529],[21.344881,46.185299],[21.345116,46.185308],[21.345141,46.185309],[21.345399,46.185325],[21.345658,46.185341],[21.345917,46.185357],[21.346176,46.185373],[21.346226,46.185376],[21.346435,46.185403],[21.34669,46.185437],[21.346945,46.185471],[21.347002,46.185479],[21.3472,46.185506],[21.347454,46.185541],[21.347709,46.185577],[21.347964,46.185612],[21.347991,46.185616],[21.348218,46.185653],[21.348462,46.185692],[21.348471,46.185694],[21.348724,46.185734],[21.348977,46.185775],[21.349165,46.185806],[21.349231,46.185824],[21.349361,46.185861],[21.349469,46.1859],[21.349583,46.18594],[21.349699,46.185985]]},"properties":{"line":"52","dir":"0","headsign":"Grădina Poștei","mode":"bus","color":"#0059a9"}},{"type":"Feature","geometry":{"type":"LineString","coordinates":[[21.349736,46.186],[21.349583,46.18594],[21.349507,46.185913],[21.349361,46.185861],[21.349271,46.185836],[21.349165,46.185806],[21.349019,46.185782],[21.348766,46.185741],[21.348513,46.1857],[21.348462,46.185692],[21.34826,46.185659],[21.348007,46.185618],[21.347991,46.185616],[21.347751,46.185583],[21.347496,46.185547],[21.347242,46.185512],[21.347002,46.185479],[21.346987,46.185477],[21.346732,46.185443],[21.346477,46.185409],[21.346226,46.185376],[21.346219,46.185375],[21.34596,46.185359],[21.345701,46.185344],[21.345442,46.185328],[21.345183,46.185312],[21.345116,46.185308],[21.344924,46.185301],[21.344664,46.185292],[21.344475,46.185285],[21.344405,46.185284],[21.344145,46.185283],[21.343885,46.185281],[21.343854,46.185281],[21.343625,46.185285],[21.343417,46.185289],[21.343366,46.18529],[21.343106,46.185294],[21.342846,46.185298],[21.342587,46.185303],[21.342433,46.185305],[21.342326,46.185305],[21.342066,46.185307],[21.341807,46.185308],[21.341547,46.185309],[21.341313,46.18531],[21.34129,46.185318],[21.34126,46.18533],[21.341229,46.185353],[21.341166,46.185462],[21.34116,46.185472],[21.341138,46.185524],[21.341131,46.185579],[21.341132,46.185617],[21.341136,46.185629],[21.341141,46.185646],[21.341211,46.185798],[21.34129,46.18597],[21.34137,46.186141],[21.341449,46.186312],[21.341528,46.186483],[21.341598,46.186633],[21.341528,46.186632],[21.341479,46.186626],[21.341443,46.186619],[21.341414,46.186607],[21.341366,46.186587],[21.341208,46.186503],[21.341002,46.186393],[21.340797,46.186283],[21.340591,46.186173],[21.340387,46.186065],[21.340181,46.185955],[21.339975,46.185845],[21.33977,46.185735],[21.339655,46.185674],[21.339606,46.18572],[21.339452,46.185865],[21.339298,46.18601],[21.339144,46.186155],[21.33899,46.1863],[21.338969,46.18632],[21.338838,46.186445],[21.338686,46.186591],[21.338534,46.186737],[21.338382,46.186883],[21.33823,46.187029],[21.338112,46.187141],[21.338078,46.187175],[21.337926,46.187321],[21.337775,46.187467],[21.337624,46.187613],[21.337472,46.187759],[21.337321,46.187906],[21.337272,46.187953],[21.337169,46.188052],[21.337017,46.188197],[21.336865,46.188343],[21.336712,46.188489],[21.33656,46.188635],[21.336544,46.18865],[21.336407,46.18878],[21.336254,46.188925],[21.336101,46.189071],[21.335948,46.189216],[21.335908,46.189254],[21.335796,46.189362],[21.335645,46.189508],[21.335558,46.189592],[21.335491,46.189653],[21.335335,46.189797],[21.335179,46.18994],[21.33515,46.189967],[21.334965,46.190052],[21.334749,46.190152],[21.334533,46.190252],[21.33438,46.190323],[21.334316,46.190352],[21.334097,46.190448],[21.333878,46.190545],[21.333658,46.190641],[21.333439,46.190738],[21.33322,46.190835],[21.333151,46.190865],[21.333003,46.190933],[21.332785,46.191031],[21.332568,46.19113],[21.332368,46.191221],[21.332351,46.191229],[21.332134,46.191327],[21.331916,46.191426],[21.331699,46.191524],[21.331482,46.191623],[21.331265,46.191722],[21.331048,46.19182],[21.330902,46.191887],[21.330862,46.191904],[21.330828,46.191918],[21.330698,46.191971],[21.330647,46.191911],[21.33064,46.191902],[21.330553,46.19179],[21.330529,46.191753],[21.330436,46.191614],[21.330419,46.191589],[21.330307,46.191427],[21.330233,46.19132],[21.330195,46.191265],[21.330082,46.191103],[21.32997,46.190941],[21.329857,46.190779],[21.329853,46.190772],[21.329748,46.190621],[21.329746,46.190617],[21.329683,46.190517],[21.329648,46.190452],[21.329558,46.190283],[21.329519,46.19021],[21.329481,46.190137],[21.32947,46.190115],[21.329383,46.189945],[21.329296,46.189776],[21.32929,46.189763],[21.329208,46.189606],[21.329121,46.189437],[21.329036,46.189274],[21.329033,46.189268],[21.328992,46.189187],[21.328925,46.1891],[21.328914,46.189085],[21.328845,46.188984],[21.328819,46.188938],[21.328802,46.18891],[21.32873,46.18877],[21.328642,46.1886],[21.328555,46.188431],[21.328468,46.188262],[21.328416,46.188161],[21.32838,46.188092],[21.328291,46.187923],[21.328203,46.187754],[21.328114,46.187585],[21.328025,46.187416],[21.327937,46.187247],[21.327848,46.187078],[21.327759,46.186909],[21.327671,46.18674],[21.327667,46.186732],[21.32758,46.186571],[21.327489,46.186403],[21.327398,46.186234],[21.327328,46.186104],[21.327308,46.186065],[21.327221,46.185896],[21.327134,46.185726],[21.327047,46.185557],[21.326983,46.185432],[21.32696,46.185398],[21.326953,46.185389],[21.326921,46.18535],[21.326872,46.185299],[21.326825,46.185257],[21.326799,46.185238],[21.32676,46.185209],[21.32668,46.185158],[21.326605,46.18512],[21.326582,46.185109],[21.326564,46.185101],[21.326482,46.185073],[21.326371,46.185049],[21.326365,46.185048],[21.326117,46.185012],[21.326,46.184995],[21.325893,46.18498],[21.325862,46.184976],[21.325727,46.184957],[21.325615,46.184942],[21.325608,46.184941],[21.325519,46.184928],[21.325353,46.184905],[21.325304,46.184898],[21.325224,46.184886],[21.325099,46.184866],[21.325013,46.184853],[21.324979,46.184844],[21.324954,46.184837],[21.324916,46.184827],[21.324866,46.184805],[21.324852,46.184798],[21.324797,46.18477],[21.324727,46.184735],[21.324675,46.184722],[21.324629,46.184722],[21.324611,46.184678],[21.324541,46.184514],[21.324468,46.184341],[21.324394,46.184169],[21.324365,46.1841],[21.324309,46.184002],[21.324307,46.183999],[21.32423,46.183879],[21.324196,46.183838],[21.32407,46.183681],[21.324003,46.183598],[21.323939,46.183526],[21.323804,46.183373],[21.323793,46.183362],[21.323752,46.183315],[21.323668,46.18322],[21.323603,46.183147],[21.323541,46.18308],[21.323424,46.182953],[21.323407,46.182935],[21.323328,46.182849],[21.323357,46.182787],[21.323383,46.18273],[21.323396,46.182705],[21.323421,46.182671],[21.323436,46.182656],[21.323455,46.182639],[21.323457,46.182637],[21.323471,46.182629],[21.323504,46.182609],[21.323544,46.182592],[21.323601,46.182571],[21.323668,46.182555],[21.323712,46.182545],[21.323902,46.182504],[21.323948,46.182533],[21.32399,46.182559],[21.324014,46.182573],[21.324035,46.182586],[21.324044,46.182591],[21.324067,46.182606],[21.324141,46.182651],[21.324305,46.182752],[21.324333,46.182769],[21.324401,46.182811],[21.324518,46.182895],[21.324547,46.182916],[21.32469,46.183031],[21.324712,46.183048],[21.324776,46.1831]]},"properties":{"line":"52","dir":"1","headsign":"Podgoria","mode":"bus","color":"#0059a9"}},{"type":"Feature","geometry":{"type":"LineString","coordinates":[[21.324776,46.1831],[21.324944,46.183235],[21.325112,46.183371],[21.325281,46.183507],[21.32545,46.183643],[21.325527,46.183705],[21.325541,46.183716],[21.325615,46.183782],[21.325643,46.183807],[21.325691,46.183844],[21.325696,46.183879],[21.325701,46.18391],[21.325712,46.183941],[21.325712,46.183943],[21.325731,46.183979],[21.325816,46.184106],[21.325824,46.184118],[21.325859,46.18419],[21.325866,46.18421],[21.325884,46.184258],[21.325889,46.18428],[21.325894,46.18431],[21.325898,46.184354],[21.325892,46.184428],[21.325882,46.184462],[21.325868,46.18451],[21.325865,46.184518],[21.325823,46.184626],[21.325815,46.184639],[21.325787,46.184687],[21.325711,46.184804],[21.325673,46.184861],[21.325658,46.184882],[21.325638,46.18491],[21.325615,46.184942],[21.325566,46.184935],[21.325519,46.184928],[21.325311,46.184899],[21.325304,46.184898],[21.325224,46.184886],[21.325058,46.18486],[21.325013,46.184853],[21.324979,46.184844],[21.324954,46.184837],[21.324916,46.184827],[21.324866,46.184805],[21.324818,46.184781],[21.324797,46.18477],[21.324727,46.184735],[21.324675,46.184722],[21.324629,46.184722],[21.3246,46.184652],[21.324529,46.184486],[21.324456,46.184313],[21.324382,46.184141],[21.324365,46.1841],[21.324309,46.184002],[21.32429,46.183972],[21.32423,46.183879],[21.324176,46.183812],[21.324049,46.183655],[21.324003,46.183598],[21.323917,46.183501],[21.323793,46.183362],[21.323781,46.183348],[21.323752,46.183315],[21.323646,46.183195],[21.323603,46.183147],[21.323436,46.183146],[21.323264,46.183149],[21.323225,46.18315],[21.323047,46.183156],[21.323012,46.183159],[21.322892,46.183169],[21.32276,46.183186],[21.322536,46.183216],[21.322508,46.183227],[21.32228,46.18331],[21.322051,46.183394],[21.321821,46.183478],[21.321758,46.183501],[21.321591,46.183563],[21.321362,46.183647],[21.321133,46.183732],[21.321071,46.183754],[21.320904,46.183817],[21.320676,46.183903],[21.320651,46.183913],[21.320605,46.18393],[21.320447,46.183989],[21.320219,46.184074],[21.31999,46.184159],[21.319768,46.184242],[21.319761,46.184244],[21.319719,46.18426],[21.319532,46.18433],[21.31953,46.184331],[21.319425,46.184368],[21.319368,46.184389],[21.319303,46.184413],[21.319074,46.184498],[21.318845,46.184582],[21.318616,46.184667],[21.318387,46.184752],[21.318315,46.184779],[21.318166,46.18483],[21.318154,46.184834],[21.31792,46.184912],[21.317686,46.18499],[21.317669,46.184995],[21.317449,46.185063],[21.317246,46.185126],[21.317209,46.185133],[21.317078,46.185159],[21.316958,46.185174],[21.316939,46.185177],[21.316788,46.185181],[21.316704,46.185179],[21.316652,46.185179],[21.316505,46.185168],[21.316451,46.18516],[21.316373,46.185147],[21.316229,46.185145],[21.316192,46.185141],[21.316145,46.185136],[21.316056,46.185123],[21.315937,46.185092],[21.315874,46.185075],[21.31576,46.185029],[21.315698,46.184991],[21.315635,46.184952],[21.315513,46.18486],[21.315352,46.184739],[21.315337,46.184726],[21.315288,46.184687],[21.315171,46.184587],[21.315009,46.184449],[21.314998,46.184439],[21.314838,46.184313],[21.314666,46.184179],[21.314639,46.184158],[21.314487,46.184049],[21.314307,46.183919],[21.314231,46.183864],[21.314127,46.18379],[21.314107,46.183776],[21.31397,46.18366],[21.313956,46.183652],[21.313755,46.183538],[21.313604,46.183453],[21.313553,46.183425],[21.313492,46.183391],[21.31335,46.183312],[21.313202,46.18323],[21.313147,46.183201],[21.312941,46.18309],[21.312872,46.183053],[21.312727,46.182988],[21.312722,46.182986],[21.312502,46.182898],[21.312434,46.182871],[21.312371,46.182846],[21.312272,46.182814],[21.312244,46.182805],[21.312123,46.182772],[21.312027,46.182755],[21.311949,46.182742],[21.311775,46.182713],[21.311618,46.182687],[21.311522,46.182673],[21.311269,46.182634],[21.311249,46.182631],[21.311156,46.182638],[21.31107,46.182641],[21.311007,46.182637],[21.310937,46.182632],[21.310748,46.182611],[21.31074,46.18261],[21.310694,46.182603],[21.310658,46.182597],[21.31058,46.182585],[21.310491,46.182566],[21.310404,46.182546],[21.31038,46.18255],[21.310342,46.182552],[21.310302,46.18255],[21.310263,46.182543],[21.310231,46.182538],[21.310136,46.182503],[21.310081,46.182464],[21.310069,46.182454],[21.310027,46.182417],[21.309994,46.182378],[21.309953,46.182316],[21.309951,46.18231],[21.309887,46.182135],[21.309885,46.182133],[21.309827,46.18202],[21.309797,46.181964],[21.309726,46.181829],[21.309713,46.181796],[21.309687,46.181728],[21.309672,46.181671],[21.309666,46.181631],[21.309664,46.181609],[21.309611,46.181511],[21.309577,46.181447],[21.309556,46.181407],[21.309528,46.181355],[21.309487,46.18128],[21.309424,46.181164],[21.309163,46.180685],[21.308906,46.180154],[21.308639,46.179635],[21.30806,46.178506],[21.307529,46.177468],[21.307521,46.177452],[21.30743,46.177284],[21.307339,46.177115],[21.307248,46.176947],[21.307157,46.176778],[21.307066,46.17661],[21.306975,46.176441],[21.306929,46.176356],[21.306924,46.176344],[21.306335,46.175185],[21.30596,46.174439],[21.305669,46.173859],[21.305547,46.173632],[21.305029,46.172633],[21.304942,46.172463],[21.304854,46.172294],[21.304766,46.172125],[21.304759,46.17211],[21.304679,46.171956],[21.304591,46.171786],[21.30457,46.171746],[21.304508,46.171615],[21.304422,46.171446],[21.304336,46.171277],[21.304249,46.171107],[21.304163,46.170937],[21.304076,46.170768],[21.303999,46.170616],[21.30399,46.170598],[21.303908,46.170441],[21.303902,46.170429],[21.303814,46.170259],[21.303727,46.17009],[21.303719,46.170075],[21.303639,46.169921],[21.303551,46.169751],[21.303463,46.169582],[21.30338,46.16942],[21.303316,46.169419],[21.303056,46.169413],[21.302797,46.169407],[21.302537,46.169401],[21.302277,46.169395],[21.302018,46.169389],[21.301758,46.169384],[21.301498,46.169378],[21.301477,46.169377],[21.30145,46.169377],[21.299368,46.16933],[21.29777,46.169294],[21.297068,46.169278],[21.294714,46.169225],[21.292739,46.169186],[21.29268,46.169184],[21.292421,46.169179],[21.292171,46.169174],[21.292161,46.169174],[21.292071,46.169172],[21.292003,46.169171],[21.291901,46.16917],[21.291822,46.169169],[21.291677,46.169168],[21.291642,46.169169],[21.291633,46.169169],[21.291552,46.169166],[21.291508,46.169166],[21.291457,46.169165],[21.291382,46.169164],[21.291375,46.169164],[21.291327,46.169164],[21.291255,46.169163],[21.291122,46.16916],[21.291103,46.16916],[21.290928,46.169156],[21.290862,46.169155],[21.290602,46.169149],[21.290343,46.169144],[21.290083,46.169139],[21.289823,46.169134],[21.289564,46.169129],[21.289535,46.169128],[21.289304,46.169123],[21.289044,46.169117],[21.288784,46.169111],[21.288525,46.169105],[21.288408,46.169102],[21.288265,46.169098],[21.288016,46.169091],[21.288005,46.169091],[21.287746,46.169084],[21.287486,46.169078],[21.287226,46.169072],[21.287071,46.169068],[21.286967,46.169065],[21.286707,46.169059],[21.286541,46.169055],[21.286447,46.169052],[21.286377,46.16905],[21.286188,46.169046],[21.286154,46.169046],[21.285928,46.169041],[21.285668,46.169035],[21.285609,46.169034],[21.285409,46.169029],[21.285181,46.169024],[21.285149,46.169023],[21.284889,46.169017],[21.28463,46.169011],[21.28437,46.169004],[21.284209,46.169001],[21.28411,46.168998],[21.283873,46.168991],[21.283851,46.168991],[21.283591,46.168985],[21.283331,46.168979],[21.283229,46.168977],[21.283072,46.168974],[21.282812,46.168968],[21.282725,46.168966],[21.282552,46.168963],[21.282293,46.168959],[21.282223,46.168958],[21.282181,46.168957],[21.282103,46.168967],[21.282039,46.168972],[21.282036,46.168973],[21.281804,46.168978],[21.28166,46.168981],[21.281557,46.168988],[21.281546,46.168989],[21.281477,46.168995],[21.281389,46.169008],[21.281325,46.169021],[21.281298,46.16903],[21.281277,46.169036],[21.281238,46.169057],[21.281211,46.16908],[21.281192,46.169102],[21.281175,46.169127],[21.281166,46.169162],[21.281149,46.169195],[21.281136,46.169211],[21.281124,46.169226],[21.281092,46.169253],[21.281054,46.169277],[21.281035,46.169285],[21.281012,46.169296],[21.28096,46.16931],[21.280905,46.169318],[21.280878,46.169319],[21.280849,46.169319],[21.280794,46.169313],[21.280741,46.1693],[21.280693,46.169281],[21.280653,46.169258],[21.28062,46.169231],[21.280594,46.169201],[21.280594,46.169201],[21.280575,46.169167],[21.280565,46.169133],[21.280563,46.169094],[21.280569,46.169068],[21.280548,46.169038],[21.280526,46.169008],[21.280493,46.168973],[21.280468,46.168956],[21.280451,46.168948],[21.280434,46.168941],[21.280396,46.168934],[21.280341,46.168929],[21.280248,46.168924],[21.280135,46.168914],[21.280116,46.168912],[21.279982,46.168902],[21.279897,46.168894],[21.279765,46.168882],[21.27964,46.16888],[21.27938,46.168874],[21.279378,46.168874],[21.279121,46.168868],[21.278861,46.168862],[21.278601,46.168856],[21.278563,46.168855],[21.278342,46.16885],[21.278082,46.168844],[21.277822,46.168838],[21.277562,46.168832],[21.277518,46.168831],[21.277303,46.168827],[21.277043,46.168823],[21.276783,46.168818],[21.276524,46.168814],[21.276264,46.168809],[21.276109,46.168807],[21.275525,46.168797],[21.270398,46.168709],[21.270139,46.168704],[21.269879,46.1687],[21.269619,46.168695],[21.269522,46.168694],[21.269359,46.168689],[21.26926,46.168687],[21.269103,46.168692],[21.269014,46.168695],[21.268837,46.168684],[21.268579,46.168668],[21.268534,46.168666],[21.268321,46.16866],[21.268061,46.168653],[21.26786,46.168647],[21.267569,46.16864],[21.262806,46.168538],[21.260849,46.16851],[21.258623,46.168478],[21.257733,46.168453],[21.253688,46.168377],[21.25173,46.168335],[21.246429,46.168221],[21.244935,46.168194],[21.24414,46.168178],[21.24388,46.168174],[21.243621,46.168169],[21.243361,46.168164],[21.243101,46.168159],[21.242925,46.168156],[21.242923,46.168204],[21.242918,46.168384],[21.242912,46.168564],[21.242906,46.168744],[21.2429,46.168924],[21.242894,46.169104],[21.24289,46.16922],[21.242888,46.169283],[21.242882,46.169463],[21.242875,46.169643],[21.242869,46.169823],[21.242863,46.170003],[21.242857,46.17018],[21.242857,46.170182],[21.242852,46.170362],[21.242847,46.170542],[21.242843,46.170722],[21.242838,46.170902],[21.242838,46.170915],[21.242823,46.171053],[21.242795,46.171095],[21.242782,46.171114],[21.242722,46.171171],[21.242658,46.171194],[21.242565,46.171214],[21.242562,46.171214],[21.24241,46.171215],[21.242377,46.171215],[21.241314,46.171194],[21.240219,46.171174],[21.239174,46.171157],[21.238158,46.171169],[21.238074,46.17117],[21.238074,46.171232],[21.238073,46.17132],[21.238073,46.17142],[21.23807,46.171501],[21.238061,46.171681],[21.238053,46.171861],[21.23805,46.17193],[21.238047,46.17204],[21.238043,46.17222],[21.23804,46.172347],[21.23804,46.172399],[21.238038,46.17256]]},"properties":{"line":"54","dir":"0","headsign":"IAS Mureșul","mode":"bus","color":"#0059a9"}},{"type":"Feature","geometry":{"type":"LineString","coordinates":[[21.238038,46.17256],[21.23804,46.17238],[21.23804,46.172347],[21.238044,46.172201],[21.238048,46.172021],[21.23805,46.17193],[21.238054,46.171842],[21.238062,46.171662],[21.23807,46.171482],[21.238073,46.17142],[21.238073,46.171301],[21.238074,46.171232],[21.238074,46.17117],[21.238158,46.171169],[21.238307,46.171167],[21.238567,46.171164],[21.238826,46.171161],[21.239086,46.171158],[21.239174,46.171157],[21.239346,46.17116],[21.239606,46.171164],[21.239865,46.171168],[21.240125,46.171173],[21.240219,46.171174],[21.240385,46.171177],[21.240645,46.171182],[21.240904,46.171187],[21.241164,46.171191],[21.241314,46.171194],[21.241424,46.171196],[21.241683,46.171201],[21.241943,46.171207],[21.242203,46.171212],[21.242377,46.171215],[21.242462,46.171215],[21.242562,46.171214],[21.242658,46.171194],[21.242722,46.171171],[21.242737,46.171157],[21.242782,46.171114],[21.242823,46.171053],[21.242832,46.170972],[21.242835,46.170943],[21.242838,46.170915],[21.242857,46.17018],[21.24289,46.16922],[21.242925,46.168171],[21.242925,46.168156],[21.244935,46.168194],[21.246429,46.168221],[21.24797,46.168254],[21.24823,46.16826],[21.248489,46.168265],[21.248749,46.168271],[21.249009,46.168276],[21.249268,46.168282],[21.249528,46.168288],[21.249788,46.168293],[21.250047,46.168299],[21.250307,46.168304],[21.250567,46.16831],[21.250827,46.168315],[21.251086,46.168321],[21.251346,46.168326],[21.251606,46.168332],[21.25173,46.168335],[21.253688,46.168377],[21.257733,46.168453],[21.258623,46.168478],[21.260069,46.168499],[21.260329,46.168502],[21.260589,46.168506],[21.260849,46.16851],[21.261109,46.168513],[21.261368,46.168517],[21.261628,46.168521],[21.261888,46.168525],[21.262148,46.168528],[21.262407,46.168532],[21.26251,46.168534],[21.262806,46.168538],[21.267569,46.16864],[21.268449,46.168663],[21.268534,46.168666],[21.268707,46.168676],[21.268965,46.168692],[21.269014,46.168695],[21.269232,46.168688],[21.26926,46.168687],[21.269487,46.168693],[21.269522,46.168694],[21.269748,46.168697],[21.270007,46.168702],[21.270267,46.168706],[21.270527,46.168711],[21.270787,46.168715],[21.271046,46.16872],[21.271306,46.168724],[21.271566,46.168729],[21.271825,46.168733],[21.272085,46.168738],[21.272345,46.168742],[21.272605,46.168747],[21.272864,46.168751],[21.273124,46.168755],[21.273384,46.16876],[21.273509,46.168762],[21.275525,46.168797],[21.277303,46.168827],[21.277518,46.168831],[21.27853,46.168854],[21.278563,46.168855],[21.278789,46.16886],[21.279049,46.168866],[21.279309,46.168872],[21.279378,46.168874],[21.279569,46.168878],[21.279765,46.168882],[21.279829,46.16888],[21.279985,46.168874],[21.280072,46.168869],[21.280243,46.168861],[21.280329,46.168861],[21.280357,46.168861],[21.280424,46.168861],[21.280486,46.168867],[21.280528,46.168874],[21.280583,46.168887],[21.280588,46.168888],[21.280723,46.168922],[21.28075,46.168912],[21.280807,46.1689],[21.280867,46.168895],[21.280887,46.168897],[21.280927,46.168899],[21.280984,46.168911],[21.281037,46.16893],[21.281045,46.168934],[21.281084,46.168956],[21.281133,46.168962],[21.281169,46.168964],[21.281198,46.168965],[21.281223,46.168963],[21.281256,46.16896],[21.28128,46.168955],[21.281325,46.168947],[21.281465,46.168927],[21.28153,46.168922],[21.281586,46.168917],[21.281681,46.168916],[21.281784,46.168917],[21.281893,46.168918],[21.282026,46.168928],[21.282041,46.168929],[21.282108,46.16894],[21.282181,46.168957],[21.282223,46.168958],[21.282282,46.168959],[21.282542,46.168963],[21.282725,46.168966],[21.282802,46.168968],[21.283061,46.168973],[21.283229,46.168977],[21.283321,46.168979],[21.283581,46.168985],[21.283841,46.16899],[21.283873,46.168991],[21.2841,46.168997],[21.284209,46.169001],[21.28436,46.169004],[21.28462,46.16901],[21.284879,46.169017],[21.285139,46.169023],[21.285181,46.169024],[21.285399,46.169029],[21.285609,46.169034],[21.285658,46.169035],[21.285918,46.169041],[21.286154,46.169046],[21.286178,46.169046],[21.286377,46.16905],[21.286437,46.169052],[21.286541,46.169055],[21.286697,46.169059],[21.286957,46.169065],[21.287071,46.169068],[21.287216,46.169071],[21.287476,46.169078],[21.287736,46.169084],[21.287995,46.16909],[21.288016,46.169091],[21.288255,46.169098],[21.288408,46.169102],[21.288515,46.169104],[21.288774,46.16911],[21.289034,46.169116],[21.289294,46.169122],[21.289535,46.169128],[21.289553,46.169128],[21.289813,46.169134],[21.290073,46.169139],[21.290333,46.169144],[21.290592,46.169149],[21.290852,46.169154],[21.290928,46.169156],[21.291103,46.16916],[21.291112,46.16916],[21.291255,46.169163],[21.291327,46.169164],[21.291372,46.169164],[21.291375,46.169164],[21.291457,46.169165],[21.291508,46.169166],[21.291552,46.169166],[21.291631,46.169169],[21.291633,46.169169],[21.291677,46.169168],[21.291822,46.169169],[21.291891,46.16917],[21.292003,46.169171],[21.292071,46.169172],[21.292151,46.169174],[21.292171,46.169174],[21.29241,46.169179],[21.29267,46.169184],[21.292739,46.169186],[21.29293,46.169189],[21.293189,46.169195],[21.293449,46.1692],[21.293709,46.169205],[21.293969,46.16921],[21.294228,46.169216],[21.294488,46.169221],[21.29467,46.169224],[21.294714,46.169225],[21.297068,46.169278],[21.29777,46.169294],[21.299368,46.16933],[21.301477,46.169377],[21.302701,46.169405],[21.30296,46.169411],[21.30322,46.169417],[21.30338,46.16942],[21.303431,46.169519],[21.303519,46.169689],[21.303607,46.169858],[21.303694,46.170027],[21.303719,46.170075],[21.303782,46.170197],[21.30387,46.170366],[21.303908,46.170441],[21.303957,46.170535],[21.303999,46.170616],[21.304045,46.170705],[21.304131,46.170875],[21.304217,46.171044],[21.304304,46.171214],[21.30439,46.171383],[21.304477,46.171553],[21.304508,46.171615],[21.30456,46.171724],[21.30457,46.171746],[21.304646,46.171893],[21.304703,46.172002],[21.304759,46.17211],[21.305547,46.173632],[21.305669,46.173859],[21.30596,46.174439],[21.306332,46.17518],[21.306335,46.175185],[21.306929,46.176356],[21.307529,46.177468],[21.30806,46.178506],[21.308628,46.179615],[21.308639,46.179635],[21.308716,46.179785],[21.308803,46.179954],[21.308891,46.180124],[21.308906,46.180154],[21.308974,46.180294],[21.309057,46.180465],[21.309139,46.180635],[21.309163,46.180685],[21.309228,46.180804],[21.30932,46.180972],[21.309411,46.18114],[21.309503,46.181309],[21.309528,46.181355],[21.309556,46.181407],[21.30959,46.181472],[21.309611,46.181511],[21.309664,46.181609],[21.309711,46.181636],[21.309733,46.181648],[21.309803,46.181686],[21.30989,46.181721],[21.309919,46.181731],[21.309924,46.181733],[21.310049,46.18178],[21.310288,46.181876],[21.310304,46.181877],[21.310315,46.181878],[21.310376,46.181894],[21.310432,46.181926],[21.310489,46.181986],[21.31056,46.182081],[21.310581,46.182122],[21.31062,46.182143],[21.310641,46.182155],[21.3107,46.182198],[21.310744,46.182246],[21.310776,46.182289],[21.310797,46.182318],[21.310834,46.182364],[21.310863,46.182401],[21.310912,46.182441],[21.311013,46.182524],[21.311061,46.182553],[21.311089,46.182567],[21.311134,46.182589],[21.311249,46.182631],[21.311328,46.182643],[21.311581,46.182682],[21.311618,46.182687],[21.311833,46.182723],[21.311949,46.182742],[21.312085,46.182765],[21.312123,46.182772],[21.312244,46.182805],[21.312326,46.182831],[21.312371,46.182846],[21.312434,46.182871],[21.312554,46.182919],[21.312722,46.182986],[21.312776,46.18301],[21.312872,46.183053],[21.312988,46.183116],[21.313194,46.183226],[21.313202,46.18323],[21.313397,46.183338],[21.313492,46.183391],[21.3136,46.183451],[21.313604,46.183453],[21.313801,46.183565],[21.31397,46.18366],[21.314004,46.183674],[21.314164,46.183737],[21.314107,46.183776],[21.314167,46.183819],[21.314231,46.183864],[21.314348,46.183949],[21.314528,46.184078],[21.314639,46.184158],[21.314705,46.184209],[21.314876,46.184344],[21.314998,46.184439],[21.315045,46.18448],[21.315208,46.184619],[21.315288,46.184687],[21.315352,46.184739],[21.315377,46.184757],[21.315552,46.18489],[21.315635,46.184952],[21.315742,46.185018],[21.31576,46.185029],[21.315874,46.185075],[21.315992,46.185106],[21.316056,46.185123],[21.316145,46.185136],[21.316229,46.185145],[21.316248,46.185146],[21.316373,46.185147],[21.316505,46.185168],[21.316652,46.185179],[21.31676,46.18518],[21.316788,46.185181],[21.316939,46.185177],[21.317014,46.185167],[21.317078,46.185159],[21.317246,46.185126],[21.317264,46.18512],[21.317501,46.185047],[21.317669,46.184995],[21.317738,46.184972],[21.317972,46.184895],[21.318166,46.18483],[21.318207,46.184816],[21.318315,46.184779],[21.318438,46.184733],[21.318667,46.184648],[21.318897,46.184563],[21.319126,46.184479],[21.319354,46.184394],[21.319368,46.184389],[21.319425,46.184368],[21.31953,46.184331],[21.319583,46.184311],[21.319719,46.18426],[21.319768,46.184242],[21.319812,46.184225],[21.32004,46.18414],[21.320269,46.184055],[21.320498,46.18397],[21.320605,46.18393],[21.320651,46.183913],[21.320727,46.183884],[21.320955,46.183798],[21.321071,46.183754],[21.321183,46.183713],[21.321413,46.183628],[21.321642,46.183544],[21.321758,46.183501],[21.321872,46.18346],[21.322101,46.183376],[21.322331,46.183291],[21.322536,46.183216],[21.322562,46.183203],[21.322637,46.183166],[21.322717,46.183128],[21.322777,46.183105],[21.323004,46.183018],[21.323183,46.18295],[21.323231,46.182931],[21.323239,46.182929],[21.323271,46.182912],[21.323304,46.182884],[21.323328,46.182849],[21.32335,46.182802],[21.323383,46.18273],[21.323396,46.182705],[21.323421,46.182671],[21.323436,46.182656],[21.323445,46.182648],[21.323455,46.182639],[21.323471,46.182629],[21.323504,46.182609],[21.323544,46.182592],[21.323601,46.182571],[21.323644,46.182561],[21.323712,46.182545],[21.323902,46.182504],[21.323932,46.182523],[21.32399,46.182559],[21.324014,46.182573],[21.324035,46.182586],[21.324044,46.182591],[21.324067,46.182606],[21.324121,46.182639],[21.324305,46.182752],[21.324314,46.182758],[21.324401,46.182811],[21.324503,46.182884],[21.324547,46.182916],[21.324677,46.18302],[21.324712,46.183048],[21.324741,46.183072]]},"properties":{"line":"54","dir":"1","headsign":"Podgoria","mode":"bus","color":"#0059a9"}},{"type":"Feature","geometry":{"type":"LineString","coordinates":[[21.319987,46.166576],[21.320065,46.166729],[21.320073,46.166741],[21.320074,46.166741],[21.320087,46.166763],[21.320124,46.166805],[21.320153,46.166831],[21.320196,46.166853],[21.320213,46.166859],[21.320252,46.166874],[21.320303,46.166888],[21.320452,46.16692],[21.3207,46.166974],[21.320712,46.166977],[21.320761,46.166989],[21.320797,46.166999],[21.320891,46.167043],[21.320929,46.167067],[21.320941,46.167075],[21.320992,46.167125],[21.321008,46.167155],[21.321025,46.167188],[21.321032,46.167221],[21.321037,46.167247],[21.321038,46.167252],[21.321041,46.167295],[21.321017,46.167365],[21.320983,46.167427],[21.320979,46.167432],[21.32093,46.167482],[21.320893,46.16751],[21.320853,46.167533],[21.320803,46.167558],[21.32076,46.167574],[21.32072,46.167584],[21.320672,46.167591],[21.320613,46.167597],[21.320562,46.167599],[21.32052,46.167598],[21.320478,46.167596],[21.320437,46.16759],[21.320407,46.167582],[21.320373,46.167573],[21.320331,46.167555],[21.320316,46.167548],[21.320258,46.167514],[21.320202,46.167467],[21.320171,46.167433],[21.320169,46.16743],[21.320153,46.167403],[21.320138,46.16737],[21.320137,46.167322],[21.320142,46.16727],[21.32014,46.167265],[21.320137,46.167256],[21.320129,46.167237],[21.320091,46.167139],[21.320065,46.167091],[21.320062,46.167086],[21.319961,46.16696],[21.319937,46.16693],[21.319852,46.166823],[21.319813,46.166773],[21.319812,46.166773],[21.319685,46.166616],[21.319559,46.166459],[21.319557,46.166457],[21.319487,46.166374],[21.319457,46.166344],[21.319435,46.166322],[21.319422,46.166309],[21.319387,46.166314],[21.31916,46.166342],[21.318905,46.166374],[21.318895,46.166375],[21.31865,46.166408],[21.318395,46.166442],[21.31814,46.166476],[21.31814,46.166476],[21.317977,46.1665],[21.317885,46.166512],[21.317697,46.166536],[21.31763,46.166545],[21.317374,46.166578],[21.317119,46.166612],[21.316864,46.166645],[21.31682,46.166651],[21.31661,46.166682],[21.316366,46.166717],[21.316356,46.166718],[21.316103,46.166758],[21.315849,46.166798],[21.315787,46.166807],[21.315674,46.166827],[21.315596,46.166836],[21.31553,46.166844],[21.315342,46.166854],[21.315334,46.166854],[21.315075,46.166866],[21.314816,46.166878],[21.314624,46.166886],[21.314557,46.166891],[21.314472,46.166896],[21.314298,46.166904],[21.314179,46.16691],[21.314039,46.166916],[21.313779,46.166929],[21.313728,46.166931],[21.31352,46.166942],[21.313271,46.166955],[21.313261,46.166955],[21.313003,46.166972],[21.312744,46.166989],[21.312743,46.166989],[21.312486,46.167009],[21.312436,46.167013],[21.312229,46.167031],[21.312063,46.167045],[21.311971,46.167052],[21.311713,46.167073],[21.311661,46.167078],[21.311489,46.167078],[21.311448,46.167075],[21.311245,46.167063],[21.311191,46.167061],[21.310931,46.16705],[21.310795,46.167044],[21.310716,46.167043],[21.310672,46.167041],[21.310625,46.16704],[21.310412,46.167032],[21.310153,46.167022],[21.310066,46.167019],[21.309893,46.167012],[21.309634,46.167002],[21.309442,46.166995],[21.309374,46.166993],[21.309115,46.166985],[21.308855,46.166977],[21.308596,46.16697],[21.308336,46.166962],[21.308234,46.166959],[21.308156,46.166956],[21.308075,46.166957],[21.307912,46.166958],[21.307816,46.166958],[21.307556,46.166959],[21.307502,46.166959],[21.307299,46.166948],[21.30704,46.166933],[21.306817,46.166921],[21.306781,46.166919],[21.306522,46.166904],[21.306412,46.166898],[21.306264,46.166888],[21.306092,46.166877],[21.306004,46.166872],[21.305808,46.166862],[21.305745,46.166858],[21.305486,46.166844],[21.305282,46.166832],[21.305227,46.166829],[21.304968,46.166815],[21.304709,46.166801],[21.304705,46.166801],[21.30445,46.166787],[21.304191,46.166773],[21.303932,46.166759],[21.303824,46.166753],[21.303695,46.166743],[21.303674,46.166741],[21.303421,46.166721],[21.303415,46.166721],[21.303156,46.166708],[21.302897,46.166694],[21.302854,46.166692],[21.302638,46.166679],[21.302379,46.166663],[21.30221,46.166653],[21.302121,46.166648],[21.301935,46.166636],[21.301947,46.166658],[21.301967,46.166694],[21.302034,46.16683],[21.302117,46.167],[21.302201,46.16717],[21.302284,46.16734],[21.302368,46.167511],[21.302451,46.167681],[21.302514,46.167809],[21.302536,46.16785],[21.302627,46.168019],[21.302717,46.168187],[21.302808,46.168356],[21.302898,46.168525],[21.302989,46.168693],[21.30308,46.168862],[21.30317,46.16903],[21.303261,46.169199],[21.303323,46.169315],[21.303351,46.169367],[21.30338,46.16942],[21.30344,46.169537],[21.303528,46.169706],[21.303616,46.169876],[21.303703,46.170045],[21.303719,46.170075],[21.303791,46.170214],[21.303879,46.170383],[21.303908,46.170441],[21.303966,46.170553],[21.303999,46.170616],[21.304053,46.170722],[21.30414,46.170892],[21.304226,46.171062],[21.304313,46.171231],[21.304399,46.171401],[21.304485,46.171571],[21.304508,46.171615],[21.304568,46.171742],[21.30457,46.171746],[21.304655,46.17191],[21.304703,46.172002],[21.304759,46.17211],[21.305547,46.173632],[21.305669,46.173859],[21.30596,46.174439],[21.306332,46.17518],[21.306335,46.175185],[21.306929,46.176356],[21.307529,46.177468],[21.30806,46.178506],[21.308628,46.179615],[21.308639,46.179635],[21.308716,46.179785],[21.308803,46.179954],[21.308891,46.180124],[21.308906,46.180154],[21.308974,46.180294],[21.309057,46.180465],[21.309139,46.180635],[21.309163,46.180685],[21.309228,46.180804],[21.30932,46.180972],[21.309411,46.18114],[21.309503,46.181309],[21.309528,46.181355],[21.309556,46.181407],[21.30959,46.181472],[21.309611,46.181511],[21.309664,46.181609],[21.309711,46.181636],[21.309733,46.181648],[21.309803,46.181686],[21.30989,46.181721],[21.309919,46.181731],[21.309924,46.181733],[21.310049,46.18178],[21.310288,46.181876],[21.310304,46.181877],[21.310315,46.181878],[21.310376,46.181894],[21.310432,46.181926],[21.310489,46.181986],[21.310494,46.181994],[21.31056,46.182081],[21.310581,46.182122],[21.310597,46.182158],[21.310626,46.18222],[21.310652,46.182292],[21.310653,46.182325],[21.310651,46.182336],[21.310646,46.182361],[21.310633,46.182389],[21.310617,46.182413],[21.310565,46.182463],[21.310518,46.182495],[21.310513,46.182498],[21.310477,46.182521],[21.310427,46.18254],[21.310404,46.182546],[21.31038,46.18255],[21.310293,46.182597],[21.310153,46.182671],[21.310091,46.182707],[21.310067,46.182721],[21.309976,46.182796],[21.309926,46.182841],[21.309909,46.182857],[21.30988,46.182893],[21.309844,46.182944],[21.309799,46.182994],[21.309765,46.183033],[21.309722,46.183159],[21.309662,46.183333],[21.309602,46.183507],[21.309588,46.183549],[21.309573,46.183602],[21.309567,46.183621],[21.309552,46.183681],[21.309544,46.183714],[21.309526,46.1838],[21.309522,46.183856],[21.30952,46.183884],[21.30953,46.183997],[21.309534,46.184032],[21.309542,46.184104],[21.309561,46.18421],[21.309589,46.184376],[21.309591,46.184389],[21.309591,46.18439],[21.30962,46.184568],[21.309626,46.184602],[21.309647,46.184747],[21.309673,46.184926],[21.309699,46.1851],[21.3097,46.185105],[21.309727,46.185283],[21.309755,46.185462],[21.309781,46.185625],[21.309783,46.185641],[21.309811,46.18582],[21.309839,46.185999],[21.309867,46.186178],[21.309895,46.186356],[21.309923,46.186535],[21.30995,46.186714],[21.309954,46.186738],[21.309976,46.186874],[21.310215,46.188331],[21.310224,46.18842],[21.310229,46.188448],[21.310292,46.188865],[21.310396,46.189478],[21.31051,46.190282],[21.310515,46.190309],[21.310545,46.190485],[21.310551,46.190516],[21.310585,46.190592],[21.310613,46.190653],[21.310615,46.19066],[21.310648,46.190745],[21.310679,46.190834],[21.310712,46.190926],[21.310745,46.191007],[21.310751,46.191021],[21.310815,46.191155],[21.31083,46.191173],[21.310951,46.191332],[21.310988,46.19138],[21.311023,46.19142],[21.311057,46.191485],[21.311063,46.191501],[21.311073,46.191535],[21.311072,46.191563],[21.311062,46.191602],[21.311056,46.191621],[21.311042,46.191646],[21.311032,46.19166],[21.311019,46.191678],[21.311012,46.191686],[21.310991,46.191712],[21.310941,46.19176],[21.310802,46.19179],[21.310694,46.191813],[21.310553,46.191843],[21.310305,46.191896],[21.310203,46.191918],[21.310057,46.191949],[21.309809,46.192002],[21.309683,46.19203],[21.309561,46.192055],[21.30936,46.192097],[21.309312,46.192106],[21.309225,46.192123],[21.309062,46.192155],[21.308861,46.192195],[21.308812,46.192204],[21.308562,46.192253],[21.308498,46.192266],[21.308418,46.19228],[21.308313,46.192302],[21.308135,46.192339],[21.308106,46.192367],[21.308088,46.192384],[21.308055,46.192422],[21.30803,46.19247],[21.308015,46.19251],[21.308013,46.192515],[21.307998,46.19259],[21.307991,46.192686],[21.307979,46.192847],[21.307981,46.192862],[21.307987,46.192894],[21.308016,46.193039],[21.308051,46.193217],[21.308087,46.193396],[21.30811,46.193512],[21.308122,46.193574],[21.308157,46.193752],[21.308191,46.19393],[21.308226,46.194108],[21.308228,46.194116],[21.308227,46.194134],[21.308155,46.194184],[21.3081,46.194227],[21.308039,46.194281],[21.308064,46.194275],[21.308091,46.194273],[21.308096,46.194274],[21.308117,46.194276],[21.308141,46.194284],[21.308161,46.194296],[21.308177,46.194311],[21.308186,46.194328],[21.308188,46.194347],[21.308183,46.194365],[21.308172,46.194381],[21.308155,46.194396],[21.308133,46.194406],[21.308108,46.194412],[21.308082,46.194414],[21.308056,46.194411],[21.308032,46.194403],[21.30797,46.194408],[21.307925,46.194415],[21.307869,46.194428],[21.307835,46.194436],[21.307818,46.19444],[21.307769,46.194447],[21.307635,46.19453],[21.307441,46.19465],[21.307247,46.194769],[21.307088,46.194868],[21.307053,46.194889],[21.306857,46.195007],[21.306661,46.195126],[21.306466,46.195244],[21.306342,46.195319],[21.306272,46.195363],[21.306081,46.195485],[21.30589,46.195607],[21.305742,46.195701],[21.305697,46.195729],[21.305503,46.195848],[21.305308,46.195966],[21.305113,46.196085],[21.304918,46.196204],[21.304789,46.196283],[21.304723,46.196323],[21.304528,46.196442],[21.304333,46.196561],[21.304138,46.19668],[21.303943,46.196799],[21.303749,46.196918],[21.303663,46.19697],[21.303553,46.197037],[21.303358,46.197155],[21.303163,46.197274],[21.302967,46.197393],[21.302772,46.197511],[21.302743,46.197529],[21.302578,46.19763],[21.302464,46.1977],[21.302386,46.197751],[21.302225,46.197857],[21.3022,46.197875],[21.302025,46.198007],[21.302017,46.198014],[21.301857,46.198143],[21.30177,46.198214],[21.30169,46.198281],[21.301526,46.198421],[21.301362,46.19856],[21.301283,46.198627],[21.301224,46.198677],[21.301197,46.198699],[21.301032,46.198833],[21.301028,46.198836],[21.300923,46.198921],[21.30086,46.198973],[21.300695,46.199111],[21.300611,46.199183],[21.300539,46.199254],[21.300391,46.199402],[21.300373,46.199419],[21.300257,46.199556],[21.300165,46.199665],[21.30013,46.199712],[21.30001,46.199871],[21.299929,46.199979],[21.299888,46.200031],[21.299765,46.200189],[21.299658,46.200328],[21.299642,46.200348],[21.299517,46.200505],[21.29947,46.200566],[21.299391,46.200663],[21.299264,46.20082],[21.299136,46.200976],[21.299009,46.201133],[21.298885,46.201286],[21.298882,46.20129],[21.298833,46.201353],[21.298757,46.201448],[21.298631,46.201605],[21.298595,46.201651],[21.298505,46.201762],[21.298439,46.201846],[21.298377,46.201919],[21.298327,46.201979],[21.298247,46.202075],[21.298116,46.20223],[21.297985,46.202386],[21.297945,46.202432],[21.297854,46.202541],[21.297724,46.202696],[21.297599,46.202846],[21.297594,46.202852],[21.297468,46.203009],[21.297461,46.203018],[21.297439,46.203057],[21.297406,46.203102],[21.297352,46.203169],[21.297256,46.203286],[21.297253,46.203294],[21.297248,46.203309],[21.297231,46.20333],[21.297206,46.203346],[21.29714,46.203416],[21.297048,46.203514],[21.297007,46.203554],[21.296994,46.203564],[21.296966,46.203588],[21.296881,46.203691],[21.296862,46.203714],[21.296771,46.203823],[21.296718,46.203867],[21.296661,46.203914],[21.296612,46.20394],[21.296558,46.203955],[21.296499,46.203964],[21.296469,46.20397],[21.29632,46.20398],[21.296241,46.203982],[21.295981,46.203988],[21.29584,46.203992],[21.295722,46.203996],[21.295462,46.204003],[21.295203,46.204011],[21.295143,46.204013],[21.294943,46.204019],[21.294684,46.204027],[21.294568,46.204031],[21.294424,46.204034],[21.294164,46.20404],[21.294065,46.204042],[21.293913,46.204066],[21.293842,46.204077],[21.293724,46.2041],[21.293682,46.204113],[21.293669,46.20412],[21.293619,46.204143],[21.29358,46.204173],[21.293532,46.204226],[21.293515,46.204246],[21.29351,46.204253],[21.293484,46.204285],[21.293518,46.20442],[21.293518,46.204421],[21.293556,46.204598],[21.293595,46.204776],[21.293634,46.204954],[21.293648,46.20502],[21.29367,46.205132],[21.293705,46.20531],[21.293716,46.205363],[21.293744,46.205488],[21.293785,46.205665],[21.293826,46.205843],[21.293867,46.206021],[21.293908,46.206198],[21.29391,46.206208],[21.293946,46.206376],[21.293969,46.206484],[21.293981,46.206555],[21.294003,46.206683],[21.29401,46.206735],[21.294019,46.206812],[21.294019,46.206917],[21.294019,46.206968],[21.294009,46.207098],[21.294008,46.207112],[21.29399,46.207205],[21.29397,46.20728],[21.293966,46.207296],[21.293904,46.207456],[21.293886,46.207503],[21.293826,46.207629],[21.29382,46.207643],[21.293731,46.207797],[21.293729,46.2078],[21.293661,46.207896],[21.293611,46.207961],[21.293553,46.208037],[21.293503,46.208103],[21.29349,46.20812],[21.293369,46.208279],[21.293247,46.208438],[21.293126,46.208597],[21.293005,46.208756],[21.292941,46.208839],[21.292882,46.208915],[21.292758,46.209073],[21.292634,46.209231],[21.292584,46.209295],[21.292528,46.209368],[21.292511,46.20939],[21.292384,46.209547],[21.292258,46.209704],[21.292131,46.209861],[21.292005,46.210018],[21.291878,46.210175],[21.291836,46.210228],[21.291751,46.210332],[21.291624,46.210489],[21.291497,46.210646],[21.29137,46.210803],[21.291243,46.21096],[21.291157,46.211067],[21.291117,46.211117],[21.29099,46.211274],[21.290864,46.211431],[21.290738,46.211588],[21.290614,46.211742],[21.290489,46.211898],[21.290488,46.211899],[21.290398,46.212013],[21.290359,46.212057],[21.290357,46.21206],[21.290227,46.212212],[21.290095,46.212367],[21.289963,46.212522],[21.289831,46.212676],[21.289699,46.212831],[21.289653,46.212886],[21.289569,46.212987],[21.289439,46.213142],[21.289309,46.213298],[21.28918,46.213454],[21.289118,46.213528],[21.289052,46.21361],[21.288978,46.213704],[21.288917,46.213766],[21.288772,46.213915],[21.288674,46.214015],[21.288614,46.213989],[21.288394,46.213893],[21.288173,46.213798],[21.287953,46.213703],[21.287894,46.213677],[21.287731,46.213609],[21.287509,46.213515],[21.287388,46.213465],[21.287286,46.213422],[21.287102,46.213345],[21.287059,46.213329],[21.286877,46.213263],[21.286823,46.213247],[21.286655,46.213195],[21.286583,46.213175],[21.286342,46.213107],[21.286292,46.213093],[21.2861,46.213041],[21.28601,46.213016],[21.28586,46.212974],[21.285619,46.212906],[21.285379,46.212838],[21.285138,46.212771],[21.284897,46.212703],[21.284657,46.212635],[21.284416,46.212567],[21.284175,46.212499],[21.283935,46.212431],[21.283694,46.212363],[21.283454,46.212296],[21.28327,46.212244],[21.283244,46.212302],[21.283233,46.212324],[21.283212,46.21237],[21.283191,46.212415],[21.283165,46.212473],[21.283088,46.212645],[21.283011,46.212816],[21.282933,46.212988],[21.28286,46.213151],[21.282856,46.21316],[21.282779,46.213331],[21.282701,46.213503],[21.282623,46.213674],[21.282581,46.213768],[21.282545,46.213846],[21.282534,46.213871],[21.282468,46.214018],[21.28239,46.214189],[21.282312,46.214361],[21.282302,46.214383],[21.282234,46.214532],[21.282157,46.214704],[21.282079,46.214876],[21.28203,46.214983],[21.281999,46.215047],[21.281915,46.215218],[21.281882,46.215285],[21.281819,46.215386],[21.281741,46.21551],[21.281708,46.215551],[21.281582,46.215708],[21.281574,46.215718],[21.281429,46.215857],[21.281404,46.21588],[21.281341,46.215932],[21.281261,46.215997],[21.281218,46.216032],[21.281094,46.216134],[21.280926,46.216272],[21.280772,46.216398],[21.280759,46.216409],[21.280593,46.216545],[21.280591,46.216546],[21.280425,46.216685],[21.280258,46.216823],[21.280092,46.216961],[21.280084,46.216967],[21.279922,46.217097],[21.279763,46.217225],[21.279742,46.217234],[21.279698,46.217255],[21.279633,46.217263],[21.279572,46.217257],[21.279487,46.21724],[21.279248,46.217193],[21.279237,46.217191],[21.278988,46.217141],[21.278738,46.21709],[21.278489,46.21704],[21.278448,46.217032],[21.278297,46.217013],[21.278229,46.217009],[21.278138,46.217004],[21.278009,46.217006],[21.277969,46.217008],[21.27771,46.217024],[21.277681,46.217026],[21.277451,46.217037],[21.277192,46.21705],[21.276933,46.217063],[21.276673,46.217076],[21.276414,46.217089],[21.276379,46.21709],[21.276155,46.21709],[21.276154,46.21709],[21.276072,46.217086],[21.275986,46.217075],[21.2759,46.217058],[21.275803,46.21704],[21.27565,46.217009],[21.275401,46.216957],[21.275152,46.216906],[21.274903,46.216855],[21.27468,46.21681],[21.274653,46.216803],[21.274408,46.216744],[21.274383,46.216738],[21.27431,46.216719],[21.273552,46.216521],[21.27206,46.216133],[21.269581,46.215486],[21.271024,46.212811],[21.271105,46.21283],[21.271166,46.212844],[21.273455,46.21348],[21.275296,46.21399],[21.275537,46.214057],[21.275735,46.214112],[21.27576,46.214062],[21.275846,46.213892],[21.275932,46.213722],[21.276019,46.213553],[21.276105,46.213383],[21.276191,46.213213],[21.276277,46.213043],[21.276286,46.213026],[21.276364,46.212874],[21.27645,46.212704],[21.276537,46.212535],[21.276623,46.212365],[21.27671,46.212196],[21.276796,46.212026],[21.276883,46.211856],[21.276969,46.211687],[21.277056,46.211517],[21.277142,46.211348],[21.277157,46.211319],[21.277237,46.211163],[21.277411,46.21082],[21.277473,46.210706],[21.277504,46.210647],[21.277552,46.21056],[21.27756,46.210546],[21.277975,46.209777],[21.278709,46.208318],[21.279094,46.207623],[21.279538,46.206733],[21.280179,46.205531],[21.280135,46.205517],[21.28012,46.205513],[21.279923,46.205457],[21.279682,46.20539],[21.279441,46.205323],[21.2792,46.205255],[21.278959,46.205188],[21.278718,46.205121],[21.278477,46.205053],[21.278236,46.204986],[21.277995,46.204919],[21.277754,46.204851],[21.277574,46.204801],[21.27754,46.204792],[21.275556,46.204248],[21.273116,46.203572],[21.27308,46.203562],[21.272837,46.203498],[21.272595,46.203433],[21.272352,46.203369],[21.27211,46.203304],[21.271867,46.20324],[21.271624,46.203176],[21.271382,46.203111],[21.271139,46.203047],[21.270896,46.202983],[21.270654,46.202918],[21.270509,46.20288],[21.270484,46.202926],[21.270391,46.203094],[21.270298,46.203262],[21.270206,46.20343],[21.270113,46.203598],[21.27002,46.203766],[21.269928,46.203934],[21.269835,46.204102],[21.269743,46.20427],[21.26965,46.204438],[21.269557,46.204606],[21.269465,46.204774]]},"properties":{"line":"60","dir":"0","headsign":"Concordiei","mode":"bus","color":"#0059a9"}},{"type":"Feature","geometry":{"type":"LineString","coordinates":[[21.269445,46.204809],[21.269353,46.204977],[21.26926,46.205145],[21.269192,46.205268],[21.269426,46.205335],[21.269667,46.205404],[21.269907,46.205472],[21.270147,46.205541],[21.270387,46.205609],[21.270627,46.205678],[21.270867,46.205747],[21.271108,46.205815],[21.271348,46.205884],[21.271588,46.205952],[21.271806,46.206015],[21.271816,46.205996],[21.271906,46.205827],[21.271996,46.205659],[21.272087,46.20549],[21.272177,46.205321],[21.272268,46.205153],[21.272358,46.204984],[21.272449,46.204816],[21.272539,46.204647],[21.272629,46.204478],[21.27272,46.20431],[21.27281,46.204141],[21.272901,46.203972],[21.272991,46.203804],[21.273082,46.203635],[21.273106,46.203589],[21.273116,46.203572],[21.275556,46.204248],[21.27754,46.204792],[21.277574,46.204801],[21.277782,46.204859],[21.278023,46.204926],[21.278263,46.204994],[21.278504,46.205061],[21.278745,46.205128],[21.278986,46.205196],[21.279227,46.205263],[21.279468,46.20533],[21.279709,46.205398],[21.27995,46.205465],[21.280104,46.205508],[21.28012,46.205513],[21.280179,46.205531],[21.279538,46.206733],[21.279094,46.207623],[21.278709,46.208318],[21.277975,46.209777],[21.27756,46.210546],[21.277552,46.21056],[21.277504,46.210647],[21.277473,46.210706],[21.277411,46.21082],[21.277362,46.210918],[21.277357,46.210927],[21.277237,46.211163],[21.276286,46.213026],[21.275735,46.214112],[21.275695,46.214101],[21.275454,46.214034],[21.275383,46.214014],[21.273455,46.21348],[21.271166,46.212844],[21.271136,46.212837],[21.271024,46.212811],[21.270965,46.212919],[21.269581,46.215486],[21.269803,46.215544],[21.270046,46.215607],[21.270289,46.215671],[21.270532,46.215734],[21.270776,46.215797],[21.271019,46.215861],[21.271262,46.215924],[21.271505,46.215988],[21.271748,46.216051],[21.271991,46.216115],[21.27206,46.216133],[21.272234,46.216178],[21.272477,46.216241],[21.272721,46.216305],[21.272964,46.216368],[21.273207,46.216432],[21.27345,46.216495],[21.273552,46.216521],[21.273693,46.216558],[21.273936,46.216622],[21.27418,46.216685],[21.274383,46.216738],[21.274423,46.216748],[21.274668,46.216807],[21.27468,46.21681],[21.274918,46.216858],[21.275167,46.21691],[21.275416,46.216961],[21.275665,46.217012],[21.275803,46.21704],[21.275915,46.217061],[21.275986,46.217075],[21.276072,46.217086],[21.276155,46.21709],[21.276173,46.21709],[21.276379,46.21709],[21.276433,46.217088],[21.276692,46.217075],[21.276951,46.217062],[21.27721,46.217049],[21.277469,46.217036],[21.277681,46.217026],[21.277728,46.217023],[21.277987,46.217007],[21.278009,46.217006],[21.278138,46.217004],[21.278248,46.21701],[21.278297,46.217013],[21.278448,46.217032],[21.278507,46.217043],[21.278756,46.217094],[21.279005,46.217144],[21.279248,46.217193],[21.279255,46.217195],[21.279505,46.217244],[21.279572,46.217257],[21.279633,46.217263],[21.279698,46.217255],[21.279763,46.217225],[21.279767,46.217221],[21.279937,46.217085],[21.280084,46.216967],[21.280106,46.216949],[21.280273,46.216811],[21.280439,46.216673],[21.280593,46.216545],[21.280606,46.216535],[21.280772,46.216398],[21.280773,46.216397],[21.280941,46.21626],[21.281108,46.216122],[21.281218,46.216032],[21.281276,46.215985],[21.281341,46.215932],[21.281404,46.21588],[21.281442,46.215844],[21.281574,46.215718],[21.281593,46.215694],[21.281719,46.215537],[21.281741,46.21551],[21.281828,46.215372],[21.281882,46.215285],[21.281922,46.215203],[21.282006,46.215032],[21.28203,46.214983],[21.282086,46.214861],[21.282163,46.214689],[21.282241,46.214517],[21.282302,46.214383],[21.282319,46.214346],[21.282397,46.214174],[21.282474,46.214002],[21.282534,46.213871],[21.282552,46.213831],[21.282581,46.213768],[21.28263,46.213659],[21.282708,46.213488],[21.282785,46.213316],[21.28286,46.213151],[21.282863,46.213144],[21.28294,46.212973],[21.283018,46.212801],[21.283095,46.212629],[21.283172,46.212458],[21.283191,46.212415],[21.283212,46.21237],[21.283233,46.212324],[21.283249,46.212291],[21.28327,46.212244],[21.283475,46.212302],[21.283716,46.21237],[21.283956,46.212437],[21.284197,46.212505],[21.284438,46.212573],[21.284678,46.212641],[21.284919,46.212709],[21.285159,46.212777],[21.2854,46.212844],[21.285641,46.212912],[21.285881,46.21298],[21.28601,46.213016],[21.286122,46.213047],[21.286292,46.213093],[21.286364,46.213113],[21.286605,46.213181],[21.286655,46.213195],[21.286845,46.213253],[21.286877,46.213263],[21.28708,46.213337],[21.287102,46.213345],[21.287307,46.213431],[21.287388,46.213465],[21.287529,46.213524],[21.287751,46.213617],[21.287894,46.213677],[21.287973,46.213711],[21.288194,46.213807],[21.288414,46.213902],[21.288634,46.213998],[21.288674,46.214015],[21.288785,46.213901],[21.288931,46.213752],[21.288978,46.213704],[21.289064,46.213596],[21.289118,46.213528],[21.289192,46.21344],[21.289321,46.213284],[21.289451,46.213128],[21.289581,46.212972],[21.289653,46.212886],[21.289712,46.212817],[21.289844,46.212662],[21.289976,46.212507],[21.290108,46.212352],[21.29024,46.212198],[21.290357,46.21206],[21.290372,46.212043],[21.290398,46.212013],[21.290445,46.211953],[21.290489,46.211898],[21.291157,46.211067],[21.291836,46.210228],[21.292499,46.209405],[21.292528,46.209368],[21.292584,46.209295],[21.292622,46.209246],[21.292746,46.209088],[21.29287,46.20893],[21.292941,46.208839],[21.292993,46.208771],[21.293114,46.208612],[21.293236,46.208453],[21.293357,46.208294],[21.293478,46.208135],[21.293503,46.208103],[21.293553,46.208037],[21.2936,46.207976],[21.293661,46.207896],[21.293718,46.207815],[21.293731,46.207797],[21.293818,46.207646],[21.29382,46.207643],[21.293886,46.207503],[21.293898,46.207472],[21.293966,46.207296],[21.293966,46.207296],[21.29399,46.207205],[21.294007,46.207117],[21.294008,46.207112],[21.294019,46.206968],[21.294019,46.206934],[21.294019,46.206812],[21.294012,46.206752],[21.294003,46.206683],[21.293984,46.206572],[21.293969,46.206484],[21.293949,46.206393],[21.293911,46.206215],[21.29391,46.206208],[21.293871,46.206037],[21.29383,46.205859],[21.293789,46.205682],[21.293748,46.205504],[21.293716,46.205363],[21.293709,46.205327],[21.293674,46.205149],[21.293648,46.20502],[21.293637,46.20497],[21.293599,46.204792],[21.29356,46.204614],[21.293521,46.204437],[21.293518,46.204421],[21.293484,46.204285],[21.293479,46.204259],[21.293473,46.204232],[21.293438,46.204081],[21.293428,46.204041],[21.293559,46.204043],[21.293697,46.204045],[21.29382,46.204044],[21.294065,46.204042],[21.29408,46.204042],[21.294339,46.204036],[21.294568,46.204031],[21.294599,46.20403],[21.294859,46.204022],[21.295118,46.204014],[21.295143,46.204013],[21.295378,46.204006],[21.295638,46.203998],[21.29584,46.203992],[21.295897,46.20399],[21.296157,46.203984],[21.29632,46.20398],[21.296416,46.203973],[21.296469,46.20397],[21.296558,46.203955],[21.296612,46.20394],[21.296661,46.203914],[21.296664,46.203911],[21.296771,46.203823],[21.29682,46.203764],[21.296881,46.203691],[21.296949,46.203608],[21.296966,46.203588],[21.296993,46.203497],[21.297004,46.203445],[21.297005,46.203436],[21.297012,46.203388],[21.297019,46.203303],[21.297014,46.203274],[21.297023,46.203246],[21.297045,46.203221],[21.297078,46.203204],[21.297115,46.203195],[21.297136,46.203195],[21.297155,46.203195],[21.297158,46.203193],[21.297228,46.203163],[21.297287,46.203134],[21.297349,46.203095],[21.297349,46.203095],[21.297417,46.203045],[21.297461,46.203018],[21.297512,46.202955],[21.297599,46.202846],[21.297638,46.202798],[21.297769,46.202643],[21.297899,46.202487],[21.297945,46.202432],[21.29803,46.202332],[21.298161,46.202176],[21.298292,46.202021],[21.298327,46.201979],[21.298422,46.201865],[21.298439,46.201846],[21.298549,46.201708],[21.298595,46.201651],[21.298675,46.201551],[21.298801,46.201393],[21.298833,46.201353],[21.298885,46.201286],[21.298926,46.201236],[21.299053,46.201079],[21.29918,46.200922],[21.299308,46.200765],[21.299435,46.200608],[21.29947,46.200566],[21.29956,46.200451],[21.299658,46.200328],[21.299685,46.200293],[21.299808,46.200134],[21.299929,46.199979],[21.299931,46.199976],[21.300051,46.199816],[21.300165,46.199665],[21.300171,46.199658],[21.300302,46.199503],[21.300373,46.199419],[21.300442,46.199351],[21.30059,46.199203],[21.300611,46.199183],[21.300753,46.199063],[21.300918,46.198925],[21.300923,46.198921],[21.301032,46.198833],[21.301087,46.198789],[21.301224,46.198677],[21.301255,46.198651],[21.301283,46.198627],[21.301419,46.198512],[21.301583,46.198372],[21.301747,46.198233],[21.30177,46.198214],[21.301915,46.198096],[21.302017,46.198014],[21.302086,46.197961],[21.302225,46.197857],[21.302263,46.197832],[21.302451,46.197708],[21.302464,46.1977],[21.302645,46.197589],[21.302743,46.197529],[21.30284,46.19747],[21.303035,46.197352],[21.30323,46.197233],[21.303426,46.197114],[21.303621,46.196996],[21.303663,46.19697],[21.303816,46.196877],[21.304011,46.196758],[21.304206,46.196639],[21.304401,46.19652],[21.304596,46.196401],[21.304789,46.196283],[21.30479,46.196282],[21.304985,46.196163],[21.30518,46.196044],[21.305375,46.195925],[21.30557,46.195806],[21.305742,46.195701],[21.305765,46.195687],[21.305956,46.195565],[21.306147,46.195443],[21.306338,46.195321],[21.306342,46.195319],[21.306533,46.195203],[21.306729,46.195085],[21.306925,46.194966],[21.307088,46.194868],[21.30712,46.194848],[21.307314,46.194728],[21.307508,46.194608],[21.307702,46.194488],[21.307769,46.194447],[21.307796,46.194415],[21.307829,46.194387],[21.307875,46.194357],[21.30789,46.194347],[21.307916,46.194333],[21.307955,46.194318],[21.308001,46.194306],[21.308018,46.194292],[21.308039,46.194281],[21.308057,46.194265],[21.3081,46.194227],[21.308155,46.194184],[21.308227,46.194134],[21.308228,46.194118],[21.308228,46.194116],[21.308193,46.193938],[21.308158,46.19376],[21.308123,46.193582],[21.30811,46.193512],[21.308088,46.193403],[21.308053,46.193225],[21.308017,46.193047],[21.307987,46.192894],[21.307982,46.192869],[21.307979,46.192847],[21.307909,46.192693],[21.307849,46.192557],[21.307838,46.192541],[21.307825,46.192522],[21.307819,46.192513],[21.30779,46.19249],[21.307754,46.19247],[21.307675,46.192439],[21.30765,46.192432],[21.307548,46.192403],[21.307519,46.192394],[21.307488,46.192383],[21.307463,46.192371],[21.30745,46.192363],[21.307436,46.192353],[21.30743,46.192349],[21.307405,46.192331],[21.307394,46.19232],[21.307369,46.192294],[21.307352,46.192269],[21.307339,46.192237],[21.307331,46.192201],[21.307331,46.192198],[21.30733,46.192165],[21.307336,46.192123],[21.307357,46.192047],[21.307482,46.191979],[21.307518,46.191963],[21.307558,46.191947],[21.307559,46.191946],[21.307613,46.191929],[21.307662,46.191914],[21.307699,46.191907],[21.307774,46.191898],[21.307795,46.191897],[21.307902,46.191891],[21.307981,46.191886],[21.308054,46.191882],[21.308253,46.19187],[21.308313,46.191866],[21.308571,46.191846],[21.30883,46.191827],[21.309088,46.191807],[21.309108,46.191806],[21.309346,46.191788],[21.309483,46.191778],[21.309605,46.191766],[21.309845,46.191742],[21.309862,46.19174],[21.310011,46.191723],[21.310116,46.191711],[21.31012,46.191711],[21.310373,46.191671],[21.310416,46.191665],[21.310396,46.191611],[21.310391,46.191577],[21.310394,46.19152],[21.310408,46.191496],[21.310413,46.191489],[21.310496,46.191326],[21.310532,46.191256],[21.310564,46.191186],[21.310568,46.191143],[21.310568,46.19114],[21.310571,46.191066],[21.310566,46.190961],[21.310565,46.190957],[21.310563,46.19087],[21.310558,46.190781],[21.310555,46.190739],[21.310546,46.190643],[21.310548,46.190604],[21.310551,46.190516],[21.310534,46.190419],[21.31051,46.190282],[21.310505,46.190245],[21.31048,46.190066],[21.310454,46.189887],[21.310429,46.189708],[21.310404,46.189529],[21.310396,46.189478],[21.310374,46.18935],[21.310344,46.189172],[21.310314,46.188993],[21.310292,46.188865],[21.310284,46.188815],[21.310257,46.188636],[21.310231,46.188457],[21.310229,46.188448],[21.310224,46.18842],[21.310215,46.188331],[21.310206,46.188277],[21.310177,46.188099],[21.310147,46.18792],[21.310118,46.187741],[21.310089,46.187563],[21.310059,46.187384],[21.31003,46.187205],[21.31,46.187027],[21.309976,46.186874],[21.309971,46.186848],[21.309943,46.186669],[21.309916,46.18649],[21.309888,46.186311],[21.30986,46.186133],[21.309832,46.185954],[21.309804,46.185775],[21.309781,46.185625],[21.309776,46.185596],[21.309748,46.185417],[21.30972,46.185238],[21.309699,46.1851],[21.309693,46.18506],[21.309667,46.184881],[21.309641,46.184702],[21.309626,46.184602],[21.309613,46.184523],[21.309591,46.18439],[21.309589,46.184376],[21.309583,46.184344],[21.309553,46.184165],[21.309542,46.184104],[21.30953,46.183997],[21.30953,46.183988],[21.30952,46.183884],[21.309526,46.183811],[21.309526,46.1838],[21.309544,46.183714],[21.309563,46.183637],[21.309567,46.183621],[21.309573,46.183602],[21.309588,46.183549],[21.309617,46.183465],[21.309677,46.18329],[21.309737,46.183115],[21.309765,46.183033],[21.309766,46.182924],[21.309766,46.182915],[21.309782,46.1828],[21.309796,46.182754],[21.309846,46.182587],[21.309849,46.182579],[21.309866,46.182529],[21.309915,46.182407],[21.309953,46.182316],[21.309914,46.18221],[21.309887,46.182135],[21.309836,46.182037],[21.309827,46.18202],[21.309746,46.181867],[21.309726,46.181829],[21.309687,46.181728],[21.30968,46.181701],[21.309672,46.181671],[21.309664,46.181609],[21.309615,46.181519],[21.309611,46.181511],[21.309556,46.181407],[21.309528,46.181355],[21.309526,46.181352],[21.309435,46.181184],[21.309424,46.181164],[21.309163,46.180685],[21.308906,46.180154],[21.308639,46.179635],[21.30806,46.178506],[21.307529,46.177468],[21.307521,46.177452],[21.30743,46.177284],[21.307339,46.177115],[21.307248,46.176947],[21.307157,46.176778],[21.307066,46.17661],[21.306975,46.176441],[21.306929,46.176356],[21.306924,46.176344],[21.306335,46.175185],[21.30596,46.174439],[21.305669,46.173859],[21.305547,46.173632],[21.305029,46.172633],[21.304942,46.172463],[21.304854,46.172294],[21.304766,46.172125],[21.304759,46.17211],[21.304679,46.171956],[21.304591,46.171786],[21.30457,46.171746],[21.304508,46.171615],[21.304422,46.171446],[21.304336,46.171277],[21.304249,46.171107],[21.304163,46.170937],[21.304076,46.170768],[21.303999,46.170616],[21.30399,46.170598],[21.303908,46.170441],[21.303902,46.170429],[21.303814,46.170259],[21.303727,46.17009],[21.303719,46.170075],[21.303639,46.169921],[21.303551,46.169751],[21.303463,46.169582],[21.303384,46.169429],[21.30338,46.16942],[21.303323,46.169315],[21.302514,46.167809],[21.301967,46.166694],[21.301939,46.166644],[21.301935,46.166636],[21.301917,46.166609],[21.301904,46.166581],[21.30189,46.166553],[21.301965,46.166557],[21.302212,46.16657],[21.302225,46.166571],[21.302484,46.166587],[21.302742,46.166603],[21.303001,46.166619],[21.30326,46.166634],[21.303519,46.16665],[21.303626,46.166657],[21.303774,46.166664],[21.303778,46.166665],[21.304037,46.166679],[21.304296,46.166694],[21.304555,46.166709],[21.304813,46.166724],[21.305072,46.166738],[21.305331,46.166753],[21.30559,46.166768],[21.305822,46.166781],[21.305849,46.166782],[21.306108,46.166794],[21.306119,46.166794],[21.306367,46.166805],[21.30642,46.166808],[21.306627,46.166824],[21.306885,46.166845],[21.307117,46.166864],[21.307143,46.166866],[21.307402,46.166883],[21.307659,46.166901],[21.307695,46.166903],[21.307915,46.166924],[21.30797,46.16693],[21.308156,46.166956],[21.308169,46.166957],[21.308234,46.166959],[21.308428,46.166965],[21.308688,46.166972],[21.308948,46.16698],[21.309207,46.166988],[21.309442,46.166995],[21.309467,46.166996],[21.309726,46.167006],[21.309986,46.167016],[21.310066,46.167019],[21.310245,46.167026],[21.310505,46.167035],[21.310625,46.16704],[21.310716,46.167043],[21.310764,46.167044],[21.310795,46.167044],[21.311024,46.167054],[21.311245,46.167063],[21.311283,46.167065],[21.311489,46.167078],[21.311469,46.167012],[21.311417,46.166836],[21.311365,46.16666],[21.311336,46.166563],[21.311327,46.166533],[21.311362,46.166528],[21.311433,46.166518],[21.31156,46.166496],[21.311616,46.166489],[21.311871,46.166456],[21.311973,46.166443],[21.312127,46.166424],[21.312383,46.166394],[21.312639,46.166363],[21.312769,46.166347],[21.312895,46.166332],[21.313151,46.166301],[21.313407,46.166271],[21.313663,46.16624],[21.313919,46.16621],[21.314175,46.166179],[21.314348,46.166158],[21.31443,46.166144],[21.31446,46.166139],[21.314563,46.166106],[21.314653,46.166083],[21.314672,46.16608],[21.314893,46.166043],[21.314925,46.166038],[21.3151,46.166016],[21.315181,46.166012],[21.315195,46.166011],[21.315243,46.166014],[21.315292,46.166016],[21.315374,46.166036],[21.315406,46.166044],[21.315449,46.166053],[21.315481,46.166057],[21.315515,46.166057],[21.315643,46.166044],[21.315901,46.166018],[21.316158,46.165992],[21.316165,46.165991],[21.316414,46.165965],[21.316671,46.165937],[21.316711,46.165933],[21.316928,46.165909],[21.317184,46.16588],[21.317441,46.165852],[21.317697,46.165824],[21.317782,46.165814],[21.317954,46.165795],[21.31821,46.165767],[21.318228,46.165765],[21.318467,46.165738],[21.318723,46.165708],[21.318979,46.165679],[21.319236,46.165649],[21.319265,46.165646],[21.319492,46.165622],[21.319551,46.165616],[21.319668,46.165607],[21.319683,46.165659],[21.319737,46.165835],[21.31979,46.166011],[21.319843,46.166187],[21.319862,46.166251],[21.319894,46.166335],[21.319902,46.166362],[21.319936,46.166463]]},"properties":{"line":"60","dir":"1","headsign":"Piața Romană","mode":"bus","color":"#0059a9"}},{"type":"Feature","geometry":{"type":"LineString","coordinates":[[21.593681,46.156451],[21.593689,46.15642],[21.5937,46.156382],[21.593723,46.156277],[21.593733,46.156232],[21.5937,46.156086],[21.5937,46.156085],[21.593694,46.156036],[21.593688,46.155992],[21.593677,46.155943],[21.593666,46.155905],[21.593647,46.155855],[21.593621,46.155811],[21.593598,46.155778],[21.593575,46.155751],[21.593553,46.15573],[21.593528,46.155707],[21.593498,46.155686],[21.593456,46.15566],[21.593437,46.15565],[21.593404,46.155639],[21.593379,46.155633],[21.59337,46.155631],[21.593328,46.15562],[21.593283,46.155611],[21.593213,46.155602],[21.593133,46.155595],[21.593112,46.155594],[21.592984,46.155585],[21.592874,46.155583],[21.592615,46.155579],[21.592355,46.155575],[21.592096,46.155571],[21.591837,46.155567],[21.591578,46.155563],[21.591576,46.155563],[21.591317,46.155557],[21.591058,46.155552],[21.590875,46.155548],[21.590804,46.155546],[21.590791,46.155545],[21.590732,46.155541],[21.590662,46.155534],[21.590528,46.155519],[21.590361,46.155502],[21.590271,46.155491],[21.590016,46.155463],[21.589999,46.155461],[21.58976,46.155435],[21.589586,46.155417],[21.589504,46.155409],[21.589325,46.155391],[21.589247,46.155383],[21.588989,46.155358],[21.588946,46.155354],[21.588732,46.155334],[21.588474,46.155309],[21.588422,46.155304],[21.588217,46.155284],[21.588111,46.155273],[21.588027,46.155264],[21.587958,46.155252],[21.587809,46.155228],[21.587706,46.155219],[21.587448,46.155195],[21.587401,46.155191],[21.587191,46.155174],[21.586968,46.155157],[21.586931,46.155153],[21.586733,46.155131],[21.586676,46.155123],[21.586619,46.155116],[21.586569,46.155104],[21.586498,46.155085],[21.586417,46.155059],[21.586403,46.155055],[21.586328,46.155029],[21.586307,46.155021],[21.586287,46.155014],[21.586185,46.154974],[21.586145,46.154959],[21.586067,46.154928],[21.58596,46.154882],[21.585739,46.154789],[21.585517,46.154695],[21.585491,46.154684],[21.585287,46.154612],[21.585232,46.154593],[21.585051,46.154538],[21.584814,46.154466],[21.584677,46.154424],[21.584579,46.154398],[21.584438,46.154361],[21.584375,46.154345],[21.584338,46.154337],[21.584331,46.154335],[21.584162,46.154306],[21.584085,46.154294],[21.58408,46.154294],[21.584018,46.154285],[21.583951,46.154279],[21.583818,46.154273],[21.583561,46.15426],[21.583499,46.154257],[21.583422,46.154253],[21.58282,46.154225],[21.579707,46.154064],[21.579656,46.154061],[21.57945,46.154046],[21.579225,46.154031],[21.579115,46.154019],[21.579025,46.154015],[21.57882,46.154004],[21.578499,46.153983],[21.578073,46.153957],[21.57802,46.153954],[21.577292,46.153906],[21.576489,46.153859],[21.575743,46.153807],[21.575329,46.153783],[21.574895,46.153747],[21.574667,46.153725],[21.57448,46.15371],[21.574287,46.153686],[21.573979,46.153643],[21.573812,46.153614],[21.573635,46.153584],[21.573521,46.153563],[21.573507,46.15356],[21.573105,46.153476],[21.572811,46.153414],[21.572543,46.15335],[21.572105,46.153254],[21.571531,46.153123],[21.570966,46.152997],[21.570081,46.152808],[21.568359,46.152432],[21.567805,46.152309],[21.567114,46.152164],[21.566397,46.152001],[21.565011,46.151699],[21.562316,46.151118],[21.562245,46.151103],[21.562069,46.151064],[21.5619,46.151028],[21.561821,46.151011],[21.561573,46.150958],[21.561569,46.150957],[21.561325,46.150905],[21.561314,46.150902],[21.561078,46.150844],[21.561077,46.150844],[21.560866,46.150788],[21.560832,46.150778],[21.560666,46.150727],[21.560595,46.150705],[21.560538,46.150688],[21.560417,46.15065],[21.560359,46.15063],[21.56033,46.15062],[21.560261,46.150597],[21.560122,46.150558],[21.560061,46.150541],[21.559882,46.15049],[21.559877,46.150489],[21.559681,46.150441],[21.559636,46.15043],[21.559426,46.150378],[21.559389,46.150371],[21.559166,46.150326],[21.55914,46.150322],[21.558935,46.150284],[21.558889,46.150275],[21.558471,46.150198],[21.558077,46.150126],[21.557527,46.150023],[21.557039,46.149936],[21.556577,46.149854],[21.556443,46.149831],[21.55631,46.149813],[21.556076,46.149784],[21.555757,46.149748],[21.555121,46.149676],[21.554472,46.149604],[21.55437,46.149593],[21.554315,46.149587],[21.554181,46.149569],[21.554111,46.149558],[21.554083,46.149553],[21.553981,46.149539],[21.553862,46.149511],[21.553855,46.14951],[21.553636,46.14946],[21.55361,46.149453],[21.553366,46.149395],[21.55312,46.149337],[21.552881,46.14928],[21.552875,46.149279],[21.552629,46.149219],[21.552384,46.14916],[21.552139,46.149101],[21.552123,46.149097],[21.551896,46.149036],[21.551798,46.14901],[21.551665,46.148971],[21.551654,46.148967],[21.551633,46.14896],[21.551536,46.148928],[21.5513,46.148833],[21.551112,46.148751],[21.550882,46.148642],[21.550541,46.148478],[21.550182,46.148296],[21.549487,46.147945],[21.548242,46.147319],[21.547006,46.146713],[21.546311,46.146362],[21.54541,46.145899],[21.543935,46.145165],[21.543791,46.145091],[21.543477,46.14493],[21.543041,46.144717],[21.542022,46.144204],[21.541069,46.143728],[21.540056,46.143217],[21.539033,46.142709],[21.537873,46.142124],[21.537012,46.141687],[21.536706,46.141531],[21.536337,46.141353],[21.535942,46.141156],[21.535822,46.141101],[21.534786,46.140583],[21.533758,46.140055],[21.532818,46.13958],[21.53234,46.139336],[21.532086,46.139207],[21.531904,46.13911],[21.531806,46.139061],[21.531727,46.139029],[21.53165,46.138972],[21.531617,46.138941],[21.531472,46.138804],[21.531443,46.138641],[21.530163,46.139123],[21.529518,46.139366],[21.528906,46.139595],[21.528556,46.139725],[21.528157,46.139876],[21.527423,46.140148],[21.527154,46.140248],[21.527101,46.140268],[21.526733,46.140387],[21.526385,46.140491],[21.526034,46.140586],[21.525834,46.140637],[21.525682,46.14067],[21.525391,46.140731],[21.525291,46.140754],[21.524194,46.140942],[21.52413,46.140953],[21.523878,46.140996],[21.523795,46.141011],[21.523626,46.141039],[21.523376,46.141082],[21.523373,46.141083],[21.523122,46.141129],[21.522871,46.141176],[21.52269,46.14121],[21.52262,46.141223],[21.522565,46.141233],[21.522369,46.141278],[21.522328,46.141288],[21.522123,46.14134],[21.522044,46.14136],[21.52188,46.141403],[21.521638,46.141466],[21.521559,46.141487],[21.521397,46.141531],[21.521274,46.141564],[21.521159,46.141595],[21.520748,46.141706],[21.520337,46.141816],[21.519631,46.142024],[21.519374,46.142113],[21.51909,46.142214],[21.518325,46.142492],[21.518137,46.142561],[21.517477,46.142799],[21.516734,46.143065],[21.515281,46.143586],[21.514744,46.143771],[21.514192,46.14396],[21.51361,46.144156],[21.512925,46.144379],[21.512556,46.144496],[21.51222,46.144611],[21.511668,46.144772],[21.511359,46.144847],[21.510999,46.144919],[21.510809,46.144948],[21.510627,46.144972],[21.510429,46.144987],[21.510362,46.14499],[21.510116,46.145005],[21.509873,46.145009],[21.509535,46.145022],[21.50902,46.145031],[21.507947,46.145059],[21.506282,46.145099],[21.498383,46.145318],[21.49481,46.145426],[21.494716,46.145429],[21.494644,46.145431],[21.49194,46.145506],[21.490455,46.145548],[21.489493,46.145575],[21.489124,46.145583],[21.488736,46.145598],[21.488463,46.145606],[21.488149,46.145614],[21.487557,46.145632],[21.48705,46.145647],[21.486451,46.145664],[21.485327,46.1457],[21.48393,46.145755],[21.482496,46.14581],[21.481501,46.145846],[21.480677,46.145878],[21.480459,46.145886],[21.479711,46.145914],[21.479103,46.145936],[21.478037,46.145974],[21.476901,46.146018],[21.475927,46.146055],[21.475028,46.146088],[21.474347,46.146128],[21.474137,46.146146],[21.473892,46.14617],[21.473658,46.146198],[21.473586,46.146207],[21.473397,46.146232],[21.473097,46.146277],[21.472865,46.146314],[21.472611,46.146359],[21.472445,46.14639],[21.472338,46.146411],[21.472048,46.14647],[21.47142,46.146618],[21.471368,46.146629],[21.470381,46.146857],[21.469336,46.147102],[21.468761,46.147236],[21.46804,46.147399],[21.46732,46.147568],[21.466676,46.147726],[21.466625,46.147738],[21.465386,46.148033],[21.465342,46.148044],[21.463972,46.148375],[21.463049,46.148593],[21.462195,46.148797],[21.461269,46.14902],[21.461024,46.149078],[21.460778,46.149136],[21.460532,46.149194],[21.46035,46.149237],[21.460286,46.149252],[21.460041,46.149312],[21.459796,46.149371],[21.459614,46.149416],[21.459551,46.149431],[21.459307,46.149492],[21.459062,46.149553],[21.458818,46.149613],[21.458723,46.149637],[21.45865,46.149655],[21.458633,46.149659],[21.458572,46.149674],[21.458326,46.149732],[21.458081,46.14979],[21.457835,46.149849],[21.457589,46.149907],[21.457343,46.149965],[21.457155,46.15001],[21.457098,46.150024],[21.456852,46.150083],[21.456607,46.150141],[21.456361,46.1502],[21.456239,46.150229],[21.456184,46.150242],[21.456115,46.150258],[21.454544,46.150627],[21.453272,46.150932],[21.451996,46.151235],[21.45099,46.151472],[21.449557,46.151812],[21.448392,46.15209],[21.44713,46.152397],[21.446425,46.152569],[21.445682,46.152751],[21.44412,46.153122],[21.443116,46.153369],[21.441941,46.153648],[21.440567,46.153977],[21.438997,46.154356],[21.437742,46.154654],[21.437696,46.154665],[21.437497,46.154713],[21.437251,46.154772],[21.437006,46.154831],[21.43676,46.15489],[21.436515,46.15495],[21.436407,46.154976],[21.43627,46.155009],[21.436024,46.155068],[21.435779,46.155127],[21.435534,46.155186],[21.435288,46.155246],[21.435153,46.155278],[21.435044,46.155306],[21.4348,46.155367],[21.434555,46.155428],[21.434311,46.155489],[21.434246,46.155506],[21.434066,46.155549],[21.433822,46.155608],[21.433578,46.155667],[21.433344,46.155724],[21.433333,46.155727],[21.433089,46.155788],[21.432845,46.15585],[21.432601,46.155911],[21.432421,46.155957],[21.432357,46.155972],[21.432112,46.156032],[21.431867,46.156091],[21.431622,46.156151],[21.431377,46.156211],[21.431274,46.156236],[21.43113,46.156267],[21.430882,46.15632],[21.430676,46.156364],[21.430634,46.156374],[21.430504,46.156404],[21.430385,46.156426],[21.430194,46.15646],[21.430134,46.15647],[21.429997,46.156494],[21.429894,46.156525],[21.429831,46.156545],[21.429776,46.156605],[21.429723,46.156636],[21.429697,46.156651],[21.429617,46.156675],[21.42953,46.156684],[21.429452,46.156677],[21.429442,46.156676],[21.429389,46.156663],[21.42934,46.156643],[21.42922,46.156673],[21.429109,46.1567],[21.428989,46.156743],[21.428869,46.156785],[21.428749,46.156815],[21.428619,46.156849],[21.428506,46.156877],[21.428262,46.156939],[21.428018,46.157001],[21.427774,46.157062],[21.42753,46.157124],[21.427286,46.157186],[21.427041,46.157247],[21.426797,46.157309],[21.426553,46.15737],[21.426309,46.157432],[21.426159,46.15747],[21.426065,46.157493],[21.42582,46.157554],[21.425576,46.157615],[21.425331,46.157675],[21.425087,46.157736],[21.424842,46.157797],[21.424823,46.157801],[21.424597,46.157857],[21.424491,46.157884],[21.424353,46.157918],[21.424108,46.157979],[21.423864,46.158039],[21.423619,46.1581],[21.423468,46.158138],[21.423374,46.158161],[21.423312,46.158176],[21.42313,46.158222],[21.422886,46.158283],[21.422642,46.158345],[21.422398,46.158406],[21.422153,46.158467],[21.421909,46.158529],[21.421665,46.15859],[21.421421,46.158651],[21.421176,46.158713],[21.420932,46.158774],[21.420909,46.15878],[21.420813,46.158803],[21.420688,46.158835],[21.420445,46.158898],[21.420202,46.158961],[21.419959,46.159025],[21.419715,46.159088],[21.419472,46.159151],[21.419229,46.159214],[21.418986,46.159277],[21.418742,46.15934],[21.418499,46.159403],[21.418461,46.159413],[21.418257,46.159467],[21.418014,46.159532],[21.417771,46.159596],[21.417528,46.15966],[21.417421,46.159688],[21.417287,46.159725],[21.417045,46.15979],[21.416803,46.159856],[21.416569,46.159919],[21.416561,46.159922],[21.416318,46.159987],[21.416076,46.160052],[21.415883,46.160104],[21.415834,46.160117],[21.415593,46.160182],[21.415591,46.160182],[21.415348,46.160245],[21.415105,46.160309],[21.414862,46.160373],[21.414619,46.160436],[21.414376,46.1605],[21.414336,46.16051],[21.414134,46.160564],[21.413892,46.160629],[21.41365,46.160694],[21.413407,46.160759],[21.413165,46.160824],[21.413081,46.160846],[21.412924,46.160891],[21.412683,46.160958],[21.412598,46.160982],[21.412444,46.161028],[21.412206,46.1611],[21.412125,46.161124],[21.412028,46.161156],[21.411969,46.161175],[21.411734,46.161251],[21.411499,46.161327],[21.411408,46.161357],[21.411263,46.161403],[21.411028,46.161479],[21.410792,46.161554],[21.410713,46.16158],[21.410556,46.16163],[21.41032,46.161706],[21.410085,46.161781],[21.409959,46.161822],[21.409849,46.161857],[21.409613,46.161932],[21.409376,46.162007],[21.409294,46.162033],[21.40914,46.162082],[21.408904,46.162157],[21.408668,46.162232],[21.408539,46.162274],[21.408432,46.162308],[21.408196,46.162383],[21.40796,46.162458],[21.407754,46.162524],[21.407725,46.162533],[21.407489,46.162609],[21.407253,46.162685],[21.407017,46.16276],[21.406965,46.162777],[21.406781,46.162835],[21.406544,46.162909],[21.406308,46.162984],[21.406071,46.163058],[21.405889,46.163115],[21.405835,46.163133],[21.4056,46.16321],[21.405365,46.163287],[21.405131,46.163364],[21.405049,46.163391],[21.404971,46.163416],[21.404915,46.163434],[21.404815,46.163466],[21.404744,46.163488],[21.404581,46.163539],[21.404345,46.163613],[21.404109,46.163687],[21.403873,46.16376],[21.403637,46.163834],[21.403407,46.163906],[21.403401,46.163908],[21.403273,46.163949],[21.403215,46.163968],[21.40235,46.16425],[21.401348,46.164574],[21.400391,46.164878],[21.400346,46.164892],[21.399642,46.165107],[21.398694,46.165397],[21.398252,46.165531],[21.397704,46.165698],[21.397575,46.165737],[21.397483,46.165765],[21.397378,46.165797],[21.397245,46.165837],[21.397006,46.165908],[21.396768,46.16598],[21.39653,46.166052],[21.396462,46.166072],[21.396291,46.166123],[21.396053,46.166195],[21.395815,46.166267],[21.395577,46.166338],[21.395338,46.16641],[21.395115,46.166477],[21.3951,46.166482],[21.394863,46.166556],[21.394627,46.16663],[21.39439,46.166704],[21.394292,46.166735],[21.394153,46.166778],[21.393916,46.166852],[21.393679,46.166925],[21.393466,46.166991],[21.393484,46.166931],[21.393498,46.16687],[21.393501,46.166862],[21.393515,46.166822],[21.393564,46.16669],[21.39359,46.166623],[21.393638,46.166517],[21.393717,46.166346],[21.393796,46.166175],[21.393819,46.166126],[21.393881,46.166004],[21.393968,46.165835],[21.394037,46.165699],[21.394015,46.165696],[21.393758,46.165668],[21.39366,46.165657],[21.393504,46.165633],[21.393251,46.165595],[21.393186,46.165585],[21.392982,46.165602],[21.392724,46.165624],[21.392466,46.165646],[21.392208,46.165667],[21.391958,46.165689],[21.39195,46.165689],[21.391856,46.165697],[21.391792,46.165702],[21.391692,46.16571],[21.391434,46.16573],[21.39132,46.165739],[21.391176,46.165752],[21.390918,46.165775],[21.390883,46.165778],[21.390661,46.1658],[21.390581,46.165808],[21.390404,46.165819],[21.390213,46.165832],[21.390117,46.165841],[21.390118,46.165875],[21.390118,46.165913],[21.390084,46.165982],[21.390042,46.166017],[21.390018,46.166038],[21.389928,46.166076],[21.389825,46.16609],[21.389821,46.166092],[21.389783,46.166103],[21.389749,46.166119],[21.389727,46.166139],[21.389703,46.166172],[21.389706,46.166204],[21.389721,46.166384],[21.389726,46.166446],[21.389729,46.166498],[21.389717,46.166549],[21.389714,46.166556],[21.389695,46.166602],[21.389645,46.166716],[21.38964,46.166728],[21.389568,46.166898],[21.389566,46.166901],[21.389493,46.167073],[21.389464,46.167142],[21.389447,46.167182],[21.389433,46.167217],[21.389422,46.167247],[21.389354,46.16742],[21.389313,46.167527],[21.389324,46.167591],[21.389331,46.167626],[21.389356,46.167727],[21.38937,46.167755],[21.389383,46.16778],[21.389425,46.167845],[21.389459,46.167856],[21.389491,46.167869],[21.389521,46.167885],[21.389522,46.167886],[21.389547,46.167904],[21.389569,46.167925],[21.389599,46.167965],[21.389615,46.168008],[21.389616,46.168043],[21.389616,46.168053],[21.389604,46.168097],[21.389578,46.168138],[21.389553,46.168164],[21.389523,46.168187],[21.389503,46.168198],[21.389488,46.168206],[21.389449,46.168221],[21.389408,46.168232],[21.389364,46.168239],[21.38932,46.168241],[21.389275,46.168238],[21.389254,46.168245],[21.389141,46.168278],[21.389065,46.168307],[21.389018,46.168328],[21.388993,46.168339],[21.388852,46.168405],[21.388801,46.168423],[21.3887,46.168459],[21.388566,46.168495],[21.388504,46.168512],[21.388331,46.168575],[21.38816,46.168637],[21.388101,46.168658],[21.387901,46.16873],[21.38787,46.168741],[21.38764,46.168824],[21.387539,46.16886],[21.38741,46.168908],[21.38718,46.168992],[21.38714,46.169007],[21.38708,46.16903],[21.38695,46.169076],[21.38672,46.169158],[21.386508,46.169234],[21.386494,46.169255],[21.386415,46.169369],[21.386374,46.169411],[21.386229,46.169556],[21.386164,46.169621],[21.386032,46.16967],[21.385802,46.169754],[21.385573,46.169839],[21.385344,46.169923],[21.385115,46.170008],[21.384886,46.170092],[21.384657,46.170177],[21.384428,46.170261],[21.384199,46.170345],[21.38397,46.17043],[21.383741,46.170514],[21.383512,46.170599],[21.383283,46.170683],[21.383054,46.170768],[21.382847,46.170844],[21.382825,46.170852],[21.382596,46.170936],[21.382575,46.170944],[21.382368,46.171024],[21.382141,46.171112],[21.381914,46.1712],[21.381687,46.171287],[21.38146,46.171375],[21.381397,46.171399],[21.381235,46.171471],[21.381016,46.171567],[21.380797,46.171664],[21.38067,46.17172],[21.380579,46.171763],[21.380366,46.171866],[21.380153,46.171968],[21.379939,46.172071],[21.379726,46.172173],[21.37968,46.172195],[21.37952,46.172284],[21.379439,46.172328],[21.379307,46.172386],[21.379275,46.1724],[21.379064,46.172437],[21.379013,46.172446],[21.378811,46.172457],[21.378588,46.17247],[21.378536,46.172492],[21.378317,46.172583],[21.378095,46.172677],[21.377873,46.172769],[21.377829,46.172788],[21.377645,46.172854],[21.377587,46.172874],[21.377411,46.172931],[21.377275,46.172975],[21.377174,46.173004],[21.377028,46.173047],[21.376934,46.173071],[21.376841,46.173096],[21.37669,46.173132],[21.376622,46.173149],[21.376444,46.173188],[21.37632,46.173216],[21.376196,46.173243],[21.375948,46.173296],[21.37592,46.173302],[21.3757,46.173349],[21.375471,46.173397],[21.375451,46.173401],[21.375203,46.173453],[21.375009,46.173494],[21.374954,46.173505],[21.374705,46.173555],[21.374636,46.173569],[21.374453,46.173596],[21.374263,46.173625],[21.374199,46.173635],[21.374158,46.173641],[21.374042,46.17366],[21.373953,46.173699],[21.373901,46.173722],[21.373786,46.173738],[21.373713,46.173744],[21.373701,46.173745],[21.373517,46.173757],[21.373459,46.173758],[21.373199,46.173761],[21.37306,46.173763],[21.37299,46.173771],[21.372937,46.173784],[21.372914,46.17379],[21.372876,46.173808],[21.372752,46.173887],[21.372744,46.173893],[21.372658,46.173959],[21.372556,46.174],[21.372441,46.17402],[21.37232,46.174015],[21.372207,46.173988],[21.372096,46.174022],[21.372011,46.174058],[21.371989,46.174068],[21.371889,46.174113],[21.371795,46.174148],[21.371764,46.17416],[21.371687,46.174177],[21.371602,46.174195],[21.371562,46.174201],[21.371465,46.174215],[21.371315,46.174235],[21.371139,46.17426],[21.371061,46.174275],[21.370812,46.174325],[21.370562,46.174375],[21.370467,46.174395],[21.370314,46.174431],[21.370069,46.17449],[21.369823,46.174549],[21.36959,46.174606],[21.369578,46.174608],[21.369333,46.174667],[21.369087,46.174726],[21.368842,46.174785],[21.368797,46.174796],[21.368594,46.17484],[21.368555,46.174849],[21.368345,46.174893],[21.368097,46.174945],[21.367965,46.174973],[21.367848,46.174998],[21.3676,46.175051],[21.367351,46.175103],[21.367165,46.175143],[21.367101,46.175153],[21.366944,46.175178],[21.366849,46.175196],[21.3666,46.175245],[21.366388,46.175286],[21.366412,46.175343],[21.36639,46.175349],[21.366247,46.175391],[21.366151,46.17542],[21.366076,46.175444],[21.365932,46.175489],[21.365915,46.175494],[21.365772,46.175536],[21.365669,46.175558],[21.365422,46.175612],[21.365204,46.175659],[21.360786,46.17662],[21.360624,46.176655],[21.360501,46.176683],[21.360055,46.176781],[21.358337,46.177161],[21.355923,46.177688],[21.355899,46.177693],[21.355675,46.17774],[21.355427,46.177792],[21.355178,46.177844],[21.355074,46.177866],[21.354948,46.177892],[21.354929,46.177896],[21.354683,46.177953],[21.354436,46.178009],[21.354189,46.178065],[21.353942,46.178122],[21.353861,46.17814],[21.353694,46.178174],[21.353444,46.178224],[21.353195,46.178274],[21.35296,46.178321],[21.352945,46.178324],[21.352886,46.178336],[21.352697,46.178378],[21.352449,46.178432],[21.352201,46.178487],[21.351954,46.178541],[21.351852,46.178564],[21.351706,46.178596],[21.351459,46.178652],[21.351212,46.178707],[21.350965,46.178763],[21.350787,46.178803],[21.350718,46.178818],[21.350471,46.178875],[21.350224,46.178931],[21.349977,46.178987],[21.349785,46.179031],[21.349731,46.179043],[21.349484,46.179099],[21.349237,46.179155],[21.34922,46.179159],[21.34899,46.179212],[21.348838,46.179246],[21.348749,46.179265],[21.348745,46.179265],[21.348623,46.17929],[21.348494,46.17932],[21.348248,46.179377],[21.348001,46.179433],[21.347755,46.17949],[21.347554,46.179536],[21.347508,46.179547],[21.347261,46.179604],[21.347095,46.179643],[21.347015,46.179663],[21.34677,46.179723],[21.346743,46.179729],[21.346525,46.179781],[21.346279,46.17984],[21.346033,46.179899],[21.345942,46.17992],[21.345788,46.179956],[21.345671,46.179983],[21.345541,46.180017],[21.345484,46.180032],[21.345297,46.180075],[21.345081,46.180125],[21.345051,46.180132],[21.344959,46.180153],[21.344804,46.18019],[21.344709,46.180213],[21.344559,46.180251],[21.344482,46.180271],[21.344315,46.180306],[21.344066,46.18036],[21.343818,46.180413],[21.343695,46.180439],[21.34357,46.180465],[21.343321,46.180518],[21.343222,46.180539],[21.343073,46.18057],[21.342824,46.180622],[21.342575,46.180674],[21.342343,46.180722],[21.342331,46.180724],[21.342077,46.180762],[21.342041,46.180767],[21.341823,46.180792],[21.341769,46.180799],[21.34163,46.180808],[21.34157,46.180811],[21.341419,46.180818],[21.341311,46.180824],[21.341277,46.180826],[21.341166,46.180827],[21.341055,46.180827],[21.340974,46.180827],[21.340816,46.18082],[21.340798,46.180819],[21.340675,46.180814],[21.340539,46.180807],[21.340509,46.180805],[21.340301,46.180788],[21.340285,46.180786],[21.34012,46.180766],[21.340033,46.180752],[21.33978,46.180712],[21.339716,46.180702],[21.339534,46.180663],[21.33931,46.180614],[21.339283,46.180609],[21.339115,46.180579],[21.339031,46.180565],[21.338994,46.180559],[21.338815,46.180538],[21.338771,46.180534],[21.338671,46.180525],[21.338516,46.180513],[21.338511,46.180512],[21.3383,46.180505],[21.338248,46.180506],[21.338043,46.180511],[21.337985,46.180517],[21.337728,46.18054],[21.337661,46.180546],[21.337471,46.180575],[21.337217,46.180612],[21.336963,46.18065],[21.336897,46.18066],[21.336709,46.180688],[21.336455,46.180726],[21.336201,46.180765],[21.335947,46.180803],[21.335693,46.180841],[21.335439,46.180879],[21.33538,46.180888],[21.335186,46.18092],[21.334934,46.180963],[21.334681,46.181005],[21.334676,46.181006],[21.334428,46.181045],[21.334391,46.181051],[21.334175,46.181086],[21.334059,46.181105],[21.333922,46.181127],[21.333682,46.181165],[21.333668,46.181167],[21.333614,46.181175],[21.331511,46.18149],[21.329851,46.181738],[21.329738,46.181758],[21.329705,46.181763],[21.329114,46.181848],[21.32886,46.181885],[21.328606,46.181921],[21.328351,46.181958],[21.328097,46.181994],[21.327842,46.182031],[21.327588,46.182067],[21.327334,46.182104],[21.327079,46.18214],[21.326825,46.182177],[21.32657,46.182213],[21.326316,46.18225],[21.326061,46.182286],[21.325807,46.182323],[21.325659,46.182344],[21.325552,46.182363],[21.325485,46.182374],[21.325331,46.182408],[21.325299,46.182415],[21.325222,46.182434],[21.325076,46.182482],[21.325052,46.182491],[21.324948,46.182531],[21.324828,46.182584],[21.324812,46.182591],[21.32468,46.182652],[21.324619,46.182685],[21.324559,46.182719],[21.324504,46.182749],[21.324454,46.182779],[21.324422,46.182798],[21.324401,46.182811],[21.324259,46.182898],[21.324235,46.182915],[21.324089,46.183013],[21.324058,46.183036],[21.324034,46.183053],[21.323965,46.183088],[21.323912,46.183108],[21.323862,46.18312],[21.323804,46.18313],[21.323796,46.183131],[21.32375,46.183137],[21.323743,46.183138],[21.323733,46.183139],[21.323667,46.183144],[21.323603,46.183147],[21.323517,46.183054],[21.323424,46.182953],[21.323379,46.182904],[21.323328,46.182849],[21.323383,46.18273],[21.323396,46.182705],[21.323421,46.182671],[21.323436,46.182656],[21.323455,46.182639],[21.323471,46.182629],[21.323504,46.182609],[21.323544,46.182592],[21.32355,46.182589],[21.323601,46.182571],[21.323712,46.182545],[21.323808,46.182524],[21.323902,46.182504],[21.324064,46.182478],[21.324075,46.182476],[21.324318,46.182441],[21.324432,46.182425],[21.32457,46.182403],[21.324822,46.182365],[21.325013,46.182336]]},"properties":{"line":"Ghioroc","dir":"0","headsign":"Podgoria","mode":"bus","color":"#0059a9"}},{"type":"Feature","geometry":{"type":"LineString","coordinates":[[21.325013,46.182336],[21.325322,46.182288],[21.326549,46.182103],[21.329603,46.181655],[21.329675,46.181645],[21.329802,46.181627],[21.330232,46.18156],[21.330834,46.181467],[21.331258,46.181403],[21.332426,46.181225],[21.332576,46.181202],[21.332967,46.181142],[21.333077,46.181125],[21.333988,46.180986],[21.334025,46.180982],[21.334123,46.180964],[21.33425,46.180945],[21.334358,46.18093],[21.334649,46.180889],[21.335372,46.180774],[21.336851,46.180535],[21.337656,46.180428],[21.337905,46.180397],[21.338119,46.180387],[21.338433,46.180378],[21.33857,46.180382],[21.338774,46.180395],[21.338926,46.180409],[21.339081,46.180436],[21.339235,46.180461],[21.339494,46.180517],[21.3398,46.180581],[21.340118,46.180638],[21.340312,46.180664],[21.340717,46.1807],[21.341029,46.180709],[21.341339,46.180707],[21.341653,46.180694],[21.341999,46.180648],[21.342151,46.180631],[21.342332,46.180601],[21.342495,46.180569],[21.342788,46.18051],[21.343,46.180465],[21.343671,46.180308],[21.344279,46.180167],[21.344407,46.180137],[21.344641,46.18008],[21.344985,46.179988],[21.345779,46.1798],[21.3469,46.179546],[21.348563,46.179172],[21.348695,46.179143],[21.348774,46.179124],[21.349155,46.17904],[21.349643,46.178932],[21.350802,46.178675],[21.351551,46.178514],[21.352121,46.178385],[21.352781,46.178235],[21.35283,46.178224],[21.353141,46.178149],[21.354755,46.177795],[21.354865,46.17777],[21.355275,46.177676],[21.355827,46.177564],[21.356205,46.177482],[21.35829,46.177029],[21.360062,46.176641],[21.360251,46.1766],[21.360362,46.176577],[21.360445,46.176559],[21.360576,46.17653],[21.360671,46.176509],[21.360729,46.176498],[21.360762,46.176491],[21.365032,46.175555],[21.365151,46.175542],[21.365715,46.175417],[21.365718,46.175416],[21.365882,46.175384],[21.366291,46.175305],[21.366388,46.175286],[21.366944,46.175178],[21.367165,46.175143],[21.367965,46.174973],[21.368555,46.174849],[21.368797,46.174796],[21.36959,46.174606],[21.370467,46.174395],[21.371139,46.17426],[21.371461,46.174161],[21.371629,46.174105],[21.37163,46.174104],[21.371725,46.17406],[21.371815,46.174008],[21.37183,46.173997],[21.371888,46.173953],[21.371949,46.173896],[21.371973,46.173858],[21.371977,46.173852],[21.371995,46.173795],[21.371988,46.173699],[21.371992,46.173689],[21.372025,46.17361],[21.372102,46.173533],[21.372112,46.173528],[21.37221,46.173481],[21.372335,46.173449],[21.372336,46.173449],[21.372456,46.173448],[21.372588,46.173417],[21.372808,46.173368],[21.37284,46.173363],[21.373017,46.173334],[21.373089,46.173318],[21.373336,46.173262],[21.373583,46.173206],[21.373621,46.173198],[21.373693,46.173183],[21.373832,46.173154],[21.37408,46.173101],[21.374329,46.173049],[21.374577,46.172997],[21.374826,46.172945],[21.37486,46.172938],[21.375074,46.172892],[21.375323,46.172839],[21.375561,46.172787],[21.375571,46.172785],[21.375721,46.172753],[21.375819,46.172732],[21.376067,46.172679],[21.376213,46.172648],[21.376316,46.172621],[21.376461,46.172582],[21.376558,46.172554],[21.376798,46.172485],[21.376949,46.172442],[21.377038,46.172416],[21.377277,46.172345],[21.377516,46.172275],[21.377755,46.172204],[21.377994,46.172134],[21.378074,46.17211],[21.378069,46.17203],[21.378065,46.171967],[21.378054,46.171808],[21.37805,46.171784],[21.378018,46.171606],[21.377987,46.171427],[21.377955,46.171249],[21.377923,46.17107],[21.377892,46.170892],[21.37786,46.170714],[21.377841,46.170609],[21.377829,46.170535],[21.377799,46.170356],[21.377769,46.170178],[21.377739,46.170002],[21.377738,46.169999],[21.377702,46.169821],[21.377698,46.169805],[21.377675,46.169643],[21.377648,46.169464],[21.377644,46.169432],[21.377628,46.169285],[21.377622,46.169228],[21.377815,46.169165],[21.37805,46.169089],[21.378285,46.169012],[21.378491,46.168945],[21.378552,46.169025],[21.378586,46.16907],[21.378689,46.1692],[21.378612,46.169225],[21.378394,46.169296],[21.378158,46.169372],[21.377923,46.169449],[21.377847,46.169474],[21.377911,46.169568],[21.377937,46.169606],[21.378025,46.16973],[21.378026,46.169732],[21.37812,46.169864],[21.378141,46.169888],[21.378227,46.169987],[21.378269,46.170048],[21.378314,46.170113],[21.378388,46.170205],[21.378416,46.17024],[21.378508,46.17036],[21.378453,46.170381],[21.378232,46.170463],[21.378003,46.170548],[21.377841,46.170609],[21.377849,46.170652],[21.377881,46.170831],[21.377912,46.171009],[21.377944,46.171188],[21.377976,46.171366],[21.378007,46.171545],[21.378039,46.171723],[21.378054,46.171808],[21.378061,46.171904],[21.378069,46.17203],[21.378073,46.172083],[21.378074,46.17211],[21.377909,46.172159],[21.37767,46.172229],[21.377431,46.1723],[21.377192,46.17237],[21.376953,46.172441],[21.376949,46.172442],[21.376713,46.172509],[21.376473,46.172578],[21.376461,46.172582],[21.376232,46.172643],[21.376213,46.172648],[21.375987,46.172696],[21.375739,46.172749],[21.375721,46.172753],[21.375561,46.172787],[21.375491,46.172803],[21.375243,46.172856],[21.374994,46.172909],[21.37486,46.172938],[21.374746,46.172962],[21.374498,46.173014],[21.374249,46.173066],[21.374001,46.173118],[21.373752,46.17317],[21.373693,46.173183],[21.373621,46.173198],[21.373502,46.173224],[21.373255,46.17328],[21.373017,46.173334],[21.372994,46.173344],[21.372854,46.173405],[21.372787,46.173447],[21.372777,46.173453],[21.372704,46.173536],[21.372767,46.173601],[21.372779,46.173614],[21.372959,46.17366],[21.373015,46.173665],[21.373087,46.173672],[21.373271,46.17367],[21.373527,46.173666],[21.373528,46.173666],[21.373786,46.173653],[21.373852,46.17365],[21.374042,46.17366],[21.374158,46.173641],[21.374263,46.173625],[21.374293,46.173621],[21.374546,46.173582],[21.374636,46.173569],[21.374798,46.173536],[21.375009,46.173494],[21.375048,46.173486],[21.375296,46.173434],[21.375471,46.173397],[21.375545,46.173381],[21.375793,46.173329],[21.37592,46.173302],[21.376042,46.173276],[21.37629,46.173222],[21.37632,46.173216],[21.376537,46.173168],[21.376622,46.173149],[21.376782,46.17311],[21.376841,46.173096],[21.377024,46.173048],[21.377028,46.173047],[21.377262,46.172979],[21.377275,46.172975],[21.377498,46.172903],[21.377587,46.172874],[21.377731,46.172823],[21.377829,46.172788],[21.377958,46.172734],[21.37818,46.172641],[21.378402,46.172548],[21.378588,46.17247],[21.378645,46.172467],[21.378903,46.172452],[21.379013,46.172446],[21.379157,46.172421],[21.379275,46.1724],[21.37939,46.17235],[21.379439,46.172328],[21.379596,46.172242],[21.37968,46.172195],[21.379806,46.172135],[21.38002,46.172032],[21.380233,46.17193],[21.380446,46.171827],[21.380659,46.171724],[21.38067,46.17172],[21.38088,46.171627],[21.381012,46.171569],[21.381397,46.171399],[21.382575,46.170944],[21.382847,46.170844],[21.386164,46.169621],[21.3862,46.169585],[21.386347,46.169437],[21.386415,46.169369],[21.386476,46.169281],[21.386508,46.169234],[21.386678,46.169173],[21.386909,46.169091],[21.38708,46.16903],[21.387139,46.169007],[21.38714,46.169007],[21.387368,46.168923],[21.387539,46.16886],[21.387598,46.168839],[21.387829,46.168756],[21.387901,46.16873],[21.388059,46.168673],[21.38816,46.168637],[21.388289,46.16859],[21.388504,46.168512],[21.388517,46.168503],[21.388629,46.168432],[21.388713,46.168389],[21.388743,46.168374],[21.388821,46.16833],[21.388908,46.168272],[21.388916,46.168267],[21.388966,46.168216],[21.388999,46.16816],[21.389022,46.168116],[21.389036,46.168086],[21.389028,46.168052],[21.389029,46.168018],[21.389038,46.167984],[21.389055,46.167951],[21.389068,46.167935],[21.389079,46.167921],[21.389111,46.167895],[21.389166,46.167772],[21.389233,46.167627],[21.389253,46.167602],[21.389313,46.167527],[21.389349,46.167434],[21.389416,46.167261],[21.389433,46.167217],[21.389447,46.167182],[21.389464,46.167142],[21.389487,46.167088],[21.38956,46.166915],[21.389568,46.166898],[21.389634,46.166743],[21.389645,46.166716],[21.389695,46.166602],[21.389708,46.16657],[21.389717,46.166549],[21.389729,46.166498],[21.389726,46.166446],[21.389729,46.166498],[21.389717,46.166549],[21.389695,46.166602],[21.389695,46.166603],[21.389645,46.166716],[21.38962,46.166775],[21.389568,46.166898],[21.389547,46.166947],[21.389473,46.16712],[21.389464,46.167142],[21.389447,46.167182],[21.389433,46.167217],[21.389403,46.167294],[21.389336,46.167467],[21.389313,46.167527],[21.389331,46.167626],[21.389335,46.167644],[21.389356,46.167727],[21.389383,46.16778],[21.389403,46.167811],[21.389425,46.167845],[21.389459,46.167856],[21.389491,46.167869],[21.389521,46.167885],[21.389547,46.167904],[21.389569,46.167925],[21.389587,46.167931],[21.389686,46.167961],[21.38977,46.167975],[21.389832,46.167976],[21.38987,46.167978],[21.390044,46.167966],[21.390099,46.167961],[21.390152,46.167955],[21.390257,46.167939],[21.390354,46.167922],[21.390411,46.167912],[21.39042,46.16791],[21.390584,46.167873],[21.390727,46.167851],[21.390931,46.16779],[21.391304,46.167675],[21.391678,46.167556],[21.392031,46.167441],[21.392375,46.167333],[21.392577,46.16727],[21.39309,46.167109],[21.393181,46.16708],[21.393466,46.166991],[21.393983,46.166831],[21.394292,46.166735],[21.395115,46.166477],[21.396462,46.166072],[21.397378,46.165797],[21.397704,46.165698],[21.398137,46.165566],[21.398252,46.165531],[21.398694,46.165397],[21.399642,46.165107],[21.400346,46.164892],[21.400391,46.164878],[21.401348,46.164574],[21.40235,46.16425],[21.402985,46.164043],[21.40322,46.163966],[21.403273,46.163949],[21.403407,46.163906],[21.403455,46.163891],[21.403692,46.163817],[21.403928,46.163743],[21.404165,46.163669],[21.404401,46.163595],[21.404638,46.163521],[21.404744,46.163488],[21.404873,46.163447],[21.404915,46.163434],[21.404971,46.163416],[21.405108,46.163371],[21.405342,46.163295],[21.405575,46.163218],[21.405808,46.163142],[21.405889,46.163115],[21.406043,46.163067],[21.406196,46.163019],[21.406965,46.162777],[21.407754,46.162524],[21.408539,46.162274],[21.409294,46.162033],[21.409959,46.161822],[21.410713,46.16158],[21.411408,46.161357],[21.412028,46.161156],[21.412125,46.161124],[21.412598,46.160982],[21.412649,46.160968],[21.413081,46.160846],[21.414336,46.16051],[21.415593,46.160182],[21.415883,46.160104],[21.416569,46.159919],[21.41684,46.159846],[21.417421,46.159688],[21.418461,46.159413],[21.420813,46.158803],[21.420909,46.15878],[21.421452,46.158644],[21.423312,46.158176],[21.423468,46.158138],[21.424491,46.157884],[21.424823,46.157801],[21.426159,46.15747],[21.428619,46.156849],[21.428779,46.156769],[21.428934,46.156691],[21.428988,46.156662],[21.429079,46.156613],[21.429171,46.15654],[21.429207,46.156512],[21.429197,46.156448],[21.429213,46.156385],[21.429233,46.156356],[21.429253,46.156327],[21.429315,46.15628],[21.429362,46.156257],[21.429396,46.156246],[21.429415,46.15624],[21.429471,46.156229],[21.429528,46.156226],[21.429622,46.156236],[21.429642,46.156242],[21.429708,46.156263],[21.429779,46.156307],[21.429829,46.156362],[21.429845,46.156366],[21.429974,46.156395],[21.430101,46.156403],[21.430202,46.15641],[21.430259,46.156409],[21.430504,46.156404],[21.430676,46.156364],[21.431274,46.156236],[21.432421,46.155957],[21.433344,46.155724],[21.434246,46.155506],[21.435153,46.155278],[21.436407,46.154976],[21.436533,46.154945],[21.437696,46.154665],[21.438997,46.154356],[21.440567,46.153977],[21.441941,46.153648],[21.443116,46.153369],[21.44412,46.153122],[21.445682,46.152751],[21.44713,46.152397],[21.448373,46.152094],[21.448392,46.15209],[21.449557,46.151812],[21.45099,46.151472],[21.451996,46.151235],[21.453272,46.150932],[21.454544,46.150627],[21.456115,46.150258],[21.456184,46.150242],[21.457155,46.15001],[21.458111,46.149783],[21.458633,46.149659],[21.45865,46.149655],[21.458723,46.149637],[21.459614,46.149416],[21.46035,46.149237],[21.461269,46.14902],[21.462195,46.148797],[21.462663,46.148685],[21.462908,46.148627],[21.463049,46.148593],[21.463154,46.148568],[21.4634,46.14851],[21.463645,46.148452],[21.463891,46.148394],[21.463972,46.148375],[21.464137,46.148335],[21.464383,46.148275],[21.464628,46.148216],[21.46487,46.148158],[21.465093,46.148104],[21.465317,46.14805],[21.465342,46.148044],[21.465551,46.147994],[21.465791,46.147936],[21.46603,46.147879],[21.466269,46.147822],[21.466509,46.147765],[21.466526,46.147761],[21.466625,46.147738],[21.466676,46.147726],[21.46732,46.147568],[21.46804,46.147399],[21.468761,46.147236],[21.469336,46.147102],[21.470381,46.146857],[21.470898,46.146737],[21.471144,46.14668],[21.471368,46.146629],[21.471389,46.146624],[21.47142,46.146618],[21.471637,46.146567],[21.471883,46.146509],[21.472048,46.14647],[21.472129,46.146453],[21.472338,46.146411],[21.472379,46.146403],[21.472445,46.14639],[21.472611,46.146359],[21.472629,46.146356],[21.472865,46.146314],[21.472881,46.146312],[21.473097,46.146277],[21.473134,46.146271],[21.473388,46.146233],[21.473397,46.146232],[21.473643,46.146199],[21.473658,46.146198],[21.473892,46.14617],[21.4739,46.146169],[21.474137,46.146146],[21.474157,46.146144],[21.474347,46.146128],[21.474392,46.146125],[21.475028,46.146088],[21.475927,46.146055],[21.476901,46.146018],[21.478037,46.145974],[21.479103,46.145936],[21.479349,46.145927],[21.479606,46.145917],[21.479711,46.145914],[21.479863,46.145908],[21.48012,46.145899],[21.480377,46.145889],[21.480459,46.145886],[21.480634,46.14588],[21.480881,46.14587],[21.481125,46.145861],[21.481362,46.145851],[21.481501,46.145846],[21.482496,46.14581],[21.48393,46.145755],[21.485327,46.1457],[21.48635,46.145667],[21.486451,46.145664],[21.48705,46.145647],[21.487557,46.145632],[21.488149,46.145614],[21.488463,46.145606],[21.488736,46.145598],[21.489124,46.145583],[21.489493,46.145575],[21.490455,46.145548],[21.491841,46.145509],[21.49194,46.145506],[21.494644,46.145431],[21.494716,46.145429],[21.49481,46.145426],[21.498383,46.145318],[21.506282,46.145099],[21.507947,46.145059],[21.50902,46.145031],[21.509535,46.145022],[21.509873,46.145009],[21.510116,46.145005],[21.510429,46.144987],[21.510627,46.144972],[21.510761,46.144954],[21.510809,46.144948],[21.510999,46.144919],[21.511359,46.144847],[21.511668,46.144772],[21.51222,46.144611],[21.512556,46.144496],[21.512925,46.144379],[21.51361,46.144156],[21.514192,46.14396],[21.514407,46.143886],[21.514744,46.143771],[21.515281,46.143586],[21.516734,46.143065],[21.517477,46.142799],[21.518137,46.142561],[21.518325,46.142492],[21.51909,46.142214],[21.519155,46.14219],[21.519374,46.142113],[21.519385,46.142109],[21.519618,46.142029],[21.519631,46.142024],[21.519857,46.141958],[21.520096,46.141887],[21.520335,46.141817],[21.520337,46.141816],[21.520577,46.141752],[21.520748,46.141706],[21.52082,46.141686],[21.521062,46.141621],[21.521159,46.141595],[21.521304,46.141556],[21.521546,46.14149],[21.521559,46.141487],[21.521788,46.141427],[21.522031,46.141363],[21.522044,46.14136],[21.522274,46.141301],[21.522328,46.141288],[21.522517,46.141244],[21.522565,46.141233],[21.52269,46.14121],[21.522767,46.141195],[21.523017,46.141149],[21.523267,46.141102],[21.523376,46.141082],[21.52352,46.141057],[21.523772,46.141015],[21.523795,46.141011],[21.524023,46.140971],[21.524194,46.140942],[21.524273,46.140929],[21.524522,46.140886],[21.52477,46.140843],[21.525019,46.140801],[21.525268,46.140758],[21.525291,46.140754],[21.525391,46.140731],[21.525515,46.140705],[21.525682,46.14067],[21.525762,46.140652],[21.525834,46.140637],[21.526011,46.140592],[21.526034,46.140586],[21.526255,46.140526],[21.526385,46.140491],[21.526499,46.140457],[21.526733,46.140387],[21.52674,46.140385],[21.526976,46.140309],[21.527101,46.140268],[21.527154,46.140248],[21.527212,46.140227],[21.527251,46.140212],[21.527423,46.140148],[21.528157,46.139876],[21.528556,46.139725],[21.528906,46.139595],[21.529518,46.139366],[21.530163,46.139123],[21.531317,46.138689],[21.531443,46.138641],[21.531587,46.138741],[21.531612,46.138758],[21.531676,46.138862],[21.531705,46.138908],[21.53173,46.138946],[21.531779,46.139016],[21.531806,46.139061],[21.531849,46.139083],[21.531904,46.13911],[21.532054,46.13919],[21.532086,46.139207],[21.532265,46.139298],[21.53234,46.139336],[21.532474,46.139404],[21.532683,46.139511],[21.532818,46.13958],[21.532893,46.139617],[21.532918,46.13963],[21.533758,46.140055],[21.534786,46.140583],[21.535822,46.141101],[21.535942,46.141156],[21.536337,46.141353],[21.536706,46.141531],[21.537012,46.141687],[21.537873,46.142124],[21.539033,46.142709],[21.540056,46.143217],[21.540531,46.143457],[21.541069,46.143728],[21.542022,46.144204],[21.543041,46.144717],[21.543477,46.14493],[21.543935,46.145165],[21.54541,46.145899],[21.546311,46.146362],[21.547006,46.146713],[21.548242,46.147319],[21.549487,46.147945],[21.550182,46.148296],[21.550541,46.148478],[21.550882,46.148642],[21.551112,46.148751],[21.5513,46.148833],[21.551536,46.148928],[21.551611,46.148953],[21.551665,46.148971],[21.551798,46.14901],[21.552123,46.149097],[21.552881,46.14928],[21.553636,46.14946],[21.553862,46.149511],[21.553981,46.149539],[21.554083,46.149553],[21.554181,46.149569],[21.554315,46.149587],[21.554472,46.149604],[21.555121,46.149676],[21.555757,46.149748],[21.556076,46.149784],[21.55631,46.149813],[21.556443,46.149831],[21.556577,46.149854],[21.557039,46.149936],[21.557527,46.150023],[21.558077,46.150126],[21.558471,46.150198],[21.558889,46.150275],[21.559166,46.150326],[21.559426,46.150378],[21.559681,46.150441],[21.559877,46.150489],[21.560061,46.150541],[21.560261,46.150597],[21.56033,46.15062],[21.560417,46.15065],[21.560538,46.150688],[21.560666,46.150727],[21.560866,46.150788],[21.560873,46.15079],[21.561077,46.150844],[21.561314,46.150902],[21.561569,46.150957],[21.5619,46.151028],[21.562245,46.151103],[21.565011,46.151699],[21.566397,46.152001],[21.567114,46.152164],[21.567805,46.152309],[21.568359,46.152432],[21.570081,46.152808],[21.570966,46.152997],[21.571531,46.153123],[21.572105,46.153254],[21.572543,46.15335],[21.572811,46.153414],[21.573105,46.153476],[21.573521,46.153563],[21.573635,46.153584],[21.573812,46.153614],[21.573979,46.153643],[21.574067,46.153655],[21.574287,46.153686],[21.57448,46.15371],[21.574667,46.153725],[21.574895,46.153747],[21.575329,46.153783],[21.575743,46.153807],[21.576489,46.153859],[21.577292,46.153906],[21.578073,46.153957],[21.578499,46.153983],[21.57882,46.154004],[21.579025,46.154015],[21.579115,46.154019],[21.579225,46.154031],[21.57945,46.154046],[21.579656,46.154061],[21.579707,46.154064],[21.58282,46.154225],[21.583422,46.154253],[21.583951,46.154279],[21.584018,46.154285],[21.584049,46.154289],[21.584085,46.154294],[21.584162,46.154306],[21.584295,46.154329],[21.584331,46.154335],[21.584375,46.154345],[21.584438,46.154361],[21.584539,46.154388],[21.584677,46.154424],[21.584781,46.154456],[21.585019,46.154528],[21.585232,46.154593],[21.585257,46.154602],[21.585488,46.154683],[21.585491,46.154684],[21.585708,46.154776],[21.585928,46.154869],[21.586067,46.154928],[21.586145,46.154959],[21.586152,46.154961],[21.586287,46.155014],[21.586307,46.155021],[21.586328,46.155029],[21.586384,46.155048],[21.586403,46.155055],[21.586498,46.155085],[21.586569,46.155104],[21.586619,46.155116],[21.586655,46.155121],[21.586733,46.155131],[21.586767,46.155135]]},"properties":{"line":"Ghioroc","dir":"1","headsign":"Ghioroc 1","mode":"bus","color":"#0059a9"}},{"type":"Feature","geometry":{"type":"LineString","coordinates":[[21.325012,46.182336],[21.325265,46.182297],[21.325322,46.182288],[21.325519,46.182258],[21.325773,46.18222],[21.326027,46.182181],[21.326281,46.182143],[21.326535,46.182105],[21.326549,46.182103],[21.326789,46.182067],[21.327043,46.18203],[21.327297,46.181993],[21.327551,46.181956],[21.327805,46.181918],[21.32806,46.181881],[21.328314,46.181844],[21.328568,46.181807],[21.328822,46.18177],[21.329076,46.181732],[21.329331,46.181695],[21.329585,46.181658],[21.329603,46.181655],[21.329675,46.181645],[21.329802,46.181627],[21.32984,46.181621],[21.330093,46.181582],[21.330232,46.18156],[21.330347,46.181542],[21.3306,46.181503],[21.330834,46.181467],[21.330854,46.181464],[21.331108,46.181426],[21.331258,46.181403],[21.331361,46.181387],[21.331615,46.181348],[21.331869,46.18131],[21.332123,46.181271],[21.332376,46.181232],[21.332426,46.181225],[21.332576,46.181202],[21.33263,46.181194],[21.332884,46.181155],[21.333077,46.181125],[21.333137,46.181116],[21.333391,46.181077],[21.333645,46.181039],[21.333899,46.181],[21.333988,46.180986],[21.334025,46.180982],[21.334123,46.180964],[21.334152,46.18096],[21.33425,46.180945],[21.334358,46.18093],[21.334406,46.180923],[21.334649,46.180889],[21.334661,46.180887],[21.334914,46.180847],[21.335167,46.180807],[21.335372,46.180774],[21.33542,46.180766],[21.335673,46.180726],[21.335926,46.180685],[21.336179,46.180644],[21.336432,46.180603],[21.336685,46.180562],[21.336851,46.180535],[21.336941,46.180523],[21.337196,46.180489],[21.337451,46.180455],[21.337656,46.180428],[21.337706,46.180422],[21.337905,46.180397],[21.337967,46.180394],[21.338119,46.180387],[21.338227,46.180384],[21.338433,46.180378],[21.338492,46.18038],[21.33857,46.180382],[21.338754,46.180394],[21.338774,46.180395],[21.338926,46.180409],[21.33902,46.180425],[21.339081,46.180436],[21.339235,46.180461],[21.339275,46.18047],[21.339494,46.180517],[21.339523,46.180523],[21.339772,46.180575],[21.3398,46.180581],[21.340021,46.180621],[21.340118,46.180638],[21.34027,46.180659],[21.340312,46.180664],[21.340524,46.180683],[21.340717,46.1807],[21.340779,46.180702],[21.341029,46.180709],[21.341036,46.180709],[21.341295,46.180707],[21.341339,46.180707],[21.341553,46.180698],[21.341653,46.180694],[21.341805,46.180674],[21.341999,46.180648],[21.342062,46.180641],[21.342151,46.180631],[21.342312,46.180604],[21.342332,46.180601],[21.342495,46.180569],[21.342561,46.180556],[21.342788,46.18051],[21.34281,46.180505],[21.343,46.180465],[21.343057,46.180452],[21.343303,46.180394],[21.343549,46.180337],[21.343671,46.180308],[21.343795,46.180279],[21.344042,46.180222],[21.344284,46.180166],[21.344407,46.180137],[21.344641,46.18008],[21.344985,46.179988],[21.345779,46.1798],[21.3469,46.179546],[21.348563,46.179172],[21.348695,46.179143],[21.348774,46.179124],[21.349152,46.17904],[21.349155,46.17904],[21.349643,46.178932],[21.350802,46.178675],[21.351551,46.178514],[21.352121,46.178385],[21.352781,46.178235],[21.35283,46.178224],[21.353141,46.178149],[21.354755,46.177795],[21.354865,46.17777],[21.355275,46.177676],[21.355827,46.177564],[21.356205,46.177482],[21.35829,46.177029],[21.360062,46.176641],[21.360251,46.1766],[21.360362,46.176577],[21.360445,46.176559],[21.360576,46.17653],[21.360671,46.176509],[21.360729,46.176498],[21.360762,46.176491],[21.365032,46.175555],[21.365151,46.175542],[21.365715,46.175417],[21.365718,46.175416],[21.365882,46.175384],[21.365895,46.175382],[21.366145,46.175333],[21.366291,46.175305],[21.366388,46.175286],[21.366395,46.175285],[21.366636,46.175238],[21.366886,46.175189],[21.366944,46.175178],[21.367138,46.175147],[21.367165,46.175143],[21.367387,46.175096],[21.367636,46.175043],[21.367884,46.17499],[21.367965,46.174973],[21.368133,46.174938],[21.368381,46.174885],[21.368555,46.174849],[21.36863,46.174832],[21.368797,46.174796],[21.368877,46.174777],[21.369122,46.174718],[21.369368,46.174659],[21.36959,46.174606],[21.369613,46.1746],[21.369859,46.174541],[21.370104,46.174482],[21.370349,46.174423],[21.370467,46.174395],[21.370598,46.174368],[21.370847,46.174318],[21.371097,46.174268],[21.371139,46.17426],[21.37133,46.174201],[21.371461,46.174161],[21.37156,46.174128],[21.37163,46.174104],[21.371725,46.17406],[21.371771,46.174033],[21.371815,46.174008],[21.371888,46.173953],[21.371939,46.173905],[21.371949,46.173896],[21.371977,46.173852],[21.371995,46.173795],[21.371991,46.173738],[21.371988,46.173699],[21.372025,46.17361],[21.372061,46.173574],[21.372102,46.173533],[21.37221,46.173481],[21.37226,46.173468],[21.372336,46.173449],[21.372456,46.173448],[21.372517,46.173461],[21.372591,46.173477],[21.372704,46.173536],[21.372731,46.173565],[21.372779,46.173614],[21.372929,46.173652],[21.372959,46.17366],[21.373087,46.173672],[21.373179,46.173671],[21.373439,46.173667],[21.373527,46.173666],[21.373695,46.173658],[21.373852,46.17365],[21.373948,46.173655],[21.374042,46.17366],[21.374158,46.173641],[21.374188,46.173637],[21.374263,46.173625],[21.374442,46.173598],[21.374636,46.173569],[21.374694,46.173557],[21.374943,46.173507],[21.375009,46.173494],[21.375192,46.173456],[21.37544,46.173403],[21.375471,46.173397],[21.375689,46.173351],[21.37592,46.173302],[21.375937,46.173299],[21.376185,46.173245],[21.37632,46.173216],[21.376433,46.173191],[21.376622,46.173149],[21.376679,46.173135],[21.376841,46.173096],[21.376923,46.173074],[21.377028,46.173047],[21.377163,46.173007],[21.377275,46.172975],[21.3774,46.172935],[21.377587,46.172874],[21.377634,46.172857],[21.377829,46.172788],[21.377864,46.172774],[21.378085,46.172681],[21.378307,46.172588],[21.378527,46.172495],[21.378588,46.17247],[21.3788,46.172458],[21.379013,46.172446],[21.379052,46.172439],[21.379275,46.1724],[21.379297,46.172391],[21.379439,46.172328],[21.379511,46.172289],[21.37968,46.172195],[21.379716,46.172178],[21.37993,46.172075],[21.380143,46.171973],[21.380356,46.17187],[21.380569,46.171768],[21.38067,46.17172],[21.380787,46.171668],[21.381006,46.171572],[21.381225,46.171475],[21.381397,46.171399],[21.38145,46.171379],[21.381677,46.171291],[21.381904,46.171204],[21.382131,46.171116],[21.382357,46.171028],[21.382575,46.170944],[21.382585,46.17094],[21.382815,46.170856],[21.382847,46.170844],[21.383044,46.170771],[21.383273,46.170687],[21.383502,46.170602],[21.383731,46.170518],[21.38396,46.170434],[21.384189,46.170349],[21.384418,46.170265],[21.384646,46.17018],[21.384875,46.170096],[21.385104,46.170012],[21.385334,46.169927],[21.385563,46.169842],[21.385792,46.169758],[21.386021,46.169673],[21.386164,46.169621],[21.386222,46.169562],[21.386367,46.169417],[21.386415,46.169369],[21.386489,46.169262],[21.386508,46.169234],[21.386709,46.169162],[21.38694,46.16908],[21.38708,46.16903],[21.38714,46.169007],[21.38717,46.168996],[21.3874,46.168912],[21.387539,46.16886],[21.387629,46.168828],[21.38786,46.168745],[21.387901,46.16873],[21.38809,46.168662],[21.38816,46.168637],[21.388321,46.168578],[21.388504,46.168512],[21.388545,46.168485],[21.388629,46.168432],[21.388743,46.168374],[21.388746,46.168373],[21.388821,46.16833],[21.388916,46.168267],[21.388933,46.16825],[21.388966,46.168216],[21.388999,46.16816],[21.389036,46.168086],[21.389028,46.168052],[21.389029,46.168018],[21.389038,46.167984],[21.389055,46.167951],[21.389079,46.167921],[21.389111,46.167895],[21.389171,46.167763],[21.389233,46.167627],[21.389262,46.16759],[21.389313,46.167527],[21.389352,46.167426],[21.38942,46.167252],[21.389433,46.167217],[21.389447,46.167182],[21.389464,46.167142],[21.389491,46.167079],[21.389564,46.166906],[21.389568,46.166898],[21.389638,46.166734],[21.389645,46.166716],[21.389695,46.166602],[21.389711,46.166562],[21.389717,46.166549],[21.389729,46.166498],[21.389726,46.166446],[21.389726,46.166453],[21.389729,46.166498],[21.389717,46.166549],[21.389695,46.166602],[21.389686,46.166623],[21.389645,46.166716],[21.389611,46.166795],[21.389568,46.166898],[21.389538,46.166968],[21.389465,46.16714],[21.389464,46.167142],[21.389447,46.167182],[21.389433,46.167217],[21.389395,46.167314],[21.389328,46.167488],[21.389313,46.167527],[21.389331,46.167626],[21.389337,46.167653],[21.389356,46.167727],[21.389383,46.16778],[21.389408,46.167819],[21.389425,46.167845],[21.389459,46.167856],[21.389491,46.167869],[21.389521,46.167885],[21.389547,46.167904],[21.389569,46.167925],[21.389596,46.167933],[21.389686,46.167961],[21.38977,46.167975],[21.389848,46.167977],[21.38987,46.167978],[21.390044,46.167966],[21.390106,46.16796],[21.390152,46.167955],[21.390257,46.167939],[21.390361,46.16792],[21.39042,46.16791],[21.390584,46.167873],[21.390609,46.167869],[21.390727,46.167851],[21.390859,46.167812],[21.390931,46.16779],[21.391096,46.167739],[21.391304,46.167675],[21.391333,46.167666],[21.391569,46.16759],[21.391678,46.167556],[21.391805,46.167514],[21.392031,46.167441],[21.39204,46.167439],[21.392277,46.167364],[21.392375,46.167333],[21.392513,46.16729],[21.392577,46.16727],[21.39275,46.167216],[21.392986,46.167141],[21.39309,46.167109],[21.393181,46.16708],[21.393222,46.167067],[21.39346,46.166993],[21.393466,46.166991],[21.393697,46.16692],[21.393934,46.166846],[21.394171,46.166773],[21.394292,46.166735],[21.394408,46.166699],[21.394644,46.166625],[21.394881,46.166551],[21.395115,46.166477],[21.395117,46.166476],[21.395356,46.166405],[21.395594,46.166333],[21.395832,46.166261],[21.396071,46.16619],[21.396309,46.166118],[21.396462,46.166072],[21.396547,46.166046],[21.396786,46.165975],[21.397024,46.165903],[21.397262,46.165832],[21.397378,46.165797],[21.397501,46.16576],[21.397704,46.165698],[21.397739,46.165688],[21.397976,46.165615],[21.398137,46.165566],[21.398252,46.165531],[21.398694,46.165397],[21.399642,46.165107],[21.400346,46.164892],[21.400391,46.164878],[21.401348,46.164574],[21.40235,46.16425],[21.403273,46.163949],[21.403407,46.163906],[21.404744,46.163488],[21.404915,46.163434],[21.404971,46.163416],[21.405315,46.163304],[21.405458,46.163257],[21.405692,46.16318],[21.405889,46.163115],[21.405928,46.163103],[21.406164,46.163029],[21.406401,46.162955],[21.406637,46.16288],[21.406874,46.162806],[21.406965,46.162777],[21.40711,46.162731],[21.407346,46.162655],[21.407581,46.162579],[21.407754,46.162524],[21.407817,46.162504],[21.408053,46.162429],[21.408289,46.162353],[21.408525,46.162278],[21.408539,46.162274],[21.408761,46.162203],[21.408997,46.162128],[21.409233,46.162052],[21.409294,46.162033],[21.409469,46.161977],[21.409705,46.161902],[21.409941,46.161827],[21.409959,46.161822],[21.410177,46.161752],[21.410413,46.161676],[21.410649,46.1616],[21.410713,46.16158],[21.410884,46.161525],[21.41112,46.161449],[21.411356,46.161374],[21.411408,46.161357],[21.411591,46.161297],[21.411826,46.161221],[21.412028,46.161156],[21.412061,46.161145],[21.412125,46.161124],[21.412299,46.161072],[21.412538,46.161],[21.412598,46.160982],[21.412778,46.160931],[21.413019,46.160864],[21.413081,46.160846],[21.413261,46.160798],[21.413503,46.160733],[21.413745,46.160669],[21.413987,46.160604],[21.41423,46.160539],[21.414336,46.16051],[21.414472,46.160475],[21.414715,46.160411],[21.414958,46.160348],[21.415201,46.160284],[21.415444,46.16022],[21.415593,46.160182],[21.415687,46.160156],[21.415883,46.160104],[21.415929,46.160091],[21.416172,46.160026],[21.416414,46.159961],[21.416569,46.159919],[21.416656,46.159896],[21.416898,46.15983],[21.41714,46.159765],[21.417382,46.159699],[21.417421,46.159688],[21.417624,46.159635],[21.417867,46.159571],[21.41811,46.159506],[21.418352,46.159442],[21.418461,46.159413],[21.418595,46.159379],[21.418838,46.159315],[21.419082,46.159252],[21.419325,46.159189],[21.419568,46.159126],[21.419811,46.159063],[21.420055,46.159],[21.420298,46.158937],[21.420541,46.158873],[21.420784,46.15881],[21.420813,46.158803],[21.420909,46.15878],[21.421029,46.15875],[21.421273,46.158689],[21.421517,46.158627],[21.421761,46.158566],[21.422006,46.158504],[21.42225,46.158443],[21.422494,46.158382],[21.422738,46.15832],[21.422983,46.158259],[21.423227,46.158198],[21.423312,46.158176],[21.423468,46.158138],[21.423471,46.158137],[21.423716,46.158076],[21.42396,46.158015],[21.424205,46.157955],[21.42445,46.157894],[21.424491,46.157884],[21.424694,46.157833],[21.424823,46.157801],[21.424939,46.157773],[21.425183,46.157712],[21.425428,46.157651],[21.425672,46.157591],[21.425917,46.15753],[21.426159,46.15747],[21.426162,46.157469],[21.426406,46.157408],[21.42665,46.157346],[21.426894,46.157284],[21.427138,46.157223],[21.427381,46.157161],[21.427616,46.157102],[21.427851,46.157043],[21.428052,46.156992]]},"properties":{"line":"Vladimirescu","dir":"0","headsign":"DN 7_2","mode":"bus","color":"#0059a9"}},{"type":"Feature","geometry":{"type":"LineString","coordinates":[[21.428052,46.156992],[21.427814,46.157052],[21.427576,46.157112],[21.427337,46.157173],[21.427097,46.157233],[21.426853,46.157295],[21.426609,46.157356],[21.426365,46.157418],[21.426159,46.15747],[21.426121,46.15748],[21.425876,46.15754],[21.425631,46.157601],[21.425387,46.157662],[21.425142,46.157722],[21.424898,46.157783],[21.424823,46.157801],[21.424653,46.157844],[21.424491,46.157884],[21.424408,46.157904],[21.424164,46.157965],[21.423919,46.158026],[21.423675,46.158086],[21.423468,46.158138],[21.42343,46.158147],[21.423312,46.158176],[21.423186,46.158208],[21.422942,46.158269],[21.422697,46.158331],[21.422453,46.158392],[21.422209,46.158453],[21.421965,46.158515],[21.42172,46.158576],[21.421476,46.158638],[21.421232,46.158699],[21.420988,46.15876],[21.420909,46.15878],[21.420813,46.158803],[21.420743,46.158821],[21.4205,46.158884],[21.420257,46.158947],[21.420014,46.15901],[21.419771,46.159073],[21.419592,46.15912],[21.418461,46.159413],[21.417421,46.159688],[21.416569,46.159919],[21.415883,46.160104],[21.415593,46.160182],[21.41557,46.160187],[21.415327,46.160251],[21.415084,46.160314],[21.414841,46.160378],[21.414598,46.160442],[21.414356,46.160505],[21.414336,46.16051],[21.414113,46.16057],[21.413871,46.160635],[21.413629,46.1607],[21.413386,46.160765],[21.413144,46.16083],[21.413081,46.160846],[21.412903,46.160896],[21.412662,46.160964],[21.412598,46.160982],[21.412423,46.161034],[21.412185,46.161106],[21.412125,46.161124],[21.412028,46.161156],[21.411949,46.161181],[21.411714,46.161258],[21.411479,46.161334],[21.411408,46.161357],[21.411243,46.16141],[21.411007,46.161485],[21.410772,46.161561],[21.410713,46.16158],[21.410536,46.161637],[21.4103,46.161712],[21.410065,46.161788],[21.409959,46.161822],[21.409829,46.161863],[21.409592,46.161938],[21.409356,46.162013],[21.409294,46.162033],[21.40912,46.162088],[21.408884,46.162163],[21.408648,46.162239],[21.408539,46.162274],[21.408412,46.162314],[21.408176,46.162389],[21.40794,46.162464],[21.407754,46.162524],[21.407704,46.16254],[21.407469,46.162615],[21.407233,46.162691],[21.406997,46.162767],[21.406965,46.162777],[21.406761,46.162841],[21.406524,46.162916],[21.406288,46.16299],[21.406051,46.163064],[21.405889,46.163115],[21.405815,46.16314],[21.40558,46.163217],[21.405345,46.163294],[21.405111,46.16337],[21.405098,46.163375],[21.404971,46.163416],[21.404915,46.163434],[21.404744,46.163488],[21.403407,46.163906],[21.403273,46.163949],[21.40235,46.16425],[21.401348,46.164574],[21.400391,46.164878],[21.400346,46.164892],[21.399642,46.165107],[21.398694,46.165397],[21.398252,46.165531],[21.397704,46.165698],[21.397575,46.165737],[21.397483,46.165765],[21.397378,46.165797],[21.397245,46.165837],[21.397006,46.165908],[21.396768,46.16598],[21.39653,46.166052],[21.396462,46.166072],[21.396291,46.166123],[21.396053,46.166195],[21.395815,46.166267],[21.395577,46.166338],[21.395338,46.16641],[21.395115,46.166477],[21.3951,46.166482],[21.394863,46.166556],[21.394627,46.16663],[21.39439,46.166704],[21.394292,46.166735],[21.394153,46.166778],[21.393916,46.166852],[21.393679,46.166925],[21.393466,46.166991],[21.393484,46.166931],[21.393498,46.16687],[21.393501,46.166862],[21.393515,46.166822],[21.393564,46.16669],[21.39359,46.166623],[21.393638,46.166517],[21.393717,46.166346],[21.393796,46.166175],[21.393819,46.166126],[21.393881,46.166004],[21.393968,46.165835],[21.394037,46.165699],[21.394015,46.165696],[21.393758,46.165668],[21.39366,46.165657],[21.393504,46.165633],[21.393251,46.165595],[21.393186,46.165585],[21.392982,46.165602],[21.392724,46.165624],[21.392466,46.165646],[21.392208,46.165667],[21.391958,46.165689],[21.39195,46.165689],[21.391856,46.165697],[21.391792,46.165702],[21.391692,46.16571],[21.391434,46.16573],[21.39132,46.165739],[21.391176,46.165752],[21.390918,46.165775],[21.390883,46.165778],[21.390661,46.1658],[21.390581,46.165808],[21.390404,46.165819],[21.390213,46.165832],[21.390117,46.165841],[21.390118,46.165875],[21.390118,46.165913],[21.390084,46.165982],[21.390042,46.166017],[21.390018,46.166038],[21.389928,46.166076],[21.389825,46.16609],[21.389821,46.166092],[21.389783,46.166103],[21.389749,46.166119],[21.389727,46.166139],[21.389703,46.166172],[21.389706,46.166204],[21.389721,46.166384],[21.389726,46.166446],[21.389729,46.166498],[21.389717,46.166549],[21.389714,46.166556],[21.389695,46.166602],[21.389645,46.166716],[21.38964,46.166728],[21.389568,46.166898],[21.389566,46.166901],[21.389493,46.167073],[21.389464,46.167142],[21.389447,46.167182],[21.389433,46.167217],[21.389422,46.167247],[21.389354,46.16742],[21.389313,46.167527],[21.389324,46.167591],[21.389331,46.167626],[21.389356,46.167727],[21.38937,46.167755],[21.389383,46.16778],[21.389425,46.167845],[21.389459,46.167856],[21.389491,46.167869],[21.389521,46.167885],[21.389522,46.167886],[21.389547,46.167904],[21.389569,46.167925],[21.389599,46.167965],[21.389615,46.168008],[21.389616,46.168043],[21.389616,46.168053],[21.389604,46.168097],[21.389578,46.168138],[21.389553,46.168164],[21.389523,46.168187],[21.389503,46.168198],[21.389488,46.168206],[21.389449,46.168221],[21.389408,46.168232],[21.389364,46.168239],[21.38932,46.168241],[21.389275,46.168238],[21.389254,46.168245],[21.389141,46.168278],[21.389065,46.168307],[21.389018,46.168328],[21.388993,46.168339],[21.388852,46.168405],[21.388801,46.168423],[21.3887,46.168459],[21.388566,46.168495],[21.388504,46.168512],[21.388331,46.168575],[21.38816,46.168637],[21.388101,46.168658],[21.387901,46.16873],[21.38787,46.168741],[21.38764,46.168824],[21.387539,46.16886],[21.38741,46.168908],[21.38718,46.168992],[21.38714,46.169007],[21.38708,46.16903],[21.38695,46.169076],[21.38672,46.169158],[21.386508,46.169234],[21.386494,46.169255],[21.386415,46.169369],[21.386374,46.169411],[21.386229,46.169556],[21.386164,46.169621],[21.386032,46.16967],[21.385802,46.169754],[21.385573,46.169839],[21.385344,46.169923],[21.385115,46.170008],[21.384886,46.170092],[21.384657,46.170177],[21.384428,46.170261],[21.384199,46.170345],[21.38397,46.17043],[21.383741,46.170514],[21.383512,46.170599],[21.383283,46.170683],[21.383054,46.170768],[21.382847,46.170844],[21.382825,46.170852],[21.382596,46.170936],[21.382575,46.170944],[21.382368,46.171024],[21.382141,46.171112],[21.381914,46.1712],[21.381687,46.171287],[21.38146,46.171375],[21.381397,46.171399],[21.381235,46.171471],[21.381016,46.171567],[21.380797,46.171664],[21.38067,46.17172],[21.380579,46.171763],[21.380366,46.171866],[21.380153,46.171968],[21.379939,46.172071],[21.379726,46.172173],[21.37968,46.172195],[21.37952,46.172284],[21.379439,46.172328],[21.379307,46.172386],[21.379275,46.1724],[21.379064,46.172437],[21.379013,46.172446],[21.378811,46.172457],[21.378588,46.17247],[21.378536,46.172492],[21.378317,46.172583],[21.378095,46.172677],[21.377873,46.172769],[21.377829,46.172788],[21.377645,46.172854],[21.377587,46.172874],[21.377411,46.172931],[21.377275,46.172975],[21.377174,46.173004],[21.377028,46.173047],[21.376934,46.173071],[21.376841,46.173096],[21.37669,46.173132],[21.376622,46.173149],[21.376444,46.173188],[21.37632,46.173216],[21.376196,46.173243],[21.375948,46.173296],[21.37592,46.173302],[21.3757,46.173349],[21.375471,46.173397],[21.375451,46.173401],[21.375203,46.173453],[21.375009,46.173494],[21.374954,46.173505],[21.374705,46.173555],[21.374636,46.173569],[21.374453,46.173596],[21.374263,46.173625],[21.374199,46.173635],[21.374158,46.173641],[21.374042,46.17366],[21.373953,46.173699],[21.373901,46.173722],[21.373786,46.173738],[21.373713,46.173744],[21.373701,46.173745],[21.373517,46.173757],[21.373459,46.173758],[21.373199,46.173761],[21.37306,46.173763],[21.37299,46.173771],[21.372937,46.173784],[21.372914,46.17379],[21.372876,46.173808],[21.372752,46.173887],[21.372744,46.173893],[21.372658,46.173959],[21.372556,46.174],[21.372441,46.17402],[21.37232,46.174015],[21.372207,46.173988],[21.372096,46.174022],[21.372011,46.174058],[21.371989,46.174068],[21.371889,46.174113],[21.371795,46.174148],[21.371764,46.17416],[21.371687,46.174177],[21.371602,46.174195],[21.371562,46.174201],[21.371465,46.174215],[21.371315,46.174235],[21.371139,46.17426],[21.371061,46.174275],[21.370812,46.174325],[21.370562,46.174375],[21.370467,46.174395],[21.370314,46.174431],[21.370069,46.17449],[21.369823,46.174549],[21.36959,46.174606],[21.369578,46.174608],[21.369333,46.174667],[21.369087,46.174726],[21.368842,46.174785],[21.368797,46.174796],[21.368594,46.17484],[21.368555,46.174849],[21.368345,46.174893],[21.368097,46.174945],[21.367965,46.174973],[21.367848,46.174998],[21.3676,46.175051],[21.367351,46.175103],[21.367165,46.175143],[21.367101,46.175153],[21.366944,46.175178],[21.366849,46.175196],[21.3666,46.175245],[21.366388,46.175286],[21.366412,46.175343],[21.36639,46.175349],[21.366247,46.175391],[21.366151,46.17542],[21.366076,46.175444],[21.365932,46.175489],[21.365915,46.175494],[21.365772,46.175536],[21.365669,46.175558],[21.365422,46.175612],[21.365204,46.175659],[21.360786,46.17662],[21.360624,46.176655],[21.360501,46.176683],[21.360055,46.176781],[21.358337,46.177161],[21.355923,46.177688],[21.355899,46.177693],[21.355675,46.17774],[21.355427,46.177792],[21.355178,46.177844],[21.355074,46.177866],[21.354948,46.177892],[21.354929,46.177896],[21.354683,46.177953],[21.354436,46.178009],[21.354189,46.178065],[21.353942,46.178122],[21.353861,46.17814],[21.353694,46.178174],[21.353444,46.178224],[21.353195,46.178274],[21.35296,46.178321],[21.352945,46.178324],[21.352886,46.178336],[21.352697,46.178378],[21.352449,46.178432],[21.352201,46.178487],[21.351954,46.178541],[21.351852,46.178564],[21.351706,46.178596],[21.351459,46.178652],[21.351212,46.178707],[21.350965,46.178763],[21.350787,46.178803],[21.350718,46.178818],[21.350471,46.178875],[21.350224,46.178931],[21.349977,46.178987],[21.349785,46.179031],[21.349731,46.179043],[21.349484,46.179099],[21.349237,46.179155],[21.34922,46.179159],[21.34899,46.179212],[21.348838,46.179246],[21.348749,46.179265],[21.348745,46.179265],[21.348623,46.17929],[21.348494,46.17932],[21.348248,46.179377],[21.348001,46.179433],[21.347755,46.17949],[21.347554,46.179536],[21.347508,46.179547],[21.347261,46.179604],[21.347095,46.179643],[21.347015,46.179663],[21.34677,46.179723],[21.346743,46.179729],[21.346525,46.179781],[21.346279,46.17984],[21.346033,46.179899],[21.345942,46.17992],[21.345788,46.179956],[21.345671,46.179983],[21.345541,46.180017],[21.345484,46.180032],[21.345297,46.180075],[21.345081,46.180125],[21.345051,46.180132],[21.344959,46.180153],[21.344804,46.18019],[21.344709,46.180213],[21.344559,46.180251],[21.344482,46.180271],[21.344315,46.180306],[21.344066,46.18036],[21.343818,46.180413],[21.343695,46.180439],[21.34357,46.180465],[21.343321,46.180518],[21.343222,46.180539],[21.343073,46.18057],[21.342824,46.180622],[21.342575,46.180674],[21.342343,46.180722],[21.342331,46.180724],[21.342077,46.180762],[21.342041,46.180767],[21.341823,46.180792],[21.341769,46.180799],[21.34163,46.180808],[21.34157,46.180811],[21.341419,46.180818],[21.341311,46.180824],[21.341277,46.180826],[21.341166,46.180827],[21.341055,46.180827],[21.340974,46.180827],[21.340816,46.18082],[21.340798,46.180819],[21.340675,46.180814],[21.340539,46.180807],[21.340509,46.180805],[21.340301,46.180788],[21.340285,46.180786],[21.34012,46.180766],[21.340033,46.180752],[21.33978,46.180712],[21.339716,46.180702],[21.339534,46.180663],[21.33931,46.180614],[21.339283,46.180609],[21.339115,46.180579],[21.339031,46.180565],[21.338994,46.180559],[21.338815,46.180538],[21.338771,46.180534],[21.338671,46.180525],[21.338516,46.180513],[21.338511,46.180512],[21.3383,46.180505],[21.338248,46.180506],[21.338043,46.180511],[21.337985,46.180517],[21.337728,46.18054],[21.337661,46.180546],[21.337471,46.180575],[21.337217,46.180612],[21.336963,46.18065],[21.336897,46.18066],[21.336709,46.180688],[21.336455,46.180726],[21.336201,46.180765],[21.335947,46.180803],[21.335693,46.180841],[21.335439,46.180879],[21.33538,46.180888],[21.335186,46.18092],[21.334934,46.180963],[21.334681,46.181005],[21.334676,46.181006],[21.334428,46.181045],[21.334391,46.181051],[21.334175,46.181086],[21.334059,46.181105],[21.333922,46.181127],[21.333682,46.181165],[21.333668,46.181167],[21.333614,46.181175],[21.331511,46.18149],[21.329851,46.181738],[21.329738,46.181758],[21.329705,46.181763],[21.325659,46.182344],[21.325485,46.182374],[21.325331,46.182408],[21.325222,46.182434],[21.325076,46.182482]]},"properties":{"line":"Vladimirescu","dir":"1","headsign":"Podgoria","mode":"bus","color":"#0059a9"}},{"type":"Feature","geometry":{"type":"LineString","coordinates":[[21.319683,46.167839],[21.319561,46.167884],[21.3195,46.167908],[21.319308,46.167985],[21.319082,46.168074],[21.318857,46.168163],[21.318792,46.168189],[21.318654,46.168251],[21.318641,46.168258],[21.318505,46.168328],[21.318434,46.168366],[21.318427,46.16837],[21.318329,46.168426],[21.318246,46.168477],[21.318239,46.168482],[21.31816,46.168536],[21.318089,46.168586],[21.318058,46.168608],[21.317881,46.168739],[21.317743,46.168842],[21.317707,46.168871],[21.317647,46.168921],[21.317633,46.168934],[21.317551,46.169013],[21.317452,46.169108],[21.317402,46.169159],[21.317343,46.169219],[21.31727,46.169296],[21.317259,46.169308],[21.317218,46.169352],[21.317162,46.169416],[21.317127,46.16946],[21.317072,46.16953],[21.31701,46.169619],[21.316962,46.169689],[21.316902,46.169782],[21.316795,46.169945],[21.316727,46.17005],[21.31669,46.17011],[21.316638,46.170193],[21.316587,46.170275],[21.316534,46.170362],[21.316497,46.170444],[21.31642,46.170616],[21.316343,46.170788],[21.316332,46.170815],[21.316265,46.170959],[21.316187,46.171131],[21.316108,46.171302],[21.316053,46.171422],[21.316031,46.171474],[21.316021,46.171496],[21.315989,46.171565],[21.315974,46.171646],[21.315966,46.171688],[21.315953,46.171765],[21.315947,46.171823],[21.315946,46.171841],[21.315947,46.171915],[21.315957,46.171992],[21.315969,46.172031],[21.315973,46.172046],[21.316003,46.172127],[21.316015,46.172153],[21.316055,46.172224],[21.31615,46.172391],[21.316244,46.172556],[21.316245,46.172559],[21.316335,46.172715],[21.316431,46.172882],[21.316527,46.173049],[21.316623,46.173216],[21.316715,46.173376],[21.316722,46.173387],[21.316833,46.173549],[21.316943,46.173712],[21.317053,46.173875],[21.317164,46.174037],[21.317274,46.1742],[21.317282,46.174212],[21.317396,46.174363],[21.317516,46.174522],[21.317637,46.174682],[21.317757,46.174841],[21.317877,46.175001],[21.317997,46.175159],[21.318108,46.175306],[21.318116,46.175317],[21.318197,46.175424],[21.318232,46.175475],[21.318341,46.175638],[21.318452,46.175801],[21.318562,46.175963],[21.318638,46.176076],[21.318672,46.176126],[21.318675,46.17613],[21.318774,46.17629],[21.318832,46.176384],[21.318876,46.176455],[21.318923,46.176531],[21.319025,46.176696],[21.319039,46.176718],[21.319127,46.176861],[21.319229,46.177026],[21.319332,46.177191],[21.319434,46.177356],[21.319536,46.177521],[21.319638,46.177687],[21.31974,46.177852],[21.319747,46.177863],[21.319849,46.178016],[21.319957,46.17818],[21.319976,46.178209],[21.320004,46.178251],[21.32006,46.178337],[21.320116,46.17842],[21.320156,46.17847],[21.320262,46.178592],[21.321575,46.180343],[21.32168,46.180481],[21.321821,46.180664],[21.321836,46.180684],[21.321893,46.180759],[21.321956,46.180836],[21.322108,46.181024],[21.322779,46.181801],[21.323194,46.182336],[21.323344,46.182567],[21.323384,46.182618],[21.323421,46.182671],[21.323697,46.18302],[21.323716,46.183083],[21.323743,46.183138],[21.323759,46.183167],[21.323851,46.18327],[21.32392,46.18335],[21.324317,46.18379],[21.324334,46.183813],[21.324386,46.183881],[21.324437,46.183962],[21.324443,46.183972],[21.324476,46.184033],[21.324524,46.184143],[21.324599,46.184316],[21.324674,46.184488],[21.324748,46.184658],[21.324748,46.18466],[21.324748,46.184658],[21.324784,46.184711],[21.324815,46.184736],[21.324843,46.184754],[21.324866,46.184805],[21.324897,46.184901],[21.324947,46.185088],[21.32499,46.185235],[21.325017,46.185359],[21.325055,46.185537],[21.325085,46.185674],[21.325093,46.185699],[21.325114,46.18577],[21.325146,46.185866],[21.325148,46.185873],[21.325181,46.185951],[21.325217,46.186036],[21.325288,46.186209],[21.32536,46.186382],[21.325432,46.186555],[21.325503,46.186728],[21.325575,46.186901],[21.325646,46.187073],[21.325675,46.187142],[21.325703,46.187244],[21.325705,46.187257],[21.325712,46.187305],[21.325717,46.187366],[21.325717,46.187431],[21.325717,46.187443],[21.325714,46.187506],[21.325699,46.187591],[21.325688,46.18763],[21.325678,46.187662],[21.325644,46.187739],[21.325605,46.187808],[21.325581,46.18785],[21.325512,46.187956],[21.325497,46.187975],[21.32543,46.188062],[21.325366,46.188134],[21.325229,46.188286],[21.325115,46.188414],[21.325089,46.18844],[21.325042,46.188488],[21.324962,46.188562],[21.324931,46.188586],[21.324901,46.188611],[21.324844,46.188655],[21.32475,46.188715],[21.324744,46.188718],[21.32454,46.18883],[21.324425,46.188893],[21.324341,46.188939],[21.324288,46.188968],[21.324253,46.188987],[21.324137,46.189039],[21.324107,46.189049],[21.32406,46.189064],[21.323884,46.189105],[21.323871,46.189108],[21.323658,46.189153],[21.323641,46.189156],[21.323554,46.189175],[21.323395,46.189208],[21.323148,46.189261],[21.3229,46.189313],[21.322851,46.189324],[21.322652,46.189363],[21.322402,46.189412],[21.322152,46.189462],[21.321903,46.189511],[21.321669,46.189557],[21.321654,46.18956],[21.321453,46.189597],[21.321402,46.189606],[21.321152,46.189654],[21.320901,46.189701],[21.320651,46.189749],[21.3204,46.189796],[21.32015,46.189843],[21.320044,46.189864],[21.319899,46.189892],[21.319649,46.189942],[21.319399,46.189992],[21.319393,46.189993],[21.319278,46.190015],[21.319268,46.190017],[21.319036,46.190065],[21.318751,46.190123],[21.317644,46.190341],[21.315827,46.190702],[21.313913,46.191087],[21.313664,46.191137],[21.313415,46.191187],[21.313165,46.191237],[21.312916,46.191287],[21.312838,46.191303],[21.312669,46.191339],[21.312668,46.191339],[21.312418,46.191388],[21.312168,46.191437],[21.311918,46.191486],[21.311668,46.191535],[21.311466,46.191575],[21.311418,46.191584],[21.311168,46.191633],[21.311032,46.19166],[21.310918,46.191682],[21.310669,46.191731],[21.310545,46.191755],[21.310418,46.19178],[21.310169,46.191829],[21.310164,46.19183],[21.309919,46.191877],[21.30984,46.191893],[21.309668,46.191927],[21.309419,46.191977],[21.309169,46.192027],[21.30892,46.192077],[21.308705,46.19212],[21.308671,46.192127],[21.308421,46.192176],[21.308378,46.192185],[21.308222,46.192215],[21.308171,46.192225],[21.308016,46.192256],[21.307923,46.192274],[21.307855,46.192286],[21.307721,46.192322],[21.30766,46.192342],[21.3076,46.192361],[21.307519,46.192394],[21.307426,46.192431],[21.307375,46.192451],[21.3072,46.192521],[21.306975,46.192611],[21.30675,46.1927],[21.30671,46.192716],[21.306526,46.192792],[21.306302,46.192883],[21.306078,46.192974],[21.305974,46.193016],[21.305854,46.193066],[21.305631,46.193158],[21.305408,46.193251],[21.305185,46.193343],[21.304962,46.193435],[21.304739,46.193527],[21.304516,46.193619],[21.304293,46.193712],[21.30407,46.193804],[21.303847,46.193896],[21.303846,46.193896],[21.303625,46.19399],[21.303403,46.194084],[21.303181,46.194178],[21.30296,46.194271],[21.302738,46.194365],[21.302648,46.194403],[21.302517,46.194457],[21.302293,46.194549],[21.30207,46.194641],[21.301888,46.194715],[21.301846,46.194733],[21.301624,46.194826],[21.301588,46.194841],[21.301402,46.194915],[21.301272,46.194966],[21.301175,46.195008],[21.300955,46.195103],[21.300735,46.195198],[21.300663,46.19523],[21.300515,46.195294],[21.300295,46.195389],[21.300075,46.195484],[21.299855,46.19558],[21.299691,46.195651],[21.29963,46.195687],[21.299575,46.195719],[21.299464,46.195792],[21.299436,46.195812],[21.299388,46.195845],[21.29926,46.19595],[21.299222,46.195981],[21.299097,46.196092],[21.298938,46.196234],[21.29878,46.196377],[21.298621,46.196519],[21.298556,46.196576],[21.298462,46.196661],[21.298403,46.196714],[21.298303,46.196803],[21.298144,46.196946],[21.297985,46.197088],[21.297827,46.197231],[21.297812,46.197243],[21.297668,46.197373],[21.297509,46.197515],[21.297482,46.197539],[21.29738,46.197641],[21.297357,46.197661],[21.297195,46.197801],[21.297033,46.197942],[21.296871,46.198082],[21.296709,46.198223],[21.296632,46.19829],[21.296548,46.198364],[21.296389,46.198506],[21.29634,46.198549],[21.29622,46.198638],[21.296044,46.19877],[21.296004,46.1988],[21.295857,46.19889],[21.295662,46.199009],[21.295468,46.199128],[21.295273,46.199247],[21.29525,46.199261],[21.295078,46.199365],[21.294952,46.199442],[21.294883,46.199485],[21.294743,46.199571],[21.294689,46.199604],[21.294494,46.199723],[21.2943,46.199842],[21.294255,46.19987],[21.294105,46.199961],[21.293911,46.200081],[21.293716,46.2002],[21.293522,46.200319],[21.293328,46.200438],[21.293244,46.200489],[21.293154,46.200575],[21.29313,46.200598],[21.293087,46.200652],[21.293058,46.20069],[21.293045,46.200714],[21.293012,46.200775],[21.292985,46.20084],[21.292973,46.200871],[21.292906,46.201044],[21.292888,46.20109],[21.292868,46.20117],[21.292862,46.201214],[21.292852,46.201298],[21.292858,46.201328],[21.292871,46.201384],[21.292911,46.201562],[21.292951,46.201739],[21.29299,46.201917],[21.29303,46.202095],[21.29307,46.202273],[21.293095,46.202384],[21.29311,46.20245],[21.29315,46.202628],[21.29319,46.202806],[21.293229,46.202983],[21.293269,46.203161],[21.293279,46.203203],[21.293288,46.203273],[21.293287,46.203315],[21.293283,46.203348],[21.293282,46.203352],[21.293271,46.203384],[21.293254,46.203417],[21.293234,46.203446],[21.293204,46.203475],[21.293172,46.203498],[21.293168,46.203501],[21.293122,46.203529],[21.29307,46.203556],[21.293022,46.203575],[21.292973,46.203586],[21.292944,46.203591],[21.292921,46.203594],[21.292881,46.203599],[21.292839,46.203596],[21.292796,46.203588],[21.29276,46.20358],[21.29271,46.203565],[21.292662,46.203543],[21.292649,46.203537],[21.292591,46.203499],[21.292526,46.203444],[21.292482,46.20341],[21.292309,46.203276],[21.292137,46.203141],[21.291964,46.203007],[21.291791,46.202873],[21.291676,46.202783],[21.29164,46.202755]]},"properties":{"line":"1","dir":"0","headsign":"Făt Frumos","mode":"tram","color":"#d6212b"}},{"type":"Feature","geometry":{"type":"LineString","coordinates":[[21.291636,46.202752],[21.291493,46.202641],[21.29136,46.202538],[21.291323,46.202506],[21.291275,46.202465],[21.291204,46.202405],[21.29117,46.202367],[21.291162,46.202358],[21.291137,46.20232],[21.291112,46.202269],[21.291089,46.202208],[21.291023,46.202034],[21.29102,46.202025],[21.290966,46.20186],[21.290933,46.20176],[21.290917,46.201686],[21.290911,46.201654],[21.290907,46.201618],[21.290907,46.201586],[21.290915,46.201551],[21.290934,46.201511],[21.290962,46.201469],[21.291006,46.201427],[21.291073,46.201376],[21.291128,46.20134],[21.291203,46.201301],[21.29126,46.201284],[21.291498,46.201214],[21.291605,46.201183],[21.291708,46.20115],[21.291738,46.20114],[21.291811,46.201115],[21.291944,46.201064],[21.291971,46.201054],[21.292169,46.200977],[21.292197,46.200966],[21.292205,46.200962],[21.29242,46.200876],[21.292426,46.200873],[21.292582,46.200802],[21.292648,46.200768],[21.292855,46.20066],[21.292977,46.200597],[21.293069,46.200541],[21.293264,46.200423],[21.293459,46.200304],[21.293599,46.200218],[21.293653,46.200186],[21.293849,46.200068],[21.294045,46.199949],[21.294241,46.199831],[21.294437,46.199713],[21.294633,46.199595],[21.294712,46.199547],[21.294829,46.199477],[21.294924,46.19942],[21.295025,46.199359],[21.29522,46.199241],[21.295222,46.19924],[21.295415,46.199116],[21.295604,46.198993],[21.295781,46.19888],[21.295794,46.198871],[21.295943,46.198775],[21.295987,46.198745],[21.296109,46.198661],[21.296172,46.198612],[21.296272,46.198535],[21.296346,46.198475],[21.296409,46.198424],[21.296514,46.198337],[21.296593,46.198273],[21.29668,46.198194],[21.296839,46.198052],[21.296998,46.197909],[21.297156,46.197767],[21.297315,46.197625],[21.297352,46.197591],[21.297438,46.197516],[21.297475,46.197483],[21.297547,46.197419],[21.297634,46.197341],[21.298362,46.196693],[21.298516,46.196555],[21.299238,46.195909],[21.299382,46.195792],[21.299447,46.195743],[21.299516,46.195699],[21.299586,46.19566],[21.299666,46.195622],[21.30001,46.195469],[21.301246,46.194936],[21.301563,46.194809],[21.301864,46.194685],[21.302409,46.19446],[21.30274,46.194325],[21.303822,46.193858],[21.305641,46.193111],[21.305746,46.193064],[21.305949,46.192966],[21.306496,46.192728],[21.307268,46.192417],[21.307321,46.192394],[21.30743,46.192349],[21.307639,46.19227],[21.307812,46.192226],[21.307976,46.192191],[21.308189,46.192147],[21.308232,46.19214],[21.308351,46.192115],[21.308428,46.192101],[21.308641,46.192058],[21.308886,46.192009],[21.30904,46.191978],[21.309132,46.19196],[21.30918,46.191951],[21.309371,46.19192],[21.309623,46.19188],[21.309875,46.19184],[21.30995,46.191828],[21.310129,46.191794],[21.310148,46.191791],[21.310382,46.191742],[21.310483,46.191721],[21.310631,46.191689],[21.310683,46.191678],[21.310878,46.191639],[21.311062,46.191602],[21.311125,46.19159],[21.311376,46.191545],[21.311449,46.191532],[21.311628,46.191499],[21.311879,46.191452],[21.31213,46.191405],[21.312381,46.191359],[21.312632,46.191312],[21.312659,46.191307],[21.312807,46.191278],[21.312837,46.191273],[21.313517,46.191132],[21.317658,46.190308],[21.318639,46.190116],[21.318662,46.190111],[21.31874,46.190095],[21.318911,46.190061],[21.319029,46.190037],[21.319161,46.19001],[21.31926,46.189989],[21.319409,46.189961],[21.319659,46.189913],[21.31991,46.189865],[21.320052,46.189837],[21.32016,46.189816],[21.32041,46.189767],[21.32066,46.189719],[21.32091,46.18967],[21.32116,46.189621],[21.32141,46.189572],[21.321441,46.189566],[21.321647,46.189526],[21.32166,46.189523],[21.32191,46.189475],[21.32216,46.189426],[21.32241,46.189378],[21.32246,46.189368],[21.32266,46.189327],[21.32291,46.189277],[21.323159,46.189226],[21.323409,46.189175],[21.323411,46.189175],[21.323533,46.189146],[21.323638,46.189121],[21.323656,46.189117],[21.323901,46.189059],[21.324031,46.189029],[21.32415,46.188991],[21.324164,46.188985],[21.324222,46.18896],[21.324387,46.188871],[21.324592,46.188761],[21.32474,46.188681],[21.324804,46.18864],[21.324826,46.188626],[21.324877,46.188588],[21.324926,46.188542],[21.324987,46.188479],[21.324997,46.188469],[21.325128,46.188331],[21.325189,46.188267],[21.325267,46.188176],[21.325399,46.188021],[21.325446,46.187965],[21.325507,46.187882],[21.325524,46.187854],[21.325558,46.187797],[21.325598,46.187716],[21.325612,46.187677],[21.325638,46.187611],[21.325657,46.187518],[21.32566,46.187489],[21.325666,46.187417],[21.325661,46.187325],[21.325657,46.187299],[21.325649,46.187238],[21.325628,46.187153],[21.32561,46.18711],[21.325537,46.186937],[21.325464,46.186765],[21.325391,46.186592],[21.325319,46.18642],[21.325246,46.186247],[21.325173,46.186074],[21.325125,46.185961],[21.325102,46.185902],[21.325094,46.185884],[21.325061,46.185778],[21.32505,46.185732],[21.325008,46.185556],[21.324965,46.185379],[21.324961,46.185361],[21.324927,46.185198],[21.324876,46.185021],[21.324831,46.184866],[21.324822,46.184841],[21.324797,46.18477],[21.324749,46.184662],[21.324748,46.184658],[21.324675,46.18449],[21.3246,46.184318],[21.324525,46.184146],[21.324476,46.184033],[21.324441,46.183969],[21.324437,46.183962],[21.324386,46.183881],[21.324322,46.183796],[21.324317,46.18379],[21.324181,46.183639],[21.324043,46.183487],[21.32392,46.18335],[21.323907,46.183335],[21.323851,46.18327],[21.323771,46.183181],[21.323759,46.183167],[21.323733,46.183139],[21.323648,46.18304],[21.323601,46.182984],[21.323523,46.182894],[21.323401,46.182751],[21.323383,46.18273],[21.323273,46.182621],[21.323257,46.182603],[21.323214,46.182555],[21.323117,46.182451],[21.323114,46.182447],[21.323077,46.18241],[21.32298,46.1823],[21.322843,46.182147],[21.32281,46.18211],[21.32273,46.18202],[21.322526,46.181792],[21.321769,46.180939],[21.321704,46.180864],[21.321632,46.180773],[21.321472,46.180568],[21.320844,46.179758],[21.32041,46.179149],[21.320078,46.178683],[21.32002,46.178602],[21.319974,46.178537],[21.319936,46.178483],[21.319883,46.178403],[21.319836,46.178329],[21.318732,46.17651],[21.31852,46.17618],[21.318484,46.17612],[21.318096,46.175464],[21.318008,46.175342],[21.31794,46.175248],[21.317721,46.174947],[21.317183,46.174229],[21.316878,46.173792],[21.316606,46.173406],[21.316005,46.172306],[21.315956,46.172216],[21.315932,46.172173],[21.315922,46.172146],[21.315898,46.172061],[21.315894,46.172045],[21.315885,46.171999],[21.315879,46.171891],[21.315881,46.171859],[21.315884,46.171795],[21.315902,46.171694],[21.315906,46.171677],[21.315926,46.171579],[21.315936,46.171554],[21.315955,46.171503],[21.315957,46.171497],[21.315992,46.17142],[21.316034,46.171333],[21.316115,46.171162],[21.316196,46.170991],[21.316277,46.17082],[21.316283,46.170807],[21.316331,46.170709],[21.316359,46.170649],[21.316401,46.170559],[21.316442,46.170479],[21.316504,46.170357],[21.316531,46.170312],[21.31663,46.170146],[21.31664,46.170128],[21.31668,46.17006],[21.316729,46.16998],[21.316799,46.169864],[21.316831,46.169815],[21.316918,46.16968],[21.316937,46.169652],[21.317015,46.169537],[21.317048,46.169492],[21.317069,46.169463],[21.317127,46.169392],[21.317174,46.169338],[21.317193,46.169316],[21.317313,46.169187],[21.317317,46.169183],[21.31746,46.169041],[21.317583,46.168919],[21.317602,46.168901],[21.317606,46.168897],[21.317662,46.168851],[21.317739,46.168787],[21.317772,46.168764],[21.317844,46.168714],[21.317955,46.168636],[21.318135,46.168507],[21.318169,46.168483],[21.318179,46.168476],[21.318188,46.168469],[21.318282,46.168408],[21.31832,46.168385],[21.318384,46.168347],[21.318506,46.168283],[21.318521,46.168276],[21.318607,46.168231],[21.31871,46.16818],[21.318729,46.168172],[21.318817,46.168133],[21.318951,46.168083],[21.319178,46.167996],[21.319406,46.16791],[21.319633,46.167823],[21.319641,46.16782],[21.319719,46.167783],[21.319776,46.167748],[21.319784,46.167741],[21.319818,46.167715],[21.319845,46.167689],[21.319849,46.167685],[21.319872,46.167661],[21.319965,46.16752],[21.320008,46.167455],[21.320032,46.167421]]},"properties":{"line":"1","dir":"1","headsign":"Piața Romană","mode":"tram","color":"#d6212b"}},{"type":"Feature","geometry":{"type":"LineString","coordinates":[[21.291636,46.202752],[21.291493,46.202641],[21.29136,46.202538],[21.291323,46.202506],[21.291275,46.202465],[21.291204,46.202405],[21.29117,46.202367],[21.291162,46.202358],[21.291137,46.20232],[21.291112,46.202269],[21.291088,46.202207],[21.291023,46.202033],[21.29102,46.202025],[21.290965,46.201858],[21.290933,46.20176],[21.290872,46.201684],[21.290866,46.201677],[21.290844,46.201654],[21.290808,46.201629],[21.29078,46.201611],[21.290742,46.201594],[21.290703,46.201582],[21.290658,46.201574],[21.290657,46.201574],[21.290608,46.201568],[21.290549,46.20157],[21.290403,46.201581],[21.290367,46.201583],[21.290279,46.201601],[21.290151,46.201621],[21.290124,46.201626],[21.28991,46.201657],[21.289897,46.201657],[21.289639,46.201677],[21.28963,46.201678],[21.289379,46.201685],[21.28935,46.201686],[21.28912,46.20169],[21.289113,46.20169],[21.28889,46.201684],[21.288862,46.201683],[21.28867,46.201677],[21.288606,46.201672],[21.288425,46.201659],[21.288351,46.201652],[21.288096,46.201626],[21.287841,46.201601],[21.287727,46.20159],[21.287584,46.201574],[21.287332,46.201545],[21.287082,46.201517],[21.287009,46.201509],[21.286827,46.201489],[21.286572,46.201461],[21.286475,46.201451],[21.286317,46.201436],[21.286059,46.201411],[21.286005,46.201406],[21.285803,46.201385],[21.285554,46.201358],[21.285298,46.20133],[21.285041,46.201303],[21.284784,46.201275],[21.284759,46.201272],[21.284616,46.201263],[21.284535,46.201259],[21.284485,46.201257],[21.284285,46.201258],[21.284187,46.201258],[21.284027,46.201261],[21.283941,46.201262],[21.283768,46.201265],[21.283508,46.201269],[21.28332,46.201272],[21.283258,46.201273],[21.283247,46.201273],[21.282987,46.201275],[21.282727,46.201277],[21.282527,46.201278],[21.282468,46.201279],[21.282209,46.201282],[21.281949,46.201285],[21.281689,46.201288],[21.281429,46.201291],[21.281353,46.201292],[21.281171,46.201295],[21.280911,46.201299],[21.280651,46.201304],[21.280392,46.201308],[21.280132,46.201312],[21.280076,46.201313],[21.279871,46.201315],[21.279611,46.201317],[21.279351,46.20132],[21.279092,46.201322],[21.278865,46.201324],[21.278831,46.201324],[21.278571,46.201325],[21.278311,46.201326],[21.278051,46.201327],[21.277932,46.201328],[21.277791,46.201328],[21.277532,46.201329],[21.277272,46.20133],[21.277145,46.20133],[21.27701,46.201329],[21.276906,46.201329],[21.276753,46.20133],[21.276603,46.20133],[21.276493,46.201331],[21.276403,46.201331],[21.276234,46.201332],[21.275974,46.201334],[21.275714,46.201335],[21.275668,46.201336],[21.275456,46.201338],[21.275196,46.201341],[21.274936,46.201343],[21.274677,46.201346],[21.274417,46.201349],[21.274339,46.20135],[21.274156,46.201351],[21.274119,46.201351],[21.273899,46.201355],[21.27364,46.201359],[21.27338,46.201363],[21.273121,46.201367],[21.273007,46.201369],[21.272859,46.20137],[21.272701,46.201372],[21.272599,46.201372],[21.272456,46.201374],[21.272329,46.201371],[21.272069,46.201366],[21.272043,46.201366],[21.271807,46.201359],[21.271548,46.201352],[21.271409,46.201348],[21.271287,46.201344],[21.27103,46.201335],[21.270837,46.201328],[21.27078,46.201328],[21.270581,46.201329],[21.270524,46.20133],[21.270265,46.201336],[21.270213,46.201337],[21.270011,46.201349],[21.269879,46.201358],[21.269752,46.201365],[21.269494,46.201381],[21.269235,46.201397],[21.268976,46.201412],[21.268747,46.201426],[21.268719,46.201429],[21.268509,46.201445],[21.266739,46.201579],[21.262338,46.201912],[21.261511,46.201975],[21.261384,46.201986],[21.260881,46.202027],[21.260542,46.202055],[21.260079,46.202092],[21.256953,46.20232],[21.256805,46.202338],[21.256679,46.20236],[21.256621,46.202378],[21.256588,46.202388],[21.256477,46.202429],[21.256403,46.202465],[21.256333,46.202519],[21.25626,46.202594],[21.256166,46.202712],[21.256149,46.202744],[21.256062,46.202913],[21.255974,46.203083],[21.255887,46.203252],[21.2558,46.203422],[21.255713,46.203591],[21.255626,46.203761],[21.255538,46.20393],[21.255515,46.203976],[21.255468,46.204079],[21.255477,46.204156],[21.255494,46.204207],[21.255511,46.204236],[21.255536,46.204281],[21.255565,46.204314],[21.255603,46.204342],[21.255634,46.204361],[21.255661,46.204373],[21.255674,46.204379],[21.255739,46.204401],[21.255896,46.204431],[21.256146,46.204479],[21.256396,46.204526],[21.256477,46.204542],[21.256534,46.204557],[21.256582,46.204579],[21.256626,46.204598],[21.256636,46.204605],[21.256667,46.204627],[21.256692,46.204657],[21.256724,46.204699],[21.256743,46.204743],[21.256752,46.204779],[21.256753,46.204799],[21.256753,46.204815],[21.256753,46.204867],[21.25674,46.204908],[21.25672,46.204945],[21.256681,46.204988],[21.25666,46.205005],[21.25663,46.205028],[21.25659,46.205051],[21.256543,46.20507],[21.256482,46.205082],[21.256433,46.205085],[21.25642,46.205086],[21.256366,46.205083],[21.256203,46.20506],[21.255953,46.205017],[21.255702,46.204974],[21.255658,46.204967],[21.255503,46.20494]]},"properties":{"line":"1b","dir":"0","headsign":"Platforma Vest","mode":"tram","color":"#d6212b"}},{"type":"Feature","geometry":{"type":"LineString","coordinates":[[21.255503,46.20494],[21.255426,46.20492],[21.255353,46.204891],[21.255333,46.204876],[21.255298,46.204851],[21.255254,46.204808],[21.25523,46.204766],[21.255229,46.204763],[21.255217,46.204714],[21.255218,46.204655],[21.255229,46.204611],[21.255237,46.204582],[21.2553,46.204443],[21.255379,46.204272],[21.255458,46.2041],[21.255468,46.204079],[21.255515,46.203976],[21.255538,46.203931],[21.255625,46.203761],[21.255712,46.203592],[21.2558,46.203423],[21.255887,46.203253],[21.255974,46.203084],[21.256061,46.202914],[21.256148,46.202745],[21.256166,46.202712],[21.25626,46.202594],[21.256333,46.202519],[21.256403,46.202465],[21.256477,46.202429],[21.256588,46.202388],[21.256617,46.202379],[21.256679,46.20236],[21.256805,46.202338],[21.256862,46.202331],[21.256953,46.20232],[21.25712,46.202308],[21.257379,46.202289],[21.257637,46.20227],[21.257895,46.202252],[21.258154,46.202233],[21.258412,46.202214],[21.25867,46.202195],[21.258928,46.202176],[21.259187,46.202157],[21.259445,46.202138],[21.259703,46.202119],[21.259961,46.202101],[21.260079,46.202092],[21.260219,46.202081],[21.260477,46.20206],[21.260735,46.202039],[21.260881,46.202027],[21.260921,46.202024],[21.261384,46.201986],[21.261511,46.201975],[21.262338,46.201912],[21.266739,46.201579],[21.268747,46.201426],[21.268848,46.20142],[21.269106,46.201405],[21.269365,46.201389],[21.269624,46.201373],[21.269879,46.201358],[21.269883,46.201357],[21.270141,46.201341],[21.270213,46.201337],[21.270395,46.201333],[21.270581,46.201329],[21.270652,46.201328],[21.270837,46.201328],[21.270902,46.20133],[21.271159,46.201339],[21.271409,46.201348],[21.27142,46.201349],[21.271679,46.201356],[21.271938,46.201363],[21.272043,46.201366],[21.2722,46.201369],[21.272456,46.201374],[21.27247,46.201374],[21.272701,46.201372],[21.27273,46.201371],[21.272989,46.201369],[21.273007,46.201369],[21.273251,46.201365],[21.273511,46.201361],[21.27377,46.201357],[21.27403,46.201352],[21.274119,46.201351],[21.274287,46.20135],[21.274339,46.20135],[21.274548,46.201347],[21.274807,46.201345],[21.275067,46.201342],[21.275327,46.201339],[21.275586,46.201336],[21.275668,46.201336],[21.275845,46.201335],[21.276104,46.201333],[21.276364,46.201332],[21.276403,46.201331],[21.276603,46.20133],[21.276624,46.20133],[21.276884,46.201329],[21.276906,46.201329],[21.277145,46.20133],[21.277403,46.201329],[21.277662,46.201329],[21.277922,46.201328],[21.277932,46.201328],[21.278182,46.201327],[21.278442,46.201326],[21.278702,46.201325],[21.278865,46.201324],[21.278963,46.201323],[21.279222,46.201321],[21.279482,46.201318],[21.279742,46.201316],[21.280002,46.201314],[21.280076,46.201313],[21.280263,46.20131],[21.280523,46.201306],[21.280782,46.201301],[21.281042,46.201297],[21.281302,46.201293],[21.281353,46.201292],[21.28156,46.20129],[21.28182,46.201287],[21.28208,46.201283],[21.282339,46.20128],[21.282527,46.201278],[21.282598,46.201278],[21.282858,46.201276],[21.283118,46.201274],[21.283258,46.201273],[21.28332,46.201272],[21.283379,46.201271],[21.283639,46.201267],[21.283898,46.201263],[21.283941,46.201262],[21.284122,46.201259],[21.284187,46.201258],[21.284382,46.201257],[21.284485,46.201257],[21.284616,46.201263],[21.284642,46.201265],[21.284759,46.201272],[21.284899,46.201287],[21.285156,46.201315],[21.285413,46.201343],[21.285669,46.20137],[21.285926,46.201398],[21.286005,46.201406],[21.286183,46.201423],[21.286441,46.201447],[21.286475,46.201451],[21.286697,46.201475],[21.286954,46.201503],[21.287009,46.201509],[21.28721,46.201532],[21.287467,46.201561],[21.287723,46.201589],[21.287727,46.20159],[21.287981,46.201615],[21.288238,46.20164],[21.288425,46.201659],[21.288496,46.201664],[21.28867,46.201677],[21.288755,46.201679],[21.28889,46.201684],[21.289013,46.201687],[21.289113,46.20169],[21.289271,46.201687],[21.28935,46.201686],[21.289531,46.20168],[21.28963,46.201678],[21.28979,46.201666],[21.28991,46.201657],[21.290044,46.201637],[21.290124,46.201626],[21.290279,46.201601],[21.290297,46.201597],[21.290367,46.201583],[21.290539,46.201529],[21.290683,46.201484],[21.290773,46.201455],[21.290815,46.201441],[21.291004,46.201373],[21.291203,46.201301],[21.291232,46.201292],[21.291471,46.201222],[21.291605,46.201183],[21.291708,46.20115],[21.291711,46.201149],[21.291811,46.201115],[21.291942,46.201065],[21.291944,46.201064],[21.292169,46.200977],[21.292205,46.200962],[21.292256,46.200951],[21.292308,46.200944],[21.292367,46.20094],[21.292418,46.20094],[21.292443,46.200941],[21.292515,46.200945],[21.29257,46.200957],[21.292598,46.200965],[21.29261,46.200968],[21.292639,46.200978],[21.292663,46.200988],[21.292669,46.200992],[21.292706,46.201013],[21.292741,46.201039],[21.292773,46.201068],[21.292799,46.201099],[21.292816,46.201135],[21.292824,46.201164],[21.29284,46.201219],[21.292852,46.201298],[21.292858,46.201328],[21.292861,46.201341],[21.292901,46.201519],[21.292941,46.201697],[21.292981,46.201875],[21.293021,46.202052],[21.293061,46.20223],[21.293095,46.202384],[21.293101,46.202408],[21.29314,46.202585],[21.29318,46.202763],[21.29322,46.202941],[21.29326,46.203118],[21.293279,46.203203],[21.293288,46.203273],[21.293288,46.203303],[21.293287,46.203315],[21.293282,46.203352],[21.293271,46.203384],[21.293254,46.203417],[21.293234,46.203446],[21.293224,46.203456],[21.293204,46.203475],[21.293172,46.203498],[21.293122,46.203529],[21.29307,46.203556],[21.293022,46.203575],[21.292973,46.203586],[21.292921,46.203594],[21.292881,46.203599],[21.292839,46.203596],[21.2928,46.203589],[21.292796,46.203588],[21.29276,46.20358],[21.29271,46.203565],[21.292649,46.203537],[21.292591,46.203499],[21.292586,46.203496],[21.292526,46.203444],[21.292424,46.203365],[21.292252,46.203231],[21.292079,46.203096],[21.291906,46.202962],[21.29175,46.20284]]},"properties":{"line":"1b","dir":"1","headsign":"Făt Frumos","mode":"tram","color":"#d6212b"}},{"type":"Feature","geometry":{"type":"LineString","coordinates":[[21.334265,46.144614],[21.334189,46.144466],[21.334166,46.144434],[21.334151,46.144412],[21.334102,46.144362],[21.334042,46.144311],[21.333997,46.144278],[21.333953,46.144252],[21.333927,46.144237],[21.333849,46.144203],[21.333807,46.144187],[21.333755,46.144173],[21.333635,46.144155],[21.333619,46.144153],[21.333607,46.144152],[21.333529,46.14415],[21.333425,46.144149],[21.333351,46.144149],[21.333091,46.14415],[21.332832,46.144151],[21.332786,46.144152],[21.332735,46.144154],[21.332687,46.144158],[21.33264,46.144163],[21.332588,46.14417],[21.332553,46.144175],[21.3323,46.144216],[21.332153,46.144239],[21.332092,46.14425],[21.331061,46.144433],[21.329947,46.144636],[21.328922,46.144815],[21.326246,46.145307],[21.326026,46.145348],[21.325242,46.145493],[21.32283,46.145922],[21.321934,46.146076],[21.321854,46.146089],[21.321739,46.146109],[21.321675,46.146125],[21.321674,46.146125],[21.321643,46.146133],[21.321571,46.146155],[21.321558,46.146161],[21.321492,46.146189],[21.321456,46.146214],[21.321428,46.146233],[21.321418,46.146241],[21.32138,46.146278],[21.321361,46.146303],[21.321346,46.146336],[21.321335,46.146367],[21.321329,46.146398],[21.321328,46.146417],[21.321327,46.146437],[21.321333,46.146598],[21.321341,46.146778],[21.321348,46.146958],[21.32135,46.147009],[21.321356,46.147137],[21.321365,46.147317],[21.321367,46.147357],[21.321377,46.147497],[21.321391,46.147676],[21.321404,46.147856],[21.321418,46.148035],[21.321431,46.148208],[21.321432,46.148215],[21.321449,46.148394],[21.321464,46.148553],[21.321466,46.148573],[21.32149,46.148752],[21.321514,46.148932],[21.321539,46.149111],[21.321563,46.14929],[21.321587,46.149469],[21.321611,46.149648],[21.321635,46.149827],[21.321659,46.150006],[21.321683,46.150185],[21.321704,46.150344],[21.321707,46.150364],[21.321726,46.150544],[21.321745,46.150723],[21.321764,46.150903],[21.321784,46.151082],[21.321803,46.151261],[21.321822,46.151441],[21.321841,46.15162],[21.32186,46.151799],[21.32188,46.151979],[21.321892,46.152093],[21.321894,46.152157],[21.321898,46.152314],[21.321898,46.152337],[21.321902,46.152517],[21.321906,46.152697],[21.321907,46.152726],[21.321909,46.152876],[21.321909,46.152908],[21.32191,46.152963],[21.321911,46.153056],[21.321913,46.153236],[21.321915,46.153416],[21.321917,46.153596],[21.321919,46.153775],[21.32192,46.153862],[21.321918,46.153955],[21.321916,46.154124],[21.321916,46.154134],[21.321912,46.154228],[21.321908,46.154314],[21.321901,46.154494],[21.321893,46.154674],[21.321885,46.154853],[21.321877,46.155033],[21.321869,46.155213],[21.321862,46.155393],[21.321854,46.155572],[21.321846,46.155752],[21.321838,46.155932],[21.321831,46.156112],[21.321824,46.156272],[21.321823,46.156292],[21.32182,46.156392],[21.321819,46.156472],[21.321819,46.156516],[21.32182,46.156652],[21.321821,46.156832],[21.321821,46.15696],[21.321821,46.15697],[21.321822,46.157148],[21.321822,46.157328],[21.321822,46.157508],[21.321823,46.157527],[21.321822,46.157688],[21.321822,46.157708],[21.32182,46.157868],[21.321817,46.158048],[21.321814,46.158228],[21.321811,46.158408],[21.321808,46.158588],[21.321805,46.158767],[21.321802,46.158947],[21.321799,46.159127],[21.321798,46.159176],[21.321798,46.159241],[21.321798,46.159301],[21.321798,46.159302],[21.321803,46.15934],[21.321812,46.159375],[21.321823,46.15941],[21.321845,46.159451],[21.321853,46.159463],[21.321951,46.15963],[21.322049,46.159796],[21.322147,46.159963],[21.322245,46.160129],[21.322343,46.160296],[21.322441,46.160462],[21.322539,46.160629],[21.322637,46.160796],[21.322735,46.160962],[21.322783,46.161044],[21.322834,46.161127],[21.322914,46.161258],[21.322935,46.161296],[21.323026,46.161464],[21.323118,46.161632],[21.323209,46.1618],[21.323216,46.161813],[21.323247,46.161887],[21.32327,46.161954],[21.323276,46.161983],[21.323283,46.162012],[21.323286,46.162095],[21.323281,46.162171],[21.323279,46.162209],[21.323264,46.162324],[21.323256,46.162355],[21.323222,46.162489],[21.323211,46.162532],[21.323208,46.162542],[21.323176,46.162668],[21.323162,46.16271],[21.323105,46.162885],[21.323049,46.163061],[21.323018,46.163156],[21.322992,46.163236],[21.322936,46.163412],[21.322924,46.16345],[21.322869,46.163588],[21.322817,46.163723],[21.322802,46.163761],[21.322734,46.163935],[21.322707,46.164007],[21.322664,46.164109],[21.322591,46.164281],[21.322574,46.164322],[21.32254,46.164401],[21.322518,46.164454],[21.322445,46.164627],[21.322371,46.164799],[21.322336,46.164882],[21.322293,46.164972],[21.322272,46.165016],[21.322208,46.165143],[21.322123,46.165312],[21.322038,46.165482],[21.321953,46.165652],[21.321868,46.165822],[21.321868,46.165823],[21.321767,46.165991],[21.321676,46.166144],[21.321669,46.166155],[21.321583,46.166301],[21.321484,46.166467],[21.321385,46.166633],[21.321374,46.166652],[21.321286,46.1668],[21.321223,46.166904],[21.321186,46.166966],[21.321151,46.167025],[21.321086,46.167132],[21.321032,46.167221],[21.320987,46.167297],[21.320959,46.167345],[21.320938,46.167393],[21.320915,46.167427],[21.320891,46.167452],[21.32089,46.167453],[21.320862,46.167477],[21.32083,46.167498],[21.320771,46.167527],[21.320716,46.167546],[21.320646,46.16756],[21.320587,46.167565],[21.320506,46.167562],[21.320467,46.167569],[21.320432,46.167575],[21.320407,46.167582],[21.320342,46.167604],[21.320238,46.167637],[21.320237,46.167637],[21.320135,46.167673],[21.320012,46.167718],[21.31993,46.167748],[21.319831,46.167786],[21.31982,46.167789],[21.319785,46.167802],[21.319561,46.167884],[21.319558,46.167885],[21.319333,46.167974],[21.319108,46.168064],[21.318882,46.168153],[21.318792,46.168189],[21.318663,46.168247],[21.318654,46.168251],[21.318505,46.168328],[21.318457,46.168354],[21.318427,46.16837],[21.318329,46.168426],[21.318259,46.168468],[21.318246,46.168477],[21.31816,46.168536],[21.318089,46.168586],[21.318078,46.168594],[21.3179,46.168725],[21.317881,46.168739],[21.317743,46.168842],[21.317725,46.168856],[21.317647,46.168921],[21.317633,46.168934],[21.317568,46.168997],[21.317452,46.169108],[21.317418,46.169142],[21.317343,46.169219],[21.317275,46.169291],[21.31727,46.169296],[21.317218,46.169352],[21.317162,46.169416],[21.317141,46.169442],[21.317072,46.16953],[21.317023,46.169601],[21.316962,46.169689],[21.316914,46.169763],[21.316807,46.169927],[21.316727,46.17005],[21.316701,46.170091],[21.316638,46.170193],[21.316599,46.170256],[21.316534,46.170362],[21.316506,46.170425],[21.316429,46.170597],[21.316352,46.170768],[21.316332,46.170815],[21.316274,46.17094],[21.316195,46.171111],[21.316117,46.171283],[21.316053,46.171422],[21.316039,46.171454],[21.316021,46.171496],[21.315989,46.171565],[21.315977,46.171627],[21.315966,46.171688],[21.315953,46.171765],[21.315949,46.171804],[21.315946,46.171841],[21.315947,46.171915],[21.315957,46.171992],[21.315963,46.172011],[21.315973,46.172046],[21.316003,46.172127],[21.316015,46.172153],[21.316045,46.172205],[21.31614,46.172372],[21.316234,46.172539],[21.316244,46.172556],[21.316325,46.172697],[21.31642,46.172864],[21.316516,46.173031],[21.316612,46.173198],[21.316708,46.173365],[21.316715,46.173376],[21.31682,46.173531],[21.316931,46.173694],[21.317041,46.173856],[21.317151,46.174019],[21.317262,46.174182],[21.317282,46.174212],[21.317383,46.174345],[21.317503,46.174504],[21.317623,46.174664],[21.317743,46.174823],[21.317864,46.174983],[21.317984,46.175142],[21.318103,46.175299],[21.318108,46.175306],[21.318197,46.175424],[21.318219,46.175457],[21.318329,46.175619],[21.318439,46.175782],[21.318549,46.175945],[21.318638,46.176076],[21.31866,46.176108],[21.318675,46.17613],[21.318762,46.176271],[21.318832,46.176384],[21.318876,46.176455],[21.318911,46.176512],[21.319013,46.176677],[21.319039,46.176718],[21.319116,46.176842],[21.319218,46.177008],[21.31932,46.177173],[21.319422,46.177338],[21.319525,46.177503],[21.319627,46.177668],[21.319729,46.177833],[21.319747,46.177863],[21.319837,46.177998],[21.319945,46.178161],[21.319976,46.178209],[21.320004,46.178251],[21.32006,46.178337],[21.320116,46.17842],[21.320156,46.17847],[21.320262,46.178592],[21.321575,46.180343],[21.32168,46.180481],[21.321821,46.180664],[21.321836,46.180684],[21.321893,46.180759],[21.321956,46.180836],[21.322108,46.181024],[21.322779,46.181801],[21.323194,46.182336],[21.323344,46.182567],[21.323384,46.182618],[21.323421,46.182671],[21.323697,46.18302],[21.323716,46.183083],[21.323743,46.183138],[21.323759,46.183167],[21.323851,46.18327],[21.32392,46.18335],[21.324317,46.18379],[21.324334,46.183813],[21.324386,46.183881],[21.324437,46.183962],[21.324443,46.183973],[21.324476,46.184033],[21.324524,46.184144],[21.324599,46.184316],[21.324674,46.184488],[21.324748,46.184658],[21.324748,46.184659],[21.324784,46.184711],[21.324815,46.184736],[21.324843,46.184754],[21.324866,46.184805],[21.324873,46.184826],[21.324897,46.184901],[21.324924,46.185003],[21.324947,46.185088],[21.324974,46.185179],[21.32499,46.185235],[21.325016,46.185357],[21.325055,46.185534],[21.325085,46.185674],[21.325096,46.18571],[21.325114,46.18577],[21.325148,46.185873],[21.325149,46.185875],[21.325181,46.185951],[21.325221,46.186048],[21.325293,46.186221],[21.325365,46.186394],[21.325436,46.186567],[21.325508,46.18674],[21.32558,46.186912],[21.325651,46.187085],[21.325675,46.187142],[21.325703,46.187244],[21.325707,46.187268],[21.325712,46.187305],[21.325717,46.187366],[21.325717,46.187431],[21.325716,46.187454],[21.325714,46.187506],[21.325699,46.187591],[21.325684,46.187641],[21.325678,46.187662],[21.325644,46.187739],[21.325599,46.187818],[21.325581,46.18785],[21.325512,46.187956],[21.325489,46.187986],[21.32543,46.188062],[21.325357,46.188144],[21.32522,46.188296],[21.325115,46.188414],[21.32508,46.188449],[21.325042,46.188488],[21.324962,46.188562],[21.324921,46.188595],[21.324901,46.188611],[21.324844,46.188655],[21.32475,46.188715],[21.32473,46.188726],[21.324527,46.188837],[21.324424,46.188893],[21.324341,46.188939],[21.324275,46.188975],[21.324253,46.188987],[21.324137,46.189039],[21.324091,46.189054],[21.32406,46.189064],[21.323871,46.189108],[21.323658,46.189153],[21.323625,46.18916],[21.323554,46.189175],[21.323378,46.189212],[21.323131,46.189264],[21.322883,46.189317],[21.322851,46.189324],[21.322635,46.189366],[21.322385,46.189416],[21.322136,46.189465],[21.321886,46.189514],[21.321669,46.189557],[21.321637,46.189563],[21.321453,46.189597],[21.321386,46.18961],[21.321135,46.189657],[21.320885,46.189704],[21.320634,46.189752],[21.320384,46.189799],[21.320133,46.189847],[21.320044,46.189864],[21.319882,46.189896],[21.319632,46.189945],[21.319393,46.189993],[21.319383,46.189995],[21.319278,46.190015],[21.319268,46.190017],[21.319036,46.190065],[21.318751,46.190123],[21.317644,46.190341],[21.315827,46.190702],[21.313913,46.191087],[21.313664,46.191137],[21.313415,46.191187],[21.313165,46.191237],[21.312916,46.191287],[21.312838,46.191303],[21.312669,46.191339],[21.312668,46.191339],[21.312418,46.191388],[21.312168,46.191437],[21.311918,46.191486],[21.311668,46.191535],[21.311466,46.191575],[21.311418,46.191584],[21.311168,46.191633],[21.311032,46.19166],[21.310918,46.191682],[21.310669,46.191731],[21.310545,46.191755],[21.310418,46.19178],[21.310169,46.191829],[21.310164,46.19183],[21.309919,46.191877],[21.30984,46.191893],[21.309668,46.191927],[21.309419,46.191977],[21.309169,46.192027],[21.30892,46.192077],[21.308705,46.19212],[21.308671,46.192127],[21.308421,46.192176],[21.308378,46.192185],[21.308222,46.192215],[21.308171,46.192225],[21.308016,46.192256],[21.307923,46.192274],[21.307855,46.192286],[21.307721,46.192322],[21.30766,46.192342],[21.3076,46.192361],[21.307519,46.192394],[21.307426,46.192431],[21.307375,46.192451],[21.3072,46.192521],[21.306975,46.192611],[21.30675,46.1927],[21.30671,46.192716],[21.306526,46.192792],[21.306302,46.192883],[21.306078,46.192974],[21.305974,46.193016],[21.305854,46.193066],[21.305631,46.193158],[21.305408,46.193251],[21.305185,46.193343],[21.304962,46.193435],[21.304739,46.193527],[21.304516,46.193619],[21.304293,46.193712],[21.30407,46.193804],[21.303847,46.193896],[21.303846,46.193896],[21.303625,46.19399],[21.303403,46.194084],[21.303181,46.194178],[21.30296,46.194271],[21.302738,46.194365],[21.302648,46.194403],[21.302517,46.194457],[21.302293,46.194549],[21.30207,46.194641],[21.301888,46.194715],[21.301846,46.194733],[21.301624,46.194826],[21.301588,46.194841],[21.301402,46.194915],[21.301272,46.194966],[21.301175,46.195008],[21.300955,46.195103],[21.300735,46.195198],[21.300663,46.19523],[21.300515,46.195294],[21.300295,46.195389],[21.300075,46.195484],[21.299855,46.19558],[21.299691,46.195651],[21.29963,46.195687],[21.299575,46.195719],[21.299464,46.195792],[21.299436,46.195812],[21.299388,46.195845],[21.29926,46.19595],[21.299222,46.195981],[21.299097,46.196092],[21.298938,46.196234],[21.29878,46.196377],[21.298621,46.196519],[21.298556,46.196576],[21.298462,46.196661],[21.298403,46.196714],[21.298303,46.196803],[21.298144,46.196946],[21.297985,46.197088],[21.297827,46.197231],[21.297812,46.197243],[21.297668,46.197373],[21.297509,46.197515],[21.297482,46.197539],[21.29738,46.197641],[21.297357,46.197661],[21.297195,46.197801],[21.297033,46.197942],[21.296871,46.198082],[21.296709,46.198223],[21.296632,46.19829],[21.296548,46.198364],[21.296389,46.198506],[21.29634,46.198549],[21.29622,46.198638],[21.296044,46.19877],[21.296004,46.1988],[21.295857,46.19889],[21.295662,46.199009],[21.295468,46.199128],[21.295273,46.199247],[21.29525,46.199261],[21.295078,46.199365],[21.294952,46.199442],[21.294883,46.199485],[21.294743,46.199571],[21.294689,46.199604],[21.294494,46.199723],[21.2943,46.199842],[21.294255,46.19987],[21.294105,46.199961],[21.293911,46.200081],[21.293716,46.2002],[21.293522,46.200319],[21.293327,46.200438],[21.293244,46.200489],[21.29315,46.200579],[21.29313,46.200598],[21.293087,46.200652],[21.293058,46.20069],[21.293038,46.200727],[21.293012,46.200775],[21.292985,46.20084],[21.292967,46.200887],[21.2929,46.201059],[21.292888,46.20109],[21.292868,46.20117],[21.29286,46.201235],[21.292852,46.201298],[21.292858,46.201328],[21.292877,46.201413],[21.292917,46.201591],[21.292957,46.201768],[21.292997,46.201946],[21.293037,46.202123],[21.293077,46.202301],[21.293095,46.202384],[21.293116,46.202479],[21.293156,46.202657],[21.293196,46.202834],[21.293236,46.203012],[21.293275,46.20319],[21.293279,46.203203],[21.293288,46.203273],[21.293287,46.203315],[21.293282,46.203352],[21.293274,46.203375],[21.293271,46.203384],[21.293254,46.203417],[21.293234,46.203446],[21.293204,46.203475],[21.293172,46.203498],[21.293132,46.203523],[21.293122,46.203529],[21.29307,46.203556],[21.293022,46.203575],[21.292973,46.203586],[21.292921,46.203594],[21.292881,46.203599],[21.292853,46.203597],[21.292839,46.203596],[21.292796,46.203588],[21.29276,46.20358],[21.29271,46.203565],[21.292649,46.203537],[21.292591,46.2035],[21.292591,46.203499],[21.292526,46.203444],[21.292421,46.203362],[21.292248,46.203228],[21.292075,46.203093],[21.291903,46.202959],[21.29173,46.202825],[21.291676,46.202783],[21.29164,46.202755]]},"properties":{"line":"3","dir":"0","headsign":"Făt Frumos","mode":"tram","color":"#d6212b"}},{"type":"Feature","geometry":{"type":"LineString","coordinates":[[21.291625,46.202743],[21.291481,46.202631],[21.29136,46.202538],[21.291312,46.202496],[21.291275,46.202465],[21.291204,46.202405],[21.291162,46.202358],[21.291137,46.20232],[21.291112,46.202269],[21.291084,46.202194],[21.29102,46.202025],[21.291019,46.202021],[21.290961,46.201846],[21.290933,46.20176],[21.290914,46.201672],[21.290911,46.201654],[21.290907,46.201618],[21.290907,46.201586],[21.290915,46.201551],[21.290934,46.201511],[21.290962,46.201469],[21.291006,46.201427],[21.291073,46.201376],[21.291128,46.20134],[21.291203,46.201301],[21.291277,46.201279],[21.291514,46.20121],[21.291605,46.201183],[21.291708,46.20115],[21.291754,46.201135],[21.291811,46.201115],[21.291944,46.201064],[21.291986,46.201048],[21.292169,46.200977],[21.292205,46.200962],[21.292214,46.200959],[21.29242,46.200876],[21.292441,46.200866],[21.292582,46.200802],[21.292662,46.200761],[21.292869,46.200653],[21.292977,46.200597],[21.293082,46.200533],[21.293277,46.200415],[21.293472,46.200296],[21.293599,46.200218],[21.293667,46.200178],[21.293863,46.20006],[21.294059,46.199941],[21.294254,46.199823],[21.29445,46.199705],[21.294646,46.199587],[21.294712,46.199547],[21.294842,46.199469],[21.294924,46.19942],[21.295038,46.199351],[21.295222,46.19924],[21.295237,46.19923],[21.295427,46.199108],[21.295617,46.198985],[21.295781,46.19888],[21.295807,46.198863],[21.295943,46.198775],[21.295999,46.198736],[21.296109,46.198661],[21.296184,46.198603],[21.296272,46.198535],[21.296357,46.198466],[21.296409,46.198424],[21.296525,46.198328],[21.296593,46.198273],[21.296691,46.198185],[21.29685,46.198042],[21.297008,46.1979],[21.297167,46.197757],[21.297326,46.197615],[21.297352,46.197591],[21.297438,46.197516],[21.297486,46.197474],[21.297547,46.197419],[21.297645,46.197332],[21.298362,46.196693],[21.298516,46.196555],[21.299238,46.195909],[21.299382,46.195792],[21.299447,46.195743],[21.299516,46.195699],[21.299586,46.19566],[21.299666,46.195622],[21.30001,46.195469],[21.301246,46.194936],[21.301563,46.194809],[21.301864,46.194685],[21.302409,46.19446],[21.30274,46.194325],[21.303822,46.193858],[21.305641,46.193111],[21.305746,46.193064],[21.305949,46.192966],[21.306496,46.192728],[21.307268,46.192417],[21.307321,46.192394],[21.30743,46.192349],[21.307639,46.19227],[21.307812,46.192226],[21.307976,46.192191],[21.308189,46.192147],[21.308232,46.19214],[21.308351,46.192115],[21.308428,46.192101],[21.308641,46.192058],[21.308886,46.192009],[21.30904,46.191978],[21.309132,46.19196],[21.30918,46.191951],[21.309371,46.19192],[21.309623,46.19188],[21.309875,46.19184],[21.30995,46.191828],[21.310129,46.191794],[21.310148,46.191791],[21.310382,46.191742],[21.310483,46.191721],[21.310631,46.191689],[21.310683,46.191678],[21.310878,46.191639],[21.311062,46.191602],[21.311125,46.19159],[21.311376,46.191545],[21.311449,46.191532],[21.311628,46.191499],[21.311879,46.191452],[21.31213,46.191405],[21.312381,46.191359],[21.312632,46.191312],[21.312659,46.191307],[21.312807,46.191278],[21.312837,46.191273],[21.313517,46.191132],[21.317658,46.190308],[21.318639,46.190116],[21.318662,46.190111],[21.31874,46.190095],[21.31891,46.190061],[21.319029,46.190037],[21.31916,46.19001],[21.31926,46.189989],[21.319409,46.189961],[21.319659,46.189913],[21.319909,46.189865],[21.320052,46.189837],[21.32016,46.189816],[21.32041,46.189767],[21.32066,46.189719],[21.32091,46.18967],[21.32116,46.189621],[21.32141,46.189572],[21.321441,46.189566],[21.321647,46.189526],[21.321659,46.189523],[21.32191,46.189475],[21.32216,46.189426],[21.32241,46.189378],[21.32246,46.189368],[21.32266,46.189327],[21.322909,46.189277],[21.323158,46.189226],[21.323409,46.189175],[21.32341,46.189175],[21.323533,46.189146],[21.323638,46.189121],[21.323656,46.189117],[21.3239,46.189059],[21.324031,46.189029],[21.32415,46.188991],[21.324164,46.188985],[21.324222,46.18896],[21.324387,46.188871],[21.324592,46.188761],[21.32474,46.188681],[21.324804,46.188641],[21.324826,46.188626],[21.324877,46.188588],[21.324926,46.188542],[21.324987,46.188479],[21.324997,46.188469],[21.325128,46.188332],[21.325189,46.188267],[21.325267,46.188176],[21.325398,46.188021],[21.325446,46.187965],[21.325507,46.187882],[21.325524,46.187855],[21.325558,46.187797],[21.325598,46.187716],[21.325612,46.187677],[21.325638,46.187611],[21.325657,46.187518],[21.32566,46.187489],[21.325666,46.187417],[21.325661,46.187325],[21.325657,46.187299],[21.325649,46.187238],[21.325628,46.187153],[21.32561,46.18711],[21.325537,46.186938],[21.325464,46.186765],[21.325391,46.186593],[21.325319,46.18642],[21.325246,46.186247],[21.325173,46.186075],[21.325125,46.185961],[21.325102,46.185902],[21.325094,46.185884],[21.325061,46.185778],[21.32505,46.185733],[21.325008,46.185556],[21.324965,46.185379],[21.324961,46.185361],[21.324927,46.185198],[21.324876,46.185022],[21.324831,46.184866],[21.324822,46.184841],[21.324797,46.18477],[21.32475,46.184662],[21.324748,46.184658],[21.324675,46.184491],[21.3246,46.184318],[21.324525,46.184146],[21.324476,46.184033],[21.324441,46.183969],[21.324437,46.183962],[21.324386,46.183881],[21.324322,46.183796],[21.324317,46.18379],[21.324181,46.183639],[21.324043,46.183487],[21.32392,46.18335],[21.323907,46.183335],[21.323851,46.18327],[21.323771,46.183181],[21.323759,46.183167],[21.323733,46.183139],[21.323648,46.18304],[21.323601,46.182984],[21.323523,46.182894],[21.323401,46.182751],[21.323383,46.18273],[21.323273,46.182621],[21.323257,46.182603],[21.323214,46.182555],[21.323117,46.182451],[21.323114,46.182447],[21.323077,46.18241],[21.32298,46.1823],[21.322844,46.182148],[21.32281,46.18211],[21.32273,46.18202],[21.322526,46.181792],[21.321769,46.180939],[21.321704,46.180864],[21.321632,46.180773],[21.321472,46.180568],[21.320844,46.179758],[21.32041,46.179149],[21.3201,46.178714],[21.320078,46.178684],[21.32002,46.178602],[21.319974,46.178537],[21.319936,46.178483],[21.319883,46.178403],[21.319836,46.178329],[21.318732,46.17651],[21.31852,46.17618],[21.318484,46.17612],[21.318096,46.175464],[21.318008,46.175342],[21.317935,46.175242],[21.317818,46.175081],[21.317721,46.174947],[21.3177,46.174919],[21.31758,46.174759],[21.317461,46.1746],[21.317341,46.174441],[21.317222,46.174281],[21.317183,46.174229],[21.317109,46.174123],[21.316996,46.173961],[21.316883,46.173799],[21.316878,46.173792],[21.316769,46.173638],[21.316655,46.173476],[21.316606,46.173406],[21.316558,46.173318],[21.316466,46.17315],[21.316374,46.172982],[21.316282,46.172814],[21.31619,46.172646],[21.316098,46.172477],[21.316007,46.172309],[21.316005,46.172306],[21.315932,46.172173],[21.315925,46.172155],[21.315922,46.172146],[21.315898,46.172061],[21.315885,46.171999],[21.315885,46.171993],[21.315879,46.171891],[21.315883,46.171814],[21.315884,46.171795],[21.315902,46.171694],[21.315914,46.171635],[21.315926,46.171579],[21.315936,46.171554],[21.315957,46.171497],[21.315973,46.171461],[21.315992,46.17142],[21.316054,46.17129],[21.316135,46.171119],[21.316216,46.170948],[21.316283,46.170807],[21.316297,46.170778],[21.316331,46.170709],[21.316378,46.170607],[21.316401,46.170559],[21.316463,46.170437],[21.316504,46.170357],[21.316555,46.170271],[21.31664,46.170128],[21.316654,46.170104],[21.31668,46.17006],[21.316754,46.169939],[21.316799,46.169864],[21.316857,46.169775],[21.316918,46.16968],[21.316964,46.169612],[21.317015,46.169537],[21.317069,46.169463],[21.317077,46.169454],[21.317127,46.169392],[21.317193,46.169316],[21.317208,46.169301],[21.317317,46.169183],[21.317349,46.169151],[21.317498,46.169004],[21.317583,46.168919],[21.317602,46.168901],[21.317647,46.168863],[21.317662,46.168851],[21.317739,46.168787],[21.317818,46.168732],[21.317844,46.168714],[21.318,46.168603],[21.318169,46.168483],[21.318179,46.168476],[21.318181,46.168475],[21.318188,46.168469],[21.318282,46.168408],[21.318369,46.168356],[21.318384,46.168347],[21.318506,46.168283],[21.318573,46.168249],[21.318607,46.168231],[21.31871,46.16818],[21.318784,46.168148],[21.318817,46.168133],[21.319008,46.168061],[21.319235,46.167974],[21.319463,46.167888],[21.319641,46.16782],[21.319694,46.167795],[21.319719,46.167783],[21.319776,46.167748],[21.319784,46.167741],[21.319818,46.167715],[21.319849,46.167685],[21.319872,46.167661],[21.319987,46.167486],[21.320008,46.167455],[21.320096,46.167328],[21.320101,46.16732],[21.32014,46.167265],[21.320146,46.167257],[21.320205,46.167181],[21.320207,46.167178],[21.320237,46.16714],[21.320283,46.167099],[21.320328,46.167072],[21.320354,46.167059],[21.320361,46.167056],[21.320431,46.167032],[21.320473,46.167023],[21.320521,46.167015],[21.320564,46.167012],[21.320574,46.167011],[21.320634,46.167014],[21.320689,46.167024],[21.320746,46.167037],[21.320808,46.167044],[21.320848,46.167045],[21.320891,46.167043],[21.320943,46.167035],[21.320996,46.167025],[21.321043,46.167009],[21.32109,46.166988],[21.321104,46.166979],[21.321126,46.166964],[21.321166,46.166923],[21.321181,46.166894],[21.321239,46.166797],[21.321337,46.166631],[21.321435,46.166464],[21.321533,46.166297],[21.321632,46.166131],[21.32173,46.165964],[21.321756,46.165921],[21.321808,46.165827],[21.321818,46.165809],[21.321898,46.165659],[21.321987,46.165491],[21.322077,46.165322],[21.322166,46.165153],[21.322222,46.165048],[21.322251,46.164982],[21.322326,46.16481],[21.322361,46.164729],[21.322398,46.164637],[21.322469,46.164464],[21.322499,46.164392],[21.322534,46.164314],[21.322543,46.164292],[21.322613,46.164118],[21.322683,46.163945],[21.322753,46.163772],[21.322758,46.163762],[21.322817,46.163597],[21.32288,46.163423],[21.322935,46.163271],[21.322942,46.163249],[21.323,46.163073],[21.323023,46.163006],[21.323054,46.162897],[21.323104,46.162721],[21.323121,46.162661],[21.323149,46.162543],[21.323151,46.162536],[21.32319,46.162366],[21.323208,46.162285],[21.323219,46.162187],[21.323224,46.162145],[21.323224,46.162061],[21.323217,46.162008],[21.323211,46.161969],[21.323189,46.161892],[21.323166,46.161833],[21.323141,46.161766],[21.323083,46.161662],[21.322989,46.161494],[21.322896,46.161327],[21.322803,46.161159],[21.322745,46.161055],[21.322707,46.160991],[21.322608,46.160825],[21.32251,46.160658],[21.322411,46.160492],[21.322313,46.160325],[21.322214,46.160159],[21.322116,46.159993],[21.322017,46.159826],[21.321919,46.15966],[21.321821,46.159494],[21.321802,46.159463],[21.321777,46.159406],[21.321768,46.159368],[21.32176,46.159334],[21.32176,46.159323],[21.321758,46.159309],[21.321756,46.159282],[21.321755,46.159255],[21.321755,46.159145],[21.321755,46.158965],[21.321755,46.158785],[21.321755,46.158605],[21.321754,46.158425],[21.321754,46.158246],[21.321754,46.158066],[21.321754,46.157886],[21.321754,46.157752],[21.321757,46.157706],[21.32177,46.157527],[21.32177,46.157526],[21.32177,46.157346],[21.32177,46.157167],[21.321771,46.156987],[21.321771,46.156807],[21.321771,46.156627],[21.321771,46.156515],[21.32177,46.156447],[21.32177,46.156392],[21.321769,46.156271],[21.321769,46.156267],[21.321775,46.156088],[21.321778,46.156],[21.321782,46.155908],[21.321789,46.155729],[21.321794,46.155606],[21.321801,46.155426],[21.321808,46.155246],[21.321815,46.155067],[21.321822,46.154887],[21.32183,46.154707],[21.321837,46.154527],[21.321844,46.154348],[21.321849,46.154228],[21.321853,46.154169],[21.321856,46.154123],[21.321858,46.153987],[21.321859,46.153862],[21.32186,46.153807],[21.321861,46.153734],[21.32186,46.153626],[21.321859,46.153446],[21.321857,46.153266],[21.321855,46.153086],[21.321854,46.152961],[21.321853,46.152906],[21.321849,46.152726],[21.321848,46.152637],[21.321847,46.152547],[21.321845,46.152367],[21.321845,46.152314],[21.32184,46.152186],[21.321838,46.152132],[21.321828,46.152004],[21.321823,46.151942],[21.321809,46.151823],[21.321787,46.151643],[21.321765,46.151464],[21.321744,46.151285],[21.321722,46.151106],[21.321701,46.150926],[21.321679,46.150747],[21.321658,46.150568],[21.321636,46.150389],[21.321631,46.150348],[21.321614,46.150209],[21.321591,46.15003],[21.321569,46.149851],[21.321547,46.149672],[21.321524,46.149493],[21.321502,46.149314],[21.321479,46.149134],[21.321467,46.149038],[21.321451,46.148954],[21.321441,46.148898],[21.321427,46.148777],[21.321407,46.148597],[21.321387,46.148418],[21.321378,46.148336],[21.32137,46.148239],[21.321354,46.14806],[21.321338,46.14788],[21.321328,46.147763],[21.321325,46.147702],[21.321315,46.147522],[21.321306,46.147342],[21.321297,46.147163],[21.321289,46.14701],[21.321289,46.146984],[21.321287,46.146804],[21.321285,46.146625],[21.321283,46.146445],[21.321283,46.146439],[21.321286,46.146391],[21.321294,46.146357],[21.321304,46.146326],[21.321318,46.146295],[21.321337,46.14627],[21.321375,46.146232],[21.321406,46.146206],[21.321423,46.146192],[21.321481,46.146158],[21.321491,46.146154],[21.321546,46.146132],[21.321584,46.146118],[21.321634,46.146103],[21.321659,46.146097],[21.321664,46.146096],[21.321732,46.146081],[21.321899,46.14605],[21.32215,46.146004],[21.322209,46.145993],[21.32224,46.145987],[21.322816,46.145885],[21.323023,46.145849],[21.324252,46.145628],[21.324686,46.145551],[21.325232,46.145452],[21.32584,46.145339],[21.326682,46.145188],[21.326773,46.145172],[21.328441,46.144871],[21.328912,46.144782],[21.329404,46.144698],[21.330027,46.144585],[21.330685,46.144466],[21.330892,46.144433],[21.332077,46.144214],[21.332135,46.144204],[21.332334,46.144172],[21.332573,46.144134],[21.332591,46.144131],[21.332655,46.144122],[21.332722,46.144116],[21.332791,46.144111],[21.332863,46.144109],[21.332879,46.144109],[21.333139,46.144109],[21.333398,46.144109],[21.333498,46.144109],[21.333525,46.144109],[21.333569,46.14411],[21.333619,46.144117],[21.333688,46.144126],[21.333778,46.144139],[21.333856,46.14416],[21.333942,46.144191],[21.33401,46.144224],[21.334028,46.144234],[21.334064,46.144255],[21.334114,46.144292],[21.334171,46.144339],[21.334222,46.144391],[21.334256,46.144438],[21.334281,46.144473],[21.334359,46.144626],[21.334445,46.144795],[21.33452,46.144941]]},"properties":{"line":"3","dir":"1","headsign":"Gara Aradul Nou","mode":"tram","color":"#d6212b"}},{"type":"Feature","geometry":{"type":"LineString","coordinates":[[21.278047,46.209484],[21.27885,46.207942],[21.279904,46.205899],[21.280103,46.205543],[21.28012,46.205513],[21.280171,46.205431],[21.280184,46.205411],[21.280957,46.204179],[21.28141,46.203469],[21.281663,46.203065],[21.281733,46.202952],[21.281821,46.202813],[21.281924,46.202648],[21.282027,46.202483],[21.282129,46.202319],[21.282158,46.202272],[21.282239,46.202156],[21.28235,46.201995],[21.282459,46.201838],[21.282462,46.201834],[21.282505,46.201781],[21.28254,46.20174],[21.282581,46.201699],[21.282598,46.201685],[21.282674,46.201618],[21.28276,46.201545],[21.282923,46.201405],[21.282927,46.201403],[21.282974,46.201369],[21.283013,46.201346],[21.283058,46.201323],[21.283104,46.201306],[21.283117,46.201302],[21.283166,46.201289],[21.283258,46.201273],[21.28332,46.201272],[21.283375,46.201277],[21.283625,46.201299],[21.283629,46.201299],[21.283743,46.201298],[21.283887,46.201297],[21.284044,46.201296],[21.284099,46.201291],[21.284144,46.201289],[21.284183,46.201287],[21.284398,46.201266],[21.284485,46.201257],[21.284616,46.201263],[21.284659,46.201266],[21.284759,46.201272],[21.284916,46.201289],[21.285173,46.201317],[21.285429,46.201344],[21.285686,46.201372],[21.285943,46.2014],[21.286005,46.201406],[21.2862,46.201425],[21.286457,46.201449],[21.286475,46.201451],[21.286714,46.201477],[21.28697,46.201505],[21.287009,46.201509],[21.287227,46.201534],[21.287483,46.201562],[21.287727,46.20159],[21.28774,46.201591],[21.287997,46.201617],[21.288254,46.201642],[21.288425,46.201659],[21.288511,46.201665],[21.28867,46.201677],[21.288767,46.20168],[21.28889,46.201684],[21.289025,46.201688],[21.289113,46.20169],[21.289285,46.201687],[21.28935,46.201686],[21.289544,46.20168],[21.28963,46.201678],[21.289803,46.201665],[21.28991,46.201657],[21.290062,46.201635],[21.290124,46.201626],[21.290279,46.201601],[21.290318,46.201593],[21.290367,46.201583],[21.290558,46.201523],[21.290683,46.201484],[21.29079,46.201449],[21.290815,46.201441],[21.290995,46.201396],[21.291034,46.201386],[21.291073,46.201376],[21.291128,46.20134],[21.291203,46.201301],[21.291253,46.201286],[21.291492,46.201216],[21.291605,46.201183],[21.291708,46.20115],[21.291729,46.201143],[21.291811,46.201115],[21.291944,46.201064],[21.291959,46.201059],[21.292108,46.201],[21.292169,46.200977],[21.292205,46.200962],[21.292302,46.200923],[21.29242,46.200876],[21.292526,46.200827],[21.292582,46.200802],[21.292744,46.200718],[21.292951,46.20061],[21.292977,46.200597],[21.293159,46.200486],[21.293354,46.200368],[21.293549,46.200249],[21.293599,46.200218],[21.293744,46.200131],[21.29394,46.200013],[21.294136,46.199895],[21.294332,46.199777],[21.294527,46.199659],[21.294712,46.199547],[21.294723,46.199541],[21.294919,46.199422],[21.294924,46.19942],[21.295115,46.199304],[21.295222,46.19924],[21.295312,46.199182],[21.295502,46.199059],[21.29559,46.199002],[21.295781,46.19888],[21.295943,46.198775],[21.296109,46.198661],[21.296272,46.198535],[21.296409,46.198424],[21.296593,46.198273],[21.297352,46.197591],[21.297438,46.197516],[21.297547,46.197419],[21.298362,46.196693],[21.298516,46.196555],[21.299238,46.195909],[21.299382,46.195792],[21.299447,46.195743],[21.299516,46.195699],[21.299586,46.19566],[21.299666,46.195622],[21.30001,46.195469],[21.301246,46.194936],[21.301563,46.194809],[21.301864,46.194685],[21.302022,46.19462],[21.302409,46.19446],[21.30274,46.194325],[21.303822,46.193858],[21.305641,46.193111],[21.305746,46.193064],[21.305949,46.192966],[21.306496,46.192728],[21.307268,46.192417],[21.307321,46.192394],[21.30743,46.192349],[21.307639,46.19227],[21.307812,46.192226],[21.307976,46.192191],[21.308009,46.192184],[21.308189,46.192147],[21.308232,46.19214],[21.308257,46.192135],[21.308351,46.192115],[21.308428,46.192101],[21.308503,46.192086],[21.30875,46.192036],[21.308997,46.191986],[21.30904,46.191978],[21.30918,46.191951],[21.309229,46.191943],[21.309474,46.191904],[21.309718,46.191865],[21.30995,46.191828],[21.309964,46.191825],[21.309969,46.191824],[21.310148,46.191791],[21.310483,46.191721],[21.310683,46.191678],[21.311062,46.191602],[21.311449,46.191532],[21.312659,46.191307],[21.312837,46.191273],[21.313517,46.191132],[21.317658,46.190308],[21.318639,46.190116],[21.318662,46.190111],[21.31874,46.190095],[21.31891,46.190061],[21.319029,46.190037],[21.31916,46.19001],[21.31926,46.189989],[21.319409,46.189961],[21.319659,46.189913],[21.319909,46.189865],[21.320052,46.189837],[21.32016,46.189816],[21.32041,46.189767],[21.32066,46.189719],[21.32091,46.18967],[21.32116,46.189621],[21.32141,46.189572],[21.321441,46.189566],[21.321647,46.189526],[21.321659,46.189523],[21.32191,46.189475],[21.32216,46.189426],[21.32241,46.189378],[21.32246,46.189368],[21.32266,46.189327],[21.322909,46.189277],[21.323158,46.189226],[21.323409,46.189175],[21.32341,46.189175],[21.323533,46.189146],[21.323638,46.189121],[21.323656,46.189117],[21.3239,46.189059],[21.324031,46.189029],[21.32415,46.188991],[21.324164,46.188985],[21.324222,46.18896],[21.324387,46.188871],[21.324592,46.188761],[21.32474,46.188681],[21.324804,46.188641],[21.324826,46.188626],[21.324877,46.188588],[21.324926,46.188542],[21.324987,46.188479],[21.324997,46.188469],[21.325128,46.188332],[21.325189,46.188267],[21.325267,46.188176],[21.325398,46.188021],[21.325446,46.187965],[21.325507,46.187882],[21.325524,46.187855],[21.325558,46.187797],[21.325598,46.187716],[21.325612,46.187677],[21.325638,46.187611],[21.325657,46.187518],[21.32566,46.187489],[21.325666,46.187417],[21.325661,46.187325],[21.325657,46.187299],[21.325649,46.187238],[21.325628,46.187153],[21.32561,46.18711],[21.325537,46.186938],[21.325464,46.186765],[21.325391,46.186593],[21.325319,46.18642],[21.325246,46.186247],[21.325173,46.186075],[21.325125,46.185961],[21.325102,46.185902],[21.325094,46.185884],[21.325061,46.185778],[21.32505,46.185733],[21.325008,46.185556],[21.324965,46.185379],[21.324961,46.185361],[21.324927,46.185198],[21.324876,46.185022],[21.324831,46.184866],[21.324822,46.184841],[21.324797,46.18477],[21.32475,46.184662],[21.324748,46.184658],[21.324675,46.184491],[21.3246,46.184318],[21.324525,46.184146],[21.324476,46.184033],[21.324441,46.183969],[21.324437,46.183962],[21.324386,46.183881],[21.324322,46.183796],[21.324317,46.18379],[21.324181,46.183639],[21.324043,46.183487],[21.32392,46.18335],[21.323907,46.183335],[21.323851,46.18327],[21.323771,46.183181],[21.323759,46.183167],[21.323733,46.183139],[21.323648,46.18304],[21.323601,46.182984],[21.323523,46.182894],[21.323401,46.182751],[21.323383,46.18273],[21.323273,46.182621],[21.323257,46.182603],[21.323214,46.182555],[21.323117,46.182451],[21.323114,46.182447],[21.323077,46.18241],[21.32298,46.1823],[21.322844,46.182148],[21.32281,46.18211],[21.32273,46.18202],[21.322526,46.181792],[21.321769,46.180939],[21.321704,46.180864],[21.321632,46.180773],[21.321472,46.180568],[21.320844,46.179758],[21.32041,46.179149],[21.3201,46.178714],[21.320078,46.178684],[21.32002,46.178602],[21.319974,46.178537],[21.319936,46.178483],[21.319883,46.178403],[21.319836,46.178329],[21.318732,46.17651],[21.31852,46.17618],[21.318484,46.17612],[21.318096,46.175464],[21.318008,46.175342],[21.317935,46.175242],[21.317818,46.175081],[21.317721,46.174947],[21.3177,46.174919],[21.31758,46.174759],[21.317461,46.1746],[21.317341,46.174441],[21.317222,46.174281],[21.317183,46.174229],[21.317109,46.174123],[21.316996,46.173961],[21.316883,46.173799],[21.316878,46.173792],[21.316769,46.173638],[21.316655,46.173476],[21.316606,46.173406],[21.316558,46.173318],[21.316466,46.17315],[21.316374,46.172982],[21.316282,46.172814],[21.31619,46.172646],[21.316098,46.172477],[21.316007,46.172309],[21.316005,46.172306],[21.315932,46.172173],[21.315925,46.172156],[21.315922,46.172146],[21.315898,46.172061],[21.315885,46.171999],[21.315885,46.171993],[21.315879,46.171891],[21.315883,46.171815],[21.315884,46.171795],[21.315902,46.171694],[21.315914,46.171635],[21.315926,46.171579],[21.315936,46.171554],[21.315957,46.171497],[21.315974,46.171459],[21.315992,46.17142],[21.316055,46.171288],[21.316136,46.171117],[21.316217,46.170946],[21.316283,46.170807],[21.316298,46.170776],[21.316331,46.170709],[21.316379,46.170605],[21.316401,46.170559],[21.316464,46.170435],[21.316504,46.170357],[21.316557,46.170268],[21.31664,46.170128],[21.316656,46.170102],[21.31668,46.17006],[21.316755,46.169936],[21.316799,46.169864],[21.316858,46.169772],[21.316918,46.16968],[21.316965,46.16961],[21.317015,46.169537],[21.317069,46.169463],[21.317079,46.169452],[21.317127,46.169392],[21.317193,46.169316],[21.31721,46.169298],[21.317317,46.169183],[21.317352,46.169149],[21.3175,46.169001],[21.317583,46.168919],[21.317602,46.168901],[21.317651,46.168859],[21.317662,46.168851],[21.317739,46.168787],[21.317824,46.168729],[21.317844,46.168714],[21.318005,46.168599],[21.318169,46.168483],[21.318179,46.168476],[21.318186,46.168471],[21.318188,46.168469],[21.318282,46.168408],[21.318375,46.168352],[21.318384,46.168347],[21.318506,46.168283],[21.31858,46.168245],[21.318607,46.168231],[21.31871,46.16818],[21.318791,46.168145],[21.318817,46.168133],[21.319014,46.168058],[21.319242,46.167972],[21.319469,46.167885],[21.319641,46.16782],[21.319701,46.167792],[21.319719,46.167783],[21.319776,46.167748],[21.319784,46.167741],[21.319818,46.167715],[21.319849,46.167685],[21.319872,46.167661],[21.31989,46.167632],[21.319993,46.167477],[21.320008,46.167455],[21.320026,46.167429]]},"properties":{"line":"6","dir":"0","headsign":"Piața Romană","mode":"tram","color":"#d6212b"}},{"type":"Feature","geometry":{"type":"LineString","coordinates":[[21.319683,46.167839],[21.319561,46.167884],[21.3195,46.167908],[21.319308,46.167985],[21.319082,46.168074],[21.318857,46.168163],[21.318792,46.168189],[21.318654,46.168251],[21.318641,46.168258],[21.318505,46.168328],[21.318434,46.168366],[21.318427,46.16837],[21.318329,46.168426],[21.318246,46.168477],[21.318239,46.168482],[21.31816,46.168536],[21.318089,46.168586],[21.318058,46.168608],[21.317881,46.168739],[21.317743,46.168842],[21.317707,46.168871],[21.317647,46.168921],[21.317633,46.168934],[21.317551,46.169013],[21.317452,46.169108],[21.317402,46.169159],[21.317343,46.169219],[21.31727,46.169296],[21.317259,46.169308],[21.317218,46.169352],[21.317162,46.169416],[21.317127,46.16946],[21.317072,46.16953],[21.31701,46.169619],[21.316962,46.169689],[21.316902,46.169782],[21.316795,46.169945],[21.316727,46.17005],[21.31669,46.17011],[21.316638,46.170193],[21.316587,46.170275],[21.316534,46.170362],[21.316497,46.170444],[21.31642,46.170616],[21.316343,46.170788],[21.316332,46.170815],[21.316265,46.170959],[21.316187,46.171131],[21.316108,46.171302],[21.316053,46.171422],[21.316031,46.171474],[21.316021,46.171496],[21.315989,46.171565],[21.315974,46.171646],[21.315966,46.171688],[21.315953,46.171765],[21.315947,46.171823],[21.315946,46.171841],[21.315947,46.171915],[21.315957,46.171992],[21.315969,46.172031],[21.315973,46.172046],[21.316003,46.172127],[21.316015,46.172153],[21.316055,46.172224],[21.31615,46.172391],[21.316244,46.172556],[21.316245,46.172559],[21.316335,46.172715],[21.316431,46.172882],[21.316527,46.173049],[21.316623,46.173216],[21.316715,46.173376],[21.316722,46.173387],[21.316833,46.173549],[21.316943,46.173712],[21.317053,46.173875],[21.317164,46.174037],[21.317274,46.1742],[21.317282,46.174212],[21.317396,46.174363],[21.317516,46.174522],[21.317637,46.174682],[21.317757,46.174841],[21.317877,46.175001],[21.317997,46.175159],[21.318108,46.175306],[21.318116,46.175317],[21.318197,46.175424],[21.318232,46.175475],[21.318341,46.175638],[21.318452,46.175801],[21.318562,46.175963],[21.318638,46.176076],[21.318672,46.176126],[21.318675,46.17613],[21.318774,46.17629],[21.318832,46.176384],[21.318876,46.176455],[21.318923,46.176531],[21.319025,46.176696],[21.319039,46.176718],[21.319127,46.176861],[21.319229,46.177026],[21.319332,46.177191],[21.319434,46.177356],[21.319536,46.177521],[21.319638,46.177687],[21.31974,46.177852],[21.319747,46.177863],[21.319849,46.178016],[21.319957,46.17818],[21.319976,46.178209],[21.320004,46.178251],[21.32006,46.178337],[21.320116,46.17842],[21.320156,46.17847],[21.320262,46.178592],[21.321575,46.180343],[21.32168,46.180481],[21.321821,46.180664],[21.321836,46.180684],[21.321893,46.180759],[21.321956,46.180836],[21.322108,46.181024],[21.322779,46.181801],[21.323194,46.182336],[21.323344,46.182567],[21.323384,46.182618],[21.323421,46.182671],[21.323697,46.18302],[21.323716,46.183083],[21.323743,46.183138],[21.323759,46.183167],[21.323851,46.18327],[21.32392,46.18335],[21.324317,46.18379],[21.324334,46.183813],[21.324386,46.183881],[21.324437,46.183962],[21.324443,46.183973],[21.324476,46.184033],[21.324524,46.184144],[21.324599,46.184316],[21.324674,46.184488],[21.324748,46.184658],[21.324749,46.18466],[21.324748,46.184658],[21.324784,46.184711],[21.324815,46.184736],[21.324843,46.184754],[21.324866,46.184805],[21.324897,46.184901],[21.324947,46.185088],[21.32499,46.185235],[21.325017,46.185359],[21.325055,46.185534],[21.325085,46.185674],[21.325095,46.185707],[21.325114,46.18577],[21.325148,46.185873],[21.325181,46.185951],[21.32522,46.186045],[21.325292,46.186217],[21.325363,46.18639],[21.325435,46.186563],[21.325507,46.186736],[21.325578,46.186909],[21.32565,46.187082],[21.325675,46.187142],[21.325703,46.187244],[21.325706,46.187266],[21.325712,46.187305],[21.325717,46.187366],[21.325717,46.187431],[21.325716,46.187452],[21.325714,46.187506],[21.325699,46.187591],[21.325685,46.187638],[21.325678,46.187662],[21.325644,46.187739],[21.3256,46.187816],[21.325581,46.18785],[21.325512,46.187956],[21.325491,46.187983],[21.32543,46.188062],[21.325359,46.188141],[21.325222,46.188294],[21.325115,46.188414],[21.325082,46.188447],[21.325042,46.188488],[21.324962,46.188562],[21.324923,46.188593],[21.324901,46.188611],[21.324844,46.188655],[21.32475,46.188715],[21.324733,46.188724],[21.32453,46.188835],[21.324424,46.188893],[21.324341,46.188939],[21.324278,46.188973],[21.324253,46.188987],[21.324137,46.189039],[21.324095,46.189053],[21.32406,46.189064],[21.323871,46.189108],[21.323871,46.189108],[21.323658,46.189153],[21.323629,46.189159],[21.323554,46.189175],[21.323382,46.189211],[21.323135,46.189264],[21.322887,46.189316],[21.322851,46.189324],[21.322639,46.189366],[21.322389,46.189415],[21.322139,46.189464],[21.32189,46.189513],[21.321669,46.189557],[21.321641,46.189562],[21.321453,46.189597],[21.321389,46.189609],[21.321139,46.189656],[21.320888,46.189704],[21.320638,46.189751],[21.320387,46.189799],[21.320137,46.189846],[21.320044,46.189864],[21.319886,46.189895],[21.319636,46.189944],[21.319393,46.189993],[21.319387,46.189994],[21.319278,46.190015],[21.319268,46.190017],[21.319036,46.190065],[21.318751,46.190123],[21.317644,46.190341],[21.315827,46.190702],[21.313913,46.191087],[21.313664,46.191137],[21.313415,46.191187],[21.313165,46.191237],[21.312916,46.191287],[21.312838,46.191303],[21.312669,46.191339],[21.312668,46.191339],[21.312418,46.191388],[21.312168,46.191437],[21.311918,46.191486],[21.311668,46.191535],[21.311466,46.191575],[21.311418,46.191584],[21.311168,46.191633],[21.311032,46.19166],[21.310918,46.191682],[21.310669,46.191731],[21.310545,46.191755],[21.310418,46.19178],[21.310169,46.191829],[21.310164,46.19183],[21.309919,46.191877],[21.30984,46.191893],[21.309668,46.191927],[21.309419,46.191977],[21.309169,46.192027],[21.30892,46.192077],[21.308705,46.19212],[21.308671,46.192127],[21.308421,46.192176],[21.308378,46.192185],[21.308222,46.192215],[21.308171,46.192225],[21.308016,46.192256],[21.307923,46.192274],[21.307855,46.192286],[21.307721,46.192322],[21.30766,46.192342],[21.3076,46.192361],[21.307519,46.192394],[21.307426,46.192431],[21.307375,46.192451],[21.3072,46.192521],[21.306975,46.192611],[21.30675,46.1927],[21.30671,46.192716],[21.306526,46.192792],[21.306302,46.192883],[21.306078,46.192974],[21.305974,46.193016],[21.305854,46.193066],[21.305631,46.193158],[21.305408,46.193251],[21.305185,46.193343],[21.304962,46.193435],[21.304739,46.193527],[21.304516,46.193619],[21.304293,46.193712],[21.30407,46.193804],[21.303847,46.193896],[21.303846,46.193896],[21.303625,46.19399],[21.303403,46.194084],[21.303181,46.194178],[21.30296,46.194271],[21.302738,46.194365],[21.302648,46.194403],[21.302517,46.194457],[21.302293,46.194549],[21.30207,46.194641],[21.301888,46.194715],[21.301846,46.194733],[21.301624,46.194826],[21.301588,46.194841],[21.301402,46.194915],[21.301272,46.194966],[21.301175,46.195008],[21.300955,46.195103],[21.300735,46.195198],[21.300663,46.19523],[21.300515,46.195294],[21.300295,46.195389],[21.300075,46.195484],[21.299855,46.19558],[21.299691,46.195651],[21.29963,46.195687],[21.299575,46.195719],[21.299464,46.195792],[21.299436,46.195812],[21.299388,46.195845],[21.29926,46.19595],[21.299222,46.195981],[21.299097,46.196092],[21.298938,46.196234],[21.29878,46.196377],[21.298621,46.196519],[21.298556,46.196576],[21.298462,46.196661],[21.298403,46.196714],[21.298303,46.196803],[21.298144,46.196946],[21.297985,46.197088],[21.297827,46.197231],[21.297812,46.197243],[21.297668,46.197373],[21.297509,46.197515],[21.297482,46.197539],[21.29738,46.197641],[21.297357,46.197661],[21.297195,46.197801],[21.297033,46.197942],[21.296871,46.198082],[21.296709,46.198223],[21.296632,46.19829],[21.296548,46.198364],[21.296389,46.198506],[21.29634,46.198549],[21.29622,46.198638],[21.296044,46.19877],[21.296004,46.1988],[21.295857,46.19889],[21.295662,46.199009],[21.295468,46.199128],[21.295273,46.199247],[21.29525,46.199261],[21.295078,46.199365],[21.294952,46.199442],[21.294883,46.199485],[21.294743,46.199571],[21.294689,46.199604],[21.294494,46.199723],[21.2943,46.199842],[21.294255,46.19987],[21.294105,46.199961],[21.293911,46.200081],[21.293716,46.2002],[21.293522,46.200319],[21.293327,46.200438],[21.293244,46.200489],[21.29313,46.200551],[21.292927,46.200663],[21.292824,46.200719],[21.292723,46.200771],[21.292579,46.200844],[21.292515,46.200873],[21.292367,46.20094],[21.2923,46.200966],[21.292194,46.201007],[21.292074,46.201054],[21.291848,46.20114],[21.291791,46.201162],[21.29163,46.201215],[21.291619,46.201219],[21.291491,46.201259],[21.291383,46.20129],[21.291185,46.201348],[21.291145,46.201358],[21.291073,46.201376],[21.290995,46.201396],[21.290902,46.201419],[21.290815,46.201441],[21.290683,46.201484],[21.290665,46.20149],[21.290432,46.201563],[21.290367,46.201583],[21.290279,46.201601],[21.290171,46.201618],[21.290124,46.201626],[21.289916,46.201656],[21.28991,46.201657],[21.289649,46.201676],[21.28963,46.201678],[21.289384,46.201685],[21.28935,46.201686],[21.289123,46.20169],[21.289113,46.20169],[21.28889,46.201684],[21.288857,46.201682],[21.28867,46.201677],[21.288593,46.201671],[21.288425,46.201659],[21.288332,46.20165],[21.288075,46.201624],[21.287819,46.201599],[21.287727,46.20159],[21.287564,46.201571],[21.287313,46.201543],[21.287061,46.201515],[21.287009,46.201509],[21.286807,46.201487],[21.286552,46.201459],[21.286475,46.201451],[21.286296,46.201434],[21.286039,46.20141],[21.286005,46.201406],[21.285784,46.201383],[21.285534,46.201356],[21.285277,46.201328],[21.285021,46.2013],[21.284764,46.201273],[21.284759,46.201272],[21.284616,46.201263],[21.284515,46.201258],[21.284485,46.201257],[21.284264,46.201258],[21.284187,46.201258],[21.284159,46.201259],[21.283943,46.201262],[21.283941,46.201262],[21.283684,46.201266],[21.283425,46.20127],[21.28332,46.201272],[21.283258,46.201273],[21.283166,46.201289],[21.283147,46.201294],[21.283104,46.201306],[21.283058,46.201323],[21.283013,46.201346],[21.282974,46.201369],[21.282935,46.201397],[21.282927,46.201403],[21.282803,46.201509],[21.282674,46.201618],[21.282649,46.20164],[21.282581,46.201699],[21.28254,46.20174],[21.282509,46.201777],[21.282505,46.201781],[21.282459,46.201838],[21.282393,46.201934],[21.282281,46.202096],[21.282169,46.202257],[21.282158,46.202272],[21.282065,46.202422],[21.281961,46.202587],[21.281858,46.202752],[21.281755,46.202917],[21.281733,46.202952],[21.281663,46.203065],[21.28141,46.203469],[21.280957,46.204179],[21.280184,46.205411],[21.280174,46.205427],[21.28012,46.205513],[21.279904,46.205899],[21.27885,46.207942],[21.278041,46.209496],[21.277939,46.209692],[21.2779,46.209763],[21.277747,46.210058],[21.27769,46.210178]]},"properties":{"line":"6","dir":"1","headsign":"Piața Gai","mode":"tram","color":"#d6212b"}},{"type":"Feature","geometry":{"type":"LineString","coordinates":[[21.29174,46.202833],[21.291676,46.202783],[21.291568,46.2027],[21.291397,46.202566],[21.29136,46.202538],[21.291275,46.202465],[21.291235,46.202431],[21.291204,46.202405],[21.291162,46.202358],[21.291137,46.20232],[21.291124,46.202293],[21.291112,46.202269],[21.291056,46.202121],[21.29102,46.202025],[21.290994,46.201947],[21.290937,46.201772],[21.290933,46.20176],[21.290911,46.201654],[21.290907,46.201618],[21.290907,46.201606],[21.290907,46.201586],[21.290915,46.201551],[21.290934,46.201511],[21.290962,46.201469],[21.290971,46.201461],[21.291006,46.201427],[21.291073,46.201376],[21.291128,46.20134],[21.291131,46.201338],[21.291203,46.201301],[21.291364,46.201253],[21.291603,46.201184],[21.291605,46.201183],[21.291708,46.20115],[21.291811,46.201115],[21.291838,46.201105],[21.291944,46.201064],[21.292064,46.201017],[21.292123,46.200994],[21.292169,46.200977],[21.292205,46.200962],[21.29242,46.200876],[21.292582,46.200802],[21.292977,46.200597],[21.293599,46.200218],[21.294712,46.199547],[21.294924,46.19942],[21.295222,46.19924],[21.295512,46.199053],[21.295701,46.198931],[21.295781,46.19888],[21.29589,46.198809],[21.295943,46.198775],[21.296076,46.198683],[21.296109,46.198661],[21.296252,46.19855],[21.296272,46.198535],[21.296409,46.198424],[21.296422,46.198413],[21.29659,46.198275],[21.296593,46.198273],[21.29675,46.198131],[21.296909,46.197989],[21.297068,46.197847],[21.297226,46.197704],[21.297352,46.197591],[21.297385,46.197562],[21.297438,46.197516],[21.297545,46.197421],[21.297547,46.197419],[21.297705,46.197278],[21.297864,46.197136],[21.298023,46.196994],[21.298183,46.196852],[21.298342,46.19671],[21.298362,46.196693],[21.298501,46.196568],[21.298516,46.196555],[21.29866,46.196426],[21.298819,46.196284],[21.298978,46.196141],[21.299137,46.195999],[21.299238,46.195909],[21.299298,46.19586],[21.299382,46.195792],[21.299447,46.195743],[21.299468,46.19573],[21.299516,46.195699],[21.299586,46.19566],[21.299666,46.195622],[21.299667,46.195621],[21.299886,46.195524],[21.30001,46.195469],[21.300105,46.195428],[21.300326,46.195333],[21.300546,46.195238],[21.300767,46.195143],[21.300987,46.195048],[21.301207,46.194953],[21.301246,46.194936],[21.301431,46.194862],[21.301563,46.194809],[21.301655,46.194771],[21.301864,46.194685],[21.301877,46.19468],[21.302098,46.194589],[21.302321,46.194496],[21.302409,46.19446],[21.302544,46.194405],[21.30274,46.194325],[21.302769,46.194313],[21.302989,46.194218],[21.303209,46.194123],[21.303429,46.194027],[21.30365,46.193932],[21.303822,46.193858],[21.30387,46.193838],[21.304094,46.193746],[21.304317,46.193655],[21.304541,46.193563],[21.304764,46.193471],[21.304987,46.193379],[21.305211,46.193287],[21.305434,46.193196],[21.305641,46.193111],[21.305658,46.193103],[21.305746,46.193064],[21.305873,46.193002],[21.305949,46.192966],[21.30609,46.192904],[21.30631,46.192809],[21.306496,46.192728],[21.306531,46.192714],[21.306755,46.192624],[21.30698,46.192533],[21.307204,46.192443],[21.307268,46.192417],[21.307321,46.192394],[21.307427,46.19235],[21.30743,46.192349],[21.307639,46.19227],[21.307657,46.192265],[21.307812,46.192226],[21.307898,46.192207],[21.307976,46.192191],[21.308147,46.192155],[21.308189,46.192147],[21.308232,46.19214],[21.308351,46.192115],[21.308396,46.192107],[21.308428,46.192101],[21.308646,46.192057],[21.308895,46.192007],[21.30904,46.191978],[21.309145,46.191957],[21.309175,46.191952],[21.30918,46.191951],[21.30995,46.191828],[21.310148,46.191791],[21.310483,46.191721],[21.310683,46.191678],[21.311062,46.191602],[21.311449,46.191532],[21.312659,46.191307],[21.312837,46.191273],[21.313517,46.191132],[21.317658,46.190308],[21.318639,46.190116],[21.318667,46.19011],[21.31874,46.190095],[21.318916,46.19006],[21.319029,46.190037],[21.319165,46.190009],[21.31926,46.189989],[21.319414,46.18996],[21.319665,46.189912],[21.319915,46.189864],[21.320052,46.189837],[21.320165,46.189815],[21.320415,46.189766],[21.320665,46.189718],[21.320915,46.189669],[21.321165,46.18962],[21.321415,46.189571],[21.321441,46.189566],[21.321647,46.189526],[21.321665,46.189522],[21.321915,46.189474],[21.322165,46.189425],[21.322415,46.189377],[21.32246,46.189368],[21.322665,46.189327],[21.322914,46.189276],[21.323163,46.189225],[21.323409,46.189175],[21.323412,46.189174],[21.323533,46.189146],[21.323638,46.189121],[21.323658,46.189117],[21.323903,46.189059],[21.324031,46.189029],[21.324137,46.188995],[21.32415,46.188991],[21.324222,46.18896],[21.324355,46.188888],[21.32456,46.188778],[21.32474,46.188681],[21.324766,46.188664],[21.324826,46.188626],[21.324877,46.188588],[21.324926,46.188542],[21.324942,46.188526],[21.324997,46.188469],[21.325086,46.188376],[21.325189,46.188267],[21.325227,46.188223],[21.325358,46.188068],[21.325446,46.187965],[21.325486,46.187911],[21.325507,46.187882],[21.325558,46.187797],[21.325582,46.187748],[21.325598,46.187716],[21.325638,46.187611],[21.325646,46.187569],[21.325657,46.187518],[21.325666,46.187417],[21.325664,46.187384],[21.325661,46.187325],[21.325649,46.187238],[21.325641,46.187207],[21.325628,46.187153],[21.325577,46.187032],[21.325504,46.186859],[21.325431,46.186686],[21.325358,46.186514],[21.325285,46.186341],[21.325213,46.186168],[21.32514,46.185996],[21.325125,46.185961],[21.325094,46.185884],[21.325075,46.185821],[21.325061,46.185778],[21.325029,46.185645],[21.324987,46.185468],[21.324961,46.185361],[21.324947,46.185293],[21.324927,46.185198],[21.324902,46.185113],[21.324851,46.184937],[21.324831,46.184866],[21.324797,46.18477],[21.32479,46.184755],[21.324748,46.184658],[21.324715,46.184583],[21.32464,46.184412],[21.324566,46.18424],[21.324491,46.184068],[21.324476,46.184033],[21.324437,46.183962],[21.324396,46.183896],[21.324386,46.183881],[21.324317,46.18379],[21.324267,46.183734],[21.32413,46.183583],[21.323993,46.183431],[21.32392,46.18335],[21.323857,46.183277],[21.323851,46.18327],[21.323759,46.183167],[21.323733,46.183139],[21.323721,46.183125],[21.323601,46.182984],[21.323589,46.18297],[21.323456,46.182816],[21.323383,46.18273],[21.323313,46.182662],[21.323273,46.182621],[21.323214,46.182555],[21.323174,46.182512],[21.323114,46.182447],[21.323077,46.18241],[21.323034,46.182361],[21.322898,46.182208],[21.32281,46.18211],[21.322761,46.182055],[21.32273,46.18202],[21.322526,46.181792],[21.321769,46.180939],[21.321704,46.180864],[21.321632,46.180773],[21.321472,46.180568],[21.320844,46.179758],[21.32041,46.179149],[21.320078,46.178683],[21.32002,46.178602],[21.319974,46.178537],[21.319936,46.178483],[21.319883,46.178403],[21.319836,46.178329],[21.318732,46.17651],[21.31852,46.17618],[21.318484,46.17612],[21.318096,46.175464],[21.318008,46.175342],[21.31794,46.175248],[21.317721,46.174947],[21.317183,46.174229],[21.316878,46.173792],[21.316606,46.173406],[21.316005,46.172306],[21.315956,46.172216],[21.315932,46.172173],[21.315922,46.172146],[21.315898,46.172061],[21.315894,46.172045],[21.315885,46.171999],[21.315879,46.171891],[21.315881,46.171859],[21.315884,46.171795],[21.315902,46.171694],[21.315906,46.171676],[21.315926,46.171579],[21.315936,46.171554],[21.315956,46.171499],[21.315957,46.171497],[21.315992,46.17142],[21.316037,46.171326],[21.316118,46.171155],[21.316199,46.170985],[21.31628,46.170814],[21.316283,46.170807],[21.316331,46.170709],[21.316361,46.170643],[21.316401,46.170559],[21.316445,46.170473],[21.316504,46.170357],[21.316535,46.170304],[21.316634,46.170138],[21.31664,46.170128],[21.31668,46.17006],[21.316733,46.169972],[21.316799,46.169864],[21.316836,46.169807],[21.316918,46.16968],[21.316943,46.169644],[21.317015,46.169537],[21.317055,46.169482],[21.317069,46.169463],[21.317127,46.169392],[21.317185,46.169326],[21.317193,46.169316],[21.317317,46.169183],[21.317326,46.169175],[21.317474,46.169027],[21.317583,46.168919],[21.317602,46.168901],[21.317624,46.168882],[21.317662,46.168851],[21.317739,46.168787],[21.317792,46.16875],[21.317844,46.168714],[21.317974,46.168622],[21.318155,46.168493],[21.318169,46.168483],[21.318179,46.168476],[21.318188,46.168469],[21.318282,46.168408],[21.318345,46.16837],[21.318384,46.168347],[21.318506,46.168283],[21.31855,46.16826],[21.318607,46.168231],[21.31871,46.16818],[21.318763,46.168157],[21.318817,46.168133],[21.318988,46.168068],[21.319216,46.167982],[21.319443,46.167895],[21.319641,46.16782]]},"properties":{"line":"7","dir":"0","headsign":"Piața Romană","mode":"tram","color":"#d6212b"}},{"type":"Feature","geometry":{"type":"LineString","coordinates":[[21.319025,46.166379],[21.31877,46.166413],[21.318725,46.166419],[21.318587,46.166438],[21.318516,46.166448],[21.318262,46.166485],[21.318196,46.166495],[21.318006,46.166519],[21.317985,46.166521],[21.31775,46.166551],[21.317666,46.166562],[21.317496,46.166585],[21.317241,46.16662],[21.317111,46.166638],[21.316986,46.166655],[21.316828,46.166676],[21.316731,46.166689],[21.316479,46.166723],[21.316477,46.166724],[21.316374,46.16674],[21.316223,46.166763],[21.315996,46.166798],[21.315969,46.166802],[21.315797,46.166827],[21.315715,46.166839],[21.315589,46.166857],[21.315455,46.166866],[21.315343,46.166874],[21.315196,46.166882],[21.314937,46.166897],[21.314775,46.166907],[21.314677,46.166912],[21.314477,46.166921],[21.314418,46.166924],[21.314405,46.166925],[21.314159,46.166937],[21.3139,46.166949],[21.313672,46.166961],[21.313413,46.166973],[21.313154,46.166986],[21.313081,46.16699],[21.312896,46.167001],[21.312708,46.167014],[21.31264,46.16702],[21.312382,46.167042],[21.312268,46.167052],[21.312127,46.167067],[21.311898,46.167092],[21.31187,46.167095],[21.311673,46.167115],[21.311603,46.167117],[21.311516,46.167119],[21.311494,46.167118],[21.311413,46.16711],[21.311333,46.167101],[21.311213,46.167088],[21.311159,46.167085],[21.311078,46.16708],[21.31082,46.167065],[21.310771,46.167062],[21.310624,46.167055],[21.310561,46.167053],[21.310302,46.167043],[21.310056,46.167033],[21.310042,46.167033],[21.309783,46.167024],[21.309524,46.167016],[21.309446,46.167013],[21.309264,46.167008],[21.309151,46.167004],[21.309005,46.167],[21.308813,46.166995],[21.308745,46.166992],[21.308486,46.166982],[21.308226,46.166972],[21.308155,46.16697],[21.307967,46.166961],[21.307912,46.166958],[21.307708,46.166947],[21.307704,46.166947],[21.307453,46.16693],[21.307433,46.166929],[21.307195,46.166912],[21.307133,46.166908],[21.306938,46.166893],[21.306845,46.166886],[21.306679,46.166875],[21.30642,46.166856],[21.306415,46.166856],[21.306305,46.166852],[21.306103,46.166844],[21.305808,46.166834],[21.305504,46.166819],[21.304429,46.166758],[21.303801,46.166724],[21.303674,46.166714],[21.303425,46.166702],[21.302801,46.166663],[21.302211,46.166629],[21.301917,46.166609],[21.301605,46.166587],[21.300975,46.166554],[21.300825,46.166547],[21.300716,46.166541],[21.300457,46.166528],[21.300199,46.166515],[21.300198,46.166515],[21.30004,46.166506],[21.29994,46.1665],[21.299684,46.166485],[21.299631,46.166482],[21.299426,46.166469],[21.299225,46.166457],[21.299167,46.166453],[21.298908,46.166438],[21.298877,46.166436],[21.298649,46.166423],[21.298494,46.166413],[21.29839,46.166408],[21.298131,46.166395],[21.298002,46.166388],[21.297873,46.16638],[21.297873,46.16638],[21.297614,46.166364],[21.297355,46.166348],[21.297097,46.166332],[21.29684,46.166316],[21.296625,46.166303],[21.296581,46.1663],[21.296323,46.166283],[21.296145,46.166272],[21.296064,46.166267],[21.295805,46.166251],[21.295788,46.16625],[21.295545,46.166237],[21.295495,46.166234],[21.295285,46.166225],[21.295221,46.166223],[21.295027,46.166213],[21.294768,46.166199],[21.294509,46.166186],[21.294353,46.166178],[21.294249,46.166174],[21.29399,46.166162],[21.293731,46.166151],[21.293472,46.16614],[21.293259,46.166131],[21.293213,46.166128],[21.293143,46.166124],[21.293097,46.166121],[21.292955,46.166111],[21.292697,46.166093],[21.292438,46.166075],[21.292418,46.166074],[21.292179,46.166059],[21.29192,46.166044],[21.291781,46.166035],[21.291661,46.166028],[21.291403,46.166011],[21.291221,46.166],[21.291144,46.165995],[21.290885,46.16598],[21.290853,46.165978],[21.290639,46.165963],[21.290626,46.165962],[21.290447,46.165954],[21.290395,46.165957],[21.29036,46.165961],[21.290352,46.165963],[21.290334,46.165966],[21.290307,46.165973],[21.290276,46.165984],[21.29025,46.165996],[21.290225,46.16601],[21.29021,46.166019],[21.290192,46.166032],[21.29018,46.166045],[21.290167,46.16606],[21.290157,46.166075],[21.290146,46.166099],[21.290139,46.166126],[21.290139,46.166153],[21.290139,46.166166],[21.290139,46.166176],[21.290147,46.166199],[21.290154,46.166221],[21.290226,46.166362],[21.290312,46.166532],[21.290332,46.166571],[21.290399,46.166701],[21.290487,46.166871],[21.290575,46.16704],[21.290663,46.167209],[21.290751,46.167378],[21.290839,46.167548],[21.290927,46.167717],[21.291015,46.167886],[21.291102,46.168055],[21.29119,46.168225],[21.291278,46.168394],[21.291366,46.168563],[21.291454,46.168732],[21.291542,46.168902],[21.291601,46.169016],[21.291628,46.169071],[21.291677,46.169168],[21.291711,46.16924],[21.291738,46.169299],[21.291792,46.169411],[21.291874,46.169582],[21.291956,46.169753],[21.292039,46.169923],[21.292121,46.170094],[21.292203,46.170265],[21.292257,46.170378],[21.292285,46.170435],[21.292367,46.170606],[21.292449,46.170776],[21.29251,46.170903],[21.292533,46.170948],[21.292605,46.171089],[21.292619,46.171118],[21.292646,46.171169],[21.292705,46.171287],[21.292791,46.171457],[21.292818,46.171509],[21.292879,46.171627],[21.292966,46.171796],[21.293054,46.171965],[21.293141,46.172135],[21.293229,46.172304],[21.293316,46.172473],[21.293404,46.172643],[21.293452,46.172735],[21.293481,46.172808],[21.293513,46.17289],[21.293543,46.172979],[21.293602,46.173153],[21.293649,46.173304],[21.293654,46.173322],[21.293682,46.17344],[21.293691,46.173495],[21.293719,46.173654],[21.293749,46.173695],[21.293782,46.173729],[21.293825,46.17376],[21.293895,46.173807],[21.293927,46.173824],[21.29396,46.173842],[21.293983,46.173852],[21.29409,46.173894],[21.29413,46.173909],[21.294167,46.173928],[21.2942,46.173951],[21.294228,46.173976],[21.29425,46.174004],[21.294267,46.174034],[21.294277,46.174065],[21.294281,46.174097],[21.294279,46.174129],[21.294276,46.17414],[21.29427,46.17416],[21.294254,46.174191],[21.294243,46.174207],[21.294226,46.174225],[21.294205,46.174246],[21.294167,46.174272],[21.294073,46.174356],[21.294048,46.174379],[21.294042,46.174385],[21.294023,46.174408],[21.294011,46.174429],[21.294007,46.174436],[21.29399,46.174472],[21.293969,46.174535],[21.293972,46.174553],[21.293985,46.174632],[21.294036,46.174746],[21.294037,46.174748],[21.294123,46.174919],[21.294208,46.175089],[21.294294,46.175258],[21.29438,46.175428],[21.294465,46.175598],[21.294546,46.175758],[21.29455,46.175767],[21.294635,46.175937],[21.294719,46.176108],[21.294803,46.176278],[21.29487,46.176414],[21.294887,46.176448],[21.294971,46.176618],[21.295056,46.176788],[21.29514,46.176958],[21.295225,46.177128],[21.295309,46.177299],[21.295394,46.177469],[21.295478,46.177639],[21.295563,46.177809],[21.295617,46.177919],[21.295647,46.177979],[21.295659,46.178002],[21.295729,46.178149],[21.295811,46.178319],[21.295892,46.17849],[21.295921,46.178549],[21.295976,46.178661],[21.296059,46.178831],[21.296143,46.179002],[21.296227,46.179172],[21.296307,46.179336],[21.29631,46.179341],[21.296356,46.179441],[21.296394,46.179513],[21.296481,46.179683],[21.296568,46.179852],[21.296655,46.180022],[21.29666,46.180031],[21.296696,46.180097],[21.296737,46.18018],[21.296741,46.180188],[21.296744,46.180193],[21.296788,46.180283],[21.296826,46.180363],[21.296906,46.180534],[21.296987,46.180705],[21.297068,46.180876],[21.297148,46.181047],[21.297229,46.181217],[21.297264,46.181292],[21.297312,46.181389],[21.297397,46.181559],[21.297421,46.181607],[21.29745,46.181661],[21.297468,46.181689],[21.29749,46.181716],[21.297505,46.181733],[21.297516,46.181745],[21.297548,46.181774],[21.297648,46.181872],[21.297652,46.181877],[21.297735,46.181973],[21.297777,46.182034],[21.297841,46.182125],[21.297872,46.182174],[21.297887,46.1822],[21.297896,46.182216],[21.29792,46.18228],[21.297956,46.182381],[21.298002,46.18251],[21.298018,46.182556],[21.298034,46.182603],[21.298057,46.182642],[21.298073,46.18267],[21.298096,46.182702],[21.298101,46.182708],[21.298118,46.182728],[21.298164,46.18277],[21.29822,46.182813],[21.298251,46.182833],[21.298443,46.182954],[21.298558,46.183027],[21.298635,46.183073],[21.298637,46.183075],[21.298827,46.183197],[21.299017,46.18332],[21.299021,46.183322],[21.29906,46.183352],[21.299104,46.183389],[21.299138,46.183423],[21.299178,46.183469],[21.299184,46.183476],[21.299243,46.18355],[21.299308,46.183635],[21.29943,46.183794],[21.299551,46.183953],[21.299673,46.184112],[21.299795,46.184271],[21.299917,46.18443],[21.300038,46.184589],[21.30016,46.184747],[21.300215,46.184819],[21.300254,46.184872],[21.300279,46.184906],[21.300309,46.184946],[21.300399,46.185064],[21.30052,46.185223],[21.300641,46.185382],[21.300658,46.185405],[21.300761,46.185541],[21.300812,46.185608],[21.300882,46.185701],[21.301001,46.18586],[21.301121,46.18602],[21.301142,46.186047],[21.301242,46.186179],[21.30126,46.186203],[21.301363,46.186338],[21.301455,46.186461],[21.301483,46.186498],[21.301487,46.186504],[21.301533,46.186565],[21.301603,46.186657],[21.301664,46.186736],[21.301725,46.186816],[21.301845,46.186975],[21.301917,46.187069],[21.301967,46.187134],[21.302088,46.187293],[21.302209,46.187452],[21.30221,46.187453],[21.302332,46.18761],[21.302454,46.187769],[21.302577,46.187927],[21.302581,46.187933],[21.302705,46.188082],[21.302771,46.188163],[21.302831,46.188242],[21.302952,46.188401],[21.303072,46.18856],[21.303193,46.18872],[21.303232,46.188771],[21.303283,46.188839],[21.303314,46.188878],[21.303361,46.188938],[21.303438,46.189036],[21.3035,46.189115],[21.30356,46.189195],[21.30368,46.189355],[21.303755,46.189455],[21.303801,46.189513],[21.303926,46.189671],[21.304052,46.189828],[21.304139,46.189938],[21.304161,46.189963],[21.304179,46.189982],[21.304185,46.189988],[21.304208,46.190009],[21.304232,46.190028],[21.304267,46.19005],[21.304298,46.190068],[21.304334,46.190086],[21.304353,46.190093],[21.304369,46.190099],[21.304585,46.19017],[21.304602,46.190176],[21.30482,46.190248],[21.305017,46.190314],[21.305054,46.190327],[21.305079,46.190335],[21.305284,46.190411],[21.305513,46.190496],[21.305742,46.190581],[21.305798,46.190602],[21.305966,46.190676],[21.306145,46.190755],[21.306185,46.190772],[21.306326,46.190833],[21.306405,46.19087],[21.306485,46.190907],[21.306552,46.190936],[21.306622,46.190967],[21.306841,46.191063],[21.306888,46.191084],[21.306955,46.19111],[21.307045,46.191151],[21.307064,46.191161],[21.307124,46.191192],[21.307177,46.191227],[21.307205,46.191253],[21.307246,46.191313],[21.307306,46.191398],[21.307355,46.191476],[21.307402,46.191548],[21.30745,46.191618],[21.307465,46.191636],[21.307508,46.191688],[21.307598,46.191783],[21.307602,46.191787],[21.307672,46.191863],[21.307699,46.191907],[21.307718,46.191944],[21.307723,46.191961],[21.307727,46.191976],[21.307729,46.192033],[21.307721,46.192083],[21.307708,46.192152],[21.307706,46.192162],[21.30768,46.192214],[21.307639,46.19227],[21.307562,46.192314],[21.307463,46.192371],[21.307363,46.192407],[21.307341,46.192415],[21.307148,46.192494],[21.306924,46.192585],[21.3067,46.192676],[21.306685,46.192682],[21.306511,46.192753],[21.306469,46.192774],[21.306258,46.192877],[21.306046,46.192981],[21.305974,46.193016],[21.305833,46.193075],[21.30561,46.193167],[21.305387,46.193259],[21.305164,46.193352],[21.304941,46.193444],[21.304718,46.193536],[21.304496,46.193628],[21.304273,46.19372],[21.30405,46.193812],[21.303847,46.193896],[21.303826,46.193905],[21.303605,46.193999],[21.303383,46.194092],[21.303161,46.194186],[21.30294,46.19428],[21.302718,46.194374],[21.302648,46.194403],[21.302496,46.194466],[21.302273,46.194557],[21.30205,46.194649],[21.301888,46.194715],[21.301826,46.194741],[21.301604,46.194834],[21.301588,46.194841],[21.301382,46.194923],[21.301272,46.194966],[21.301155,46.195017],[21.300936,46.195112],[21.300716,46.195207],[21.300663,46.19523],[21.300496,46.195302],[21.300275,46.195398],[21.300055,46.195493],[21.299835,46.195588],[21.299691,46.195651],[21.299613,46.195697],[21.299575,46.195719],[21.299464,46.195792],[21.29942,46.195823],[21.299388,46.195845],[21.299245,46.195962],[21.299222,46.195981],[21.299083,46.196105],[21.298924,46.196247],[21.298765,46.196389],[21.298606,46.196532],[21.298556,46.196576],[21.298447,46.196674],[21.298403,46.196714],[21.298289,46.196816],[21.29813,46.196958],[21.297971,46.197101],[21.297812,46.197243],[21.297812,46.197243],[21.297654,46.197386],[21.297495,46.197528],[21.297482,46.197539],[21.29738,46.197641],[21.297343,46.197673],[21.297181,46.197814],[21.297019,46.197954],[21.296857,46.198095],[21.296695,46.198235],[21.296632,46.19829],[21.296534,46.198377],[21.296375,46.198518],[21.29634,46.198549],[21.296205,46.19865],[21.296028,46.198782],[21.296004,46.1988],[21.29584,46.1989],[21.295645,46.199019],[21.29545,46.199138],[21.295256,46.199257],[21.29525,46.199261],[21.295061,46.199376],[21.294952,46.199442],[21.294866,46.199495],[21.294743,46.199571],[21.294672,46.199614],[21.294477,46.199734],[21.294283,46.199853],[21.294255,46.19987],[21.294088,46.199972],[21.293894,46.200091],[21.293701,46.200209],[21.293507,46.200328],[21.293313,46.200447],[21.293244,46.200489],[21.293153,46.200576],[21.29313,46.200598],[21.293087,46.200652],[21.293058,46.20069],[21.293039,46.200725],[21.293012,46.200775],[21.292985,46.20084],[21.292966,46.20089],[21.2929,46.201057],[21.292888,46.20109],[21.292868,46.20117],[21.292862,46.201217],[21.292852,46.201298],[21.292858,46.201328],[21.292873,46.201392],[21.292912,46.201569],[21.292952,46.201747],[21.292992,46.201925],[21.293032,46.202102],[21.293072,46.20228],[21.293095,46.202384],[21.293112,46.202458],[21.293151,46.202636],[21.293191,46.202813],[21.293231,46.202991],[21.293271,46.203169],[21.293279,46.203203],[21.293288,46.203273],[21.293287,46.203315],[21.293282,46.203352],[21.293281,46.203357],[21.293271,46.203384],[21.293254,46.203417],[21.293234,46.203446],[21.293204,46.203475],[21.293172,46.203498],[21.293166,46.203502],[21.293122,46.203529],[21.29307,46.203556],[21.293022,46.203575],[21.292973,46.203586],[21.292944,46.203591],[21.292921,46.203594],[21.292881,46.203599],[21.292839,46.203596],[21.292796,46.203588],[21.29276,46.20358],[21.29271,46.203565],[21.292683,46.203553],[21.292649,46.203537],[21.292591,46.203499],[21.292526,46.203444],[21.292498,46.203422],[21.292326,46.203288],[21.292153,46.203154],[21.29198,46.203019],[21.291807,46.202885],[21.291676,46.202783],[21.29164,46.202755]]},"properties":{"line":"7","dir":"1","headsign":"Făt Frumos","mode":"tram","color":"#d6212b"}},{"type":"Feature","geometry":{"type":"LineString","coordinates":[[21.342426,46.202794],[21.342337,46.202712],[21.342238,46.20262],[21.342182,46.202567],[21.34216,46.202547],[21.342008,46.202433],[21.342007,46.202433],[21.341853,46.202288],[21.341698,46.202144],[21.341637,46.202087],[21.341571,46.202024],[21.341544,46.201999],[21.341389,46.201854],[21.341235,46.20171],[21.341081,46.201565],[21.34103,46.201517],[21.340926,46.201421],[21.340897,46.201395],[21.340767,46.201281],[21.340607,46.201139],[21.340464,46.201014],[21.340446,46.200998],[21.340285,46.200857],[21.34026,46.200834],[21.340125,46.200715],[21.339964,46.200574],[21.339803,46.200433],[21.339643,46.200291],[21.339482,46.20015],[21.339321,46.200009],[21.339161,46.199868],[21.339,46.199726],[21.338971,46.199701],[21.338901,46.199639],[21.338839,46.199585],[21.338807,46.199556],[21.338773,46.199524],[21.338335,46.19911],[21.338011,46.198805],[21.337653,46.198472],[21.337087,46.197965],[21.336169,46.197138],[21.33614,46.197112],[21.335984,46.196968],[21.335827,46.196825],[21.33567,46.196682],[21.335513,46.196538],[21.335356,46.196395],[21.335224,46.196274],[21.3352,46.196252],[21.33507,46.196137],[21.33504,46.196111],[21.334881,46.195968],[21.334722,46.195826],[21.334562,46.195684],[21.334403,46.195542],[21.334274,46.195427],[21.334241,46.195388],[21.334111,46.195234],[21.334045,46.195156],[21.333983,46.195082],[21.333977,46.195076],[21.333955,46.195057],[21.333849,46.194956],[21.333378,46.194571],[21.333142,46.194358],[21.332461,46.193725],[21.332209,46.193496],[21.331543,46.192882],[21.331524,46.192865],[21.331367,46.192721],[21.33121,46.192578],[21.331054,46.192435],[21.330897,46.192291],[21.33074,46.192148],[21.330647,46.192063],[21.330588,46.192009],[21.330583,46.192004],[21.330509,46.191935],[21.33043,46.191861],[21.330416,46.191848],[21.330378,46.191801],[21.330355,46.19176],[21.330307,46.191675],[21.330238,46.191552],[21.330213,46.191509],[21.330124,46.191354],[21.330117,46.191342],[21.330024,46.191175],[21.32993,46.191007],[21.329836,46.19084],[21.329742,46.190673],[21.329674,46.190551],[21.32965,46.190505],[21.329559,46.190337],[21.329495,46.190216],[21.329471,46.190168],[21.329458,46.190143],[21.329384,46.189998],[21.329296,46.189829],[21.32926,46.189758],[21.329008,46.189268],[21.32897,46.189193],[21.328914,46.189085],[21.328828,46.188923],[21.328434,46.188158],[21.327915,46.187166],[21.327826,46.186997],[21.327738,46.186828],[21.327649,46.186659],[21.327561,46.18649],[21.327472,46.186321],[21.327384,46.186152],[21.327295,46.185983],[21.327207,46.185814],[21.327118,46.185645],[21.327029,46.185475],[21.327004,46.185427],[21.326916,46.185312],[21.326888,46.185275],[21.32683,46.185219],[21.326767,46.185169],[21.326748,46.185157],[21.32672,46.18514],[21.326671,46.185113],[21.326629,46.185093],[21.326586,46.185075],[21.326552,46.185062],[21.326521,46.185053],[21.326412,46.18502],[21.326272,46.184993],[21.326245,46.184988],[21.326014,46.184956],[21.325905,46.184942],[21.325757,46.184924],[21.325638,46.18491],[21.325544,46.184899],[21.325455,46.184889],[21.325369,46.184891],[21.325304,46.184898],[21.325243,46.184919],[21.325222,46.184927],[21.325187,46.184942],[21.325144,46.184964],[21.325102,46.184992],[21.325067,46.185023],[21.325033,46.185064],[21.325012,46.185094],[21.324996,46.185122],[21.324987,46.185155],[21.324983,46.185179],[21.32499,46.185235],[21.325016,46.185355],[21.325049,46.185509],[21.325085,46.185674],[21.325088,46.185683],[21.325114,46.18577],[21.325143,46.185856],[21.325148,46.185873],[21.325181,46.185951],[21.325214,46.186031],[21.325286,46.186204],[21.325358,46.186376],[21.325429,46.186549],[21.325501,46.186722],[21.325573,46.186895],[21.325644,46.187068],[21.325675,46.187142],[21.325702,46.18724],[21.325703,46.187244],[21.325712,46.187305],[21.325717,46.187366],[21.325717,46.18741],[21.325717,46.187431],[21.325714,46.187506],[21.325701,46.187583],[21.325699,46.187591],[21.325678,46.187662],[21.325644,46.187739],[21.325644,46.18774],[21.325581,46.18785],[21.325551,46.187896],[21.325512,46.187956],[21.325446,46.188042],[21.32543,46.188062],[21.325324,46.188181],[21.325187,46.188333],[21.325115,46.188414],[21.325055,46.188474],[21.325042,46.188488],[21.324962,46.188562],[21.324919,46.188597],[21.324901,46.188611],[21.324844,46.188655],[21.324755,46.188711],[21.32475,46.188715],[21.324564,46.188817],[21.324362,46.188927],[21.324341,46.188939],[21.324253,46.188987],[21.324165,46.189027],[21.324137,46.189039],[21.32406,46.189064],[21.323972,46.189084],[21.323871,46.189108],[21.32373,46.189137],[21.323658,46.189153],[21.323554,46.189175],[21.323484,46.18919],[21.323237,46.189242],[21.322989,46.189294],[21.322851,46.189324],[21.322742,46.189345],[21.322492,46.189394],[21.322242,46.189444],[21.321993,46.189493],[21.321743,46.189542],[21.321669,46.189557],[21.321493,46.189589],[21.321453,46.189597],[21.321242,46.189637],[21.320992,46.189684],[21.320741,46.189732],[21.320491,46.189779],[21.32024,46.189826],[21.320044,46.189864],[21.319989,46.189874],[21.319739,46.189924],[21.319489,46.189974],[21.319393,46.189993],[21.319278,46.190015],[21.319268,46.190017],[21.319036,46.190065],[21.318751,46.190123],[21.317644,46.190341],[21.315827,46.190702],[21.313913,46.191087],[21.313664,46.191137],[21.313415,46.191187],[21.313165,46.191237],[21.312916,46.191287],[21.312838,46.191303],[21.312669,46.191339],[21.312668,46.191339],[21.312418,46.191388],[21.312168,46.191437],[21.311918,46.191486],[21.311668,46.191535],[21.311466,46.191575],[21.311418,46.191584],[21.311168,46.191633],[21.311032,46.19166],[21.310918,46.191682],[21.310669,46.191731],[21.310545,46.191755],[21.310418,46.19178],[21.310169,46.191829],[21.310164,46.19183],[21.309919,46.191877],[21.30984,46.191893],[21.309668,46.191927],[21.309419,46.191977],[21.309169,46.192027],[21.30892,46.192077],[21.308705,46.19212],[21.308671,46.192127],[21.308421,46.192176],[21.308378,46.192185],[21.308222,46.192215],[21.308171,46.192225],[21.308016,46.192256],[21.307923,46.192274],[21.307855,46.192286],[21.307721,46.192322],[21.30766,46.192342],[21.3076,46.192361],[21.307519,46.192394],[21.307426,46.192431],[21.307375,46.192451],[21.3072,46.192521],[21.306975,46.192611],[21.30675,46.1927],[21.30671,46.192716],[21.306526,46.192792],[21.306302,46.192883],[21.306078,46.192974],[21.305974,46.193016],[21.305854,46.193066],[21.305631,46.193158],[21.305408,46.193251],[21.305185,46.193343],[21.304962,46.193435],[21.304739,46.193527],[21.304516,46.193619],[21.304293,46.193712],[21.30407,46.193804],[21.303847,46.193896],[21.303846,46.193896],[21.303625,46.19399],[21.303403,46.194084],[21.303181,46.194178],[21.30296,46.194271],[21.302738,46.194365],[21.302648,46.194403],[21.302517,46.194457],[21.302293,46.194549],[21.30207,46.194641],[21.301888,46.194715],[21.301846,46.194733],[21.301624,46.194826],[21.301588,46.194841],[21.301402,46.194915],[21.301272,46.194966],[21.301175,46.195008],[21.300955,46.195103],[21.300735,46.195198],[21.300663,46.19523],[21.300515,46.195294],[21.300295,46.195389],[21.300075,46.195484],[21.299855,46.19558],[21.299691,46.195651],[21.29963,46.195687],[21.299575,46.195719],[21.299464,46.195792],[21.299436,46.195812],[21.299388,46.195845],[21.29926,46.19595],[21.299222,46.195981],[21.299097,46.196092],[21.298938,46.196234],[21.29878,46.196377],[21.298621,46.196519],[21.298556,46.196576],[21.298462,46.196661],[21.298403,46.196714],[21.298303,46.196803],[21.298144,46.196946],[21.297985,46.197088],[21.297827,46.197231],[21.297812,46.197243],[21.297668,46.197373],[21.297509,46.197515],[21.297482,46.197539],[21.29738,46.197641],[21.297357,46.197661],[21.297195,46.197801],[21.297033,46.197942],[21.296871,46.198082],[21.296709,46.198223],[21.296632,46.19829],[21.296548,46.198364],[21.296389,46.198506],[21.29634,46.198549],[21.29622,46.198638],[21.296044,46.19877],[21.296004,46.1988],[21.295857,46.19889],[21.295662,46.199009],[21.295468,46.199128],[21.295273,46.199247],[21.29525,46.199261],[21.295078,46.199365],[21.294952,46.199442],[21.294883,46.199485],[21.294743,46.199571],[21.294689,46.199604],[21.294494,46.199723],[21.2943,46.199842],[21.294255,46.19987],[21.294105,46.199961],[21.293911,46.20008],[21.293717,46.200199],[21.293523,46.200318],[21.29333,46.200437],[21.293244,46.200489],[21.293164,46.200566],[21.29313,46.200598],[21.293087,46.200652],[21.293058,46.20069],[21.293054,46.200698],[21.293012,46.200775],[21.292985,46.20084],[21.292976,46.200863],[21.292909,46.201035],[21.292888,46.20109],[21.292868,46.20117],[21.292863,46.201209],[21.292852,46.201298],[21.292858,46.201328],[21.29287,46.20138],[21.29291,46.201558],[21.29295,46.201735],[21.29299,46.201913],[21.293029,46.202091],[21.293069,46.202269],[21.293095,46.202384],[21.293109,46.202446],[21.293149,46.202624],[21.293189,46.202802],[21.293228,46.20298],[21.293268,46.203157],[21.293279,46.203203],[21.293288,46.203273],[21.293287,46.203315],[21.293284,46.20334],[21.293282,46.203352],[21.293271,46.203384],[21.293254,46.203417],[21.293234,46.203446],[21.293204,46.203475],[21.293172,46.203498],[21.293169,46.2035],[21.293122,46.203529],[21.29307,46.203556],[21.293022,46.203575],[21.292983,46.203584],[21.292973,46.203586],[21.292921,46.203594],[21.292881,46.203599],[21.292839,46.203596],[21.292796,46.203588],[21.29276,46.20358],[21.29271,46.203565],[21.292691,46.203556],[21.292649,46.203537],[21.292591,46.203499],[21.292526,46.203444],[21.292507,46.203429],[21.292334,46.203295],[21.292161,46.203161],[21.291989,46.203026],[21.291816,46.202892],[21.291676,46.202783],[21.291643,46.202758]]},"properties":{"line":"15","dir":"0","headsign":"Făt Frumos","mode":"tram","color":"#d6212b"}},{"type":"Feature","geometry":{"type":"LineString","coordinates":[[21.291636,46.202752],[21.291493,46.202641],[21.29136,46.202538],[21.291323,46.202506],[21.291275,46.202465],[21.291204,46.202405],[21.291171,46.202368],[21.291162,46.202358],[21.291137,46.20232],[21.291112,46.202269],[21.291089,46.202209],[21.291024,46.202035],[21.29102,46.202025],[21.290966,46.201861],[21.290933,46.20176],[21.290917,46.201687],[21.290911,46.201654],[21.290907,46.201618],[21.290907,46.201586],[21.290915,46.201551],[21.290934,46.201511],[21.290962,46.201469],[21.291006,46.201427],[21.291073,46.201376],[21.291128,46.20134],[21.291203,46.201301],[21.291261,46.201284],[21.291498,46.201214],[21.291605,46.201183],[21.291708,46.20115],[21.291738,46.20114],[21.291811,46.201115],[21.291944,46.201064],[21.291971,46.201054],[21.292169,46.200977],[21.292197,46.200966],[21.292205,46.200962],[21.29242,46.200876],[21.292426,46.200873],[21.292582,46.200802],[21.292648,46.200768],[21.292855,46.20066],[21.292977,46.200597],[21.293068,46.200541],[21.293263,46.200423],[21.293459,46.200304],[21.293599,46.200218],[21.293653,46.200186],[21.293849,46.200068],[21.294045,46.19995],[21.294241,46.199831],[21.294437,46.199713],[21.294633,46.199595],[21.294712,46.199547],[21.294828,46.199477],[21.294924,46.19942],[21.295024,46.199359],[21.29522,46.199241],[21.295222,46.19924],[21.295414,46.199116],[21.295604,46.198994],[21.295781,46.19888],[21.295794,46.198871],[21.295943,46.198775],[21.295986,46.198745],[21.296109,46.198661],[21.296172,46.198612],[21.296272,46.198535],[21.296345,46.198475],[21.296409,46.198424],[21.296514,46.198338],[21.296593,46.198273],[21.29668,46.198194],[21.296839,46.198052],[21.296997,46.19791],[21.297156,46.197767],[21.297315,46.197625],[21.297352,46.197591],[21.297438,46.197516],[21.297475,46.197484],[21.297547,46.197419],[21.297634,46.197341],[21.298362,46.196693],[21.298516,46.196555],[21.299238,46.195909],[21.299382,46.195792],[21.299447,46.195743],[21.299516,46.195699],[21.299586,46.19566],[21.299666,46.195622],[21.30001,46.195469],[21.301246,46.194936],[21.301563,46.194809],[21.301864,46.194685],[21.302409,46.19446],[21.30274,46.194325],[21.303822,46.193858],[21.305641,46.193111],[21.305746,46.193064],[21.305949,46.192966],[21.306496,46.192728],[21.307268,46.192417],[21.307321,46.192394],[21.30743,46.192349],[21.307639,46.19227],[21.307812,46.192226],[21.307976,46.192191],[21.308189,46.192147],[21.308232,46.19214],[21.308351,46.192115],[21.308428,46.192101],[21.308641,46.192058],[21.308886,46.192009],[21.30904,46.191978],[21.309132,46.19196],[21.30918,46.191951],[21.309371,46.19192],[21.309623,46.19188],[21.309875,46.19184],[21.30995,46.191828],[21.310129,46.191794],[21.310148,46.191791],[21.310382,46.191742],[21.310483,46.191721],[21.310631,46.191689],[21.310683,46.191678],[21.310878,46.191639],[21.311062,46.191602],[21.311125,46.19159],[21.311376,46.191545],[21.311449,46.191532],[21.311628,46.191499],[21.311879,46.191452],[21.31213,46.191405],[21.312381,46.191359],[21.312632,46.191312],[21.312659,46.191307],[21.312807,46.191278],[21.312837,46.191273],[21.313517,46.191132],[21.317658,46.190308],[21.318639,46.190116],[21.318662,46.190111],[21.31874,46.190095],[21.31891,46.190061],[21.319029,46.190037],[21.31916,46.19001],[21.31926,46.189989],[21.319409,46.189961],[21.319659,46.189913],[21.319909,46.189865],[21.320052,46.189837],[21.32016,46.189816],[21.32041,46.189767],[21.32066,46.189719],[21.32091,46.18967],[21.32116,46.189621],[21.32141,46.189572],[21.321441,46.189566],[21.321647,46.189526],[21.321659,46.189523],[21.32191,46.189475],[21.32216,46.189426],[21.32241,46.189378],[21.32246,46.189368],[21.32266,46.189327],[21.322909,46.189277],[21.323158,46.189226],[21.323409,46.189175],[21.32341,46.189175],[21.323533,46.189146],[21.323638,46.189121],[21.323656,46.189117],[21.3239,46.189059],[21.324031,46.189029],[21.32415,46.188991],[21.324164,46.188985],[21.324222,46.18896],[21.324387,46.188871],[21.324592,46.188761],[21.32474,46.188681],[21.324804,46.188641],[21.324826,46.188626],[21.324877,46.188588],[21.324926,46.188542],[21.324987,46.188479],[21.324997,46.188469],[21.325128,46.188332],[21.325189,46.188267],[21.325267,46.188176],[21.325398,46.188021],[21.325446,46.187965],[21.325507,46.187882],[21.325524,46.187855],[21.325558,46.187797],[21.325598,46.187716],[21.325612,46.187677],[21.325638,46.187611],[21.325657,46.187518],[21.32566,46.187489],[21.325666,46.187417],[21.325661,46.187325],[21.325657,46.187299],[21.325649,46.187238],[21.325628,46.187153],[21.32561,46.18711],[21.325537,46.186938],[21.325464,46.186765],[21.325391,46.186593],[21.325319,46.18642],[21.325246,46.186247],[21.325173,46.186075],[21.325125,46.185961],[21.325102,46.185902],[21.325094,46.185884],[21.325061,46.185778],[21.32505,46.185733],[21.325008,46.185556],[21.324965,46.185379],[21.324961,46.185361],[21.324928,46.185204],[21.324927,46.185198],[21.324931,46.185134],[21.324947,46.185088],[21.324965,46.185055],[21.32499,46.185021],[21.325026,46.184985],[21.325074,46.18495],[21.325082,46.184946],[21.325122,46.184924],[21.325175,46.184901],[21.325224,46.184886],[21.325265,46.184877],[21.325294,46.184868],[21.325324,46.184872],[21.325455,46.184889],[21.325544,46.184899],[21.32557,46.184902],[21.325638,46.18491],[21.325826,46.184932],[21.325905,46.184942],[21.326081,46.184966],[21.326245,46.184988],[21.326333,46.185005],[21.326412,46.18502],[21.326552,46.185062],[21.326571,46.185069],[21.326586,46.185075],[21.326629,46.185093],[21.326671,46.185113],[21.32672,46.18514],[21.326767,46.185169],[21.326774,46.185175],[21.32683,46.185219],[21.326888,46.185275],[21.326922,46.18532],[21.327004,46.185427],[21.327034,46.185485],[21.327123,46.185654],[21.327211,46.185823],[21.3273,46.185992],[21.327388,46.186161],[21.327477,46.18633],[21.327565,46.186499],[21.327654,46.186668],[21.327742,46.186837],[21.327831,46.187006],[21.32792,46.187175],[21.328008,46.187344],[21.328097,46.187513],[21.328185,46.187683],[21.328274,46.187852],[21.328362,46.188021],[21.328434,46.188158],[21.328451,46.18819],[21.328538,46.188359],[21.328625,46.188529],[21.328712,46.188698],[21.3288,46.188868],[21.328828,46.188923],[21.328888,46.189037],[21.328914,46.189085],[21.32897,46.189193],[21.328976,46.189206],[21.329008,46.189268],[21.329063,46.189375],[21.32915,46.189545],[21.329238,46.189714],[21.329325,46.189884],[21.329412,46.190053],[21.329458,46.190143],[21.329495,46.190216],[21.329498,46.190223],[21.329589,46.190391],[21.329674,46.190551],[21.329679,46.19056],[21.329773,46.190727],[21.329867,46.190895],[21.329961,46.191063],[21.330055,46.19123],[21.330124,46.191354],[21.330149,46.191398],[21.330238,46.191552],[21.330245,46.191564],[21.330339,46.191732],[21.330355,46.19176],[21.330378,46.191801],[21.330416,46.191848],[21.330417,46.191849],[21.330509,46.191935],[21.330571,46.191993],[21.330588,46.192009],[21.330647,46.192063],[21.330728,46.192137],[21.330884,46.19228],[21.331041,46.192423],[21.331198,46.192567],[21.331355,46.19271],[21.331512,46.192853],[21.331543,46.192882],[21.331668,46.192997],[21.331824,46.193141],[21.33198,46.193285],[21.332135,46.193428],[21.332209,46.193496],[21.332293,46.193572],[21.33245,46.193715],[21.332461,46.193725],[21.332605,46.193859],[21.33276,46.194003],[21.332915,46.194147],[21.33307,46.194292],[21.333142,46.194358],[21.333228,46.194436],[21.333378,46.194571],[21.33339,46.19458],[21.333557,46.194717],[21.333725,46.194855],[21.333849,46.194956],[21.333886,46.194992],[21.333955,46.195057],[21.333977,46.195076],[21.333983,46.195082],[21.334029,46.195136],[21.334159,46.19529],[21.334274,46.195427],[21.334302,46.195452],[21.334462,46.195594],[21.334621,46.195736],[21.33478,46.195879],[21.334939,46.196021],[21.33507,46.196137],[21.335099,46.196163],[21.335224,46.196274],[21.335257,46.196304],[21.335414,46.196447],[21.335571,46.196591],[21.335728,46.196734],[21.335884,46.196878],[21.336041,46.197021],[21.33614,46.197112],[21.336169,46.197138],[21.337087,46.197965],[21.337653,46.198472],[21.338011,46.198805],[21.338335,46.19911],[21.338807,46.199556],[21.338853,46.199597],[21.338901,46.199639],[21.338971,46.199701],[21.339014,46.199738],[21.339175,46.19988],[21.339335,46.200021],[21.339496,46.200162],[21.339657,46.200304],[21.339817,46.200445],[21.339978,46.200586],[21.340139,46.200728],[21.34026,46.200834],[21.340299,46.200869],[21.34046,46.20101],[21.340464,46.201014],[21.340621,46.201151],[21.340781,46.201293],[21.340897,46.201395],[21.340939,46.201434],[21.34103,46.201517],[21.341094,46.201578],[21.341248,46.201722],[21.341403,46.201867],[21.341557,46.202012],[21.341571,46.202024],[21.341637,46.202087],[21.341712,46.202156],[21.341866,46.202301],[21.342008,46.202433],[21.342032,46.202451],[21.34216,46.202547],[21.342195,46.20258],[21.342238,46.20262],[21.34235,46.202724],[21.342426,46.202794],[21.342509,46.202868],[21.342669,46.20301],[21.34278,46.203109]]},"properties":{"line":"15","dir":"1","headsign":"Sere","mode":"tram","color":"#d6212b"}},{"type":"Feature","geometry":{"type":"LineString","coordinates":[[21.342426,46.202794],[21.342337,46.202712],[21.342238,46.20262],[21.342182,46.202567],[21.34216,46.202547],[21.342008,46.202433],[21.342007,46.202433],[21.341853,46.202288],[21.341698,46.202144],[21.341637,46.202087],[21.341571,46.202024],[21.341544,46.201999],[21.341389,46.201854],[21.341235,46.20171],[21.341081,46.201565],[21.34103,46.201517],[21.340926,46.201421],[21.340897,46.201395],[21.340767,46.201281],[21.340607,46.201139],[21.340464,46.201014],[21.340446,46.200998],[21.340285,46.200857],[21.34026,46.200834],[21.340125,46.200715],[21.339964,46.200574],[21.339803,46.200433],[21.339643,46.200291],[21.339482,46.20015],[21.339321,46.200009],[21.339161,46.199868],[21.339,46.199726],[21.338971,46.199701],[21.338901,46.199639],[21.338839,46.199585],[21.338807,46.199556],[21.338773,46.199524],[21.338335,46.19911],[21.338011,46.198805],[21.337653,46.198472],[21.337087,46.197965],[21.336169,46.197138],[21.33614,46.197112],[21.335984,46.196968],[21.335827,46.196825],[21.33567,46.196682],[21.335513,46.196538],[21.335356,46.196395],[21.335224,46.196274],[21.3352,46.196252],[21.33507,46.196137],[21.33504,46.196111],[21.334881,46.195968],[21.334722,46.195826],[21.334562,46.195684],[21.334403,46.195542],[21.334274,46.195427],[21.334241,46.195388],[21.334111,46.195234],[21.333983,46.195082],[21.333977,46.195076],[21.333955,46.195057],[21.333849,46.194956],[21.333831,46.194941],[21.333663,46.194804],[21.333496,46.194667],[21.333378,46.194571],[21.333328,46.194526],[21.33317,46.194383],[21.333142,46.194358],[21.333013,46.194239],[21.332858,46.194094],[21.332703,46.19395],[21.332548,46.193806],[21.332461,46.193725],[21.332392,46.193663],[21.332235,46.19352],[21.332209,46.193496],[21.332078,46.193376],[21.331922,46.193232],[21.331766,46.193088],[21.33161,46.192944],[21.331543,46.192882],[21.331454,46.192801],[21.331297,46.192657],[21.33114,46.192514],[21.330984,46.192371],[21.330827,46.192227],[21.33067,46.192084],[21.330647,46.192063],[21.330588,46.192009],[21.330515,46.191941],[21.330509,46.191935],[21.330416,46.191848],[21.330378,46.191801],[21.330359,46.191768],[21.330355,46.19176],[21.330265,46.191601],[21.330238,46.191552],[21.33017,46.191434],[21.330124,46.191354],[21.330076,46.191267],[21.329982,46.1911],[21.329888,46.190933],[21.329794,46.190765],[21.329701,46.190598],[21.329674,46.190551],[21.329609,46.19043],[21.329519,46.190261],[21.329495,46.190216],[21.329458,46.190143],[21.329432,46.190092],[21.329345,46.189923],[21.32926,46.189758],[21.329008,46.189268],[21.32897,46.189193],[21.328914,46.189085],[21.328828,46.188923],[21.328434,46.188158],[21.327915,46.187166],[21.327826,46.186997],[21.327738,46.186828],[21.327649,46.186659],[21.327561,46.18649],[21.327472,46.186321],[21.327384,46.186152],[21.327295,46.185983],[21.327207,46.185814],[21.327118,46.185645],[21.327029,46.185475],[21.327004,46.185427],[21.326916,46.185312],[21.326888,46.185275],[21.32683,46.185219],[21.326767,46.185169],[21.326748,46.185157],[21.32672,46.18514],[21.326671,46.185113],[21.326629,46.185093],[21.326586,46.185075],[21.326552,46.185062],[21.326521,46.185053],[21.326412,46.18502],[21.326273,46.184993],[21.326245,46.184988],[21.326014,46.184956],[21.325905,46.184942],[21.325757,46.184924],[21.325638,46.18491],[21.325544,46.184899],[21.325501,46.184894],[21.325455,46.184889],[21.325294,46.184868],[21.325248,46.184861],[21.325111,46.18484],[21.325032,46.184822],[21.325003,46.184815],[21.324965,46.184805],[21.324899,46.184779],[21.324843,46.184754],[21.324815,46.184736],[21.324799,46.184723],[21.324784,46.184711],[21.324748,46.184658],[21.324713,46.184579],[21.32464,46.18441],[21.324565,46.184237],[21.32449,46.184065],[21.324476,46.184033],[21.324437,46.183962],[21.32439,46.183887],[21.324386,46.183881],[21.324317,46.18379],[21.324253,46.18372],[21.324116,46.183567],[21.323979,46.183415],[21.32392,46.18335],[21.323851,46.18327],[21.323844,46.183262],[21.323759,46.183167],[21.323733,46.183139],[21.323708,46.18311],[21.323601,46.182984],[21.323593,46.182975],[21.323462,46.182822],[21.323383,46.18273],[21.32333,46.182678],[21.323273,46.182621],[21.323214,46.182555],[21.323191,46.18253],[21.323114,46.182447],[21.323077,46.18241],[21.323051,46.182381],[21.322915,46.182228],[21.32281,46.18211],[21.322779,46.182075],[21.32273,46.18202],[21.322526,46.181792],[21.321769,46.180939],[21.321704,46.180864],[21.321632,46.180773],[21.321472,46.180568],[21.320844,46.179758],[21.32041,46.179149],[21.3201,46.178714],[21.320078,46.178684],[21.32002,46.178602],[21.319974,46.178537],[21.319936,46.178483],[21.319883,46.178403],[21.319836,46.178329],[21.318732,46.17651],[21.31852,46.17618],[21.318484,46.17612],[21.318096,46.175464],[21.318008,46.175342],[21.317935,46.175242],[21.317818,46.175081],[21.317721,46.174947],[21.3177,46.174919],[21.31758,46.174759],[21.317461,46.1746],[21.317341,46.174441],[21.317222,46.174281],[21.317183,46.174229],[21.317109,46.174123],[21.316996,46.173961],[21.316883,46.173799],[21.316878,46.173792],[21.316769,46.173638],[21.316655,46.173476],[21.316606,46.173406],[21.316558,46.173318],[21.316466,46.17315],[21.316374,46.172982],[21.316282,46.172814],[21.31619,46.172646],[21.316098,46.172477],[21.316007,46.172309],[21.316005,46.172306],[21.315932,46.172173],[21.315925,46.172155],[21.315922,46.172146],[21.315898,46.172061],[21.315885,46.171999],[21.315885,46.171993],[21.315879,46.171891],[21.315883,46.171814],[21.315884,46.171795],[21.315902,46.171694],[21.315914,46.171635],[21.315926,46.171579],[21.315936,46.171554],[21.315957,46.171497],[21.315974,46.17146],[21.315992,46.17142],[21.316054,46.171289],[21.316135,46.171118],[21.316216,46.170947],[21.316283,46.170807],[21.316298,46.170776],[21.316331,46.170709],[21.316379,46.170606],[21.316401,46.170559],[21.316464,46.170436],[21.316504,46.170357],[21.316556,46.17027],[21.31664,46.170128],[21.316655,46.170103],[21.31668,46.17006],[21.316755,46.169937],[21.316799,46.169864],[21.316858,46.169773],[21.316918,46.16968],[21.316965,46.169611],[21.317015,46.169537],[21.317069,46.169463],[21.317078,46.169452],[21.317127,46.169392],[21.317193,46.169316],[21.317209,46.169299],[21.317317,46.169183],[21.317351,46.16915],[21.317499,46.169002],[21.317583,46.168919],[21.317602,46.168901],[21.317651,46.16886],[21.317662,46.168851],[21.317739,46.168787],[21.317821,46.16873],[21.317844,46.168714],[21.318003,46.168601],[21.318169,46.168483],[21.318179,46.168476],[21.318184,46.168472],[21.318188,46.168469],[21.318282,46.168408],[21.318373,46.168353],[21.318384,46.168347],[21.318506,46.168283],[21.318578,46.168246],[21.318607,46.168231],[21.31871,46.16818],[21.318787,46.168147],[21.318817,46.168133],[21.31901,46.16806],[21.319237,46.167974],[21.319465,46.167887],[21.319641,46.16782],[21.319695,46.167794],[21.319719,46.167783],[21.319776,46.167748],[21.319784,46.167741],[21.319818,46.167715],[21.319849,46.167685],[21.319872,46.167661],[21.319886,46.167639],[21.319989,46.167483],[21.320008,46.167455],[21.320026,46.167429]]},"properties":{"line":"16","dir":"0","headsign":"Piața Romană","mode":"tram","color":"#d6212b"}},{"type":"Feature","geometry":{"type":"LineString","coordinates":[[21.319683,46.167839],[21.319561,46.167884],[21.3195,46.167908],[21.319308,46.167985],[21.319082,46.168074],[21.318857,46.168163],[21.318792,46.168189],[21.318654,46.168251],[21.318641,46.168258],[21.318505,46.168328],[21.318434,46.168366],[21.318427,46.16837],[21.318329,46.168426],[21.318246,46.168477],[21.318239,46.168482],[21.31816,46.168536],[21.318089,46.168586],[21.318058,46.168608],[21.317881,46.168739],[21.317743,46.168842],[21.317707,46.168871],[21.317647,46.168921],[21.317633,46.168934],[21.317551,46.169013],[21.317452,46.169108],[21.317402,46.169159],[21.317343,46.169219],[21.31727,46.169296],[21.317259,46.169308],[21.317218,46.169352],[21.317162,46.169416],[21.317127,46.16946],[21.317072,46.16953],[21.31701,46.169619],[21.316962,46.169689],[21.316902,46.169782],[21.316795,46.169945],[21.316727,46.17005],[21.31669,46.17011],[21.316638,46.170193],[21.316587,46.170275],[21.316534,46.170362],[21.316497,46.170444],[21.31642,46.170616],[21.316343,46.170788],[21.316332,46.170815],[21.316265,46.170959],[21.316187,46.171131],[21.316108,46.171302],[21.316053,46.171422],[21.316031,46.171474],[21.316021,46.171496],[21.315989,46.171565],[21.315974,46.171646],[21.315966,46.171688],[21.315953,46.171765],[21.315947,46.171823],[21.315946,46.171841],[21.315947,46.171915],[21.315957,46.171992],[21.315969,46.172031],[21.315973,46.172046],[21.316003,46.172127],[21.316015,46.172153],[21.316055,46.172224],[21.31615,46.172391],[21.316244,46.172556],[21.316245,46.172559],[21.316335,46.172715],[21.316431,46.172882],[21.316527,46.173049],[21.316623,46.173216],[21.316715,46.173376],[21.316722,46.173387],[21.316833,46.173549],[21.316943,46.173712],[21.317053,46.173875],[21.317164,46.174037],[21.317274,46.1742],[21.317282,46.174212],[21.317396,46.174363],[21.317516,46.174522],[21.317637,46.174682],[21.317757,46.174841],[21.317877,46.175001],[21.317997,46.175159],[21.318108,46.175306],[21.318116,46.175317],[21.318197,46.175424],[21.318232,46.175475],[21.318341,46.175638],[21.318452,46.175801],[21.318562,46.175963],[21.318638,46.176076],[21.318672,46.176126],[21.318675,46.17613],[21.318774,46.17629],[21.318832,46.176384],[21.318876,46.176455],[21.318923,46.176531],[21.319025,46.176696],[21.319039,46.176718],[21.319127,46.176861],[21.319229,46.177026],[21.319332,46.177191],[21.319434,46.177356],[21.319536,46.177521],[21.319638,46.177687],[21.31974,46.177852],[21.319747,46.177863],[21.319849,46.178016],[21.319957,46.17818],[21.319976,46.178209],[21.320004,46.178251],[21.32006,46.178337],[21.320116,46.17842],[21.320156,46.17847],[21.320262,46.178592],[21.321575,46.180343],[21.32168,46.180481],[21.321821,46.180664],[21.321836,46.180684],[21.321893,46.180759],[21.321956,46.180836],[21.322108,46.181024],[21.322779,46.181801],[21.323194,46.182336],[21.323344,46.182567],[21.323384,46.182618],[21.323421,46.182671],[21.323697,46.18302],[21.323716,46.183083],[21.323743,46.183138],[21.323759,46.183167],[21.323851,46.18327],[21.32392,46.18335],[21.324317,46.18379],[21.324334,46.183813],[21.324386,46.183881],[21.324437,46.183962],[21.324443,46.183972],[21.324476,46.184033],[21.324524,46.184143],[21.324599,46.184315],[21.324674,46.184488],[21.324748,46.184658],[21.324749,46.18466],[21.324784,46.184711],[21.324815,46.184736],[21.324843,46.184754],[21.324899,46.184779],[21.324945,46.184797],[21.324965,46.184805],[21.325032,46.184822],[21.325111,46.18484],[21.325208,46.184854],[21.325294,46.184868],[21.325455,46.184889],[21.325466,46.18489],[21.325544,46.184899],[21.325638,46.18491],[21.325722,46.18492],[21.325905,46.184942],[21.325976,46.184951],[21.326231,46.184986],[21.326245,46.184988],[21.326412,46.18502],[21.326475,46.185039],[21.326552,46.185062],[21.326586,46.185075],[21.326629,46.185093],[21.326671,46.185113],[21.326695,46.185126],[21.32672,46.18514],[21.326767,46.185169],[21.32683,46.185219],[21.32687,46.185258],[21.326888,46.185275],[21.326996,46.185416],[21.327004,46.185427],[21.327088,46.185586],[21.327176,46.185756],[21.327265,46.185925],[21.327353,46.186094],[21.327442,46.186263],[21.32753,46.186432],[21.327619,46.186601],[21.327707,46.18677],[21.327796,46.186939],[21.327884,46.187108],[21.327973,46.187277],[21.328062,46.187446],[21.32815,46.187615],[21.328239,46.187785],[21.328327,46.187954],[21.328416,46.188123],[21.328434,46.188158],[21.328503,46.188292],[21.328591,46.188462],[21.328678,46.188631],[21.328765,46.1888],[21.328828,46.188923],[21.328853,46.18897],[21.328914,46.189085],[21.328941,46.189139],[21.32897,46.189193],[21.329008,46.189268],[21.329029,46.189308],[21.329116,46.189478],[21.329203,46.189647],[21.32929,46.189816],[21.329377,46.189986],[21.329458,46.190143],[21.329464,46.190155],[21.329495,46.190216],[21.329553,46.190324],[21.329643,46.190493],[21.329674,46.190551],[21.329736,46.190661],[21.32983,46.190828],[21.329924,46.190996],[21.330017,46.191164],[21.330111,46.191331],[21.330124,46.191354],[21.330207,46.191498],[21.330238,46.191552],[21.330302,46.191666],[21.330353,46.191757],[21.330355,46.19176],[21.330378,46.191801],[21.330416,46.191848],[21.330509,46.191935],[21.330588,46.192009],[21.330647,46.192063],[21.331543,46.192882],[21.332209,46.193496],[21.332461,46.193725],[21.333142,46.194358],[21.333378,46.194571],[21.333498,46.194684],[21.333886,46.195062],[21.333928,46.195102],[21.333933,46.195108],[21.334129,46.195291],[21.334274,46.195427],[21.33507,46.196137],[21.335224,46.196274],[21.336169,46.197138],[21.337087,46.197965],[21.337653,46.198472],[21.338011,46.198805],[21.338335,46.19911],[21.338807,46.199556],[21.338901,46.199639],[21.338936,46.19967],[21.338971,46.199701],[21.34026,46.200834],[21.340464,46.201014],[21.340897,46.201395],[21.34103,46.201517],[21.341571,46.202024],[21.341637,46.202087],[21.342008,46.202433],[21.34216,46.202547],[21.342238,46.20262],[21.342426,46.202794],[21.342779,46.203108]]},"properties":{"line":"16","dir":"1","headsign":"Sere","mode":"tram","color":"#d6212b"}},{"type":"Feature","geometry":{"type":"LineString","coordinates":[[21.29171,46.202856],[21.291541,46.202721],[21.291485,46.202676],[21.291394,46.202576],[21.29136,46.202538],[21.291275,46.202465],[21.291235,46.202431],[21.291204,46.202405],[21.291162,46.202358],[21.291137,46.20232],[21.291118,46.202281],[21.291112,46.202269],[21.291051,46.202109],[21.29102,46.202025],[21.29099,46.201935],[21.290933,46.20176],[21.290911,46.201654],[21.290907,46.201618],[21.290907,46.201589],[21.290907,46.201586],[21.290915,46.201551],[21.290934,46.201511],[21.290962,46.201469],[21.290984,46.201448],[21.291006,46.201427],[21.291073,46.201376],[21.291128,46.20134],[21.291149,46.201329],[21.291203,46.201301],[21.291383,46.201248],[21.291605,46.201183],[21.291622,46.201178],[21.291708,46.20115],[21.291811,46.201115],[21.291856,46.201098],[21.291944,46.201064],[21.292083,46.20101],[21.292123,46.200994],[21.292169,46.200977],[21.292205,46.200962],[21.29242,46.200876],[21.292582,46.200802],[21.292977,46.200597],[21.293599,46.200218],[21.294712,46.199547],[21.294924,46.19942],[21.295222,46.19924],[21.295517,46.19905],[21.295707,46.198927],[21.295781,46.19888],[21.295897,46.198805],[21.295943,46.198775],[21.296083,46.198678],[21.296109,46.198661],[21.29626,46.198544],[21.296266,46.198539],[21.296272,46.198535],[21.296409,46.198424],[21.296593,46.198273],[21.297352,46.197591],[21.297438,46.197516],[21.297547,46.197419],[21.298362,46.196693],[21.298516,46.196555],[21.299238,46.195909],[21.299329,46.195835],[21.299382,46.195792],[21.299447,46.195743],[21.2995,46.19571],[21.299516,46.195699],[21.299586,46.19566],[21.299666,46.195622],[21.299705,46.195604],[21.299924,46.195507],[21.30001,46.195469],[21.300143,46.195412],[21.300363,46.195317],[21.300584,46.195222],[21.300804,46.195127],[21.301025,46.195032],[21.301245,46.194937],[21.301246,46.194936],[21.301468,46.194847],[21.301563,46.194809],[21.301693,46.194755],[21.301864,46.194685],[21.301916,46.194664],[21.302024,46.194619],[21.302409,46.19446],[21.30274,46.194325],[21.303822,46.193858],[21.305641,46.193111],[21.305746,46.193064],[21.305949,46.192966],[21.306304,46.192794],[21.306471,46.192713],[21.30652,46.192692],[21.306572,46.192671],[21.306743,46.1926],[21.306966,46.192509],[21.307147,46.192434],[21.307189,46.192416],[21.307297,46.192368],[21.307394,46.19232],[21.307404,46.192315],[21.307435,46.1923],[21.30747,46.192278],[21.307509,46.192246],[21.30754,46.192213],[21.307567,46.192179],[21.307575,46.192165],[21.30759,46.192139],[21.307604,46.192107],[21.307614,46.192073],[21.307622,46.19204],[21.307624,46.192004],[21.307622,46.191975],[21.307622,46.191973],[21.307613,46.191929],[21.307603,46.191897],[21.307585,46.191858],[21.307549,46.191801],[21.30754,46.191789],[21.307518,46.191761],[21.307422,46.191645],[21.307414,46.191634],[21.30736,46.191561],[21.307303,46.191473],[21.307271,46.191424],[21.307199,46.19133],[21.307184,46.19131],[21.307159,46.19128],[21.30714,46.191257],[21.307115,46.191237],[21.307074,46.191211],[21.307032,46.191188],[21.306998,46.191171],[21.306992,46.191168],[21.306778,46.191072],[21.30656,46.190974],[21.306532,46.190961],[21.306466,46.190931],[21.306342,46.190876],[21.306303,46.190858],[21.306125,46.190776],[21.305905,46.190681],[21.305779,46.190627],[21.305678,46.19059],[21.30545,46.190504],[21.305221,46.190419],[21.305067,46.190362],[21.304992,46.190334],[21.304977,46.190328],[21.304757,46.190254],[21.304724,46.190243],[21.304592,46.1902],[21.304522,46.190176],[21.304305,46.190105],[21.304294,46.1901],[21.304273,46.19009],[21.304244,46.190074],[21.304212,46.190053],[21.304181,46.190029],[21.304155,46.190005],[21.304132,46.189982],[21.304127,46.189977],[21.304101,46.18995],[21.304083,46.189927],[21.304006,46.189829],[21.303881,46.189672],[21.303757,46.189514],[21.30372,46.189467],[21.303635,46.189356],[21.303514,46.189196],[21.303393,46.189037],[21.30333,46.188954],[21.303315,46.188935],[21.303232,46.188838],[21.30318,46.18877],[21.302753,46.1882],[21.30253,46.187927],[21.302179,46.187476],[21.302082,46.187347],[21.301881,46.187086],[21.301532,46.186625],[21.301494,46.186578],[21.301442,46.186518],[21.301409,46.186477],[21.301222,46.186212],[21.3011,46.186065],[21.300908,46.185812],[21.300268,46.184966],[21.300265,46.184962],[21.30021,46.184889],[21.300172,46.184834],[21.30015,46.184806],[21.300028,46.184647],[21.299906,46.184488],[21.299812,46.184366],[21.299784,46.184329],[21.299662,46.184171],[21.299541,46.184012],[21.299419,46.183853],[21.299297,46.183694],[21.299201,46.183568],[21.299172,46.183534],[21.29913,46.183484],[21.299104,46.183451],[21.299074,46.183416],[21.299044,46.183389],[21.29903,46.183378],[21.299003,46.183355],[21.298836,46.183251],[21.298644,46.18313],[21.298589,46.183095],[21.298516,46.18305],[21.298452,46.183009],[21.29826,46.182888],[21.298167,46.182829],[21.298109,46.182786],[21.298084,46.182763],[21.298058,46.182737],[21.298033,46.182704],[21.298013,46.182678],[21.297983,46.182625],[21.297978,46.182614],[21.297952,46.182553],[21.297921,46.182442],[21.297877,46.182285],[21.297867,46.182263],[21.297849,46.182218],[21.297829,46.182182],[21.297786,46.182119],[21.297766,46.182091],[21.297743,46.18206],[21.297649,46.181931],[21.29764,46.181918],[21.297589,46.181865],[21.297544,46.181822],[21.2975,46.181777],[21.297449,46.181726],[21.297425,46.181699],[21.297404,46.181668],[21.29738,46.181624],[21.297374,46.181614],[21.297297,46.181454],[21.297223,46.181301],[21.297215,46.181284],[21.297132,46.181113],[21.297049,46.180943],[21.296967,46.180772],[21.296884,46.180602],[21.296801,46.180431],[21.29676,46.180345],[21.296742,46.180308],[21.296736,46.180296],[21.296689,46.180201],[21.296647,46.180119],[21.296315,46.179452],[21.29626,46.179347],[21.295875,46.178561],[21.295615,46.178014],[21.295573,46.17793],[21.294871,46.17651],[21.294828,46.176424],[21.294787,46.176341],[21.294786,46.17634],[21.294702,46.17617],[21.294617,46.176],[21.294532,46.17583],[21.294502,46.175769],[21.294446,46.17566],[21.29436,46.175491],[21.294273,46.175321],[21.294186,46.175151],[21.294099,46.174982],[21.294012,46.174812],[21.294006,46.174801],[21.29392,46.174644],[21.293848,46.174511],[21.293839,46.174479],[21.293813,46.174388],[21.293799,46.174317],[21.293796,46.174304],[21.293796,46.174299],[21.293787,46.174247],[21.293766,46.174125],[21.293752,46.17404],[21.293733,46.173946],[21.293731,46.173935],[21.293713,46.173822],[21.293702,46.173768],[21.293667,46.17359],[21.293652,46.173513],[21.293629,46.173411],[21.293618,46.173363],[21.293579,46.173233],[21.293557,46.173161],[21.293521,46.173058],[21.29346,46.172883],[21.293438,46.172819],[21.293389,46.172708],[21.293385,46.1727],[21.293299,46.172537],[21.293209,46.172369],[21.293119,46.1722],[21.293028,46.172031],[21.29302,46.172015],[21.292942,46.171862],[21.292855,46.171692],[21.292769,46.171523],[21.292683,46.171353],[21.292617,46.171225],[21.292597,46.171184],[21.292596,46.171181],[21.292557,46.1711],[21.292515,46.171013],[21.292434,46.170842],[21.292353,46.170671],[21.292315,46.170591],[21.292272,46.170501],[21.29219,46.17033],[21.292131,46.170207],[21.292108,46.170159],[21.292026,46.169989],[21.291943,46.169818],[21.291861,46.169647],[21.291779,46.169477],[21.291771,46.169461],[21.291711,46.169335],[21.291633,46.169169],[21.291571,46.169045],[21.290103,46.166215],[21.290093,46.166186],[21.290092,46.166181],[21.290089,46.166161],[21.290089,46.166133],[21.290093,46.166109],[21.2901,46.166084],[21.29011,46.166061],[21.290123,46.166043],[21.290143,46.166019],[21.290155,46.166009],[21.290163,46.166002],[21.290185,46.165984],[21.290206,46.165973],[21.290222,46.165965],[21.290252,46.165953],[21.290282,46.165943],[21.290324,46.165933],[21.290366,46.165926],[21.290382,46.165925],[21.2904,46.165923],[21.290446,46.165923],[21.29064,46.165932],[21.290858,46.165944],[21.290899,46.165946],[21.291157,46.165962],[21.291194,46.165964],[21.291416,46.165978],[21.291675,46.165994],[21.291753,46.165999],[21.291934,46.166009],[21.292136,46.166022],[21.292192,46.166025],[21.292371,46.166036],[21.292451,46.166041],[21.29271,46.166057],[21.292969,46.166072],[21.29312,46.166082],[21.293227,46.16609],[21.293247,46.166091],[21.293486,46.166102],[21.293745,46.166114],[21.294004,46.166126],[21.294263,46.166137],[21.294519,46.166149],[21.294523,46.166149],[21.294782,46.166163],[21.295041,46.166177],[21.295223,46.166186],[21.2953,46.166191],[21.295479,46.166201],[21.295558,46.166204],[21.295761,46.166213],[21.295794,46.166214],[21.296213,46.16624],[21.296459,46.166257],[21.297854,46.166342],[21.298001,46.166353],[21.298487,46.166377],[21.298898,46.166396],[21.299415,46.16643],[21.300017,46.166471],[21.30018,46.166479],[21.300621,46.166505],[21.300817,46.166517],[21.300879,46.16652],[21.301138,46.166534],[21.301397,46.166548],[21.301601,46.166559],[21.301657,46.166563],[21.301904,46.166581],[21.301915,46.166582],[21.302173,46.166603],[21.302212,46.166606],[21.302431,46.16662],[21.30269,46.166636],[21.302832,46.166646],[21.302948,46.166652],[21.303207,46.166665],[21.303466,46.166679],[21.303552,46.166684],[21.303654,46.166689],[21.303725,46.166693],[21.303787,46.166697],[21.303984,46.166708],[21.304243,46.166721],[21.304502,46.166735],[21.304761,46.166749],[21.30502,46.166762],[21.305207,46.166772],[21.305279,46.166776],[21.305537,46.166789],[21.305712,46.166798],[21.305796,46.166803],[21.305815,46.166804],[21.306055,46.166814],[21.306112,46.166816],[21.306314,46.166823],[21.306416,46.166827],[21.306523,46.166832],[21.306575,46.166836],[21.306833,46.166854],[21.307091,46.166873],[21.307113,46.166875],[21.30735,46.166892],[21.307575,46.166908],[21.307608,46.16691],[21.307742,46.16692],[21.307839,46.166925],[21.307866,46.166926],[21.30797,46.16693],[21.308125,46.166938],[21.308154,46.16694],[21.308384,46.166947],[21.308644,46.166955],[21.308903,46.166962],[21.309163,46.16697],[21.309422,46.166978],[21.309438,46.166978],[21.309682,46.166987],[21.309941,46.166995],[21.310079,46.167],[21.310201,46.167006],[21.31046,46.167017],[21.310625,46.167025],[21.310669,46.167024],[21.31071,46.167024],[21.310718,46.167023],[21.310746,46.167022],[21.310773,46.167019],[21.310793,46.167015],[21.310828,46.167003],[21.310855,46.166988],[21.310876,46.166973],[21.310903,46.166949],[21.310931,46.166926],[21.310949,46.16691],[21.31106,46.166796],[21.311077,46.166775],[21.311127,46.166719],[21.311175,46.166655],[21.311207,46.166622],[21.311209,46.16662],[21.311241,46.166598],[21.311277,46.16658],[21.311336,46.166563],[21.311396,46.166547],[21.311407,46.166545],[21.311623,46.166515],[21.311659,46.166511],[21.311916,46.166481],[21.311917,46.166481],[21.312172,46.166451],[21.312408,46.166423],[21.312428,46.16642],[21.312684,46.166389],[21.31294,46.166358],[21.313195,46.166327],[21.313219,46.166324],[21.313451,46.166298],[21.313707,46.166268],[21.313964,46.166239],[21.31422,46.166209],[21.314266,46.166204],[21.314466,46.166169],[21.314483,46.166165],[21.314514,46.166158],[21.31463,46.166123],[21.314724,46.166102],[21.314936,46.166068],[21.31497,46.166063],[21.315138,46.166038],[21.315204,46.166037],[21.315264,46.166043],[21.315319,46.166054],[21.315371,46.166065],[21.315451,46.166076],[21.315482,46.166079],[21.315517,46.166075],[21.315721,46.166057],[21.315745,46.166055],[21.315978,46.166031],[21.316235,46.166005],[21.316475,46.16598],[21.316492,46.165978],[21.316728,46.165955],[21.31675,46.165952],[21.317005,46.165925],[21.317261,46.165897],[21.317517,46.16587],[21.317739,46.165846],[21.317774,46.165841],[21.31779,46.16584],[21.31803,46.16581],[21.318286,46.165779],[21.318356,46.165771],[21.318541,46.16575],[21.318798,46.165721],[21.319054,46.165693],[21.319174,46.165679],[21.319311,46.165663],[21.31947,46.165643],[21.319563,46.165633],[21.319603,46.165639],[21.319638,46.165655],[21.319668,46.165689],[21.319682,46.165733],[21.319693,46.165765],[21.31975,46.16594],[21.319807,46.166116],[21.31982,46.166156],[21.31985,46.166253],[21.319861,46.166292],[21.319915,46.166467],[21.319936,46.166534],[21.319977,46.166642],[21.319998,46.166698],[21.320022,46.166747],[21.320029,46.166757],[21.320059,46.166797],[21.320077,46.166815],[21.320089,46.166828],[21.320121,46.166857],[21.320163,46.166883],[21.320211,46.166908],[21.320278,46.166936],[21.320286,46.166939],[21.320357,46.166961],[21.320466,46.166987],[21.320523,46.166997],[21.32054,46.167],[21.320634,46.167014],[21.320689,46.167024],[21.320746,46.167037],[21.320766,46.167046],[21.320817,46.167067],[21.320855,46.167092],[21.320895,46.167132],[21.320924,46.167166],[21.32094,46.167191],[21.320945,46.1672],[21.320957,46.167228],[21.320964,46.16726],[21.320967,46.167285],[21.320965,46.167315],[21.320959,46.167345],[21.320941,46.167387],[21.320938,46.167393],[21.320915,46.167427],[21.320891,46.167452],[21.320862,46.167477],[21.32083,46.167498],[21.320771,46.167527],[21.320758,46.167532],[21.320716,46.167546],[21.320646,46.16756],[21.320587,46.167565],[21.320506,46.167562],[21.320432,46.167575],[21.320407,46.167582],[21.320342,46.167604],[21.320258,46.167631],[21.320238,46.167637],[21.320135,46.167673],[21.320033,46.16771],[21.31993,46.167748],[21.319831,46.167786],[21.31982,46.167789],[21.319806,46.167794],[21.319577,46.167878],[21.319561,46.167884],[21.319354,46.167966],[21.319129,46.168055],[21.318904,46.168145],[21.318792,46.168189],[21.318682,46.168238],[21.318654,46.168251],[21.318505,46.168328],[21.318477,46.168344],[21.318427,46.16837],[21.318329,46.168426],[21.318279,46.168456],[21.318246,46.168477],[21.31816,46.168536],[21.318094,46.168582],[21.318089,46.168586],[21.317917,46.168713],[21.317881,46.168739],[21.317743,46.168842],[21.31774,46.168843],[21.317647,46.168921],[21.317633,46.168934],[21.317583,46.168982],[21.317452,46.169108],[21.317435,46.169125],[21.317343,46.169219],[21.317294,46.169271],[21.31727,46.169296],[21.317218,46.169352],[21.317162,46.169416],[21.317157,46.169421],[21.317072,46.16953],[21.317037,46.169581],[21.316962,46.169689],[21.316926,46.169744],[21.316819,46.169908],[21.316727,46.17005],[21.316712,46.170073],[21.316638,46.170193],[21.31661,46.170238],[21.316534,46.170362],[21.316512,46.17041],[21.316436,46.170581],[21.316359,46.170752],[21.316332,46.170815],[21.316282,46.170924],[21.316203,46.171095],[21.316124,46.171266],[21.316053,46.171422],[21.316046,46.171438],[21.316021,46.171496],[21.315989,46.171565],[21.315981,46.171609],[21.315966,46.171688],[21.315953,46.171765],[21.315951,46.171779],[21.315946,46.171841],[21.315947,46.171915],[21.315954,46.171967],[21.315957,46.171992],[21.315973,46.172046],[21.316003,46.172127],[21.316015,46.172153],[21.316028,46.172176],[21.316122,46.172342],[21.316217,46.172508],[21.316244,46.172556],[21.316312,46.172675],[21.316322,46.172692],[21.316715,46.173376],[21.317282,46.174212],[21.318108,46.175306],[21.318197,46.175424],[21.318638,46.176076],[21.318675,46.17613],[21.318832,46.176385],[21.318876,46.176455],[21.318934,46.17655],[21.319037,46.176715],[21.319039,46.176718],[21.319139,46.17688],[21.319241,46.177045],[21.319343,46.17721],[21.319445,46.177375],[21.319548,46.17754],[21.31965,46.177705],[21.319747,46.177863],[21.319753,46.177871],[21.319861,46.178035],[21.319969,46.178198],[21.319976,46.178209],[21.32006,46.178337],[21.320077,46.178362],[21.320116,46.17842],[21.320156,46.17847],[21.320204,46.178525],[21.320262,46.178592],[21.320328,46.17868],[21.320448,46.17884],[21.320567,46.178999],[21.320687,46.179159],[21.320807,46.179318],[21.320927,46.179478],[21.321046,46.179638],[21.321166,46.179797],[21.321286,46.179957],[21.321405,46.180117],[21.321525,46.180276],[21.321575,46.180343],[21.321646,46.180436],[21.32168,46.180481],[21.321766,46.180593],[21.321821,46.180664],[21.321886,46.18075],[21.321893,46.180759],[21.321956,46.180836],[21.322014,46.180908],[21.322108,46.181024],[21.322143,46.181065],[21.322276,46.181219],[21.322409,46.181373],[21.322542,46.181527],[21.322676,46.181681],[21.322779,46.181801],[21.322806,46.181836],[21.322929,46.181995],[21.323052,46.182153],[21.323175,46.182312],[21.323194,46.182336],[21.323285,46.182476],[21.323344,46.182567],[21.323384,46.182618],[21.323397,46.182637],[21.323421,46.182671],[21.32352,46.182796],[21.323645,46.182954],[21.323697,46.18302],[21.323716,46.183083],[21.323735,46.183121],[21.323743,46.183138],[21.323759,46.183167],[21.323851,46.18327],[21.323862,46.183282],[21.32392,46.18335],[21.323998,46.183436],[21.324135,46.183589],[21.324273,46.183741],[21.324317,46.18379],[21.324386,46.183881],[21.324395,46.183895],[21.324437,46.183962],[21.324476,46.184033],[21.324488,46.184062],[21.324563,46.184234],[21.324638,46.184406],[21.324713,46.184578],[21.324748,46.184658],[21.324784,46.184711],[21.324815,46.184736],[21.324843,46.184754],[21.324866,46.184805],[21.324897,46.184901],[21.324902,46.184919],[21.324947,46.185088],[21.324949,46.185095],[21.32499,46.185235],[21.324998,46.185272],[21.325036,46.185449],[21.325075,46.185627],[21.325085,46.185674],[21.325114,46.18577],[21.325126,46.185804],[21.325148,46.185873],[21.325181,46.185951],[21.325192,46.185978],[21.325264,46.18615],[21.325335,46.186323],[21.325407,46.186495],[21.325479,46.186668],[21.32555,46.186841],[21.325622,46.187014],[21.325675,46.187142],[21.325688,46.187189],[21.325703,46.187244],[21.325712,46.187305],[21.325717,46.187366],[21.325717,46.187375],[21.325717,46.187431],[21.325714,46.187506],[21.325705,46.187558],[21.325699,46.187591],[21.325678,46.187662],[21.325644,46.187738],[21.325644,46.187739],[21.325581,46.18785],[21.325545,46.187904],[21.325512,46.187956],[21.32543,46.188062],[21.325429,46.188064],[21.325292,46.188217],[21.325155,46.188369],[21.325115,46.188414],[21.325042,46.188488],[21.325009,46.188518],[21.324962,46.188562],[21.324901,46.188611],[21.324844,46.188655],[21.324839,46.188658],[21.32475,46.188715],[21.324638,46.188776],[21.324435,46.188887],[21.324341,46.188939],[21.324253,46.188987],[21.324228,46.188998],[21.324137,46.189039],[21.32406,46.189064],[21.323988,46.18908],[21.323871,46.189108],[21.323824,46.189117],[21.323658,46.189153],[21.323554,46.189175],[21.322851,46.189324],[21.321669,46.189557],[21.321453,46.189597],[21.320044,46.189864],[21.319393,46.189993],[21.319278,46.190015],[21.319268,46.190017],[21.319036,46.190065],[21.318751,46.190123],[21.317644,46.190341],[21.315827,46.190702],[21.313272,46.191216],[21.313023,46.191266],[21.312838,46.191303],[21.312774,46.191317],[21.312669,46.191339],[21.312524,46.191367],[21.312275,46.191416],[21.312025,46.191465],[21.311775,46.191514],[21.311525,46.191563],[21.311466,46.191575],[21.311275,46.191612],[21.311032,46.19166],[21.311025,46.191661],[21.310775,46.19171],[21.310545,46.191755],[21.310525,46.191759],[21.310275,46.191808],[21.310164,46.19183],[21.310025,46.191857],[21.30984,46.191893],[21.309775,46.191906],[21.309525,46.191956],[21.309276,46.192006],[21.309026,46.192056],[21.308777,46.192106],[21.308705,46.19212],[21.308527,46.192155],[21.308378,46.192185],[21.308277,46.192204],[21.308222,46.192215],[21.308027,46.192254],[21.308016,46.192256],[21.307855,46.192286],[21.30778,46.192306],[21.307721,46.192322],[21.3076,46.192361],[21.307549,46.192382],[21.307519,46.192394],[21.307375,46.192451],[21.307324,46.192472],[21.307099,46.192561],[21.306874,46.192651],[21.30671,46.192716],[21.306649,46.192741],[21.306642,46.192744],[21.305974,46.193016],[21.303847,46.193896],[21.302648,46.194403],[21.301888,46.194715],[21.30182,46.194744],[21.301598,46.194836],[21.301588,46.194841],[21.301372,46.194926],[21.301272,46.194966],[21.301151,46.195019],[21.30093,46.195114],[21.30071,46.195209],[21.300663,46.19523],[21.30049,46.195305],[21.30027,46.1954],[21.300049,46.195495],[21.299829,46.195591],[21.299691,46.195651],[21.29962,46.195693],[21.299575,46.195719],[21.299464,46.195792],[21.299433,46.195814],[21.299388,46.195845],[21.299263,46.195947],[21.299222,46.195981],[21.299103,46.196087],[21.298944,46.196229],[21.298785,46.196372],[21.298626,46.196514],[21.298556,46.196576],[21.298467,46.196656],[21.298403,46.196714],[21.298308,46.196798],[21.29815,46.196941],[21.297991,46.197083],[21.297832,46.197225],[21.297812,46.197243],[21.297673,46.197368],[21.297515,46.19751],[21.297482,46.197539],[21.29738,46.197641],[21.297362,46.197657],[21.2972,46.197797],[21.297038,46.197938],[21.296876,46.198078],[21.296714,46.198219],[21.296632,46.19829],[21.296553,46.19836],[21.296394,46.198502],[21.29634,46.198549],[21.296219,46.198639],[21.296042,46.198771],[21.296004,46.1988],[21.295848,46.198895],[21.295654,46.199014],[21.295459,46.199133],[21.295265,46.199252],[21.29525,46.199261],[21.29507,46.199371],[21.294952,46.199442],[21.294876,46.199489],[21.294743,46.199571],[21.294682,46.199608],[21.294489,46.199727],[21.294295,46.199845],[21.294255,46.19987],[21.294101,46.199964],[21.293907,46.200083],[21.293713,46.200201],[21.293519,46.20032],[21.293325,46.200439],[21.293244,46.200489],[21.29316,46.200569],[21.29313,46.200598],[21.293087,46.200652],[21.293058,46.20069],[21.29304,46.200723],[21.293012,46.200775],[21.292985,46.20084],[21.292964,46.200893],[21.292897,46.201067],[21.292888,46.20109],[21.292868,46.20117],[21.292859,46.201241],[21.292852,46.201298],[21.292858,46.201328],[21.292877,46.201412],[21.292917,46.20159],[21.292957,46.201768],[21.292997,46.201945],[21.293037,46.202123],[21.293077,46.202301],[21.293095,46.202384],[21.293116,46.202479],[21.293156,46.202656],[21.293196,46.202834],[21.293236,46.203012],[21.293275,46.203189],[21.293279,46.203203],[21.293288,46.203273],[21.293287,46.203315],[21.293282,46.203352],[21.293274,46.203377],[21.293271,46.203384],[21.293254,46.203417],[21.293234,46.203446],[21.293204,46.203475],[21.293172,46.203498],[21.293124,46.203527],[21.293122,46.203529],[21.29307,46.203556],[21.293022,46.203575],[21.292973,46.203586],[21.292921,46.203594],[21.292902,46.203596],[21.292881,46.203599],[21.292839,46.203596],[21.292796,46.203588],[21.29276,46.20358],[21.29271,46.203565],[21.292649,46.203537],[21.292614,46.203514],[21.292591,46.203499],[21.292526,46.203444],[21.292443,46.20338],[21.292271,46.203245],[21.292098,46.203111],[21.291925,46.202977],[21.291753,46.202843],[21.291676,46.202783],[21.29164,46.202755]]},"properties":{"line":"18b","dir":"0","headsign":"Piața Romană","mode":"tram","color":"#d6212b"}}]}