{"type":"FeatureCollection","features":[{"type":"Feature","geometry":{"type":"LineString","coordinates":[[21.375836,46.180513],[21.37579,46.180564],[21.375723,46.180603],[21.375643,46.180626],[21.375556,46.180631],[21.37551,46.180626],[21.375466,46.180616],[21.375425,46.180602],[21.375358,46.180561],[21.375312,46.180508],[21.375293,46.180448],[21.3753,46.18039],[21.375331,46.180336],[21.375385,46.18029],[21.375455,46.180258],[21.375536,46.180241],[21.375655,46.180247],[21.37576,46.180286],[21.375832,46.180352],[21.375859,46.180432],[21.375836,46.180513]]},"properties":{"name":"DJ709","lines":"13","arr":["13"],"roundabout":1,"mode":"bus","color":"#0059a9"}},{"type":"Feature","geometry":{"type":"LineString","coordinates":[[21.309953,46.182316],[21.309887,46.182135]]},"properties":{"name":"Piața Spitalului","lines":"19, 21, 46, 49b, 54, 60","arr":["19","21","46","49b","54","60"],"roundabout":1,"mode":"bus","color":"#0059a9"}},{"type":"Feature","geometry":{"type":"LineString","coordinates":[[21.309887,46.182135],[21.309914,46.182046],[21.30995,46.181993],[21.309995,46.181952],[21.310036,46.181926],[21.310078,46.181906],[21.310189,46.181878]]},"properties":{"name":"Piața Spitalului","lines":"19","arr":["19"],"roundabout":1,"mode":"bus","color":"#0059a9"}},{"type":"Feature","geometry":{"type":"LineString","coordinates":[[21.310189,46.181878],[21.310223,46.181875],[21.31026,46.181874],[21.310288,46.181876]]},"properties":{"name":"Piața Spitalului","lines":"19","arr":["19"],"roundabout":1,"mode":"bus","color":"#0059a9"}},{"type":"Feature","geometry":{"type":"LineString","coordinates":[[21.310288,46.181876],[21.310315,46.181878]]},"properties":{"name":"Piața Spitalului","lines":"19, 21, 46, 49b, 54, 60","arr":["19","21","46","49b","54","60"],"roundabout":1,"mode":"bus","color":"#0059a9"}},{"type":"Feature","geometry":{"type":"LineString","coordinates":[[21.310315,46.181878],[21.310376,46.181894],[21.310432,46.181926],[21.310489,46.181986],[21.31056,46.182081]]},"properties":{"name":"Piața Spitalului","lines":"19, 21, 46, 49b, 54, 60","arr":["19","21","46","49b","54","60"],"roundabout":1,"mode":"bus","color":"#0059a9"}},{"type":"Feature","geometry":{"type":"LineString","coordinates":[[21.31056,46.182081],[21.310581,46.182122]]},"properties":{"name":"Piața Spitalului","lines":"19, 21, 46, 49b, 54, 60","arr":["19","21","46","49b","54","60"],"roundabout":1,"mode":"bus","color":"#0059a9"}},{"type":"Feature","geometry":{"type":"LineString","coordinates":[[21.330062,46.166088],[21.330027,46.166093],[21.329992,46.166095],[21.329941,46.166089],[21.329894,46.166076],[21.329853,46.166054],[21.329821,46.166027],[21.3298,46.165994],[21.32979,46.16596],[21.329793,46.165924],[21.3298,46.165905],[21.329811,46.165887]]},"properties":{"name":"Strada Cetății","lines":"19","arr":["19"],"roundabout":1,"mode":"bus","color":"#0059a9"}},{"type":"Feature","geometry":{"type":"LineString","coordinates":[[21.33008,46.165818],[21.330101,46.165825],[21.330121,46.165834],[21.330139,46.165844],[21.330162,46.165861],[21.330181,46.165881],[21.330194,46.165902],[21.330204,46.165927],[21.330207,46.165953],[21.330203,46.165979],[21.330192,46.166004],[21.330175,46.166027],[21.330153,46.166048],[21.330095,46.166078],[21.330062,46.166088]]},"properties":{"name":"Strada Cetății","lines":"19","arr":["19"],"roundabout":1,"mode":"bus","color":"#0059a9"}},{"type":"Feature","geometry":{"type":"LineString","coordinates":[[21.321368,46.146059],[21.321417,46.14606],[21.321464,46.146072],[21.321498,46.146087]]},"properties":{"name":"DN69","lines":"19","arr":["19"],"roundabout":1,"mode":"bus","color":"#0059a9"}},{"type":"Feature","geometry":{"type":"LineString","coordinates":[[21.321498,46.146087],[21.321525,46.146108],[21.321546,46.146132],[21.321551,46.146141],[21.321555,46.146151],[21.321558,46.146161],[21.321559,46.146197],[21.321546,46.146229],[21.321522,46.146257],[21.321488,46.146279]]},"properties":{"name":"DN69","lines":"49","arr":["49"],"roundabout":1,"mode":"bus","color":"#0059a9"}},{"type":"Feature","geometry":{"type":"LineString","coordinates":[[21.321488,46.146279],[21.321447,46.146295]]},"properties":{"name":"DN69","lines":"49, 49b","arr":["49","49b"],"roundabout":1,"mode":"bus","color":"#0059a9"}},{"type":"Feature","geometry":{"type":"LineString","coordinates":[[21.321447,46.146295],[21.321423,46.146299],[21.321392,46.146303],[21.321361,46.146303],[21.321343,46.1463],[21.321318,46.146295],[21.321287,46.146283],[21.321256,46.146265],[21.321232,46.146244],[21.321216,46.146219]]},"properties":{"name":"DN69","lines":"49b","arr":["49b"],"roundabout":1,"mode":"bus","color":"#0059a9"}},{"type":"Feature","geometry":{"type":"LineString","coordinates":[[21.321216,46.146219],[21.321207,46.146181],[21.321216,46.146142],[21.321241,46.146108]]},"properties":{"name":"DN69","lines":"19, 49, 49b","arr":["19","49","49b"],"roundabout":1,"mode":"bus","color":"#0059a9"}},{"type":"Feature","geometry":{"type":"LineString","coordinates":[[21.321241,46.146108],[21.321276,46.146084],[21.321319,46.146067],[21.321368,46.146059]]},"properties":{"name":"DN69","lines":"19","arr":["19"],"roundabout":1,"mode":"bus","color":"#0059a9"}},{"type":"Feature","geometry":{"type":"LineString","coordinates":[[21.335716,46.149647],[21.33578,46.149671]]},"properties":{"name":"","lines":"19","arr":["19"],"roundabout":1,"mode":"bus","color":"#0059a9"}},{"type":"Feature","geometry":{"type":"LineString","coordinates":[[21.335849,46.149829],[21.335815,46.149874],[21.335771,46.149902],[21.335717,46.149921],[21.335658,46.149929],[21.335598,46.149924],[21.335542,46.149908],[21.335487,46.149874],[21.335452,46.149829],[21.335442,46.149778],[21.335458,46.149728],[21.335498,46.149685]]},"properties":{"name":"","lines":"19","arr":["19"],"roundabout":1,"mode":"bus","color":"#0059a9"}},{"type":"Feature","geometry":{"type":"LineString","coordinates":[[21.338278,46.141442],[21.338286,46.141417],[21.338306,46.141396],[21.338334,46.14138],[21.338368,46.141371],[21.338396,46.14137],[21.338424,46.141373]]},"properties":{"name":"Strada Flacăra","lines":"19","arr":["19"],"roundabout":1,"mode":"bus","color":"#0059a9"}},{"type":"Feature","geometry":{"type":"LineString","coordinates":[[21.338489,46.141484],[21.338478,46.141495],[21.338465,46.141505]]},"properties":{"name":"Strada Flacăra","lines":"19","arr":["19"],"roundabout":1,"mode":"bus","color":"#0059a9"}},{"type":"Feature","geometry":{"type":"LineString","coordinates":[[21.338301,46.141495],[21.338287,46.141479],[21.338279,46.141461],[21.338278,46.141442]]},"properties":{"name":"Strada Flacăra","lines":"19","arr":["19"],"roundabout":1,"mode":"bus","color":"#0059a9"}},{"type":"Feature","geometry":{"type":"LineString","coordinates":[[21.310404,46.182546],[21.31038,46.18255]]},"properties":{"name":"Piața Spitalului","lines":"19, 21, 46, 49b, 54, 60","arr":["19","21","46","49b","54","60"],"roundabout":1,"mode":"bus","color":"#0059a9"}},{"type":"Feature","geometry":{"type":"LineString","coordinates":[[21.31038,46.18255],[21.310342,46.182552],[21.310302,46.18255],[21.310231,46.182538],[21.310136,46.182503],[21.310081,46.182464],[21.310027,46.182417],[21.309994,46.182378],[21.309953,46.182316]]},"properties":{"name":"Piața Spitalului","lines":"21, 54","arr":["21","54"],"roundabout":1,"mode":"bus","color":"#0059a9"}},{"type":"Feature","geometry":{"type":"LineString","coordinates":[[21.293924,46.174261],[21.293907,46.174247],[21.293896,46.174231],[21.293891,46.174214],[21.293894,46.17419]]},"properties":{"name":"","lines":"21","arr":["21"],"roundabout":1,"mode":"bus","color":"#0059a9"}},{"type":"Feature","geometry":{"type":"LineString","coordinates":[[21.294061,46.174149],[21.294069,46.174155],[21.294085,46.174166],[21.2941,46.174188],[21.294104,46.174212],[21.294096,46.174235],[21.294078,46.174256]]},"properties":{"name":"","lines":"21","arr":["21"],"roundabout":1,"mode":"bus","color":"#0059a9"}},{"type":"Feature","geometry":{"type":"LineString","coordinates":[[21.291843,46.16364],[21.291803,46.163629],[21.291788,46.16362]]},"properties":{"name":"","lines":"21","arr":["21"],"roundabout":1,"mode":"bus","color":"#0059a9"}},{"type":"Feature","geometry":{"type":"LineString","coordinates":[[21.291754,46.16354],[21.291759,46.163527],[21.291772,46.163515],[21.291784,46.163504],[21.29182,46.163488],[21.291861,46.163482],[21.291883,46.163485],[21.291902,46.163487],[21.291938,46.163502],[21.291964,46.163525],[21.291976,46.163553],[21.291973,46.163582],[21.291955,46.163608],[21.291924,46.163628],[21.291885,46.163639],[21.291843,46.16364]]},"properties":{"name":"","lines":"21","arr":["21"],"roundabout":1,"mode":"bus","color":"#0059a9"}},{"type":"Feature","geometry":{"type":"LineString","coordinates":[[21.319624,46.192183],[21.319685,46.192197],[21.31971,46.192209],[21.319738,46.192223],[21.319775,46.192259],[21.319794,46.192302],[21.319793,46.192347],[21.319771,46.192389],[21.319747,46.19241],[21.319731,46.192424],[21.319673,46.192449],[21.319607,46.19246],[21.319571,46.192457],[21.319539,46.192454],[21.319478,46.192434],[21.31943,46.1924],[21.319402,46.192357],[21.319395,46.19231],[21.319412,46.192264],[21.319448,46.192227],[21.319498,46.192199],[21.319559,46.192184],[21.319624,46.192183]]},"properties":{"name":"","lines":"39b","arr":["39b"],"roundabout":1,"mode":"bus","color":"#0059a9"}},{"type":"Feature","geometry":{"type":"LineString","coordinates":[[21.320712,46.166977],[21.320761,46.166989],[21.320797,46.166999]]},"properties":{"name":"Piața Arenei","lines":"41, 60","arr":["41","60"],"roundabout":1,"mode":"bus","color":"#0059a9"}},{"type":"Feature","geometry":{"type":"LineString","coordinates":[[21.320797,46.166999],[21.320891,46.167043],[21.320941,46.167075],[21.320992,46.167125],[21.321008,46.167155],[21.321025,46.167188],[21.321032,46.167221],[21.321038,46.167252],[21.321041,46.167295]]},"properties":{"name":"Piața Arenei","lines":"41, 60","arr":["41","60"],"roundabout":1,"mode":"bus","color":"#0059a9"}},{"type":"Feature","geometry":{"type":"LineString","coordinates":[[21.321041,46.167295],[21.321017,46.167365],[21.320983,46.167427]]},"properties":{"name":"Piața Arenei","lines":"41, 60","arr":["41","60"],"roundabout":1,"mode":"bus","color":"#0059a9"}},{"type":"Feature","geometry":{"type":"LineString","coordinates":[[21.320983,46.167427],[21.32093,46.167482],[21.320893,46.16751],[21.320853,46.167533],[21.320803,46.167558],[21.32076,46.167574],[21.32072,46.167584],[21.320672,46.167591],[21.320613,46.167597],[21.320562,46.167599]]},"properties":{"name":"Piața Arenei","lines":"41, 60","arr":["41","60"],"roundabout":1,"mode":"bus","color":"#0059a9"}},{"type":"Feature","geometry":{"type":"LineString","coordinates":[[21.320562,46.167599],[21.32052,46.167598],[21.320478,46.167596],[21.320437,46.16759],[21.320407,46.167582],[21.320373,46.167573],[21.320316,46.167548],[21.320258,46.167514],[21.320202,46.167467],[21.320171,46.167433],[21.320153,46.167403],[21.320138,46.16737],[21.320137,46.167322],[21.320142,46.16727]]},"properties":{"name":"Piața Arenei","lines":"41, 60","arr":["41","60"],"roundabout":1,"mode":"bus","color":"#0059a9"}},{"type":"Feature","geometry":{"type":"LineString","coordinates":[[21.298408,46.190304],[21.298387,46.190288],[21.298374,46.190268],[21.298372,46.190247],[21.29838,46.190226],[21.298397,46.190208],[21.298422,46.190195],[21.298451,46.190189],[21.298481,46.190189],[21.29851,46.190196],[21.298534,46.190209],[21.29855,46.190226],[21.298558,46.190246],[21.298556,46.190267],[21.298545,46.190287],[21.298524,46.190303],[21.298497,46.190314],[21.298466,46.190317],[21.298435,46.190314],[21.298408,46.190304]]},"properties":{"name":"Strada Constantin Brâncuși","lines":"41","arr":["41"],"roundabout":1,"mode":"bus","color":"#0059a9"}},{"type":"Feature","geometry":{"type":"LineString","coordinates":[[21.310581,46.182122],[21.310626,46.18222],[21.310652,46.182292],[21.310653,46.182325],[21.310646,46.182361],[21.310633,46.182389],[21.310617,46.182413],[21.310565,46.182463],[21.310518,46.182495],[21.310477,46.182521],[21.310427,46.18254],[21.310404,46.182546]]},"properties":{"name":"Piața Spitalului","lines":"46, 49b, 60","arr":["46","49b","60"],"roundabout":1,"mode":"bus","color":"#0059a9"}},{"type":"Feature","geometry":{"type":"LineString","coordinates":[[21.308082,46.194414],[21.308056,46.194411],[21.308032,46.194403]]},"properties":{"name":"","lines":"46, 60","arr":["46","60"],"roundabout":1,"mode":"bus","color":"#0059a9"}},{"type":"Feature","geometry":{"type":"LineString","coordinates":[[21.308001,46.194306],[21.308018,46.194292],[21.308039,46.194281],[21.308064,46.194275],[21.308091,46.194273],[21.308117,46.194276],[21.308141,46.194284],[21.308161,46.194296],[21.308177,46.194311],[21.308186,46.194328],[21.308188,46.194347],[21.308183,46.194365],[21.308172,46.194381],[21.308155,46.194396],[21.308133,46.194406],[21.308108,46.194412],[21.308082,46.194414]]},"properties":{"name":"","lines":"46, 60","arr":["46","60"],"roundabout":1,"mode":"bus","color":"#0059a9"}},{"type":"Feature","geometry":{"type":"LineString","coordinates":[[21.297256,46.203286],[21.297248,46.203309],[21.297231,46.20333],[21.297206,46.203346]]},"properties":{"name":"Strada Poetului","lines":"46, 60","arr":["46","60"],"roundabout":1,"mode":"bus","color":"#0059a9"}},{"type":"Feature","geometry":{"type":"LineString","coordinates":[[21.297019,46.203303],[21.297014,46.203274],[21.297023,46.203246],[21.297045,46.203221],[21.297078,46.203204],[21.297115,46.203195],[21.297136,46.203195],[21.297155,46.203195]]},"properties":{"name":"Strada Poetului","lines":"46, 60","arr":["46","60"],"roundabout":1,"mode":"bus","color":"#0059a9"}},{"type":"Feature","geometry":{"type":"LineString","coordinates":[[21.366962,46.168676],[21.367023,46.168734],[21.367056,46.168802],[21.367058,46.168873],[21.367029,46.168942],[21.366972,46.169001],[21.366891,46.169046],[21.366795,46.169073],[21.366692,46.169078],[21.366587,46.16906],[21.366495,46.16902],[21.366426,46.168962],[21.366395,46.168914],[21.36638,46.168862],[21.366385,46.168796],[21.366417,46.168733],[21.366474,46.168678],[21.36655,46.168637]]},"properties":{"name":"","lines":"48","arr":["48"],"roundabout":1,"mode":"bus","color":"#0059a9"}},{"type":"Feature","geometry":{"type":"LineString","coordinates":[[21.366784,46.16861],[21.366881,46.168634],[21.366962,46.168676]]},"properties":{"name":"","lines":"48","arr":["48"],"roundabout":1,"mode":"bus","color":"#0059a9"}},{"type":"Feature","geometry":{"type":"LineString","coordinates":[[21.310204,46.141446],[21.310226,46.141474],[21.310243,46.141503],[21.310256,46.141545],[21.310258,46.141588],[21.310249,46.141631],[21.310229,46.141672]]},"properties":{"name":"DJ682","lines":"49","arr":["49"],"roundabout":1,"mode":"bus","color":"#0059a9"}},{"type":"Feature","geometry":{"type":"LineString","coordinates":[[21.310229,46.141672],[21.310199,46.141709],[21.310159,46.141742],[21.310112,46.14177],[21.310058,46.141791],[21.309999,46.141805],[21.309929,46.141812],[21.309858,46.141808],[21.30979,46.141795],[21.309727,46.141772],[21.309688,46.14175],[21.309653,46.141725],[21.309625,46.141697],[21.309602,46.141667],[21.309581,46.141618],[21.309576,46.141567],[21.309586,46.141517],[21.309612,46.141469],[21.309658,46.141421],[21.309721,46.141381],[21.309795,46.141354],[21.309877,46.14134],[21.309961,46.14134]]},"properties":{"name":"DJ682","lines":"49, 49b","arr":["49","49b"],"roundabout":1,"mode":"bus","color":"#0059a9"}},{"type":"Feature","geometry":{"type":"LineString","coordinates":[[21.281175,46.169127],[21.281166,46.169162],[21.281149,46.169195],[21.281136,46.169211],[21.281124,46.169226],[21.281092,46.169253],[21.281054,46.169277],[21.281012,46.169296],[21.28096,46.16931],[21.280905,46.169318],[21.280878,46.169319],[21.280849,46.169319],[21.280794,46.169313],[21.280741,46.1693],[21.280693,46.169281],[21.280653,46.169258],[21.28062,46.169231],[21.280594,46.169201],[21.280575,46.169167],[21.280565,46.169133],[21.280563,46.169094],[21.280569,46.169068]]},"properties":{"name":"Calea Bodrogului","lines":"54","arr":["54"],"roundabout":1,"mode":"bus","color":"#0059a9"}},{"type":"Feature","geometry":{"type":"LineString","coordinates":[[21.280723,46.168922],[21.28075,46.168912],[21.280807,46.1689],[21.280867,46.168895],[21.280887,46.168897],[21.280927,46.168899],[21.280984,46.168911],[21.281037,46.16893],[21.281084,46.168956]]},"properties":{"name":"Calea Bodrogului","lines":"54","arr":["54"],"roundabout":1,"mode":"bus","color":"#0059a9"}},{"type":"Feature","geometry":{"type":"LineString","coordinates":[[21.429471,46.156229],[21.429528,46.156226],[21.429622,46.156236],[21.429708,46.156263],[21.429779,46.156307],[21.429829,46.156362]]},"properties":{"name":"DN7","lines":"Ghioroc","arr":["Ghioroc"],"roundabout":1,"mode":"bus","color":"#0059a9"}},{"type":"Feature","geometry":{"type":"LineString","coordinates":[[21.429831,46.156545],[21.429776,46.156605],[21.429697,46.156651],[21.429617,46.156675],[21.42953,46.156684],[21.429442,46.156676],[21.429389,46.156663],[21.42934,46.156643]]},"properties":{"name":"DN7","lines":"Ghioroc","arr":["Ghioroc"],"roundabout":1,"mode":"bus","color":"#0059a9"}},{"type":"Feature","geometry":{"type":"LineString","coordinates":[[21.429207,46.156512],[21.429197,46.156448],[21.429213,46.156385],[21.429253,46.156327],[21.429315,46.15628],[21.429362,46.156257],[21.429415,46.15624],[21.429471,46.156229]]},"properties":{"name":"DN7","lines":"Ghioroc","arr":["Ghioroc"],"roundabout":1,"mode":"bus","color":"#0059a9"}},{"type":"Feature","geometry":{"type":"LineString","coordinates":[[21.390117,46.165841],[21.390118,46.165913],[21.390084,46.165982],[21.390018,46.166038],[21.389928,46.166076],[21.389825,46.16609]]},"properties":{"name":"Strada Cetății Orod","lines":"Ghioroc, Vladimirescu","arr":["Ghioroc","Vladimirescu"],"roundabout":1,"mode":"bus","color":"#0059a9"}},{"type":"Feature","geometry":{"type":"LineString","coordinates":[[21.389599,46.167965],[21.389615,46.168008],[21.389616,46.168053],[21.389604,46.168097],[21.389578,46.168138],[21.389553,46.168164],[21.389523,46.168187],[21.389488,46.168206],[21.389449,46.168221],[21.389408,46.168232],[21.389364,46.168239],[21.38932,46.168241],[21.389275,46.168238]]},"properties":{"name":"DN7","lines":"Ghioroc, Vladimirescu","arr":["Ghioroc","Vladimirescu"],"roundabout":1,"mode":"bus","color":"#0059a9"}},{"type":"Feature","geometry":{"type":"LineString","coordinates":[[21.389036,46.168086],[21.389028,46.168052],[21.389029,46.168018],[21.389038,46.167984],[21.389055,46.167951],[21.389079,46.167921],[21.389111,46.167895]]},"properties":{"name":"DN7","lines":"Ghioroc, Vladimirescu","arr":["Ghioroc","Vladimirescu"],"roundabout":1,"mode":"bus","color":"#0059a9"}},{"type":"Feature","geometry":{"type":"LineString","coordinates":[[21.389425,46.167845],[21.389459,46.167856],[21.389491,46.167869],[21.389521,46.167885],[21.389547,46.167904],[21.389569,46.167925],[21.389599,46.167965]]},"properties":{"name":"DN7","lines":"Ghioroc, Vladimirescu","arr":["Ghioroc","Vladimirescu"],"roundabout":1,"mode":"bus","color":"#0059a9"}},{"type":"Feature","geometry":{"type":"LineString","coordinates":[[21.372591,46.173477],[21.372704,46.173536]]},"properties":{"name":"DN7","lines":"Vladimirescu","arr":["Vladimirescu"],"roundabout":1,"mode":"bus","color":"#0059a9"}},{"type":"Feature","geometry":{"type":"LineString","coordinates":[[21.372704,46.173536],[21.372779,46.173614]]},"properties":{"name":"DN7","lines":"Ghioroc, Vladimirescu","arr":["Ghioroc","Vladimirescu"],"roundabout":1,"mode":"bus","color":"#0059a9"}},{"type":"Feature","geometry":{"type":"LineString","coordinates":[[21.372752,46.173887],[21.372658,46.173959],[21.372556,46.174],[21.372441,46.17402],[21.37232,46.174015],[21.372207,46.173988]]},"properties":{"name":"DN7","lines":"Ghioroc, Vladimirescu","arr":["Ghioroc","Vladimirescu"],"roundabout":1,"mode":"bus","color":"#0059a9"}},{"type":"Feature","geometry":{"type":"LineString","coordinates":[[21.371995,46.173795],[21.371988,46.173699],[21.372025,46.17361],[21.372102,46.173533],[21.37221,46.173481],[21.372336,46.173449],[21.372456,46.173448]]},"properties":{"name":"DN7","lines":"Ghioroc, Vladimirescu","arr":["Ghioroc","Vladimirescu"],"roundabout":1,"mode":"bus","color":"#0059a9"}},{"type":"Feature","geometry":{"type":"LineString","coordinates":[[21.372456,46.173448],[21.372591,46.173477]]},"properties":{"name":"DN7","lines":"Vladimirescu","arr":["Vladimirescu"],"roundabout":1,"mode":"bus","color":"#0059a9"}},{"type":"Feature","geometry":{"type":"LineString","coordinates":[[21.324432,46.182425],[21.324075,46.182476],[21.323902,46.182504]]},"properties":{"name":"Calea Iuliu Maniu","lines":"7A, 18A, 19, Ghioroc","arr":["7A","18A","19","Ghioroc"],"roundabout":0,"mode":"bus","color":"#0059a9"}},{"type":"Feature","geometry":{"type":"LineString","coordinates":[[21.325076,46.182482],[21.324948,46.182531],[21.324812,46.182591],[21.32468,46.182652],[21.324559,46.182719]]},"properties":{"name":"Calea Iuliu Maniu","lines":"7A, 18A, 19, Ghioroc","arr":["7A","18A","19","Ghioroc"],"roundabout":0,"mode":"bus","color":"#0059a9"}},{"type":"Feature","geometry":{"type":"LineString","coordinates":[[21.324401,46.182811],[21.324259,46.182898],[21.324089,46.183013],[21.324034,46.183053],[21.323965,46.183088],[21.323912,46.183108],[21.323862,46.18312],[21.323804,46.18313],[21.323796,46.183131],[21.323743,46.183138],[21.323733,46.183139],[21.323667,46.183144],[21.323603,46.183147]]},"properties":{"name":"Calea Iuliu Maniu","lines":"7A, 18A, 19, Ghioroc","arr":["7A","18A","19","Ghioroc"],"roundabout":0,"mode":"bus","color":"#0059a9"}},{"type":"Feature","geometry":{"type":"LineString","coordinates":[[21.324432,46.182425],[21.325322,46.182288]]},"properties":{"name":"Calea Iuliu Maniu","lines":"7A, 13, 18A, 19, Ghioroc","arr":["7A","13","18A","19","Ghioroc"],"roundabout":0,"mode":"bus","color":"#0059a9"}},{"type":"Feature","geometry":{"type":"LineString","coordinates":[[21.324559,46.182719],[21.324504,46.182749],[21.324454,46.182779],[21.324401,46.182811]]},"properties":{"name":"Calea Iuliu Maniu","lines":"7A, 13, 18A, 19, Ghioroc","arr":["7A","13","18A","19","Ghioroc"],"roundabout":0,"mode":"bus","color":"#0059a9"}},{"type":"Feature","geometry":{"type":"LineString","coordinates":[[21.325322,46.182288],[21.326549,46.182103],[21.329603,46.181655],[21.329675,46.181645],[21.329802,46.181627],[21.330232,46.18156],[21.330834,46.181467],[21.331258,46.181403],[21.332426,46.181225],[21.332576,46.181202],[21.333077,46.181125],[21.333988,46.180986],[21.334025,46.180982],[21.334123,46.180964],[21.33425,46.180945],[21.334358,46.18093]]},"properties":{"name":"Calea Iuliu Maniu","lines":"7A, 13, 18A, 19, Ghioroc, Vladimirescu","arr":["7A","13","18A","19","Ghioroc","Vladimirescu"],"roundabout":0,"mode":"bus","color":"#0059a9"}},{"type":"Feature","geometry":{"type":"LineString","coordinates":[[21.334358,46.18093],[21.334649,46.180889],[21.335372,46.180774],[21.336851,46.180535],[21.337656,46.180428],[21.337905,46.180397],[21.338119,46.180387],[21.338433,46.180378],[21.33857,46.180382],[21.338774,46.180395],[21.338926,46.180409],[21.339081,46.180436],[21.339235,46.180461],[21.339494,46.180517],[21.3398,46.180581],[21.340118,46.180638],[21.340312,46.180664]]},"properties":{"name":"Calea Iuliu Maniu","lines":"7A, 13, Ghioroc, Vladimirescu","arr":["7A","13","Ghioroc","Vladimirescu"],"roundabout":0,"mode":"bus","color":"#0059a9"}},{"type":"Feature","geometry":{"type":"LineString","coordinates":[[21.340312,46.180664],[21.340717,46.1807],[21.341029,46.180709],[21.341339,46.180707],[21.341653,46.180694],[21.341999,46.180648],[21.342151,46.180631],[21.342332,46.180601],[21.342495,46.180569],[21.342788,46.18051],[21.343,46.180465],[21.343671,46.180308],[21.344407,46.180137],[21.344641,46.18008],[21.344985,46.179988],[21.345779,46.1798],[21.3469,46.179546],[21.348563,46.179172],[21.348695,46.179143],[21.348774,46.179124],[21.349643,46.178932],[21.350802,46.178675],[21.351551,46.178514],[21.352121,46.178385],[21.352781,46.178235],[21.35283,46.178224],[21.353141,46.178149],[21.354755,46.177795],[21.354865,46.17777],[21.355275,46.177676],[21.355827,46.177564],[21.35829,46.177029],[21.360251,46.1766],[21.360362,46.176577],[21.360445,46.176559]]},"properties":{"name":"Calea Radnei","lines":"7A, 13, Ghioroc, Vladimirescu","arr":["7A","13","Ghioroc","Vladimirescu"],"roundabout":0,"mode":"bus","color":"#0059a9"}},{"type":"Feature","geometry":{"type":"LineString","coordinates":[[21.360445,46.176559],[21.360576,46.17653],[21.360671,46.176509],[21.360729,46.176498],[21.360762,46.176491],[21.365032,46.175555],[21.365151,46.175542],[21.365718,46.175416],[21.365882,46.175384],[21.366291,46.175305],[21.366388,46.175286]]},"properties":{"name":"Calea Radnei","lines":"13, Ghioroc, Vladimirescu","arr":["13","Ghioroc","Vladimirescu"],"roundabout":0,"mode":"bus","color":"#0059a9"}},{"type":"Feature","geometry":{"type":"LineString","coordinates":[[21.360445,46.176559],[21.360419,46.176501],[21.360405,46.176469],[21.360386,46.176425],[21.359863,46.175268],[21.359836,46.175207],[21.359218,46.173839],[21.358532,46.172262],[21.358504,46.1722],[21.358327,46.171798],[21.358298,46.171728],[21.358124,46.171417],[21.357929,46.171002],[21.357908,46.170962]]},"properties":{"name":"Strada Renașterii","lines":"7A","arr":["7A"],"roundabout":0,"mode":"bus","color":"#0059a9"}},{"type":"Feature","geometry":{"type":"LineString","coordinates":[[21.357908,46.170962],[21.357873,46.170922],[21.357838,46.170889],[21.357805,46.170865],[21.357775,46.170849],[21.357738,46.170833],[21.357697,46.170821],[21.357658,46.170812],[21.357591,46.170794],[21.357556,46.170788]]},"properties":{"name":"","lines":"7A","arr":["7A"],"roundabout":0,"mode":"bus","color":"#0059a9"}},{"type":"Feature","geometry":{"type":"LineString","coordinates":[[21.357867,46.170723],[21.357952,46.170709],[21.358124,46.170671],[21.358263,46.170641],[21.362039,46.169834],[21.362853,46.169661],[21.363073,46.169612],[21.363114,46.169603],[21.363386,46.169545],[21.364451,46.169312],[21.365985,46.168995]]},"properties":{"name":"Strada Voinicilor","lines":"48","arr":["48"],"roundabout":0,"mode":"bus","color":"#0059a9"}},{"type":"Feature","geometry":{"type":"LineString","coordinates":[[21.36638,46.168862],[21.366312,46.16889],[21.366219,46.168928],[21.365985,46.168995],[21.366242,46.168964],[21.366426,46.168962]]},"properties":{"name":"Strada Voinicilor","lines":"48","arr":["48"],"roundabout":0,"mode":"bus","color":"#0059a9"}},{"type":"Feature","geometry":{"type":"LineString","coordinates":[[21.36655,46.168637],[21.366569,46.168541],[21.36659,46.168435]]},"properties":{"name":"Strada Voinicilor","lines":"48","arr":["48"],"roundabout":0,"mode":"bus","color":"#0059a9"}},{"type":"Feature","geometry":{"type":"LineString","coordinates":[[21.366403,46.16792],[21.36659,46.168435],[21.366682,46.168518],[21.366749,46.168578],[21.366784,46.16861]]},"properties":{"name":"Strada Voinicilor","lines":"48","arr":["48"],"roundabout":0,"mode":"bus","color":"#0059a9"}},{"type":"Feature","geometry":{"type":"LineString","coordinates":[[21.357867,46.170723],[21.357798,46.170739],[21.357702,46.170759],[21.357556,46.170788]]},"properties":{"name":"Strada Voinicilor","lines":"18A, 48","arr":["18A","48"],"roundabout":0,"mode":"bus","color":"#0059a9"}},{"type":"Feature","geometry":{"type":"LineString","coordinates":[[21.348046,46.172255],[21.348097,46.17225],[21.348141,46.172245],[21.348269,46.172221],[21.348286,46.172209],[21.34832,46.172196],[21.348339,46.172187],[21.348383,46.172174],[21.348418,46.172168],[21.348461,46.172163],[21.348501,46.172162],[21.348541,46.172164],[21.348586,46.17217],[21.348637,46.172183],[21.348668,46.172194],[21.34873,46.172222],[21.348771,46.172245],[21.348883,46.172327],[21.348939,46.172355],[21.348988,46.172369],[21.349043,46.172381],[21.349079,46.172385],[21.349135,46.172388],[21.349706,46.172375],[21.349809,46.17237],[21.3499,46.172362],[21.349991,46.172351],[21.350057,46.17234],[21.350699,46.172203],[21.350846,46.172176],[21.351103,46.172139],[21.351254,46.17212],[21.35143,46.172098]]},"properties":{"name":"Strada Voinicilor","lines":"18A, 48","arr":["18A","48"],"roundabout":0,"mode":"bus","color":"#0059a9"}},{"type":"Feature","geometry":{"type":"LineString","coordinates":[[21.357556,46.170788],[21.35754,46.170791],[21.356009,46.171114],[21.355616,46.171198],[21.355385,46.171247],[21.355347,46.171254],[21.355276,46.171281],[21.355258,46.171288],[21.355205,46.171307],[21.355142,46.171323],[21.354241,46.17152],[21.354134,46.171544],[21.353639,46.171652],[21.353583,46.171664],[21.353322,46.171707],[21.353243,46.171716],[21.353144,46.171726],[21.352814,46.171797],[21.351727,46.172036],[21.35143,46.172098]]},"properties":{"name":"Strada Voinicilor","lines":"7A, 18A, 48","arr":["7A","18A","48"],"roundabout":0,"mode":"bus","color":"#0059a9"}},{"type":"Feature","geometry":{"type":"LineString","coordinates":[[21.35143,46.172098],[21.351273,46.172148],[21.351176,46.172181],[21.351033,46.172226],[21.350747,46.172312],[21.350711,46.172323],[21.350251,46.172432],[21.350059,46.17247],[21.349877,46.172501],[21.349725,46.172519],[21.349548,46.172533],[21.349296,46.172541],[21.349083,46.172548],[21.349004,46.172552],[21.348948,46.172566],[21.348896,46.172583]]},"properties":{"name":"Strada Voinicilor","lines":"7A, 48","arr":["7A","48"],"roundabout":0,"mode":"bus","color":"#0059a9"}},{"type":"Feature","geometry":{"type":"LineString","coordinates":[[21.348896,46.172583],[21.348891,46.172732],[21.34888,46.172854],[21.348863,46.172972],[21.348801,46.173222],[21.348758,46.173395],[21.348634,46.17383],[21.348575,46.174],[21.348506,46.174141],[21.348132,46.174773],[21.348051,46.174895],[21.34797,46.175018],[21.347889,46.175125],[21.347761,46.175267],[21.34756,46.175465]]},"properties":{"name":"Bulevardul Nicolae Titulescu","lines":"7A, 19, 48","arr":["7A","19","48"],"roundabout":0,"mode":"bus","color":"#0059a9"}},{"type":"Feature","geometry":{"type":"LineString","coordinates":[[21.34756,46.175465],[21.347401,46.175604],[21.347004,46.175978],[21.346769,46.176187],[21.34655,46.176358],[21.346426,46.176442],[21.346173,46.176595],[21.345746,46.176822],[21.345687,46.176852],[21.345555,46.176917],[21.345218,46.177093],[21.344662,46.177363],[21.34391,46.1777],[21.342671,46.17827],[21.341184,46.17899],[21.340529,46.179299],[21.34051,46.179307],[21.340482,46.17932],[21.340407,46.179354],[21.34035,46.17938],[21.340249,46.179425],[21.339336,46.179851],[21.338988,46.180022],[21.338516,46.180268],[21.337993,46.180576],[21.337878,46.180638],[21.337774,46.180688],[21.337658,46.180743],[21.337527,46.180799],[21.33739,46.180849],[21.337208,46.180907],[21.337043,46.180949],[21.33688,46.180978],[21.336719,46.181006],[21.336493,46.181033],[21.336358,46.181048],[21.33622,46.181056],[21.336059,46.181062],[21.335836,46.181059],[21.335108,46.181038],[21.335038,46.181036],[21.334917,46.181033],[21.334695,46.18104],[21.334391,46.181051]]},"properties":{"name":"Bulevardul Nicolae Titulescu","lines":"7A, 19","arr":["7A","19"],"roundabout":0,"mode":"bus","color":"#0059a9"}},{"type":"Feature","geometry":{"type":"LineString","coordinates":[[21.334391,46.181051],[21.334676,46.181006],[21.33538,46.180888],[21.336897,46.18066],[21.337661,46.180546],[21.338043,46.180511],[21.3383,46.180505],[21.338516,46.180513],[21.338671,46.180525],[21.338815,46.180538],[21.338994,46.180559],[21.339115,46.180579],[21.33931,46.180614],[21.339716,46.180702],[21.34012,46.180766],[21.340301,46.180788]]},"properties":{"name":"Calea Iuliu Maniu","lines":"18A, Ghioroc, Vladimirescu","arr":["18A","Ghioroc","Vladimirescu"],"roundabout":0,"mode":"bus","color":"#0059a9"}},{"type":"Feature","geometry":{"type":"LineString","coordinates":[[21.334391,46.181051],[21.334059,46.181105],[21.333682,46.181165],[21.331511,46.18149],[21.329851,46.181738],[21.329738,46.181758],[21.329705,46.181763],[21.325659,46.182344],[21.325485,46.182374],[21.325331,46.182408],[21.325222,46.182434],[21.325076,46.182482]]},"properties":{"name":"Calea Iuliu Maniu","lines":"7A, 18A, 19, Ghioroc, Vladimirescu","arr":["7A","18A","19","Ghioroc","Vladimirescu"],"roundabout":0,"mode":"bus","color":"#0059a9"}},{"type":"Feature","geometry":{"type":"LineString","coordinates":[[21.323603,46.183147],[21.323424,46.182953],[21.323328,46.182849]]},"properties":{"name":"Bulevardul Revoluției","lines":"7A, 18A, 31, 39b, 52, Ghioroc","arr":["7A","18A","31","39b","52","Ghioroc"],"roundabout":0,"mode":"bus","color":"#0059a9"}},{"type":"Feature","geometry":{"type":"LineString","coordinates":[[21.323328,46.182849],[21.323383,46.18273],[21.323396,46.182705],[21.323421,46.182671],[21.323436,46.182656],[21.323455,46.182639],[21.323471,46.182629],[21.323504,46.182609],[21.323544,46.182592],[21.323601,46.182571],[21.323712,46.182545],[21.323902,46.182504]]},"properties":{"name":"Calea Iuliu Maniu","lines":"7A, 18A, 19, 21, 31, 39b, 52, 54, Ghioroc","arr":["7A","18A","19","21","31","39b","52","54","Ghioroc"],"roundabout":0,"mode":"bus","color":"#0059a9"}},{"type":"Feature","geometry":{"type":"LineString","coordinates":[[21.366412,46.175343],[21.366388,46.175286]]},"properties":{"name":"Strada Șiriei","lines":"13, Ghioroc, Vladimirescu","arr":["13","Ghioroc","Vladimirescu"],"roundabout":0,"mode":"bus","color":"#0059a9"}},{"type":"Feature","geometry":{"type":"LineString","coordinates":[[21.366412,46.175343],[21.366426,46.17537],[21.366444,46.175404],[21.36648,46.175464],[21.366497,46.175486],[21.366626,46.175575],[21.367063,46.175814],[21.367677,46.17617],[21.368148,46.176444],[21.368836,46.17683],[21.369822,46.177372],[21.369973,46.177455],[21.371157,46.178108],[21.371347,46.178213],[21.371594,46.178348],[21.371723,46.178452],[21.371941,46.17861],[21.37207,46.17874],[21.372136,46.178795],[21.372176,46.178825],[21.372231,46.178858],[21.372287,46.178884],[21.372388,46.178913],[21.37247,46.178927],[21.372591,46.178948],[21.372633,46.17896],[21.372679,46.178978],[21.372704,46.178991],[21.372743,46.179011],[21.372817,46.179053],[21.373008,46.179164],[21.373107,46.179221],[21.373852,46.179651],[21.374162,46.17983],[21.374237,46.179868],[21.374544,46.180023],[21.374662,46.180083],[21.37472,46.180105],[21.37477,46.18012],[21.374852,46.180138],[21.375072,46.180167],[21.375536,46.180241]]},"properties":{"name":"Strada Șiriei","lines":"13","arr":["13"],"roundabout":0,"mode":"bus","color":"#0059a9"}},{"type":"Feature","geometry":{"type":"LineString","coordinates":[[21.375836,46.180513],[21.375837,46.180584],[21.375839,46.180634],[21.375849,46.180689],[21.375858,46.18077],[21.376184,46.180958],[21.376632,46.181197],[21.37745,46.181675],[21.379063,46.182565],[21.38176,46.183906],[21.382869,46.184457],[21.38378,46.184903],[21.385781,46.185878],[21.386207,46.186086],[21.387342,46.186694],[21.388495,46.187292],[21.391821,46.18907],[21.392175,46.189247],[21.392403,46.189348],[21.392576,46.189422],[21.392796,46.189505],[21.392928,46.189551]]},"properties":{"name":"DJ709","lines":"13","arr":["13"],"roundabout":0,"mode":"bus","color":"#0059a9"}},{"type":"Feature","geometry":{"type":"LineString","coordinates":[[21.429858,46.198932],[21.429946,46.198961],[21.430311,46.19908],[21.430572,46.199159],[21.431883,46.199466],[21.433806,46.199984],[21.435439,46.200396],[21.437716,46.200917],[21.438119,46.201009],[21.439419,46.201232],[21.439856,46.201308],[21.441702,46.201625],[21.444006,46.202021],[21.445714,46.202321],[21.446455,46.202452],[21.446953,46.202564],[21.447312,46.202659],[21.447992,46.202856],[21.448424,46.203002],[21.448481,46.203027],[21.448761,46.20315],[21.450875,46.204345]]},"properties":{"name":"DJ709","lines":"13","arr":["13"],"roundabout":0,"mode":"bus","color":"#0059a9"}},{"type":"Feature","geometry":{"type":"LineString","coordinates":[[21.392928,46.189551],[21.393182,46.189613],[21.399854,46.191128],[21.404314,46.192113],[21.407169,46.192744],[21.40884,46.193089],[21.409918,46.193314],[21.412697,46.193939],[21.41627,46.194771],[21.417141,46.194996],[21.418016,46.195248],[21.421501,46.196311],[21.422004,46.196464],[21.428546,46.198523],[21.429858,46.198932]]},"properties":{"name":"DJ709;DJ682C","lines":"13","arr":["13"],"roundabout":0,"mode":"bus","color":"#0059a9"}},{"type":"Feature","geometry":{"type":"LineString","coordinates":[[21.450875,46.204345],[21.451606,46.204758],[21.452233,46.205128],[21.452611,46.205347],[21.452966,46.20552],[21.453124,46.205587],[21.453371,46.205689],[21.453607,46.205776],[21.454292,46.206008],[21.454646,46.206117],[21.456375,46.206681],[21.457977,46.207172],[21.459621,46.207662],[21.461195,46.208142],[21.462874,46.208638]]},"properties":{"name":"Strada Ferdinand I","lines":"13","arr":["13"],"roundabout":0,"mode":"bus","color":"#0059a9"}},{"type":"Feature","geometry":{"type":"LineString","coordinates":[[21.324401,46.182811],[21.324547,46.182916],[21.324712,46.183048]]},"properties":{"name":"Piața Academician Caius Iacob","lines":"13, 21, 31, 39b, 52, 54","arr":["13","21","31","39b","52","54"],"roundabout":0,"mode":"bus","color":"#0059a9"}},{"type":"Feature","geometry":{"type":"LineString","coordinates":[[21.324776,46.1831],[21.325527,46.183705],[21.325541,46.183716],[21.325643,46.183807],[21.325691,46.183844]]},"properties":{"name":"Piața Academician Caius Iacob","lines":"21, 31, 39b, 52, 54","arr":["21","31","39b","52","54"],"roundabout":0,"mode":"bus","color":"#0059a9"}},{"type":"Feature","geometry":{"type":"LineString","coordinates":[[21.324035,46.182586],[21.324044,46.182591],[21.324067,46.182606],[21.324305,46.182752],[21.324401,46.182811]]},"properties":{"name":"Piața Academician Caius Iacob","lines":"21, 31, 39b, 52, 54","arr":["21","31","39b","52","54"],"roundabout":0,"mode":"bus","color":"#0059a9"}},{"type":"Feature","geometry":{"type":"LineString","coordinates":[[21.324712,46.183048],[21.324775,46.183065],[21.324813,46.183071]]},"properties":{"name":"","lines":"13","arr":["13"],"roundabout":0,"mode":"bus","color":"#0059a9"}},{"type":"Feature","geometry":{"type":"LineString","coordinates":[[21.334358,46.18093],[21.335201,46.180647],[21.335655,46.180508],[21.336029,46.180411],[21.336492,46.18034],[21.337263,46.18023],[21.337844,46.180147],[21.338128,46.180099],[21.338341,46.180056],[21.338542,46.180003],[21.338743,46.179923],[21.338973,46.179823],[21.339292,46.179677],[21.340105,46.179299],[21.340194,46.179257],[21.340319,46.179197],[21.340398,46.179162],[21.341601,46.178602],[21.342204,46.178337],[21.342825,46.17805],[21.343287,46.177838],[21.345087,46.17696],[21.345355,46.176822],[21.345535,46.176724],[21.345597,46.17669],[21.346012,46.176463],[21.346342,46.176279],[21.346478,46.1762],[21.34663,46.176091],[21.34685,46.175901],[21.347248,46.17553],[21.347338,46.175444]]},"properties":{"name":"Bulevardul Nicolae Titulescu","lines":"18A, 19","arr":["18A","19"],"roundabout":0,"mode":"bus","color":"#0059a9"}},{"type":"Feature","geometry":{"type":"LineString","coordinates":[[21.347338,46.175444],[21.347422,46.175369],[21.347633,46.175167],[21.34773,46.175064],[21.347827,46.174928],[21.347875,46.174854],[21.348008,46.174636],[21.348077,46.174498],[21.348107,46.174427],[21.348131,46.174358],[21.348146,46.174282],[21.348152,46.174202],[21.348144,46.173694],[21.348102,46.172797],[21.348101,46.17278],[21.348097,46.172621],[21.348087,46.172506],[21.348083,46.172458],[21.348046,46.172255]]},"properties":{"name":"Bulevardul Nicolae Titulescu","lines":"18A, 19, 48","arr":["18A","19","48"],"roundabout":0,"mode":"bus","color":"#0059a9"}},{"type":"Feature","geometry":{"type":"LineString","coordinates":[[21.357867,46.170723],[21.357961,46.170766],[21.358068,46.170911],[21.358102,46.170966],[21.35829,46.171356],[21.358377,46.171592],[21.35846,46.171769],[21.358631,46.172164],[21.358663,46.172231],[21.359346,46.173813],[21.359968,46.175178],[21.359996,46.17524],[21.360007,46.175265],[21.360523,46.176412],[21.360536,46.176441],[21.36055,46.176473],[21.360576,46.17653],[21.360595,46.176581],[21.360606,46.176609],[21.360624,46.176655]]},"properties":{"name":"Strada Renașterii","lines":"18A","arr":["18A"],"roundabout":0,"mode":"bus","color":"#0059a9"}},{"type":"Feature","geometry":{"type":"LineString","coordinates":[[21.360624,46.176655],[21.360587,46.176773],[21.360501,46.176683]]},"properties":{"name":"Strada Prutului","lines":"18A","arr":["18A"],"roundabout":0,"mode":"bus","color":"#0059a9"}},{"type":"Feature","geometry":{"type":"LineString","coordinates":[[21.360501,46.176683],[21.360624,46.176655],[21.360786,46.17662],[21.365772,46.175536],[21.365932,46.175489],[21.366076,46.175444],[21.366247,46.175391],[21.366412,46.175343]]},"properties":{"name":"Calea Radnei","lines":"Ghioroc, Vladimirescu","arr":["Ghioroc","Vladimirescu"],"roundabout":0,"mode":"bus","color":"#0059a9"}},{"type":"Feature","geometry":{"type":"LineString","coordinates":[[21.378588,46.17247],[21.377829,46.172788],[21.377587,46.172874],[21.377275,46.172975],[21.377028,46.173047],[21.376841,46.173096],[21.376622,46.173149],[21.37632,46.173216],[21.37592,46.173302],[21.375471,46.173397],[21.375009,46.173494],[21.374636,46.173569],[21.374263,46.173625],[21.374158,46.173641],[21.374042,46.17366]]},"properties":{"name":"Calea Radnei","lines":"Ghioroc, Vladimirescu","arr":["Ghioroc","Vladimirescu"],"roundabout":0,"mode":"bus","color":"#0059a9"}},{"type":"Feature","geometry":{"type":"LineString","coordinates":[[21.372752,46.173887],[21.372876,46.173808],[21.372914,46.17379],[21.37299,46.173771],[21.37306,46.173763],[21.373517,46.173757],[21.373701,46.173745],[21.373786,46.173738],[21.373901,46.173722],[21.374042,46.17366],[21.373852,46.17365],[21.373527,46.173666],[21.373087,46.173672],[21.372959,46.17366],[21.372779,46.173614]]},"properties":{"name":"Calea Radnei","lines":"Ghioroc, Vladimirescu","arr":["Ghioroc","Vladimirescu"],"roundabout":0,"mode":"bus","color":"#0059a9"}},{"type":"Feature","geometry":{"type":"LineString","coordinates":[[21.372207,46.173988],[21.372096,46.174022],[21.371989,46.174068],[21.371889,46.174113],[21.371764,46.17416],[21.371687,46.174177],[21.371602,46.174195],[21.371465,46.174215],[21.371139,46.17426]]},"properties":{"name":"Calea Radnei","lines":"Ghioroc, Vladimirescu","arr":["Ghioroc","Vladimirescu"],"roundabout":0,"mode":"bus","color":"#0059a9"}},{"type":"Feature","geometry":{"type":"LineString","coordinates":[[21.366388,46.175286],[21.366944,46.175178],[21.367165,46.175143],[21.367965,46.174973],[21.368555,46.174849],[21.368797,46.174796],[21.36959,46.174606],[21.370467,46.174395],[21.371139,46.17426],[21.371461,46.174161],[21.37163,46.174104],[21.371725,46.17406],[21.371815,46.174008],[21.371888,46.173953],[21.371949,46.173896],[21.371977,46.173852],[21.371995,46.173795]]},"properties":{"name":"Calea Radnei","lines":"Ghioroc, Vladimirescu","arr":["Ghioroc","Vladimirescu"],"roundabout":0,"mode":"bus","color":"#0059a9"}},{"type":"Feature","geometry":{"type":"LineString","coordinates":[[21.360501,46.176683],[21.358337,46.177161],[21.355899,46.177693],[21.355074,46.177866],[21.354948,46.177892],[21.353861,46.17814],[21.35296,46.178321],[21.352886,46.178336],[21.351852,46.178564],[21.350787,46.178803],[21.349785,46.179031],[21.34922,46.179159],[21.348838,46.179246],[21.348749,46.179265],[21.348623,46.17929],[21.347554,46.179536],[21.347095,46.179643],[21.346743,46.179729],[21.345942,46.17992],[21.345671,46.179983],[21.345484,46.180032],[21.345081,46.180125],[21.344959,46.180153],[21.344709,46.180213],[21.344482,46.180271],[21.343695,46.180439],[21.343222,46.180539],[21.342343,46.180722],[21.342041,46.180767],[21.341769,46.180799],[21.34163,46.180808],[21.341419,46.180818],[21.341277,46.180826],[21.341166,46.180827],[21.340974,46.180827],[21.340816,46.18082],[21.340675,46.180814],[21.340509,46.180805],[21.340301,46.180788]]},"properties":{"name":"Calea Radnei","lines":"18A, Ghioroc, Vladimirescu","arr":["18A","Ghioroc","Vladimirescu"],"roundabout":0,"mode":"bus","color":"#0059a9"}},{"type":"Feature","geometry":{"type":"LineString","coordinates":[[21.309108,46.191806],[21.309483,46.191778],[21.309845,46.191742],[21.310011,46.191723],[21.310116,46.191711],[21.310416,46.191665]]},"properties":{"name":"Calea Aurel Vlaicu","lines":"19, 46, 49b, 60","arr":["19","46","49b","60"],"roundabout":0,"mode":"bus","color":"#0059a9","nolabel":1}},{"type":"Feature","geometry":{"type":"LineString","coordinates":[[21.310941,46.19176],[21.310694,46.191813],[21.310203,46.191918],[21.309683,46.19203]]},"properties":{"name":"Calea Aurel Vlaicu","lines":"19, 46, 49b, 60","arr":["19","46","49b","60"],"roundabout":0,"mode":"bus","color":"#0059a9","nolabel":1}},{"type":"Feature","geometry":{"type":"LineString","coordinates":[[21.310416,46.191665],[21.310396,46.191611],[21.310391,46.191577],[21.310394,46.19152],[21.310413,46.191489],[21.310532,46.191256],[21.310564,46.191186],[21.310568,46.19114],[21.310571,46.191066],[21.310565,46.190957],[21.310563,46.19087],[21.310555,46.190739],[21.310546,46.190643],[21.310551,46.190516]]},"properties":{"name":"Calea Victoriei","lines":"19, 46, 49b, 60","arr":["19","46","49b","60"],"roundabout":0,"mode":"bus","color":"#0059a9"}},{"type":"Feature","geometry":{"type":"LineString","coordinates":[[21.309953,46.182316],[21.309866,46.182529],[21.309846,46.182587],[21.309782,46.1828],[21.309766,46.182915],[21.309765,46.183033]]},"properties":{"name":"Calea Victoriei","lines":"19, 46, 49b, 60","arr":["19","46","49b","60"],"roundabout":0,"mode":"bus","color":"#0059a9"}},{"type":"Feature","geometry":{"type":"LineString","coordinates":[[21.31038,46.18255],[21.310153,46.182671],[21.310067,46.182721],[21.309976,46.182796],[21.309909,46.182857],[21.30988,46.182893],[21.309844,46.182944],[21.309765,46.183033],[21.309588,46.183549],[21.309573,46.183602],[21.309567,46.183621],[21.309544,46.183714],[21.309526,46.1838],[21.30952,46.183884],[21.30953,46.183997],[21.309542,46.184104],[21.309589,46.184376],[21.309591,46.18439],[21.309626,46.184602],[21.309699,46.1851],[21.309781,46.185625],[21.309976,46.186874],[21.310215,46.188331],[21.310224,46.18842],[21.310229,46.188448],[21.310292,46.188865],[21.310396,46.189478],[21.31051,46.190282],[21.310551,46.190516],[21.310585,46.190592],[21.310613,46.190653],[21.310648,46.190745],[21.310712,46.190926],[21.310751,46.191021],[21.310815,46.191155],[21.310988,46.19138],[21.311023,46.19142],[21.311057,46.191485],[21.311073,46.191535],[21.311072,46.191563],[21.311062,46.191602],[21.311056,46.191621],[21.311042,46.191646],[21.311032,46.19166],[21.311019,46.191678],[21.310991,46.191712],[21.310941,46.19176]]},"properties":{"name":"Calea Victoriei","lines":"19, 46, 49b, 60","arr":["19","46","49b","60"],"roundabout":0,"mode":"bus","color":"#0059a9"}},{"type":"Feature","geometry":{"type":"LineString","coordinates":[[21.310581,46.182122],[21.310641,46.182155],[21.3107,46.182198],[21.310744,46.182246],[21.310797,46.182318],[21.310834,46.182364],[21.310863,46.182401],[21.311013,46.182524],[21.311061,46.182553],[21.311134,46.182589],[21.311249,46.182631]]},"properties":{"name":"Strada Banu Mărăcine","lines":"19, 21, 54","arr":["19","21","54"],"roundabout":0,"mode":"bus","color":"#0059a9"}},{"type":"Feature","geometry":{"type":"LineString","coordinates":[[21.315874,46.185075],[21.31576,46.185029],[21.315635,46.184952],[21.315352,46.184739],[21.315288,46.184687],[21.314998,46.184439],[21.314639,46.184158],[21.314231,46.183864],[21.314107,46.183776],[21.31397,46.18366],[21.313604,46.183453],[21.313492,46.183391],[21.313202,46.18323],[21.312872,46.183053],[21.312722,46.182986],[21.312434,46.182871],[21.312371,46.182846],[21.312244,46.182805],[21.312123,46.182772],[21.311949,46.182742],[21.311618,46.182687],[21.311249,46.182631],[21.311156,46.182638],[21.31107,46.182641],[21.310937,46.182632],[21.31074,46.18261],[21.310694,46.182603],[21.310658,46.182597],[21.31058,46.182585],[21.310404,46.182546]]},"properties":{"name":"Strada Banu Mărăcine","lines":"19, 21, 54","arr":["19","21","54"],"roundabout":0,"mode":"bus","color":"#0059a9"}},{"type":"Feature","geometry":{"type":"LineString","coordinates":[[21.315874,46.185075],[21.316056,46.185123],[21.316145,46.185136],[21.316229,46.185145],[21.316373,46.185147],[21.316505,46.185168],[21.316652,46.185179],[21.316788,46.185181],[21.316939,46.185177],[21.317078,46.185159],[21.317246,46.185126],[21.317669,46.184995],[21.318166,46.18483],[21.318315,46.184779],[21.319368,46.184389],[21.319425,46.184368],[21.31953,46.184331],[21.319719,46.18426],[21.319768,46.184242],[21.320605,46.18393],[21.320651,46.183913],[21.321071,46.183754],[21.321758,46.183501],[21.322536,46.183216],[21.322637,46.183166],[21.322717,46.183128],[21.323183,46.18295],[21.323239,46.182929],[21.323271,46.182912],[21.323304,46.182884],[21.323328,46.182849]]},"properties":{"name":"Strada Corneliu Coposu","lines":"19, 21, 54","arr":["19","21","54"],"roundabout":0,"mode":"bus","color":"#0059a9"}},{"type":"Feature","geometry":{"type":"LineString","coordinates":[[21.348046,46.172255],[21.348038,46.172096],[21.347987,46.171464],[21.347974,46.171313],[21.347972,46.171246],[21.347967,46.17117],[21.347962,46.171092],[21.347948,46.17097],[21.347929,46.170884],[21.347897,46.170788],[21.347839,46.170669],[21.347764,46.170543],[21.347649,46.170388],[21.347603,46.170326],[21.34749,46.17019],[21.347422,46.170109],[21.347362,46.170049],[21.347046,46.169765],[21.346889,46.169637],[21.346569,46.169358],[21.346138,46.169001],[21.345831,46.168735],[21.345738,46.168662],[21.345645,46.168594],[21.345557,46.168529],[21.34547,46.168473],[21.345372,46.168409],[21.345024,46.168213],[21.344618,46.168014],[21.344475,46.167959],[21.344057,46.16781],[21.343763,46.167726],[21.343466,46.16764],[21.343164,46.167566],[21.342517,46.167418],[21.339958,46.166832],[21.339693,46.166773],[21.338186,46.16642],[21.337697,46.166308],[21.337268,46.166211],[21.33687,46.166139],[21.33653,46.166088],[21.336026,46.166023],[21.335555,46.165989],[21.335099,46.165965],[21.334727,46.165961],[21.334289,46.165965],[21.33324,46.165971],[21.332486,46.165979],[21.331308,46.165993],[21.33044,46.166005],[21.330362,46.166009],[21.330192,46.166004]]},"properties":{"name":"Bulevardul Nicolae Titulescu","lines":"19","arr":["19"],"roundabout":0,"mode":"bus","color":"#0059a9"}},{"type":"Feature","geometry":{"type":"LineString","coordinates":[[21.34706,46.169536],[21.347404,46.169866],[21.348124,46.170607],[21.348206,46.170699],[21.348247,46.17075],[21.348289,46.17081],[21.348344,46.170902],[21.348442,46.171088],[21.348486,46.171184],[21.348534,46.171299],[21.348551,46.171337],[21.348827,46.172086],[21.348841,46.172124],[21.348864,46.172192],[21.348883,46.172327],[21.348892,46.172426],[21.348893,46.172434],[21.348894,46.172467],[21.348894,46.1725],[21.348894,46.172509],[21.348896,46.172583]]},"properties":{"name":"Bulevardul Nicolae Titulescu","lines":"19","arr":["19"],"roundabout":0,"mode":"bus","color":"#0059a9"}},{"type":"Feature","geometry":{"type":"LineString","coordinates":[[21.329811,46.165887],[21.329829,46.165803],[21.329851,46.165749],[21.329874,46.165705],[21.329914,46.165628],[21.329984,46.165518],[21.330092,46.165379]]},"properties":{"name":"Strada Cetății","lines":"19","arr":["19"],"roundabout":0,"mode":"bus","color":"#0059a9"}},{"type":"Feature","geometry":{"type":"LineString","coordinates":[[21.326285,46.156356],[21.326431,46.1564],[21.326657,46.156468],[21.326834,46.156545],[21.32696,46.156623],[21.327038,46.156678],[21.327164,46.156847],[21.328008,46.158217],[21.328376,46.158801],[21.328732,46.159372],[21.328924,46.159676],[21.328978,46.159765],[21.329183,46.160098],[21.329199,46.160125],[21.329269,46.160238],[21.329377,46.160398],[21.329547,46.160679],[21.330477,46.162125],[21.330998,46.162972],[21.331097,46.16323],[21.331119,46.163321],[21.331113,46.163483],[21.331076,46.163665],[21.33097,46.163897],[21.330672,46.164415],[21.330092,46.165379],[21.330042,46.165527],[21.330026,46.165611],[21.330027,46.165677],[21.330032,46.165697],[21.330045,46.165743],[21.33008,46.165818]]},"properties":{"name":"Strada Cetății","lines":"19","arr":["19"],"roundabout":0,"mode":"bus","color":"#0059a9"}},{"type":"Feature","geometry":{"type":"LineString","coordinates":[[21.326285,46.156356],[21.326137,46.156353],[21.326042,46.156357],[21.325979,46.156373],[21.325922,46.15641],[21.325817,46.156523],[21.325771,46.156571],[21.325693,46.156625],[21.325688,46.156627],[21.325584,46.156669],[21.325501,46.156684],[21.325399,46.156684],[21.324152,46.156521],[21.323156,46.156428],[21.322047,46.156394],[21.322017,46.156394],[21.321984,46.156394],[21.321906,46.156393]]},"properties":{"name":"Strada Ana Ipătescu","lines":"19","arr":["19"],"roundabout":0,"mode":"bus","color":"#0059a9"}},{"type":"Feature","geometry":{"type":"LineString","coordinates":[[21.321906,46.156393],[21.32182,46.156392],[21.32177,46.156392],[21.321706,46.156392]]},"properties":{"name":"Strada Ana Ipătescu","lines":"19, 49","arr":["19","49"],"roundabout":0,"mode":"bus","color":"#0059a9"}},{"type":"Feature","geometry":{"type":"LineString","coordinates":[[21.321706,46.156392],[21.321707,46.15627],[21.321712,46.155911],[21.321756,46.154688],[21.321767,46.154228],[21.321769,46.154121],[21.321772,46.153862],[21.321776,46.153529],[21.321775,46.153215],[21.321776,46.152859],[21.321757,46.152346],[21.321755,46.152315],[21.321753,46.152235],[21.32156,46.150351],[21.32155,46.150267],[21.321325,46.14835],[21.321235,46.147354],[21.321216,46.147011],[21.321207,46.146865],[21.321203,46.146594],[21.321206,46.146397],[21.321216,46.146219]]},"properties":{"name":"Calea Timișorii","lines":"19, 49","arr":["19","49"],"roundabout":0,"mode":"bus","color":"#0059a9","nolabel":1}},{"type":"Feature","geometry":{"type":"LineString","coordinates":[[21.321498,46.146087],[21.321584,46.146118],[21.321643,46.146133],[21.321749,46.146153],[21.321794,46.146154],[21.32188,46.146148],[21.321997,46.146147],[21.322853,46.145981],[21.323092,46.145939],[21.324162,46.145751],[21.325259,46.145562],[21.326361,46.145372],[21.327701,46.145135],[21.328933,46.144911],[21.331857,46.144363],[21.332185,46.144305],[21.332364,46.144276],[21.332521,46.144253],[21.332644,46.14424],[21.332775,46.14423],[21.332999,46.144221],[21.333518,46.14423],[21.333586,46.144234],[21.333627,46.144239],[21.333713,46.144262],[21.333767,46.144281],[21.33383,46.144311],[21.333911,46.144358],[21.333968,46.144399],[21.334025,46.144449],[21.334064,46.144493],[21.334104,46.144543],[21.334154,46.144622],[21.334395,46.145071],[21.334413,46.145109],[21.33466,46.145663]]},"properties":{"name":"Strada Ștefan cel Mare","lines":"19, 49b","arr":["19","49b"],"roundabout":0,"mode":"bus","color":"#0059a9","nolabel":1}},{"type":"Feature","geometry":{"type":"LineString","coordinates":[[21.33466,46.145663],[21.334787,46.146016],[21.334848,46.146288],[21.33493,46.146872],[21.335115,46.147741],[21.335198,46.148084],[21.335261,46.148315],[21.335342,46.148617],[21.335353,46.148663],[21.335502,46.14929]]},"properties":{"name":"Strada Ștefan cel Mare","lines":"19","arr":["19"],"roundabout":0,"mode":"bus","color":"#0059a9"}},{"type":"Feature","geometry":{"type":"LineString","coordinates":[[21.335716,46.149647],[21.335661,46.149575],[21.335591,46.14947],[21.335502,46.14929],[21.335505,46.149473],[21.335503,46.149581],[21.335498,46.149685]]},"properties":{"name":"Strada Ștefan cel Mare","lines":"19","arr":["19"],"roundabout":0,"mode":"bus","color":"#0059a9"}},{"type":"Feature","geometry":{"type":"LineString","coordinates":[[21.33578,46.149671],[21.33593,46.149685],[21.336075,46.149687],[21.336282,46.149679]]},"properties":{"name":"Strada Nikolaus Lenau","lines":"19","arr":["19"],"roundabout":0,"mode":"bus","color":"#0059a9"}},{"type":"Feature","geometry":{"type":"LineString","coordinates":[[21.338897,46.145035],[21.338854,46.145086],[21.338836,46.14513],[21.338829,46.145173],[21.338843,46.145261],[21.338868,46.145346],[21.339279,46.14642],[21.339283,46.14643],[21.339395,46.146688],[21.339423,46.146741],[21.339457,46.146784],[21.339509,46.146847],[21.339632,46.147007],[21.339671,46.147073],[21.339706,46.147155],[21.339724,46.14722],[21.339738,46.147328],[21.339737,46.147418],[21.339733,46.147476],[21.33972,46.147528],[21.3397,46.147578],[21.339664,46.147647],[21.339498,46.147879],[21.339352,46.148081],[21.339141,46.148379],[21.339053,46.148506],[21.338943,46.148653],[21.338821,46.148819],[21.338676,46.148979],[21.338554,46.149088],[21.338418,46.14918],[21.338279,46.149252],[21.338138,46.149309],[21.337874,46.149395],[21.337604,46.149458],[21.33681,46.149593],[21.336282,46.149679],[21.336058,46.149741],[21.335952,46.149775],[21.335849,46.149829]]},"properties":{"name":"Strada Nikolaus Lenau","lines":"19","arr":["19"],"roundabout":0,"mode":"bus","color":"#0059a9"}},{"type":"Feature","geometry":{"type":"LineString","coordinates":[[21.338897,46.145035],[21.338968,46.144978],[21.339089,46.144896],[21.339214,46.144809],[21.339325,46.144721],[21.339378,46.144654],[21.33941,46.14461],[21.339434,46.144555],[21.339438,46.144488],[21.339009,46.143346],[21.338878,46.142985],[21.338626,46.142315],[21.338463,46.141871],[21.3384,46.141704]]},"properties":{"name":"Strada Flacăra","lines":"19","arr":["19"],"roundabout":0,"mode":"bus","color":"#0059a9"}},{"type":"Feature","geometry":{"type":"LineString","coordinates":[[21.338301,46.141495],[21.3384,46.141704],[21.338413,46.141616],[21.338429,46.141562],[21.338465,46.141505]]},"properties":{"name":"Strada Flacăra","lines":"19","arr":["19"],"roundabout":0,"mode":"bus","color":"#0059a9"}},{"type":"Feature","geometry":{"type":"LineString","coordinates":[[21.338424,46.141373],[21.338567,46.141377],[21.338933,46.141392],[21.339149,46.141413]]},"properties":{"name":"Strada Steagului","lines":"19","arr":["19"],"roundabout":0,"mode":"bus","color":"#0059a9"}},{"type":"Feature","geometry":{"type":"LineString","coordinates":[[21.352681,46.135521],[21.350877,46.136403],[21.347667,46.137972],[21.346527,46.13853],[21.345762,46.138896],[21.345518,46.139028],[21.344912,46.139331],[21.344122,46.139741],[21.342966,46.140314],[21.342775,46.140396],[21.342573,46.140476],[21.342189,46.140602],[21.3417,46.140757],[21.341665,46.140768],[21.340665,46.141077],[21.340124,46.141248],[21.339856,46.141328],[21.339702,46.141366],[21.339526,46.141398],[21.33934,46.14141],[21.339149,46.141413],[21.338928,46.141434],[21.338681,46.141451],[21.338597,46.141458],[21.338559,46.141466],[21.338489,46.141484]]},"properties":{"name":"Strada Steagului","lines":"19","arr":["19"],"roundabout":0,"mode":"bus","color":"#0059a9"}},{"type":"Feature","geometry":{"type":"LineString","coordinates":[[21.352681,46.135521],[21.352663,46.135406],[21.352386,46.133592],[21.352101,46.131757]]},"properties":{"name":"Strada Vântului","lines":"19","arr":["19"],"roundabout":0,"mode":"bus","color":"#0059a9"}},{"type":"Feature","geometry":{"type":"LineString","coordinates":[[21.328933,46.144911],[21.328941,46.145032],[21.329068,46.147211]]},"properties":{"name":"Strada Adam M. Guttenbrunn","lines":"19","arr":["19"],"roundabout":0,"mode":"bus","color":"#0059a9"}},{"type":"Feature","geometry":{"type":"LineString","coordinates":[[21.326037,46.156101],[21.325999,46.156172],[21.325971,46.156233],[21.325922,46.15641]]},"properties":{"name":"Strada Adam M. Guttenbrunn","lines":"19","arr":["19"],"roundabout":0,"mode":"bus","color":"#0059a9"}},{"type":"Feature","geometry":{"type":"LineString","coordinates":[[21.329068,46.147211],[21.329074,46.147473],[21.329048,46.147716],[21.32891,46.148123],[21.328819,46.148328],[21.328506,46.149041],[21.328349,46.149402],[21.328158,46.149952],[21.327916,46.150689],[21.327703,46.151313],[21.327474,46.152009],[21.327357,46.152332],[21.327114,46.152992],[21.326883,46.153614],[21.326642,46.154309],[21.326119,46.155836],[21.326037,46.156101]]},"properties":{"name":"Strada Adam Müller-Guttenbrunn","lines":"19","arr":["19"],"roundabout":0,"mode":"bus","color":"#0059a9"}},{"type":"Feature","geometry":{"type":"LineString","coordinates":[[21.346889,46.169637],[21.34706,46.169536]]},"properties":{"name":"","lines":"19","arr":["19"],"roundabout":0,"mode":"bus","color":"#0059a9"}},{"type":"Feature","geometry":{"type":"LineString","coordinates":[[21.323603,46.183147],[21.323436,46.183146],[21.323225,46.18315],[21.323047,46.183156],[21.322892,46.183169],[21.322536,46.183216]]},"properties":{"name":"Strada Corneliu Coposu","lines":"19, 54","arr":["19","54"],"roundabout":0,"mode":"bus","color":"#0059a9"}},{"type":"Feature","geometry":{"type":"LineString","coordinates":[[21.309683,46.19203],[21.30936,46.192097],[21.309225,46.192123],[21.308861,46.192195],[21.308498,46.192266],[21.308418,46.19228],[21.308135,46.192339]]},"properties":{"name":"Calea Aurel Vlaicu","lines":"46, 60","arr":["46","60"],"roundabout":0,"mode":"bus","color":"#0059a9","nolabel":1}},{"type":"Feature","geometry":{"type":"LineString","coordinates":[[21.307675,46.192439],[21.307548,46.192403],[21.307519,46.192394],[21.307488,46.192383],[21.307463,46.192371],[21.30745,46.192363],[21.30743,46.192349],[21.307405,46.192331],[21.307394,46.19232],[21.307369,46.192294],[21.307352,46.192269],[21.307339,46.192237],[21.307331,46.192198],[21.30733,46.192165],[21.307336,46.192123],[21.307357,46.192047],[21.307482,46.191979],[21.307518,46.191963],[21.307559,46.191946],[21.307613,46.191929],[21.307662,46.191914],[21.307699,46.191907],[21.307774,46.191898],[21.307902,46.191891],[21.307981,46.191886],[21.308253,46.19187],[21.309108,46.191806]]},"properties":{"name":"Calea Aurel Vlaicu","lines":"46, 60","arr":["46","60"],"roundabout":0,"mode":"bus","color":"#0059a9"}},{"type":"Feature","geometry":{"type":"LineString","coordinates":[[21.325691,46.183844],[21.325696,46.183879],[21.325701,46.18391],[21.325712,46.183943],[21.325731,46.183979],[21.325824,46.184118],[21.325859,46.18419],[21.325866,46.18421],[21.325884,46.184258],[21.325894,46.18431],[21.325898,46.184354],[21.325892,46.184428],[21.325868,46.18451],[21.325865,46.184518],[21.325823,46.184626],[21.325787,46.184687],[21.325673,46.184861],[21.325658,46.184882],[21.325638,46.18491],[21.325615,46.184942]]},"properties":{"name":"Piața Academician Caius Iacob","lines":"21, 39b, 54","arr":["21","39b","54"],"roundabout":0,"mode":"bus","color":"#0059a9"}},{"type":"Feature","geometry":{"type":"LineString","coordinates":[[21.325615,46.184942],[21.32557,46.185003],[21.325294,46.185363],[21.325246,46.18543],[21.325223,46.185472],[21.325212,46.185514],[21.325205,46.185571],[21.325204,46.185611],[21.325203,46.185633],[21.325211,46.185706],[21.325217,46.185754],[21.325228,46.185857]]},"properties":{"name":"Piața Academician Caius Iacob","lines":"21, 39b","arr":["21","39b"],"roundabout":0,"mode":"bus","color":"#0059a9"}},{"type":"Feature","geometry":{"type":"LineString","coordinates":[[21.325228,46.185857],[21.32524,46.18594],[21.325607,46.186823],[21.325732,46.187108],[21.325773,46.187241],[21.325789,46.187376],[21.325786,46.187475],[21.325775,46.187581],[21.325748,46.187736],[21.32571,46.187886],[21.325658,46.188051],[21.325586,46.188209],[21.325549,46.188272],[21.325523,46.188316],[21.325449,46.188421],[21.325413,46.188465],[21.325341,46.188542],[21.325218,46.188629]]},"properties":{"name":"Bulevardul Revoluției","lines":"21, 39b","arr":["21","39b"],"roundabout":0,"mode":"bus","color":"#0059a9","nolabel":1}},{"type":"Feature","geometry":{"type":"LineString","coordinates":[[21.325218,46.188629],[21.325093,46.188702],[21.325046,46.188726],[21.324998,46.18875],[21.32441,46.189069],[21.324371,46.18909],[21.324321,46.189113],[21.324257,46.189134],[21.324166,46.18916],[21.324051,46.189183],[21.323701,46.189226]]},"properties":{"name":"Piața Gării","lines":"21, 39b","arr":["21","39b"],"roundabout":0,"mode":"bus","color":"#0059a9","nolabel":1}},{"type":"Feature","geometry":{"type":"LineString","coordinates":[[21.323701,46.189226],[21.323594,46.189238]]},"properties":{"name":"Calea Aurel Vlaicu","lines":"21, 39b","arr":["21","39b"],"roundabout":0,"mode":"bus","color":"#0059a9"}},{"type":"Feature","geometry":{"type":"LineString","coordinates":[[21.3235,46.189098],[21.323605,46.18907]]},"properties":{"name":"Calea Aurel Vlaicu","lines":"21, 39b","arr":["21","39b"],"roundabout":0,"mode":"bus","color":"#0059a9"}},{"type":"Feature","geometry":{"type":"LineString","coordinates":[[21.323594,46.189238],[21.323554,46.189175],[21.323533,46.189146],[21.3235,46.189098]]},"properties":{"name":"Strada Miron Costin","lines":"21","arr":["21"],"roundabout":0,"mode":"bus","color":"#0059a9"}},{"type":"Feature","geometry":{"type":"LineString","coordinates":[[21.323605,46.18907],[21.323522,46.188939],[21.323494,46.1889],[21.323456,46.188846],[21.32333,46.188713],[21.323085,46.188482],[21.322985,46.188389],[21.322895,46.188326],[21.32287,46.188279],[21.322841,46.188222],[21.32279,46.188107],[21.322713,46.187919],[21.322126,46.186493],[21.321961,46.186125],[21.321923,46.186057],[21.321875,46.185998],[21.321792,46.185913],[21.321512,46.185739],[21.320322,46.185059],[21.320148,46.184967],[21.319971,46.184832],[21.319885,46.184756],[21.319831,46.184707],[21.319768,46.184639],[21.319702,46.184558],[21.319642,46.184479],[21.319625,46.184455],[21.31953,46.184331]]},"properties":{"name":"Strada Miron Costin","lines":"21","arr":["21"],"roundabout":0,"mode":"bus","color":"#0059a9"}},{"type":"Feature","geometry":{"type":"LineString","coordinates":[[21.309887,46.182135],[21.309827,46.18202],[21.309726,46.181829],[21.309687,46.181728],[21.309672,46.181671],[21.309664,46.181609]]},"properties":{"name":"Strada Andrei Șaguna","lines":"21, 46, 49b, 54, 60","arr":["21","46","49b","54","60"],"roundabout":0,"mode":"bus","color":"#0059a9"}},{"type":"Feature","geometry":{"type":"LineString","coordinates":[[21.308639,46.179635],[21.308906,46.180154],[21.309163,46.180685],[21.309528,46.181355],[21.309556,46.181407],[21.309611,46.181511],[21.309664,46.181609],[21.309733,46.181648],[21.309803,46.181686],[21.30989,46.181721],[21.309919,46.181731],[21.310049,46.18178],[21.310288,46.181876]]},"properties":{"name":"Strada Andrei Șaguna","lines":"21, 46, 49b, 54, 60","arr":["21","46","49b","54","60"],"roundabout":0,"mode":"bus","color":"#0059a9"}},{"type":"Feature","geometry":{"type":"LineString","coordinates":[[21.307529,46.177468],[21.306929,46.176356],[21.306335,46.175185],[21.30596,46.174439],[21.305669,46.173859],[21.305547,46.173632],[21.304759,46.17211],[21.30457,46.171746],[21.304508,46.171615],[21.303999,46.170616],[21.303908,46.170441],[21.303719,46.170075],[21.30338,46.16942]]},"properties":{"name":"Strada Andrei Șaguna","lines":"41, 46, 49b, 54, 60","arr":["41","46","49b","54","60"],"roundabout":0,"mode":"bus","color":"#0059a9"}},{"type":"Feature","geometry":{"type":"LineString","coordinates":[[21.307529,46.177468],[21.30806,46.178506],[21.308639,46.179635]]},"properties":{"name":"Strada Andrei Șaguna","lines":"21, 41, 46, 49b, 54, 60","arr":["21","41","46","49b","54","60"],"roundabout":0,"mode":"bus","color":"#0059a9"}},{"type":"Feature","geometry":{"type":"LineString","coordinates":[[21.307529,46.177468],[21.305866,46.17788],[21.304004,46.178358],[21.303445,46.178497],[21.301969,46.178866],[21.29995,46.179381],[21.297948,46.179885],[21.296987,46.180126],[21.296845,46.180162]]},"properties":{"name":"Strada Liviu Rebreanu","lines":"21","arr":["21"],"roundabout":0,"mode":"bus","color":"#0059a9"}},{"type":"Feature","geometry":{"type":"LineString","coordinates":[[21.296845,46.180162],[21.296799,46.180067],[21.296472,46.17941],[21.296424,46.179304],[21.296037,46.178518],[21.295771,46.177972],[21.295734,46.17789],[21.294989,46.176387],[21.29466,46.17573],[21.294423,46.175242],[21.294088,46.174539]]},"properties":{"name":"Strada Profesor Doctor Aurel Ardelean","lines":"21","arr":["21"],"roundabout":0,"mode":"bus","color":"#0059a9","nolabel":1}},{"type":"Feature","geometry":{"type":"LineString","coordinates":[[21.293924,46.174261],[21.293949,46.174326],[21.293956,46.174342],[21.293971,46.174373],[21.293986,46.1744],[21.293996,46.17442],[21.294007,46.174436],[21.294022,46.174457],[21.294044,46.174489],[21.294088,46.174539],[21.294083,46.174478],[21.29408,46.174446],[21.294078,46.174421],[21.294073,46.174356],[21.294071,46.174323],[21.294072,46.174312],[21.294078,46.174256]]},"properties":{"name":"Strada Profesor Doctor Aurel Ardelean","lines":"21","arr":["21"],"roundabout":0,"mode":"bus","color":"#0059a9"}},{"type":"Feature","geometry":{"type":"LineString","coordinates":[[21.293894,46.17419],[21.293923,46.173874],[21.293927,46.173824],[21.293933,46.17376]]},"properties":{"name":"Strada Profesor Doctor Aurel Ardelean","lines":"21","arr":["21"],"roundabout":0,"mode":"bus","color":"#0059a9","nolabel":1}},{"type":"Feature","geometry":{"type":"LineString","coordinates":[[21.289269,46.164183],[21.289455,46.16459],[21.289721,46.165131],[21.290123,46.165903]]},"properties":{"name":"Strada Profesor Doctor Aurel Ardelean","lines":"21","arr":["21"],"roundabout":0,"mode":"bus","color":"#0059a9"}},{"type":"Feature","geometry":{"type":"LineString","coordinates":[[21.294061,46.174149],[21.29397,46.173874],[21.29396,46.173842],[21.293933,46.17376],[21.293908,46.173624],[21.293875,46.17348],[21.293848,46.17337],[21.293813,46.173268],[21.293749,46.173123],[21.292782,46.171138],[21.292743,46.171058],[21.291895,46.169317],[21.291875,46.169274],[21.291822,46.169169],[21.291739,46.169005],[21.29171,46.168948],[21.291698,46.168925],[21.290335,46.166228],[21.290297,46.166153],[21.290225,46.16601],[21.290217,46.165994]]},"properties":{"name":"Strada Profesor Doctor Aurel Ardelean","lines":"21","arr":["21"],"roundabout":0,"mode":"bus","color":"#0059a9","nolabel":1}},{"type":"Feature","geometry":{"type":"LineString","coordinates":[[21.290217,46.165994],[21.290185,46.165984],[21.290161,46.165976],[21.290123,46.165903],[21.290176,46.165919],[21.290206,46.165973],[21.290217,46.165994]]},"properties":{"name":"Strada Profesor Doctor Aurel Ardelean","lines":"21","arr":["21"],"roundabout":0,"mode":"bus","color":"#0059a9"}},{"type":"Feature","geometry":{"type":"LineString","coordinates":[[21.289269,46.164183],[21.289965,46.164015],[21.290283,46.163938],[21.290373,46.163916],[21.290474,46.163893],[21.290714,46.163837],[21.29145,46.163665],[21.291532,46.163647]]},"properties":{"name":"Strada Barbu Lăutaru","lines":"21","arr":["21"],"roundabout":0,"mode":"bus","color":"#0059a9"}},{"type":"Feature","geometry":{"type":"LineString","coordinates":[[21.291754,46.16354],[21.291532,46.163647],[21.291788,46.16362]]},"properties":{"name":"Strada Barbu Lăutaru","lines":"21","arr":["21"],"roundabout":0,"mode":"bus","color":"#0059a9"}},{"type":"Feature","geometry":{"type":"LineString","coordinates":[[21.31397,46.18366],[21.314164,46.183737]]},"properties":{"name":"Strada Banu Mărăcine","lines":"21, 54","arr":["21","54"],"roundabout":0,"mode":"bus","color":"#0059a9"}},{"type":"Feature","geometry":{"type":"LineString","coordinates":[[21.314164,46.183737],[21.314107,46.183776]]},"properties":{"name":"","lines":"21, 54","arr":["21","54"],"roundabout":0,"mode":"bus","color":"#0059a9"}},{"type":"Feature","geometry":{"type":"LineString","coordinates":[[21.323902,46.182504],[21.32399,46.182559],[21.324014,46.182573],[21.324035,46.182586]]},"properties":{"name":"Bulevardul Revoluției","lines":"21, 31, 39b, 52, 54","arr":["21","31","39b","52","54"],"roundabout":0,"mode":"bus","color":"#0059a9"}},{"type":"Feature","geometry":{"type":"LineString","coordinates":[[21.322833,46.199251],[21.322686,46.200395],[21.322662,46.20057],[21.322657,46.200723],[21.323032,46.203233],[21.323218,46.204627],[21.323215,46.204798],[21.323195,46.204991],[21.323026,46.206316],[21.323009,46.206591]]},"properties":{"name":"Strada Trenului","lines":"31","arr":["31"],"roundabout":0,"mode":"bus","color":"#0059a9"}},{"type":"Feature","geometry":{"type":"LineString","coordinates":[[21.322833,46.199251],[21.32407,46.199323],[21.325459,46.199397]]},"properties":{"name":"Strada Râșnov","lines":"31","arr":["31"],"roundabout":0,"mode":"bus","color":"#0059a9"}},{"type":"Feature","geometry":{"type":"LineString","coordinates":[[21.325459,46.199397],[21.325787,46.198239],[21.325807,46.198188],[21.325831,46.198157],[21.325859,46.19813],[21.325895,46.198111]]},"properties":{"name":"Strada Vezuviu","lines":"31","arr":["31"],"roundabout":0,"mode":"bus","color":"#0059a9"}},{"type":"Feature","geometry":{"type":"LineString","coordinates":[[21.325895,46.198111],[21.326471,46.197994],[21.32764,46.197751],[21.328796,46.197521],[21.329975,46.197279],[21.331156,46.197053],[21.33128,46.197003],[21.3325,46.196367],[21.334205,46.195465],[21.334242,46.195445],[21.334274,46.195427],[21.334383,46.195366]]},"properties":{"name":"Strada Gorunului","lines":"31","arr":["31"],"roundabout":0,"mode":"bus","color":"#0059a9"}},{"type":"Feature","geometry":{"type":"LineString","coordinates":[[21.334099,46.195095],[21.334186,46.195178],[21.334315,46.195301],[21.334383,46.195366]]},"properties":{"name":"Strada Petru Rareș","lines":"31","arr":["31"],"roundabout":0,"mode":"bus","color":"#0059a9","nolabel":1}},{"type":"Feature","geometry":{"type":"LineString","coordinates":[[21.334099,46.195095],[21.334049,46.195047],[21.334042,46.195042],[21.334019,46.19502],[21.333478,46.194519],[21.333376,46.194429],[21.333242,46.194307],[21.332554,46.193676],[21.332316,46.193458],[21.332304,46.193447],[21.332027,46.193191],[21.331635,46.192833],[21.331222,46.192451],[21.330788,46.192053],[21.330749,46.192018],[21.330698,46.191971],[21.33064,46.191902],[21.330553,46.19179],[21.330436,46.191614],[21.330233,46.19132],[21.329853,46.190772],[21.329748,46.190621],[21.329683,46.190517],[21.329519,46.19021],[21.329481,46.190137],[21.32929,46.189763],[21.329036,46.189274],[21.328992,46.189187],[21.328914,46.189085],[21.328845,46.188984],[21.328802,46.18891],[21.328416,46.188161],[21.327667,46.186732],[21.327328,46.186104],[21.326983,46.185432]]},"properties":{"name":"Strada Petru Rareș","lines":"31, 52","arr":["31","52"],"roundabout":0,"mode":"bus","color":"#0059a9","nolabel":1}},{"type":"Feature","geometry":{"type":"LineString","coordinates":[[21.326983,46.185432],[21.32696,46.185398],[21.326921,46.18535],[21.326872,46.185299],[21.326825,46.185257],[21.32676,46.185209],[21.32668,46.185158],[21.326582,46.185109],[21.326564,46.185101],[21.326482,46.185073],[21.326365,46.185048],[21.326,46.184995],[21.325893,46.18498],[21.325727,46.184957],[21.325615,46.184942]]},"properties":{"name":"Piața Academician Caius Iacob","lines":"31, 52","arr":["31","52"],"roundabout":0,"mode":"bus","color":"#0059a9","nolabel":1}},{"type":"Feature","geometry":{"type":"LineString","coordinates":[[21.325691,46.183844],[21.325933,46.184028],[21.326401,46.184522],[21.326601,46.184746],[21.326639,46.184794]]},"properties":{"name":"Piața Academician Caius Iacob","lines":"31, 52","arr":["31","52"],"roundabout":0,"mode":"bus","color":"#0059a9"}},{"type":"Feature","geometry":{"type":"LineString","coordinates":[[21.325615,46.184942],[21.325519,46.184928],[21.325304,46.184898],[21.325224,46.184886],[21.325013,46.184853],[21.324979,46.184844],[21.324954,46.184837],[21.324916,46.184827],[21.324866,46.184805],[21.324797,46.18477],[21.324727,46.184735],[21.324675,46.184722],[21.324629,46.184722]]},"properties":{"name":"Piața Academician Caius Iacob","lines":"31, 52, 54","arr":["31","52","54"],"roundabout":0,"mode":"bus","color":"#0059a9"}},{"type":"Feature","geometry":{"type":"LineString","coordinates":[[21.324629,46.184722],[21.324365,46.1841],[21.324309,46.184002],[21.32423,46.183879],[21.324003,46.183598],[21.323793,46.183362],[21.323752,46.183315],[21.323603,46.183147]]},"properties":{"name":"Bulevardul Revoluției","lines":"31, 39b, 52, 54","arr":["31","39b","52","54"],"roundabout":0,"mode":"bus","color":"#0059a9","nolabel":1}},{"type":"Feature","geometry":{"type":"LineString","coordinates":[[21.326471,46.197994],[21.32691,46.199452],[21.327304,46.200667],[21.327548,46.2015],[21.327696,46.201982],[21.32788,46.202591],[21.328244,46.203525],[21.328519,46.204184],[21.328526,46.204207],[21.328654,46.20466],[21.328936,46.205554],[21.329121,46.206033],[21.329319,46.206504],[21.329345,46.206605],[21.329344,46.206631]]},"properties":{"name":"Strada Rândunicii","lines":"31","arr":["31"],"roundabout":0,"mode":"bus","color":"#0059a9"}},{"type":"Feature","geometry":{"type":"LineString","coordinates":[[21.329344,46.206631],[21.329326,46.206649],[21.329293,46.206659],[21.329233,46.206669],[21.329145,46.206673],[21.328902,46.206674],[21.328758,46.206683],[21.328523,46.206703],[21.328356,46.206714],[21.3282,46.206713],[21.328016,46.206703],[21.326777,46.206737],[21.325534,46.206779],[21.325045,46.206777],[21.324209,46.206763],[21.323357,46.206749],[21.323178,46.206743],[21.323001,46.206726]]},"properties":{"name":"Strada Someșului","lines":"31","arr":["31"],"roundabout":0,"mode":"bus","color":"#0059a9"}},{"type":"Feature","geometry":{"type":"LineString","coordinates":[[21.323594,46.189238],[21.323299,46.18928],[21.322738,46.189383],[21.321972,46.189533],[21.321692,46.189588],[21.321527,46.18962],[21.321469,46.189631],[21.320269,46.18987],[21.319352,46.190054],[21.31929,46.190067],[21.319054,46.190116]]},"properties":{"name":"Calea Aurel Vlaicu","lines":"39b","arr":["39b"],"roundabout":0,"mode":"bus","color":"#0059a9","nolabel":1}},{"type":"Feature","geometry":{"type":"LineString","coordinates":[[21.318999,46.189953],[21.319223,46.189907],[21.319591,46.189834],[21.320496,46.189655],[21.321368,46.189497],[21.321401,46.189492],[21.321491,46.189479],[21.321599,46.189461],[21.321752,46.189442],[21.321839,46.189432],[21.321947,46.189416],[21.322626,46.189276],[21.322696,46.189262],[21.322896,46.189223],[21.32342,46.189115],[21.3235,46.189098]]},"properties":{"name":"Calea Aurel Vlaicu","lines":"39b","arr":["39b"],"roundabout":0,"mode":"bus","color":"#0059a9","nolabel":1}},{"type":"Feature","geometry":{"type":"LineString","coordinates":[[21.31971,46.192209],[21.319623,46.191928],[21.319513,46.191574],[21.319476,46.191455],[21.319245,46.19071],[21.319105,46.190271],[21.319092,46.19023],[21.319054,46.190116],[21.319036,46.190065],[21.319029,46.190037],[21.318999,46.189953]]},"properties":{"name":"Calea 6 Vânători","lines":"39b","arr":["39b"],"roundabout":0,"mode":"bus","color":"#0059a9"}},{"type":"Feature","geometry":{"type":"LineString","coordinates":[[21.319747,46.19241],[21.319846,46.192688],[21.3199,46.192841],[21.320003,46.193217],[21.3205,46.195028],[21.32052,46.19513],[21.320529,46.195232],[21.320531,46.195343],[21.320512,46.196166],[21.32049,46.196308],[21.320387,46.196715],[21.320339,46.196898],[21.320322,46.197008],[21.320309,46.19711],[21.320308,46.197252],[21.320307,46.197362],[21.320318,46.197456],[21.320421,46.19804],[21.320444,46.198211],[21.320451,46.198313],[21.320437,46.198403],[21.320266,46.198947],[21.320172,46.199213],[21.320122,46.199339],[21.320043,46.199516],[21.319923,46.199757],[21.319804,46.200033],[21.319789,46.200077],[21.319776,46.200112],[21.319767,46.200192],[21.319768,46.200241],[21.319774,46.200293],[21.319783,46.200336],[21.319798,46.20037],[21.319832,46.200448],[21.319838,46.200463],[21.3199,46.200582],[21.320015,46.200765],[21.320104,46.200891],[21.320189,46.200988],[21.320259,46.201069],[21.320439,46.20127],[21.320517,46.201365],[21.320567,46.201434],[21.320596,46.201486],[21.320612,46.201537],[21.320622,46.201615],[21.320625,46.201681],[21.320605,46.2037],[21.320601,46.204299],[21.320574,46.206758],[21.320568,46.207981],[21.320568,46.208602],[21.320564,46.209741],[21.320573,46.209923],[21.320555,46.210985],[21.320551,46.21272]]},"properties":{"name":"Calea 6 Vânători","lines":"39b","arr":["39b"],"roundabout":0,"mode":"bus","color":"#0059a9"}},{"type":"Feature","geometry":{"type":"LineString","coordinates":[[21.321442,46.209741],[21.320564,46.209741]]},"properties":{"name":"Strada Siret","lines":"39b","arr":["39b"],"roundabout":0,"mode":"bus","color":"#0059a9"}},{"type":"Feature","geometry":{"type":"LineString","coordinates":[[21.321442,46.209741],[21.32182,46.212821]]},"properties":{"name":"Strada Crișului","lines":"39b","arr":["39b"],"roundabout":0,"mode":"bus","color":"#0059a9"}},{"type":"Feature","geometry":{"type":"LineString","coordinates":[[21.32182,46.212821],[21.320551,46.21281]]},"properties":{"name":"Strada Arțarului","lines":"39b","arr":["39b"],"roundabout":0,"mode":"bus","color":"#0059a9"}},{"type":"Feature","geometry":{"type":"LineString","coordinates":[[21.323605,46.18907],[21.323689,46.189048],[21.32379,46.189011],[21.323917,46.188957],[21.324014,46.188909],[21.324097,46.188862],[21.324668,46.18854],[21.324713,46.188514],[21.324775,46.188479],[21.324832,46.188455]]},"properties":{"name":"Piața Gării","lines":"39b","arr":["39b"],"roundabout":0,"mode":"bus","color":"#0059a9","nolabel":1}},{"type":"Feature","geometry":{"type":"LineString","coordinates":[[21.324832,46.188455],[21.324996,46.188343],[21.325084,46.188273],[21.325166,46.188199],[21.325245,46.188115],[21.325342,46.188004],[21.32541,46.187909],[21.325485,46.187779],[21.325522,46.187691],[21.325555,46.187571],[21.325581,46.187448],[21.325585,46.187368],[21.325586,46.18729],[21.325578,46.187223],[21.325554,46.187139],[21.32552,46.187045],[21.32505,46.186031],[21.325026,46.185979],[21.324991,46.185905],[21.324957,46.185794],[21.324838,46.185404],[21.324653,46.184801],[21.324629,46.184722]]},"properties":{"name":"Bulevardul Revoluției","lines":"39b","arr":["39b"],"roundabout":0,"mode":"bus","color":"#0059a9","nolabel":1}},{"type":"Feature","geometry":{"type":"LineString","coordinates":[[21.320712,46.166977],[21.320303,46.166888],[21.320252,46.166874],[21.320196,46.166853],[21.320153,46.166831],[21.320124,46.166805],[21.320087,46.166763],[21.320073,46.166741],[21.320065,46.166729],[21.319948,46.166499],[21.319894,46.166335],[21.319862,46.166251],[21.319668,46.165607]]},"properties":{"name":"Strada Mucius Scaevola","lines":"41, 60","arr":["41","60"],"roundabout":0,"mode":"bus","color":"#0059a9","nolabel":1}},{"type":"Feature","geometry":{"type":"LineString","coordinates":[[21.320142,46.16727],[21.32014,46.167265],[21.320129,46.167237],[21.320091,46.167139],[21.320062,46.167086],[21.319961,46.16696],[21.319852,46.166823],[21.319813,46.166773],[21.319557,46.166457],[21.319487,46.166374],[21.319457,46.166344],[21.319435,46.166322],[21.319422,46.166309]]},"properties":{"name":"Strada Mucius Scaevola","lines":"41, 60","arr":["41","60"],"roundabout":0,"mode":"bus","color":"#0059a9"}},{"type":"Feature","geometry":{"type":"LineString","coordinates":[[21.319422,46.166309],[21.318895,46.166375],[21.31814,46.166476],[21.317977,46.1665],[21.317697,46.166536],[21.31682,46.166651],[21.316366,46.166717],[21.315787,46.166807],[21.315674,46.166827],[21.31553,46.166844],[21.315342,46.166854],[21.314624,46.166886],[21.314472,46.166896],[21.314179,46.16691],[21.313728,46.166931],[21.313271,46.166955],[21.312743,46.166989],[21.312436,46.167013],[21.312063,46.167045],[21.311661,46.167078],[21.311489,46.167078]]},"properties":{"name":"Strada Preparandiei","lines":"41, 60","arr":["41","60"],"roundabout":0,"mode":"bus","color":"#0059a9","nolabel":1}},{"type":"Feature","geometry":{"type":"LineString","coordinates":[[21.311489,46.167078],[21.311245,46.167063],[21.310795,46.167044],[21.310716,46.167043],[21.310625,46.16704],[21.310066,46.167019],[21.309442,46.166995],[21.308234,46.166959],[21.308156,46.166956]]},"properties":{"name":"Strada Mihail Kogălniceanu","lines":"41, 60","arr":["41","60"],"roundabout":0,"mode":"bus","color":"#0059a9","nolabel":1}},{"type":"Feature","geometry":{"type":"LineString","coordinates":[[21.301935,46.166636],[21.30221,46.166653],[21.302854,46.166692],[21.303421,46.166721],[21.303695,46.166743],[21.303824,46.166753],[21.304705,46.166801],[21.305282,46.166832],[21.305808,46.166862],[21.306092,46.166877],[21.306412,46.166898],[21.306817,46.166921],[21.307502,46.166959],[21.307912,46.166958],[21.308156,46.166956],[21.30797,46.16693],[21.307695,46.166903],[21.307117,46.166864],[21.30642,46.166808],[21.306119,46.166794],[21.305822,46.166781],[21.303774,46.166664],[21.303626,46.166657],[21.302212,46.16657],[21.30189,46.166553]]},"properties":{"name":"Strada Mihail Kogălniceanu","lines":"41, 60","arr":["41","60"],"roundabout":0,"mode":"bus","color":"#0059a9","nolabel":1}},{"type":"Feature","geometry":{"type":"LineString","coordinates":[[21.30338,46.16942],[21.303323,46.169315],[21.302514,46.167809],[21.301967,46.166694],[21.301935,46.166636],[21.301917,46.166609],[21.301904,46.166581],[21.30189,46.166553]]},"properties":{"name":"Strada Andrei Șaguna","lines":"41, 49b, 60","arr":["41","49b","60"],"roundabout":0,"mode":"bus","color":"#0059a9"}},{"type":"Feature","geometry":{"type":"LineString","coordinates":[[21.298458,46.182193],[21.298531,46.182187],[21.299055,46.182067],[21.299077,46.182062],[21.301079,46.181552],[21.303082,46.181032],[21.305131,46.180516],[21.306986,46.180049],[21.308639,46.179635]]},"properties":{"name":"Strada Doctor Ioan Rațiu","lines":"41","arr":["41"],"roundabout":0,"mode":"bus","color":"#0059a9"}},{"type":"Feature","geometry":{"type":"LineString","coordinates":[[21.298458,46.182193],[21.298418,46.182191],[21.298365,46.182187],[21.297926,46.182134],[21.297841,46.182125],[21.297786,46.182119],[21.297769,46.182118],[21.297232,46.182054],[21.295894,46.181871],[21.295832,46.181864],[21.295773,46.181863],[21.295732,46.181867],[21.295698,46.181875],[21.295675,46.181886],[21.295654,46.181904]]},"properties":{"name":"Strada Abatorului","lines":"41","arr":["41"],"roundabout":0,"mode":"bus","color":"#0059a9"}},{"type":"Feature","geometry":{"type":"LineString","coordinates":[[21.295654,46.181904],[21.29565,46.181925],[21.295646,46.181955],[21.295648,46.181979],[21.295657,46.182001],[21.295667,46.182027],[21.295708,46.182104],[21.296012,46.182581],[21.296048,46.182659],[21.296051,46.182693],[21.296048,46.182718],[21.296035,46.18276],[21.296018,46.182784],[21.295997,46.182803],[21.295968,46.18282],[21.295637,46.182932],[21.29557,46.18296],[21.295543,46.182983],[21.295518,46.183004],[21.295504,46.183035],[21.295497,46.183089],[21.295481,46.1833],[21.295484,46.183453],[21.295506,46.183561],[21.295546,46.183645],[21.295604,46.18374]]},"properties":{"name":"Strada Târgului","lines":"41","arr":["41"],"roundabout":0,"mode":"bus","color":"#0059a9"}},{"type":"Feature","geometry":{"type":"LineString","coordinates":[[21.295604,46.18374],[21.295688,46.183865],[21.296658,46.185388],[21.296965,46.185899],[21.29717,46.186217],[21.297409,46.186594],[21.297632,46.186952],[21.298105,46.187706],[21.298452,46.188285]]},"properties":{"name":"Strada Șezătorii","lines":"41","arr":["41"],"roundabout":0,"mode":"bus","color":"#0059a9"}},{"type":"Feature","geometry":{"type":"LineString","coordinates":[[21.298481,46.190189],[21.298483,46.190102],[21.298479,46.189806],[21.298463,46.188935],[21.298452,46.188285]]},"properties":{"name":"Strada Constantin Brâncuși","lines":"41","arr":["41"],"roundabout":0,"mode":"bus","color":"#0059a9"}},{"type":"Feature","geometry":{"type":"LineString","coordinates":[[21.29838,46.190226],[21.298261,46.1902],[21.297411,46.190011],[21.292313,46.188927]]},"properties":{"name":"Strada Constantin Brâncoveanu","lines":"41","arr":["41"],"roundabout":0,"mode":"bus","color":"#0059a9"}},{"type":"Feature","geometry":{"type":"LineString","coordinates":[[21.291849,46.189813],[21.291902,46.189787],[21.291936,46.189762],[21.291961,46.189732],[21.291984,46.189698],[21.292011,46.18963],[21.292313,46.188927]]},"properties":{"name":"Strada Baba Novac","lines":"41","arr":["41"],"roundabout":0,"mode":"bus","color":"#0059a9"}},{"type":"Feature","geometry":{"type":"LineString","coordinates":[[21.289692,46.189834],[21.28971,46.18983],[21.289744,46.189826],[21.289831,46.189825],[21.291101,46.189837],[21.291604,46.189848],[21.291706,46.189847],[21.291761,46.18984],[21.291803,46.189829],[21.291849,46.189813]]},"properties":{"name":"Strada Libertății","lines":"41","arr":["41"],"roundabout":0,"mode":"bus","color":"#0059a9"}},{"type":"Feature","geometry":{"type":"LineString","coordinates":[[21.287719,46.192134],[21.289187,46.190379],[21.2895,46.190013],[21.289624,46.189875],[21.289638,46.189861],[21.289657,46.189849],[21.289674,46.189841],[21.289692,46.189834]]},"properties":{"name":"Strada Tiberiu","lines":"41","arr":["41"],"roundabout":0,"mode":"bus","color":"#0059a9"}},{"type":"Feature","geometry":{"type":"LineString","coordinates":[[21.287927,46.192392],[21.287895,46.192327],[21.287835,46.192248],[21.287773,46.192183],[21.287719,46.192134]]},"properties":{"name":"Strada Gloriei","lines":"41","arr":["41"],"roundabout":0,"mode":"bus","color":"#0059a9"}},{"type":"Feature","geometry":{"type":"LineString","coordinates":[[21.287927,46.192392],[21.287941,46.192474],[21.287945,46.19256],[21.287943,46.192673],[21.287935,46.192711],[21.287918,46.19275],[21.28789,46.192785],[21.287861,46.192812],[21.287809,46.192831],[21.287777,46.192842]]},"properties":{"name":"Strada Mălin","lines":"41","arr":["41"],"roundabout":0,"mode":"bus","color":"#0059a9"}},{"type":"Feature","geometry":{"type":"LineString","coordinates":[[21.287777,46.192842],[21.287692,46.192853],[21.287598,46.192859],[21.287412,46.192862],[21.28592,46.192889],[21.284435,46.192905],[21.282951,46.192933],[21.282274,46.192945],[21.281413,46.192961],[21.279909,46.193],[21.279867,46.193002],[21.278404,46.193035],[21.277902,46.193045],[21.276889,46.193066],[21.276428,46.193077],[21.275315,46.193103]]},"properties":{"name":"Strada Independenței","lines":"41","arr":["41"],"roundabout":0,"mode":"bus","color":"#0059a9"}},{"type":"Feature","geometry":{"type":"LineString","coordinates":[[21.275315,46.193103],[21.275342,46.193788],[21.275382,46.194842],[21.275413,46.195889],[21.275427,46.196221],[21.27543,46.196263],[21.275438,46.196295],[21.27546,46.196331],[21.276065,46.196721]]},"properties":{"name":"Strada Trotușului","lines":"41","arr":["41"],"roundabout":0,"mode":"bus","color":"#0059a9"}},{"type":"Feature","geometry":{"type":"LineString","coordinates":[[21.311489,46.167078],[21.311336,46.166563],[21.311327,46.166533]]},"properties":{"name":"Piața Sârbească","lines":"41, 60","arr":["41","60"],"roundabout":0,"mode":"bus","color":"#0059a9"}},{"type":"Feature","geometry":{"type":"LineString","coordinates":[[21.311327,46.166533],[21.311433,46.166518],[21.31156,46.166496],[21.311973,46.166443],[21.312769,46.166347],[21.314348,46.166158],[21.31446,46.166139],[21.314563,46.166106],[21.314653,46.166083],[21.314893,46.166043],[21.3151,46.166016],[21.315195,46.166011],[21.315243,46.166014],[21.315292,46.166016],[21.315374,46.166036],[21.315449,46.166053],[21.315481,46.166057],[21.315515,46.166057],[21.316165,46.165991],[21.316711,46.165933],[21.317782,46.165814],[21.318228,46.165765],[21.319265,46.165646],[21.319551,46.165616],[21.319668,46.165607]]},"properties":{"name":"Strada Dornei","lines":"41, 60","arr":["41","60"],"roundabout":0,"mode":"bus","color":"#0059a9","nolabel":1}},{"type":"Feature","geometry":{"type":"LineString","coordinates":[[21.310011,46.171827],[21.309175,46.171511],[21.309086,46.171475],[21.307795,46.170956],[21.307169,46.170699],[21.307056,46.170653],[21.306101,46.170275],[21.305597,46.170076],[21.304696,46.169722],[21.304169,46.169518],[21.304018,46.169467],[21.303897,46.169444],[21.303788,46.169434],[21.30355,46.169426],[21.30338,46.16942]]},"properties":{"name":"Strada Vârful cu dor","lines":"46","arr":["46"],"roundabout":0,"mode":"bus","color":"#0059a9"}},{"type":"Feature","geometry":{"type":"LineString","coordinates":[[21.309995,46.172068],[21.310082,46.172043],[21.310118,46.172028],[21.310138,46.172009],[21.310145,46.171994],[21.310148,46.171975],[21.310144,46.171951],[21.310134,46.171932],[21.310106,46.171898],[21.310011,46.171827]]},"properties":{"name":"","lines":"46","arr":["46"],"roundabout":0,"mode":"bus","color":"#0059a9"}},{"type":"Feature","geometry":{"type":"LineString","coordinates":[[21.309995,46.172068],[21.309281,46.172107],[21.308551,46.172124],[21.307924,46.172094],[21.307408,46.172065],[21.307049,46.172045],[21.306982,46.172041],[21.306888,46.17203],[21.306487,46.171982],[21.306369,46.171966],[21.30457,46.171746]]},"properties":{"name":"Strada Mihai Eminescu","lines":"46","arr":["46"],"roundabout":0,"mode":"bus","color":"#0059a9"}},{"type":"Feature","geometry":{"type":"LineString","coordinates":[[21.308135,46.192339],[21.308088,46.192384],[21.308055,46.192422],[21.30803,46.19247],[21.308013,46.192515],[21.307998,46.19259],[21.307979,46.192847]]},"properties":{"name":"Strada Bumbacului","lines":"46, 60","arr":["46","60"],"roundabout":0,"mode":"bus","color":"#0059a9"}},{"type":"Feature","geometry":{"type":"LineString","coordinates":[[21.308039,46.194281],[21.3081,46.194227],[21.308155,46.194184],[21.308227,46.194134],[21.308228,46.194116],[21.30811,46.193512],[21.307987,46.192894],[21.307979,46.192847],[21.307849,46.192557],[21.307838,46.192541],[21.307819,46.192513],[21.30779,46.19249],[21.307754,46.19247],[21.307675,46.192439]]},"properties":{"name":"Strada Bumbacului","lines":"46, 60","arr":["46","60"],"roundabout":0,"mode":"bus","color":"#0059a9"}},{"type":"Feature","geometry":{"type":"LineString","coordinates":[[21.308032,46.194403],[21.30797,46.194408],[21.307925,46.194415],[21.307869,46.194428],[21.307818,46.19444],[21.307769,46.194447]]},"properties":{"name":"","lines":"46, 60","arr":["46","60"],"roundabout":0,"mode":"bus","color":"#0059a9"}},{"type":"Feature","geometry":{"type":"LineString","coordinates":[[21.297256,46.203286],[21.297406,46.203102],[21.297439,46.203057],[21.297461,46.203018]]},"properties":{"name":"Strada Poetului","lines":"46, 60","arr":["46","60"],"roundabout":0,"mode":"bus","color":"#0059a9"}},{"type":"Feature","geometry":{"type":"LineString","coordinates":[[21.297206,46.203346],[21.297048,46.203514],[21.297007,46.203554],[21.296966,46.203588]]},"properties":{"name":"Strada Poetului","lines":"46, 60","arr":["46","60"],"roundabout":0,"mode":"bus","color":"#0059a9"}},{"type":"Feature","geometry":{"type":"LineString","coordinates":[[21.294065,46.204042],[21.293842,46.204077],[21.293724,46.2041],[21.293682,46.204113],[21.293619,46.204143],[21.29358,46.204173],[21.293532,46.204226],[21.293515,46.204246],[21.293484,46.204285]]},"properties":{"name":"Strada Poetului","lines":"46, 60","arr":["46","60"],"roundabout":0,"mode":"bus","color":"#0059a9"}},{"type":"Feature","geometry":{"type":"LineString","coordinates":[[21.288674,46.214015],[21.288978,46.213704],[21.289118,46.213528],[21.289653,46.212886],[21.290357,46.21206],[21.290398,46.212013],[21.290489,46.211898],[21.291157,46.211067],[21.291836,46.210228],[21.292528,46.209368],[21.292584,46.209295],[21.292941,46.208839],[21.293503,46.208103],[21.293553,46.208037],[21.293661,46.207896],[21.293731,46.207797],[21.29382,46.207643],[21.293886,46.207503],[21.293966,46.207296],[21.29399,46.207205],[21.294008,46.207112],[21.294019,46.206968],[21.294019,46.206812],[21.294003,46.206683],[21.293969,46.206484],[21.29391,46.206208],[21.293716,46.205363],[21.293648,46.20502],[21.293518,46.204421],[21.293484,46.204285],[21.293473,46.204232],[21.293428,46.204041],[21.293697,46.204045],[21.294065,46.204042],[21.294568,46.204031],[21.295143,46.204013],[21.29584,46.203992],[21.29632,46.20398],[21.296469,46.20397],[21.296558,46.203955],[21.296612,46.20394],[21.296661,46.203914],[21.296771,46.203823],[21.296881,46.203691],[21.296966,46.203588],[21.296993,46.203497],[21.297004,46.203445],[21.297012,46.203388],[21.297019,46.203303]]},"properties":{"name":"Strada Poetului","lines":"46, 60","arr":["46","60"],"roundabout":0,"mode":"bus","color":"#0059a9"}},{"type":"Feature","geometry":{"type":"LineString","coordinates":[[21.297155,46.203195],[21.297228,46.203163],[21.297287,46.203134],[21.297349,46.203095],[21.297417,46.203045],[21.297461,46.203018],[21.297599,46.202846],[21.297945,46.202432],[21.298327,46.201979],[21.298439,46.201846],[21.298595,46.201651],[21.298833,46.201353],[21.298885,46.201286],[21.29947,46.200566],[21.299658,46.200328],[21.299929,46.199979],[21.300165,46.199665],[21.300373,46.199419],[21.300611,46.199183],[21.300923,46.198921],[21.301032,46.198833],[21.301224,46.198677],[21.301283,46.198627],[21.30177,46.198214],[21.302017,46.198014],[21.302225,46.197857],[21.302464,46.1977],[21.302743,46.197529],[21.303663,46.19697],[21.304789,46.196283],[21.305742,46.195701],[21.306342,46.195319],[21.307088,46.194868],[21.307769,46.194447],[21.307796,46.194415],[21.307829,46.194387],[21.30789,46.194347],[21.307916,46.194333],[21.307955,46.194318],[21.308001,46.194306]]},"properties":{"name":"Strada Poetului","lines":"46, 60","arr":["46","60"],"roundabout":0,"mode":"bus","color":"#0059a9"}},{"type":"Feature","geometry":{"type":"LineString","coordinates":[[21.288674,46.214015],[21.288513,46.21415],[21.287719,46.214759],[21.28704,46.215281],[21.286681,46.215567],[21.286369,46.215815],[21.285726,46.216328],[21.285056,46.216861],[21.284926,46.216965],[21.284083,46.217593],[21.283331,46.218189],[21.282904,46.218535],[21.282541,46.218821],[21.281698,46.219486],[21.280842,46.220145],[21.279719,46.221032],[21.278923,46.221663],[21.278396,46.222076],[21.278036,46.222364],[21.27763,46.222667],[21.277531,46.222736],[21.277456,46.222781],[21.277352,46.222843],[21.277141,46.222963]]},"properties":{"name":"Strada Câmpurilor","lines":"46","arr":["46"],"roundabout":0,"mode":"bus","color":"#0059a9"}},{"type":"Feature","geometry":{"type":"LineString","coordinates":[[21.257499,46.234025],[21.257735,46.233947],[21.258054,46.233851],[21.258533,46.233684],[21.259098,46.233495],[21.259647,46.233316],[21.260059,46.233175],[21.260432,46.233025],[21.260763,46.232881],[21.261182,46.232685],[21.261485,46.232533],[21.261868,46.232333],[21.262123,46.232176],[21.262407,46.231999],[21.262662,46.231845],[21.262823,46.231754],[21.263004,46.231628],[21.263203,46.231491],[21.263449,46.231296],[21.263634,46.231157],[21.263811,46.230999],[21.264016,46.230814],[21.264023,46.230808],[21.264111,46.230725],[21.264371,46.230474],[21.264554,46.230304],[21.264756,46.230103],[21.264922,46.229938],[21.265289,46.229578],[21.265643,46.229241],[21.265819,46.229074],[21.266394,46.228536],[21.266676,46.228271],[21.266948,46.228013],[21.267814,46.227164],[21.268318,46.226682],[21.268562,46.226454],[21.268805,46.226246],[21.268945,46.226123],[21.269187,46.225934],[21.269377,46.225805],[21.269531,46.225697],[21.269949,46.225438],[21.270232,46.225281],[21.271216,46.22478],[21.271603,46.22462],[21.272163,46.224412],[21.272709,46.224246],[21.273237,46.224109],[21.274236,46.223889],[21.274839,46.223755],[21.275276,46.223658],[21.275873,46.223489],[21.276154,46.223401],[21.276485,46.223279],[21.276763,46.22316],[21.27691,46.223083],[21.277141,46.222963]]},"properties":{"name":"DJ709C","lines":"46","arr":["46"],"roundabout":0,"mode":"bus","color":"#0059a9"}},{"type":"Feature","geometry":{"type":"LineString","coordinates":[[21.257499,46.234025],[21.257409,46.234407],[21.257302,46.234795],[21.257144,46.235327],[21.257044,46.235655],[21.256898,46.236165],[21.256761,46.2366],[21.256633,46.237003],[21.256563,46.237213],[21.256497,46.237444],[21.256413,46.23776],[21.256348,46.238081],[21.256311,46.238296],[21.256265,46.238609],[21.256222,46.238933],[21.256177,46.239268],[21.256136,46.239574],[21.256127,46.239739],[21.256124,46.239919],[21.256124,46.240096],[21.256136,46.240239],[21.256156,46.240366],[21.256173,46.240458],[21.256187,46.240528],[21.256211,46.2406],[21.25625,46.240709],[21.256376,46.240966],[21.256446,46.241115],[21.256547,46.241315],[21.256796,46.241777],[21.25685,46.241875],[21.257004,46.24213],[21.257074,46.242264],[21.257229,46.24255],[21.257378,46.242839],[21.257518,46.243134],[21.257613,46.243333],[21.257707,46.243538]]},"properties":{"name":"DJ790","lines":"46","arr":["46"],"roundabout":0,"mode":"bus","color":"#0059a9"}},{"type":"Feature","geometry":{"type":"LineString","coordinates":[[21.259895,46.248348],[21.260086,46.248776],[21.260122,46.248861],[21.260519,46.249722],[21.2609,46.250555],[21.261117,46.25104],[21.261295,46.251441],[21.261505,46.251858],[21.261656,46.252182],[21.261737,46.252369],[21.261786,46.252477],[21.261853,46.252607]]},"properties":{"name":"DJ790","lines":"46","arr":["46"],"roundabout":0,"mode":"bus","color":"#0059a9"}},{"type":"Feature","geometry":{"type":"LineString","coordinates":[[21.257707,46.243538],[21.258192,46.244689],[21.258675,46.245834],[21.258701,46.245894],[21.258883,46.246291],[21.259895,46.248348]]},"properties":{"name":"Relocare","lines":"46","arr":["46"],"roundabout":0,"mode":"bus","color":"#0059a9"}},{"type":"Feature","geometry":{"type":"LineString","coordinates":[[21.34756,46.175465],[21.347476,46.175461],[21.347417,46.175455],[21.347338,46.175444]]},"properties":{"name":"Strada Doctor Cornel Radu","lines":"48","arr":["48"],"roundabout":0,"mode":"bus","color":"#0059a9"}},{"type":"Feature","geometry":{"type":"LineString","coordinates":[[21.351727,46.172036],[21.351721,46.172019],[21.351686,46.171946],[21.351529,46.17162],[21.351504,46.171574],[21.351446,46.171465],[21.35126,46.171074],[21.350989,46.170513]]},"properties":{"name":"Strada Zalău","lines":"48","arr":["48"],"roundabout":0,"mode":"bus","color":"#0059a9"}},{"type":"Feature","geometry":{"type":"LineString","coordinates":[[21.350989,46.170513],[21.351535,46.170395],[21.351585,46.170383],[21.352418,46.1702]]},"properties":{"name":"Strada Sighișoara","lines":"48","arr":["48"],"roundabout":0,"mode":"bus","color":"#0059a9"}},{"type":"Feature","geometry":{"type":"LineString","coordinates":[[21.352418,46.1702],[21.352384,46.170127],[21.352075,46.169451],[21.351914,46.169128],[21.351737,46.168747],[21.351714,46.168698],[21.351401,46.168034],[21.351039,46.167193],[21.351035,46.167165],[21.351045,46.167127]]},"properties":{"name":"Strada Felix","lines":"48","arr":["48"],"roundabout":0,"mode":"bus","color":"#0059a9"}},{"type":"Feature","geometry":{"type":"LineString","coordinates":[[21.351045,46.167127],[21.351077,46.167099],[21.351109,46.167082],[21.351892,46.16691],[21.352645,46.166744],[21.353196,46.166625],[21.354671,46.166308],[21.355816,46.166072]]},"properties":{"name":"Strada Frăției","lines":"48","arr":["48"],"roundabout":0,"mode":"bus","color":"#0059a9"}},{"type":"Feature","geometry":{"type":"LineString","coordinates":[[21.357867,46.170723],[21.357798,46.170559],[21.357218,46.169176],[21.356531,46.167627],[21.356079,46.166645],[21.355816,46.166072]]},"properties":{"name":"Strada Renașterii","lines":"48","arr":["48"],"roundabout":0,"mode":"bus","color":"#0059a9"}},{"type":"Feature","geometry":{"type":"LineString","coordinates":[[21.366962,46.168676],[21.367111,46.168736],[21.367249,46.168755],[21.367381,46.168745],[21.368453,46.168559],[21.36868,46.16852],[21.369298,46.168413],[21.369777,46.168335],[21.369822,46.168335],[21.369862,46.168341],[21.369902,46.168357],[21.369934,46.168389],[21.369975,46.168432],[21.369991,46.168516],[21.37095,46.171323],[21.371007,46.171496],[21.37124,46.172206]]},"properties":{"name":"Strada Radu Pancu","lines":"48","arr":["48"],"roundabout":0,"mode":"bus","color":"#0059a9"}},{"type":"Feature","geometry":{"type":"LineString","coordinates":[[21.373621,46.173198],[21.373593,46.173132],[21.373557,46.173062],[21.373439,46.172998],[21.373215,46.173036],[21.373074,46.173071],[21.372904,46.173108],[21.372665,46.172555],[21.372409,46.171965],[21.372249,46.171996],[21.372098,46.172032],[21.371932,46.172066],[21.371512,46.172153],[21.37124,46.172206],[21.370384,46.172372],[21.370327,46.172382],[21.369746,46.172484],[21.368595,46.172686],[21.368121,46.17277]]},"properties":{"name":"","lines":"48","arr":["48"],"roundabout":0,"mode":"bus","color":"#0059a9"}},{"type":"Feature","geometry":{"type":"LineString","coordinates":[[21.37812,46.169864],[21.378724,46.169664]]},"properties":{"name":"","lines":"48","arr":["48"],"roundabout":0,"mode":"bus","color":"#0059a9"}},{"type":"Feature","geometry":{"type":"LineString","coordinates":[[21.373621,46.173198],[21.373017,46.173334]]},"properties":{"name":"","lines":"Ghioroc","arr":["Ghioroc"],"roundabout":0,"mode":"bus","color":"#0059a9"}},{"type":"Feature","geometry":{"type":"LineString","coordinates":[[21.377841,46.170609],[21.377739,46.170002],[21.377698,46.169805],[21.377644,46.169432],[21.377622,46.169228],[21.378491,46.168945],[21.378586,46.16907],[21.378689,46.1692],[21.377847,46.169474]]},"properties":{"name":"","lines":"Ghioroc","arr":["Ghioroc"],"roundabout":0,"mode":"bus","color":"#0059a9"}},{"type":"Feature","geometry":{"type":"LineString","coordinates":[[21.372456,46.173448],[21.372588,46.173417],[21.372808,46.173368],[21.373017,46.173334],[21.372854,46.173405],[21.372777,46.173453],[21.372704,46.173536]]},"properties":{"name":"","lines":"Ghioroc","arr":["Ghioroc"],"roundabout":0,"mode":"bus","color":"#0059a9"}},{"type":"Feature","geometry":{"type":"LineString","coordinates":[[21.373621,46.173198],[21.373693,46.173183],[21.37486,46.172938],[21.375561,46.172787],[21.375721,46.172753],[21.376213,46.172648],[21.376461,46.172582],[21.376949,46.172442],[21.378074,46.17211],[21.378069,46.17203],[21.378054,46.171808],[21.377841,46.170609],[21.378508,46.17036],[21.378416,46.17024],[21.378314,46.170113],[21.378227,46.169987],[21.37812,46.169864],[21.378026,46.169732],[21.377937,46.169606],[21.377847,46.169474]]},"properties":{"name":"","lines":"48, Ghioroc","arr":["48","Ghioroc"],"roundabout":0,"mode":"bus","color":"#0059a9"}},{"type":"Feature","geometry":{"type":"LineString","coordinates":[[21.368121,46.17277],[21.368088,46.172668],[21.367938,46.172223],[21.367872,46.172046],[21.367804,46.171852],[21.367678,46.171505],[21.367501,46.171033],[21.367157,46.170085],[21.366979,46.169565],[21.366897,46.169299],[21.366853,46.169232],[21.366784,46.169162],[21.366737,46.169119],[21.366692,46.169078]]},"properties":{"name":"Strada Aurel Crișan","lines":"48","arr":["48"],"roundabout":0,"mode":"bus","color":"#0059a9"}},{"type":"Feature","geometry":{"type":"LineString","coordinates":[[21.321906,46.156393],[21.321905,46.156274],[21.321904,46.156243],[21.321902,46.155979],[21.321905,46.155917],[21.321969,46.154597],[21.321984,46.154228],[21.321988,46.154126],[21.321997,46.153862],[21.321984,46.152974],[21.32198,46.152455],[21.321983,46.152313],[21.321982,46.152254],[21.321977,46.152189],[21.321824,46.150905],[21.321777,46.150529],[21.321753,46.150342],[21.321489,46.148395],[21.321426,46.147547],[21.321391,46.147008],[21.321387,46.146857],[21.321392,46.14651],[21.321401,46.146431],[21.321419,46.146361],[21.321447,46.146295]]},"properties":{"name":"Calea Timișorii","lines":"49","arr":["49"],"roundabout":0,"mode":"bus","color":"#0059a9","nolabel":1}},{"type":"Feature","geometry":{"type":"LineString","coordinates":[[21.32131,46.141948],[21.321116,46.141155],[21.321094,46.141038]]},"properties":{"name":"Calea Timișorii","lines":"49","arr":["49"],"roundabout":0,"mode":"bus","color":"#0059a9"}},{"type":"Feature","geometry":{"type":"LineString","coordinates":[[21.321712,46.155911],[21.321646,46.155911],[21.321625,46.15591],[21.32161,46.15591],[21.320925,46.1559],[21.320244,46.155841],[21.319686,46.155776],[21.318576,46.155655],[21.317914,46.15559],[21.316982,46.15549],[21.316691,46.155465],[21.316308,46.155479],[21.316216,46.155479],[21.316103,46.155464],[21.31506,46.155293],[21.313549,46.155025],[21.313441,46.155008],[21.312904,46.15491],[21.312418,46.154811],[21.311754,46.154672],[21.311179,46.154552],[21.309407,46.154231],[21.308855,46.154135],[21.308791,46.154118],[21.30875,46.154085]]},"properties":{"name":"Strada Posada","lines":"49","arr":["49"],"roundabout":0,"mode":"bus","color":"#0059a9"}},{"type":"Feature","geometry":{"type":"LineString","coordinates":[[21.30875,46.154085],[21.308732,46.154041],[21.308723,46.153975],[21.308737,46.153887],[21.30878,46.153762],[21.308824,46.153612],[21.308877,46.153417],[21.308921,46.153277],[21.308961,46.153144],[21.308984,46.153057],[21.309002,46.152979],[21.309019,46.152875]]},"properties":{"name":"","lines":"49","arr":["49"],"roundabout":0,"mode":"bus","color":"#0059a9"}},{"type":"Feature","geometry":{"type":"LineString","coordinates":[[21.306415,46.151949],[21.306958,46.152204],[21.307939,46.152677],[21.30815,46.15276],[21.308323,46.15281],[21.308502,46.152844],[21.308692,46.152869],[21.308848,46.152878],[21.309019,46.152875]]},"properties":{"name":"Strada Constituției","lines":"49","arr":["49"],"roundabout":0,"mode":"bus","color":"#0059a9"}},{"type":"Feature","geometry":{"type":"LineString","coordinates":[[21.306958,46.152204],[21.306924,46.152288],[21.306897,46.152354],[21.306581,46.153186],[21.306418,46.153579],[21.30636,46.153641],[21.306262,46.153693],[21.305108,46.153873],[21.303297,46.154123],[21.29904,46.154728],[21.298922,46.154745]]},"properties":{"name":"Strada Câmpia Turzii","lines":"49","arr":["49"],"roundabout":0,"mode":"bus","color":"#0059a9"}},{"type":"Feature","geometry":{"type":"LineString","coordinates":[[21.298385,46.153044],[21.298646,46.153871],[21.298678,46.15397],[21.298922,46.154745]]},"properties":{"name":"Strada Economului","lines":"49, 49b","arr":["49","49b"],"roundabout":0,"mode":"bus","color":"#0059a9"}},{"type":"Feature","geometry":{"type":"LineString","coordinates":[[21.306141,46.151814],[21.306068,46.151877],[21.30599,46.151912],[21.305913,46.151928],[21.302751,46.152397],[21.298385,46.153044]]},"properties":{"name":"Strada Coloniștilor","lines":"49, 49b","arr":["49","49b"],"roundabout":0,"mode":"bus","color":"#0059a9"}},{"type":"Feature","geometry":{"type":"LineString","coordinates":[[21.306141,46.151814],[21.306415,46.151949]]},"properties":{"name":"Strada Constituției","lines":"49, 49b","arr":["49","49b"],"roundabout":0,"mode":"bus","color":"#0059a9"}},{"type":"Feature","geometry":{"type":"LineString","coordinates":[[21.321772,46.153862],[21.321859,46.153862],[21.32192,46.153862],[21.321997,46.153862]]},"properties":{"name":"Strada Cibinului","lines":"49","arr":["49"],"roundabout":0,"mode":"bus","color":"#0059a9"}},{"type":"Feature","geometry":{"type":"LineString","coordinates":[[21.321241,46.146108],[21.321265,46.146024],[21.321295,46.145909],[21.321337,46.14578],[21.32137,46.145686],[21.321455,46.14546]]},"properties":{"name":"Calea Timișorii","lines":"49, 49b","arr":["49","49b"],"roundabout":0,"mode":"bus","color":"#0059a9"}},{"type":"Feature","geometry":{"type":"LineString","coordinates":[[21.32131,46.141948],[21.321337,46.142196],[21.321358,46.142432],[21.321444,46.143185],[21.32147,46.143463],[21.321502,46.143759],[21.321509,46.143829],[21.321514,46.144216],[21.321515,46.144287],[21.321514,46.144453],[21.321493,46.14476],[21.321489,46.144833],[21.321476,46.145135],[21.321455,46.14546],[21.321459,46.145697],[21.321465,46.145895],[21.321467,46.145925],[21.321471,46.145991],[21.321477,46.146034],[21.321498,46.146087]]},"properties":{"name":"Calea Timișorii","lines":"49, 49b","arr":["49","49b"],"roundabout":0,"mode":"bus","color":"#0059a9"}},{"type":"Feature","geometry":{"type":"LineString","coordinates":[[21.321215,46.141026],[21.321094,46.141038]]},"properties":{"name":"Strada Ogorului","lines":"49b","arr":["49b"],"roundabout":0,"mode":"bus","color":"#0059a9"}},{"type":"Feature","geometry":{"type":"LineString","coordinates":[[21.321094,46.141038],[21.31778,46.141082],[21.315216,46.141117],[21.312441,46.141172],[21.31231,46.14117],[21.311262,46.141192],[21.311171,46.141193],[21.311021,46.141194],[21.310766,46.141182],[21.310559,46.141182],[21.310472,46.141185],[21.310418,46.141192],[21.310328,46.141214],[21.310087,46.141291],[21.309961,46.14134]]},"properties":{"name":"Strada Ogorului","lines":"49, 49b","arr":["49","49b"],"roundabout":0,"mode":"bus","color":"#0059a9"}},{"type":"Feature","geometry":{"type":"LineString","coordinates":[[21.311021,46.141194],[21.310767,46.14122],[21.310614,46.141229],[21.310484,46.141248],[21.310373,46.141283],[21.310285,46.141327],[21.310237,46.141377],[21.310204,46.141446]]},"properties":{"name":"Strada Ogorului","lines":"49","arr":["49"],"roundabout":0,"mode":"bus","color":"#0059a9"}},{"type":"Feature","geometry":{"type":"LineString","coordinates":[[21.299617,46.162333],[21.299696,46.162417],[21.300106,46.163176],[21.300757,46.164449],[21.301852,46.166481],[21.301867,46.16651],[21.30189,46.166553]]},"properties":{"name":"Strada Andrei Șaguna","lines":"49b","arr":["49b"],"roundabout":0,"mode":"bus","color":"#0059a9"}},{"type":"Feature","geometry":{"type":"LineString","coordinates":[[21.299617,46.162333],[21.299507,46.162256],[21.299398,46.162159],[21.299244,46.162033],[21.299177,46.16196],[21.299116,46.161887],[21.299055,46.161774],[21.299019,46.161707],[21.298985,46.161597],[21.298969,46.16146],[21.298964,46.161301],[21.298925,46.161112],[21.299018,46.158455],[21.29909,46.158277],[21.299075,46.157973],[21.299042,46.15766],[21.299007,46.157225],[21.299004,46.15705],[21.299031,46.156902],[21.299084,46.156605],[21.29921,46.156047],[21.299221,46.155961],[21.299227,46.155869],[21.299222,46.155766],[21.299176,46.155523],[21.298922,46.154745]]},"properties":{"name":"Podul Andrei Șaguna","lines":"49b","arr":["49b"],"roundabout":0,"mode":"bus","color":"#0059a9"}},{"type":"Feature","geometry":{"type":"LineString","coordinates":[[21.311171,46.141193],[21.311174,46.141288],[21.311194,46.141896],[21.311198,46.142009],[21.311237,46.143191],[21.311292,46.143942],[21.311307,46.144205],[21.311308,46.144453],[21.311294,46.14454],[21.311278,46.144576],[21.31125,46.144607],[21.311211,46.144629],[21.311153,46.144646],[21.310917,46.144673],[21.310313,46.144707],[21.310057,46.144724],[21.308628,46.14481],[21.307609,46.144835],[21.307508,46.144853],[21.30744,46.144877],[21.307414,46.144891],[21.307397,46.14491],[21.307375,46.144959],[21.307373,46.145021],[21.307515,46.145837],[21.307531,46.14593],[21.307702,46.146943],[21.307718,46.147098],[21.307714,46.147201],[21.307697,46.148885],[21.307686,46.149013],[21.307658,46.14913],[21.307581,46.149256],[21.307483,46.149364],[21.307354,46.149466],[21.307205,46.149555],[21.306893,46.149726],[21.306807,46.149801],[21.306758,46.149858],[21.306711,46.149954],[21.306691,46.150049],[21.306445,46.151736],[21.306427,46.151847],[21.306415,46.151949]]},"properties":{"name":"Strada Constantin Ticu Dumitrescu","lines":"49b","arr":["49b"],"roundabout":0,"mode":"bus","color":"#0059a9"}},{"type":"Feature","geometry":{"type":"LineString","coordinates":[[21.311194,46.141896],[21.311077,46.141796],[21.310951,46.141727],[21.310853,46.141685],[21.310709,46.141651],[21.310534,46.14164],[21.31039,46.14164],[21.310323,46.141647],[21.310229,46.141672]]},"properties":{"name":"","lines":"49b","arr":["49b"],"roundabout":0,"mode":"bus","color":"#0059a9"}},{"type":"Feature","geometry":{"type":"LineString","coordinates":[[21.321215,46.141026],[21.321249,46.141216],[21.32131,46.141948]]},"properties":{"name":"Calea Timișorii","lines":"49b","arr":["49b"],"roundabout":0,"mode":"bus","color":"#0059a9"}},{"type":"Feature","geometry":{"type":"LineString","coordinates":[[21.321997,46.146147],[21.321902,46.146186],[21.321819,46.146203],[21.321763,46.146212],[21.321632,46.146238],[21.321488,46.146279]]},"properties":{"name":"Strada Ștefan cel Mare","lines":"49b","arr":["49b"],"roundabout":0,"mode":"bus","color":"#0059a9","nolabel":1}},{"type":"Feature","geometry":{"type":"LineString","coordinates":[[21.334099,46.195095],[21.334242,46.195026],[21.334273,46.195011],[21.335109,46.194612],[21.335157,46.194588],[21.335352,46.194491],[21.335649,46.194343],[21.3365,46.193916],[21.337565,46.193362],[21.337644,46.193322],[21.338486,46.19289],[21.33892,46.192665],[21.339133,46.192552],[21.339332,46.192443],[21.339393,46.192403],[21.341773,46.190382],[21.342693,46.189604],[21.342764,46.189533],[21.342813,46.18946],[21.342856,46.189365]]},"properties":{"name":"Strada Ioan Budai Deleanu","lines":"52","arr":["52"],"roundabout":0,"mode":"bus","color":"#0059a9"}},{"type":"Feature","geometry":{"type":"LineString","coordinates":[[21.342856,46.189365],[21.342373,46.18826],[21.342245,46.187994],[21.342003,46.187479],[21.341598,46.186633],[21.341141,46.185646],[21.341132,46.185617],[21.341131,46.185579],[21.341138,46.185524],[21.34116,46.185472],[21.341229,46.185353]]},"properties":{"name":"Strada Orient","lines":"52","arr":["52"],"roundabout":0,"mode":"bus","color":"#0059a9"}},{"type":"Feature","geometry":{"type":"LineString","coordinates":[[21.341229,46.185353],[21.34126,46.18533],[21.341313,46.18531],[21.342433,46.185305],[21.343417,46.185289],[21.343854,46.185281],[21.344475,46.185285],[21.345116,46.185308],[21.346226,46.185376],[21.347002,46.185479],[21.347991,46.185616],[21.348462,46.185692],[21.349165,46.185806],[21.349361,46.185861],[21.349583,46.18594],[21.349736,46.186]]},"properties":{"name":"Strada Cometei","lines":"52","arr":["52"],"roundabout":0,"mode":"bus","color":"#0059a9"}},{"type":"Feature","geometry":{"type":"LineString","coordinates":[[21.339655,46.185674],[21.341366,46.186587],[21.341443,46.186619],[21.341479,46.186626],[21.341528,46.186632],[21.341598,46.186633]]},"properties":{"name":"Strada Gelu","lines":"52","arr":["52"],"roundabout":0,"mode":"bus","color":"#0059a9"}},{"type":"Feature","geometry":{"type":"LineString","coordinates":[[21.339655,46.185674],[21.338969,46.18632],[21.338112,46.187141],[21.337272,46.187953],[21.336544,46.18865],[21.335908,46.189254],[21.335558,46.189592],[21.33515,46.189967],[21.33438,46.190323],[21.333151,46.190865],[21.332368,46.191221],[21.330902,46.191887],[21.330862,46.191904],[21.330698,46.191971]]},"properties":{"name":"Strada Războieni","lines":"52","arr":["52"],"roundabout":0,"mode":"bus","color":"#0059a9"}},{"type":"Feature","geometry":{"type":"LineString","coordinates":[[21.30338,46.16942],[21.301477,46.169377],[21.299368,46.16933],[21.29777,46.169294],[21.297068,46.169278],[21.294714,46.169225],[21.292739,46.169186],[21.292171,46.169174],[21.292071,46.169172],[21.292003,46.169171],[21.291822,46.169169]]},"properties":{"name":"Strada Dorobanților","lines":"54","arr":["54"],"roundabout":0,"mode":"bus","color":"#0059a9"}},{"type":"Feature","geometry":{"type":"LineString","coordinates":[[21.291822,46.169169],[21.291677,46.169168],[21.291633,46.169169],[21.291552,46.169166],[21.291508,46.169166],[21.291457,46.169165],[21.291375,46.169164],[21.291327,46.169164],[21.291255,46.169163],[21.291103,46.16916],[21.290928,46.169156],[21.289535,46.169128],[21.288408,46.169102],[21.288016,46.169091],[21.287071,46.169068],[21.286541,46.169055],[21.286377,46.16905],[21.286154,46.169046],[21.285609,46.169034],[21.285181,46.169024],[21.284209,46.169001],[21.283873,46.168991],[21.283229,46.168977],[21.282725,46.168966],[21.282223,46.168958],[21.282181,46.168957]]},"properties":{"name":"Calea Bodrogului","lines":"54","arr":["54"],"roundabout":0,"mode":"bus","color":"#0059a9"}},{"type":"Feature","geometry":{"type":"LineString","coordinates":[[21.281175,46.169127],[21.281192,46.169102],[21.281211,46.16908],[21.281238,46.169057],[21.281277,46.169036],[21.281325,46.169021],[21.281389,46.169008],[21.281477,46.168995],[21.281557,46.168988],[21.28166,46.168981],[21.282036,46.168973],[21.282103,46.168967],[21.282181,46.168957],[21.282108,46.16894],[21.282041,46.168929],[21.281893,46.168918],[21.281681,46.168916],[21.281586,46.168917],[21.281465,46.168927],[21.281325,46.168947],[21.281256,46.16896],[21.281223,46.168963],[21.281198,46.168965],[21.281169,46.168964],[21.281133,46.168962],[21.281084,46.168956]]},"properties":{"name":"Calea Bodrogului","lines":"54","arr":["54"],"roundabout":0,"mode":"bus","color":"#0059a9"}},{"type":"Feature","geometry":{"type":"LineString","coordinates":[[21.280569,46.169068],[21.280526,46.169008],[21.280493,46.168973],[21.280468,46.168956],[21.280451,46.168948],[21.280434,46.168941],[21.280396,46.168934],[21.280341,46.168929],[21.280248,46.168924],[21.280116,46.168912],[21.279982,46.168902],[21.279765,46.168882]]},"properties":{"name":"Calea Bodrogului","lines":"54","arr":["54"],"roundabout":0,"mode":"bus","color":"#0059a9"}},{"type":"Feature","geometry":{"type":"LineString","coordinates":[[21.267569,46.16864],[21.268534,46.168666],[21.269014,46.168695],[21.26926,46.168687],[21.269522,46.168694],[21.275525,46.168797],[21.277303,46.168827],[21.277518,46.168831],[21.278563,46.168855],[21.279378,46.168874],[21.279765,46.168882],[21.279985,46.168874],[21.280243,46.168861],[21.280357,46.168861],[21.280424,46.168861],[21.280486,46.168867],[21.280528,46.168874],[21.280588,46.168888],[21.280723,46.168922]]},"properties":{"name":"Calea Bodrogului","lines":"54","arr":["54"],"roundabout":0,"mode":"bus","color":"#0059a9"}},{"type":"Feature","geometry":{"type":"LineString","coordinates":[[21.267569,46.16864],[21.262806,46.168538],[21.258623,46.168478],[21.257733,46.168453],[21.253688,46.168377],[21.246429,46.168221],[21.244935,46.168194],[21.242925,46.168156],[21.24289,46.16922],[21.242857,46.17018],[21.242838,46.170915],[21.242823,46.171053],[21.242782,46.171114],[21.242722,46.171171],[21.242658,46.171194],[21.242562,46.171214],[21.242377,46.171215],[21.241314,46.171194],[21.240219,46.171174],[21.239174,46.171157],[21.238158,46.171169],[21.238074,46.17117],[21.238074,46.171232],[21.238073,46.17142],[21.23805,46.17193],[21.23804,46.172347]]},"properties":{"name":"DJ682F","lines":"54","arr":["54"],"roundabout":0,"mode":"bus","color":"#0059a9"}},{"type":"Feature","geometry":{"type":"LineString","coordinates":[[21.288674,46.214015],[21.287894,46.213677],[21.287388,46.213465],[21.287102,46.213345],[21.286877,46.213263],[21.286655,46.213195],[21.286292,46.213093],[21.28601,46.213016],[21.28327,46.212244]]},"properties":{"name":"Strada Tribunul Corcheș","lines":"60","arr":["60"],"roundabout":0,"mode":"bus","color":"#0059a9"}},{"type":"Feature","geometry":{"type":"LineString","coordinates":[[21.279572,46.217257],[21.279633,46.217263],[21.279698,46.217255],[21.279763,46.217225],[21.280084,46.216967],[21.280593,46.216545],[21.280772,46.216398],[21.281218,46.216032],[21.281341,46.215932],[21.281404,46.21588],[21.281574,46.215718],[21.281741,46.21551],[21.281882,46.215285],[21.28203,46.214983],[21.282302,46.214383],[21.282534,46.213871],[21.282581,46.213768],[21.28286,46.213151],[21.283191,46.212415],[21.283212,46.21237],[21.283233,46.212324],[21.28327,46.212244]]},"properties":{"name":"Strada Fagului","lines":"60","arr":["60"],"roundabout":0,"mode":"bus","color":"#0059a9"}},{"type":"Feature","geometry":{"type":"LineString","coordinates":[[21.279572,46.217257],[21.279248,46.217193],[21.278448,46.217032],[21.278297,46.217013],[21.278138,46.217004],[21.278009,46.217006],[21.277681,46.217026],[21.276379,46.21709],[21.276155,46.21709],[21.276072,46.217086],[21.275986,46.217075],[21.275803,46.21704],[21.27468,46.21681],[21.274383,46.216738],[21.273552,46.216521],[21.27206,46.216133],[21.269581,46.215486]]},"properties":{"name":"Strada Ion Creangă","lines":"60","arr":["60"],"roundabout":0,"mode":"bus","color":"#0059a9"}},{"type":"Feature","geometry":{"type":"LineString","coordinates":[[21.271024,46.212811],[21.269581,46.215486]]},"properties":{"name":"Strada Faurilor","lines":"60","arr":["60"],"roundabout":0,"mode":"bus","color":"#0059a9"}},{"type":"Feature","geometry":{"type":"LineString","coordinates":[[21.271024,46.212811],[21.271166,46.212844],[21.273455,46.21348],[21.275735,46.214112]]},"properties":{"name":"Strada Anton Pann","lines":"60","arr":["60"],"roundabout":0,"mode":"bus","color":"#0059a9"}},{"type":"Feature","geometry":{"type":"LineString","coordinates":[[21.275735,46.214112],[21.276286,46.213026],[21.277237,46.211163],[21.277411,46.21082],[21.277473,46.210706],[21.277504,46.210647],[21.277552,46.21056],[21.27756,46.210546],[21.277975,46.209777],[21.278709,46.208318],[21.279094,46.207623],[21.279538,46.206733],[21.280179,46.205531]]},"properties":{"name":"Strada Dunării","lines":"60","arr":["60"],"roundabout":0,"mode":"bus","color":"#0059a9"}},{"type":"Feature","geometry":{"type":"LineString","coordinates":[[21.270509,46.20288],[21.273116,46.203572],[21.275556,46.204248],[21.277574,46.204801],[21.28012,46.205513],[21.280179,46.205531]]},"properties":{"name":"Strada Bogdan Voievod I","lines":"60","arr":["60"],"roundabout":0,"mode":"bus","color":"#0059a9"}},{"type":"Feature","geometry":{"type":"LineString","coordinates":[[21.269192,46.205268],[21.270509,46.20288]]},"properties":{"name":"Strada Nouă","lines":"60","arr":["60"],"roundabout":0,"mode":"bus","color":"#0059a9"}},{"type":"Feature","geometry":{"type":"LineString","coordinates":[[21.269192,46.205268],[21.271806,46.206015]]},"properties":{"name":"Strada Concordiei","lines":"60","arr":["60"],"roundabout":0,"mode":"bus","color":"#0059a9"}},{"type":"Feature","geometry":{"type":"LineString","coordinates":[[21.273116,46.203572],[21.271806,46.206015]]},"properties":{"name":"Strada Fântânei","lines":"60","arr":["60"],"roundabout":0,"mode":"bus","color":"#0059a9"}},{"type":"Feature","geometry":{"type":"LineString","coordinates":[[21.593733,46.156232],[21.5937,46.156382],[21.593689,46.15642]]},"properties":{"name":"Miniș-Ghioroc","lines":"Ghioroc","arr":["Ghioroc"],"roundabout":0,"mode":"bus","color":"#0059a9"}},{"type":"Feature","geometry":{"type":"LineString","coordinates":[[21.593456,46.15566],[21.593498,46.155686],[21.593528,46.155707],[21.593553,46.15573],[21.593575,46.155751],[21.593598,46.155778],[21.593621,46.155811],[21.593647,46.155855],[21.593666,46.155905],[21.593677,46.155943],[21.593688,46.155992],[21.593694,46.156036],[21.5937,46.156085],[21.593733,46.156232]]},"properties":{"name":"Sâmbăteni-Ghioroc","lines":"Ghioroc","arr":["Ghioroc"],"roundabout":0,"mode":"bus","color":"#0059a9"}},{"type":"Feature","geometry":{"type":"LineString","coordinates":[[21.593456,46.15566],[21.593437,46.15565],[21.593404,46.155639],[21.59337,46.155631],[21.593328,46.15562],[21.593283,46.155611],[21.593213,46.155602],[21.593112,46.155594],[21.592984,46.155585],[21.591576,46.155563],[21.590875,46.155548],[21.590804,46.155546],[21.590732,46.155541],[21.590662,46.155534],[21.590361,46.155502],[21.589999,46.155461],[21.589586,46.155417],[21.589325,46.155391],[21.588946,46.155354],[21.588422,46.155304],[21.588111,46.155273],[21.588027,46.155264],[21.587809,46.155228],[21.587401,46.155191],[21.586968,46.155157],[21.586733,46.155131],[21.586619,46.155116],[21.586569,46.155104],[21.586498,46.155085],[21.586403,46.155055],[21.586328,46.155029],[21.586307,46.155021],[21.586287,46.155014],[21.586145,46.154959],[21.586067,46.154928],[21.585491,46.154684],[21.585232,46.154593],[21.584677,46.154424],[21.584438,46.154361],[21.584375,46.154345],[21.584331,46.154335],[21.584162,46.154306],[21.584085,46.154294],[21.584018,46.154285],[21.583951,46.154279],[21.583422,46.154253],[21.58282,46.154225],[21.579707,46.154064],[21.579656,46.154061],[21.57945,46.154046],[21.579225,46.154031],[21.579115,46.154019],[21.579025,46.154015],[21.57882,46.154004],[21.578499,46.153983],[21.578073,46.153957],[21.577292,46.153906],[21.576489,46.153859],[21.575743,46.153807],[21.575329,46.153783],[21.574895,46.153747],[21.574667,46.153725],[21.57448,46.15371],[21.574287,46.153686],[21.573979,46.153643],[21.573812,46.153614],[21.573635,46.153584],[21.573521,46.153563],[21.573105,46.153476],[21.572811,46.153414],[21.572543,46.15335],[21.572105,46.153254],[21.571531,46.153123],[21.570966,46.152997],[21.570081,46.152808],[21.568359,46.152432],[21.567805,46.152309],[21.567114,46.152164],[21.566397,46.152001],[21.565011,46.151699],[21.562245,46.151103],[21.5619,46.151028],[21.561569,46.150957],[21.561314,46.150902],[21.561077,46.150844],[21.560866,46.150788],[21.560666,46.150727],[21.560538,46.150688],[21.560417,46.15065],[21.56033,46.15062],[21.560261,46.150597],[21.560061,46.150541],[21.559877,46.150489],[21.559681,46.150441],[21.559426,46.150378],[21.559166,46.150326],[21.558889,46.150275],[21.558471,46.150198],[21.558077,46.150126],[21.557527,46.150023],[21.557039,46.149936],[21.556577,46.149854],[21.556443,46.149831],[21.55631,46.149813],[21.556076,46.149784],[21.555757,46.149748],[21.555121,46.149676],[21.554472,46.149604],[21.554315,46.149587],[21.554181,46.149569],[21.554083,46.149553],[21.553981,46.149539],[21.553862,46.149511],[21.553636,46.14946],[21.552881,46.14928],[21.552123,46.149097],[21.551798,46.14901],[21.551665,46.148971],[21.551536,46.148928],[21.5513,46.148833],[21.551112,46.148751],[21.550882,46.148642],[21.550541,46.148478],[21.550182,46.148296],[21.549487,46.147945],[21.548242,46.147319],[21.547006,46.146713],[21.546311,46.146362],[21.54541,46.145899],[21.543935,46.145165],[21.543477,46.14493],[21.543041,46.144717],[21.542022,46.144204],[21.541069,46.143728],[21.540056,46.143217],[21.539033,46.142709],[21.537873,46.142124],[21.537012,46.141687],[21.536706,46.141531],[21.536337,46.141353],[21.535942,46.141156],[21.535822,46.141101],[21.534786,46.140583],[21.533758,46.140055],[21.532818,46.13958],[21.53234,46.139336],[21.532086,46.139207],[21.531904,46.13911],[21.531806,46.139061]]},"properties":{"name":"DJ708C","lines":"Ghioroc","arr":["Ghioroc"],"roundabout":0,"mode":"bus","color":"#0059a9"}},{"type":"Feature","geometry":{"type":"LineString","coordinates":[[21.531806,46.139061],[21.531727,46.139029],[21.53165,46.138972],[21.531472,46.138804],[21.531443,46.138641],[21.531612,46.138758],[21.531676,46.138862],[21.53173,46.138946],[21.531779,46.139016],[21.531806,46.139061]]},"properties":{"name":"DJ708C","lines":"Ghioroc","arr":["Ghioroc"],"roundabout":0,"mode":"bus","color":"#0059a9"}},{"type":"Feature","geometry":{"type":"LineString","coordinates":[[21.531443,46.138641],[21.530163,46.139123],[21.529518,46.139366],[21.528906,46.139595],[21.528556,46.139725],[21.528157,46.139876],[21.527423,46.140148],[21.527154,46.140248],[21.527101,46.140268],[21.526733,46.140387],[21.526385,46.140491],[21.526034,46.140586],[21.525834,46.140637],[21.525682,46.14067],[21.525391,46.140731],[21.525291,46.140754],[21.524194,46.140942],[21.523795,46.141011],[21.523376,46.141082],[21.52269,46.14121],[21.522565,46.141233],[21.522328,46.141288],[21.522044,46.14136],[21.521559,46.141487],[21.521159,46.141595],[21.520748,46.141706],[21.520337,46.141816],[21.519631,46.142024],[21.519374,46.142113],[21.51909,46.142214],[21.518325,46.142492],[21.518137,46.142561],[21.517477,46.142799],[21.516734,46.143065],[21.515281,46.143586],[21.514744,46.143771],[21.514192,46.14396],[21.51361,46.144156],[21.512925,46.144379],[21.512556,46.144496],[21.51222,46.144611],[21.511668,46.144772],[21.511359,46.144847],[21.510999,46.144919],[21.510809,46.144948],[21.510627,46.144972],[21.510429,46.144987],[21.510116,46.145005],[21.509873,46.145009],[21.509535,46.145022],[21.50902,46.145031],[21.507947,46.145059],[21.506282,46.145099],[21.498383,46.145318],[21.49481,46.145426],[21.494716,46.145429],[21.494644,46.145431],[21.49194,46.145506],[21.490455,46.145548],[21.489493,46.145575],[21.489124,46.145583],[21.488736,46.145598],[21.488463,46.145606],[21.488149,46.145614],[21.487557,46.145632],[21.48705,46.145647],[21.486451,46.145664],[21.485327,46.1457],[21.48393,46.145755],[21.482496,46.14581],[21.481501,46.145846],[21.480459,46.145886],[21.479711,46.145914],[21.479103,46.145936],[21.478037,46.145974],[21.476901,46.146018],[21.475927,46.146055],[21.475028,46.146088],[21.474347,46.146128],[21.474137,46.146146],[21.473892,46.14617],[21.473658,46.146198],[21.473397,46.146232],[21.473097,46.146277],[21.472865,46.146314],[21.472611,46.146359],[21.472445,46.14639],[21.472338,46.146411],[21.472048,46.14647],[21.47142,46.146618],[21.471368,46.146629],[21.470381,46.146857],[21.469336,46.147102],[21.468761,46.147236],[21.46804,46.147399],[21.46732,46.147568],[21.466676,46.147726],[21.466625,46.147738],[21.465342,46.148044],[21.463972,46.148375],[21.463049,46.148593],[21.462195,46.148797],[21.461269,46.14902],[21.46035,46.149237],[21.459614,46.149416],[21.458723,46.149637],[21.45865,46.149655],[21.458633,46.149659],[21.457155,46.15001],[21.456184,46.150242],[21.456115,46.150258],[21.454544,46.150627],[21.453272,46.150932],[21.451996,46.151235],[21.45099,46.151472],[21.449557,46.151812],[21.448392,46.15209],[21.44713,46.152397],[21.445682,46.152751],[21.44412,46.153122],[21.443116,46.153369],[21.441941,46.153648],[21.440567,46.153977],[21.438997,46.154356],[21.437696,46.154665],[21.436407,46.154976],[21.435153,46.155278],[21.434246,46.155506],[21.433344,46.155724],[21.432421,46.155957],[21.431274,46.156236],[21.430676,46.156364],[21.430504,46.156404]]},"properties":{"name":"DN7","lines":"Ghioroc","arr":["Ghioroc"],"roundabout":0,"mode":"bus","color":"#0059a9"}},{"type":"Feature","geometry":{"type":"LineString","coordinates":[[21.429831,46.156545],[21.429997,46.156494],[21.430194,46.15646],[21.430504,46.156404],[21.430202,46.15641],[21.429974,46.156395],[21.429829,46.156362]]},"properties":{"name":"DN7","lines":"Ghioroc","arr":["Ghioroc"],"roundabout":0,"mode":"bus","color":"#0059a9"}},{"type":"Feature","geometry":{"type":"LineString","coordinates":[[21.42934,46.156643],[21.429109,46.1567],[21.428869,46.156785],[21.428619,46.156849],[21.428934,46.156691],[21.429079,46.156613],[21.429207,46.156512]]},"properties":{"name":"DN7","lines":"Ghioroc","arr":["Ghioroc"],"roundabout":0,"mode":"bus","color":"#0059a9"}},{"type":"Feature","geometry":{"type":"LineString","coordinates":[[21.428619,46.156849],[21.426159,46.15747],[21.424823,46.157801],[21.424491,46.157884],[21.423468,46.158138],[21.423312,46.158176],[21.420909,46.15878],[21.420813,46.158803],[21.418461,46.159413],[21.417421,46.159688],[21.416569,46.159919]]},"properties":{"name":"DN7","lines":"Ghioroc, Vladimirescu","arr":["Ghioroc","Vladimirescu"],"roundabout":0,"mode":"bus","color":"#0059a9"}},{"type":"Feature","geometry":{"type":"LineString","coordinates":[[21.416569,46.159919],[21.415883,46.160104],[21.415593,46.160182],[21.414336,46.16051],[21.413081,46.160846],[21.412598,46.160982],[21.412125,46.161124],[21.412028,46.161156],[21.411408,46.161357],[21.410713,46.16158],[21.409959,46.161822],[21.409294,46.162033],[21.408539,46.162274],[21.407754,46.162524],[21.406965,46.162777],[21.405889,46.163115],[21.404971,46.163416],[21.404915,46.163434],[21.404744,46.163488],[21.403407,46.163906],[21.403273,46.163949],[21.40235,46.16425],[21.401348,46.164574],[21.400391,46.164878],[21.400346,46.164892],[21.399642,46.165107],[21.398694,46.165397],[21.398252,46.165531],[21.397704,46.165698],[21.397378,46.165797],[21.396462,46.166072],[21.395115,46.166477],[21.394292,46.166735],[21.393466,46.166991],[21.393181,46.16708],[21.39309,46.167109],[21.392577,46.16727],[21.392375,46.167333],[21.392031,46.167441],[21.391678,46.167556],[21.391304,46.167675],[21.390931,46.16779],[21.390727,46.167851],[21.390584,46.167873],[21.39042,46.16791],[21.390257,46.167939],[21.390152,46.167955],[21.390044,46.167966],[21.38987,46.167978],[21.38977,46.167975],[21.389686,46.167961],[21.389569,46.167925]]},"properties":{"name":"Strada Progresului","lines":"Ghioroc, Vladimirescu","arr":["Ghioroc","Vladimirescu"],"roundabout":0,"mode":"bus","color":"#0059a9"}},{"type":"Feature","geometry":{"type":"LineString","coordinates":[[21.389275,46.168238],[21.389141,46.168278],[21.389065,46.168307],[21.388993,46.168339],[21.388852,46.168405],[21.3887,46.168459],[21.388504,46.168512]]},"properties":{"name":"Strada Progresului","lines":"Ghioroc, Vladimirescu","arr":["Ghioroc","Vladimirescu"],"roundabout":0,"mode":"bus","color":"#0059a9"}},{"type":"Feature","geometry":{"type":"LineString","coordinates":[[21.386508,46.169234],[21.38708,46.16903],[21.38714,46.169007],[21.387539,46.16886],[21.387901,46.16873],[21.38816,46.168637],[21.388504,46.168512],[21.388629,46.168432],[21.388743,46.168374],[21.388821,46.16833],[21.388916,46.168267],[21.388966,46.168216],[21.388999,46.16816],[21.389036,46.168086]]},"properties":{"name":"Strada Progresului","lines":"Ghioroc, Vladimirescu","arr":["Ghioroc","Vladimirescu"],"roundabout":0,"mode":"bus","color":"#0059a9"}},{"type":"Feature","geometry":{"type":"LineString","coordinates":[[21.393466,46.166991],[21.393484,46.166931],[21.393498,46.16687],[21.393515,46.166822],[21.39359,46.166623],[21.393819,46.166126],[21.394037,46.165699]]},"properties":{"name":"","lines":"Ghioroc, Vladimirescu","arr":["Ghioroc","Vladimirescu"],"roundabout":0,"mode":"bus","color":"#0059a9"}},{"type":"Feature","geometry":{"type":"LineString","coordinates":[[21.390117,46.165841],[21.390213,46.165832],[21.390581,46.165808],[21.390883,46.165778],[21.39132,46.165739],[21.391792,46.165702],[21.391856,46.165697],[21.391958,46.165689],[21.393186,46.165585],[21.39366,46.165657],[21.394037,46.165699]]},"properties":{"name":"Strada Augusta","lines":"Ghioroc, Vladimirescu","arr":["Ghioroc","Vladimirescu"],"roundabout":0,"mode":"bus","color":"#0059a9"}},{"type":"Feature","geometry":{"type":"LineString","coordinates":[[21.389825,46.16609],[21.389783,46.166103],[21.389749,46.166119],[21.389727,46.166139],[21.389703,46.166172],[21.389726,46.166446],[21.389729,46.166498],[21.389717,46.166549],[21.389695,46.166602],[21.389645,46.166716],[21.389568,46.166898],[21.389464,46.167142],[21.389447,46.167182],[21.389433,46.167217],[21.389313,46.167527]]},"properties":{"name":"Strada Cetății Orod","lines":"Ghioroc, Vladimirescu","arr":["Ghioroc","Vladimirescu"],"roundabout":0,"mode":"bus","color":"#0059a9"}},{"type":"Feature","geometry":{"type":"LineString","coordinates":[[21.389425,46.167845],[21.389383,46.16778],[21.389356,46.167727],[21.389331,46.167626],[21.389313,46.167527],[21.389233,46.167627],[21.389111,46.167895]]},"properties":{"name":"Strada Cetății Orod","lines":"Ghioroc, Vladimirescu","arr":["Ghioroc","Vladimirescu"],"roundabout":0,"mode":"bus","color":"#0059a9"}},{"type":"Feature","geometry":{"type":"LineString","coordinates":[[21.386508,46.169234],[21.386415,46.169369],[21.386164,46.169621],[21.382847,46.170844],[21.382575,46.170944],[21.381397,46.171399],[21.38067,46.17172],[21.37968,46.172195],[21.379439,46.172328],[21.379275,46.1724],[21.379013,46.172446],[21.378588,46.17247]]},"properties":{"name":"Deviere DN7","lines":"Ghioroc, Vladimirescu","arr":["Ghioroc","Vladimirescu"],"roundabout":0,"mode":"bus","color":"#0059a9"}},{"type":"Feature","geometry":{"type":"LineString","coordinates":[[21.324545,46.182407],[21.324613,46.182581],[21.324559,46.182719]]},"properties":{"name":"","lines":"13","arr":["13"],"roundabout":0,"mode":"bus","color":"#0059a9","unmapped":1}},{"type":"Feature","geometry":{"type":"LineString","coordinates":[[21.326639,46.184794],[21.326656,46.184815],[21.32674,46.184988],[21.32676,46.185209]]},"properties":{"name":"","lines":"31, 52","arr":["31","52"],"roundabout":0,"mode":"bus","color":"#0059a9","unmapped":1}},{"type":"Feature","geometry":{"type":"LineString","coordinates":[[21.324432,46.182425],[21.324545,46.182407]]},"properties":{"name":"","lines":"13","arr":["13"],"roundabout":0,"mode":"bus","color":"#0059a9","nolabel":1}},{"type":"Feature","geometry":{"type":"LineString","coordinates":[[21.319561,46.167884],[21.318792,46.168189],[21.318654,46.168251],[21.318505,46.168328],[21.318427,46.16837],[21.318329,46.168426],[21.318246,46.168477],[21.31816,46.168536],[21.318089,46.168586],[21.317881,46.168739],[21.317743,46.168842],[21.317647,46.168921],[21.317633,46.168934],[21.317452,46.169108],[21.317343,46.169219],[21.31727,46.169296],[21.317218,46.169352],[21.317162,46.169416],[21.317072,46.16953],[21.316962,46.169689],[21.316727,46.17005],[21.316638,46.170193],[21.316534,46.170362],[21.316332,46.170815],[21.316053,46.171422],[21.316021,46.171496],[21.315989,46.171565],[21.315966,46.171688],[21.315953,46.171765],[21.315946,46.171841],[21.315947,46.171915],[21.315957,46.171992],[21.315973,46.172046],[21.316003,46.172127],[21.316015,46.172153],[21.316244,46.172556],[21.316715,46.173376],[21.317282,46.174212],[21.318108,46.175306],[21.318197,46.175424],[21.318638,46.176076],[21.318675,46.17613],[21.318876,46.176455],[21.319039,46.176718],[21.319747,46.177863],[21.319976,46.178209],[21.32006,46.178337],[21.320116,46.17842],[21.320156,46.17847],[21.320262,46.178592],[21.321575,46.180343],[21.32168,46.180481],[21.321821,46.180664],[21.321893,46.180759],[21.321956,46.180836],[21.322108,46.181024],[21.322779,46.181801],[21.323194,46.182336],[21.323344,46.182567],[21.323384,46.182618],[21.323421,46.182671],[21.323697,46.18302],[21.323716,46.183083],[21.323743,46.183138],[21.323759,46.183167]]},"properties":{"name":"","lines":"1, 3, 6, 16, 18b","arr":["1","3","6","16","18b"],"roundabout":0,"mode":"tram","color":"#d6212b"}},{"type":"Feature","geometry":{"type":"LineString","coordinates":[[21.324843,46.184754],[21.324815,46.184736],[21.324784,46.184711],[21.324748,46.184658]]},"properties":{"name":"","lines":"1, 3, 6, 16, 18b","arr":["1","3","6","16","18b"],"roundabout":0,"mode":"tram","color":"#d6212b"}},{"type":"Feature","geometry":{"type":"LineString","coordinates":[[21.323759,46.183167],[21.323851,46.18327],[21.32392,46.18335],[21.324317,46.18379],[21.324386,46.183881],[21.324437,46.183962],[21.324476,46.184033],[21.324748,46.184658]]},"properties":{"name":"","lines":"1, 3, 6, 7, 16, 18b","arr":["1","3","6","7","16","18b"],"roundabout":0,"mode":"tram","color":"#d6212b","busLines":"31, 39b, 52, 54"}},{"type":"Feature","geometry":{"type":"LineString","coordinates":[[21.325294,46.184868],[21.325455,46.184889],[21.325544,46.184899],[21.325638,46.18491],[21.325905,46.184942],[21.326245,46.184988],[21.326412,46.18502],[21.326552,46.185062],[21.326586,46.185075],[21.326629,46.185093],[21.326671,46.185113],[21.32672,46.18514],[21.326767,46.185169],[21.32683,46.185219],[21.326888,46.185275],[21.327004,46.185427],[21.328434,46.188158],[21.328828,46.188923],[21.328914,46.189085],[21.32897,46.189193],[21.329008,46.189268],[21.329458,46.190143],[21.329495,46.190216],[21.329674,46.190551],[21.330124,46.191354],[21.330238,46.191552],[21.330355,46.19176],[21.330378,46.191801],[21.330416,46.191848],[21.330509,46.191935],[21.330588,46.192009],[21.330647,46.192063],[21.331543,46.192882],[21.332209,46.193496],[21.332461,46.193725],[21.333142,46.194358],[21.333378,46.194571],[21.333849,46.194956],[21.333955,46.195057],[21.333977,46.195076],[21.333983,46.195082],[21.334113,46.195237]]},"properties":{"name":"","lines":"15, 16","arr":["15","16"],"roundabout":0,"mode":"tram","color":"#d6212b","busLines":"31, 52"}},{"type":"Feature","geometry":{"type":"LineString","coordinates":[[21.334113,46.195237],[21.334274,46.195427],[21.334477,46.195608]]},"properties":{"name":"","lines":"15, 16","arr":["15","16"],"roundabout":0,"mode":"tram","color":"#d6212b","busLines":"31"}},{"type":"Feature","geometry":{"type":"LineString","coordinates":[[21.334477,46.195608],[21.33507,46.196137],[21.335224,46.196274],[21.336169,46.197138],[21.337087,46.197965],[21.337653,46.198472],[21.338011,46.198805],[21.338335,46.19911],[21.338807,46.199556],[21.338901,46.199639],[21.338971,46.199701],[21.34026,46.200834],[21.340464,46.201014],[21.340897,46.201395],[21.34103,46.201517],[21.341571,46.202024],[21.341637,46.202087],[21.342008,46.202433],[21.34216,46.202547],[21.342238,46.20262],[21.342426,46.202794],[21.34278,46.203109]]},"properties":{"name":"","lines":"15, 16","arr":["15","16"],"roundabout":0,"mode":"tram","color":"#d6212b"}},{"type":"Feature","geometry":{"type":"LineString","coordinates":[[21.325294,46.184868],[21.325111,46.18484],[21.325032,46.184822],[21.324965,46.184805],[21.324899,46.184779],[21.324843,46.184754]]},"properties":{"name":"","lines":"16","arr":["16"],"roundabout":0,"mode":"tram","color":"#d6212b"}},{"type":"Feature","geometry":{"type":"LineString","coordinates":[[21.333378,46.194571],[21.333498,46.194684],[21.333886,46.195062],[21.333928,46.195102],[21.333933,46.195108],[21.334274,46.195427]]},"properties":{"name":"","lines":"16","arr":["16"],"roundabout":0,"mode":"tram","color":"#d6212b","busLines":"31, 52"}},{"type":"Feature","geometry":{"type":"LineString","coordinates":[[21.324843,46.184754],[21.324866,46.184805],[21.324897,46.184901],[21.324947,46.185088],[21.32499,46.185235]]},"properties":{"name":"","lines":"1, 3, 6, 18b","arr":["1","3","6","18b"],"roundabout":0,"mode":"tram","color":"#d6212b","busLines":"39b"}},{"type":"Feature","geometry":{"type":"LineString","coordinates":[[21.32499,46.185235],[21.325085,46.185674],[21.325114,46.18577],[21.325148,46.185873],[21.325181,46.185951],[21.325675,46.187142],[21.325703,46.187244],[21.325712,46.187305],[21.325717,46.187366],[21.325717,46.187431],[21.325714,46.187506],[21.325699,46.187591],[21.325678,46.187662],[21.325644,46.187739],[21.325581,46.18785],[21.325512,46.187956],[21.32543,46.188062],[21.325115,46.188414],[21.325042,46.188488],[21.324962,46.188562],[21.324901,46.188611],[21.324844,46.188655],[21.32475,46.188715],[21.324341,46.188939],[21.324253,46.188987],[21.324137,46.189039],[21.32406,46.189064],[21.323871,46.189108],[21.323658,46.189153],[21.323554,46.189175],[21.323366,46.189215]]},"properties":{"name":"","lines":"1, 3, 6, 15, 18b","arr":["1","3","6","15","18b"],"roundabout":0,"mode":"tram","color":"#d6212b","busLines":"21, 39b"}},{"type":"Feature","geometry":{"type":"LineString","coordinates":[[21.323366,46.189215],[21.322851,46.189324],[21.321669,46.189557],[21.321453,46.189597],[21.320044,46.189864],[21.319393,46.189993],[21.319268,46.190017],[21.319036,46.190065],[21.318751,46.190123],[21.318681,46.190137]]},"properties":{"name":"","lines":"1, 3, 6, 15, 18b","arr":["1","3","6","15","18b"],"roundabout":0,"mode":"tram","color":"#d6212b","busLines":"39b"}},{"type":"Feature","geometry":{"type":"LineString","coordinates":[[21.318681,46.190137],[21.317644,46.190341],[21.315827,46.190702],[21.312838,46.191303],[21.312669,46.191339],[21.311466,46.191575],[21.311192,46.191629]]},"properties":{"name":"","lines":"1, 3, 6, 15, 18b","arr":["1","3","6","15","18b"],"roundabout":0,"mode":"tram","color":"#d6212b"}},{"type":"Feature","geometry":{"type":"LineString","coordinates":[[21.311192,46.191629],[21.311032,46.19166],[21.310545,46.191755],[21.310164,46.19183],[21.30984,46.191893],[21.309318,46.191997]]},"properties":{"name":"","lines":"1, 3, 6, 15, 18b","arr":["1","3","6","15","18b"],"roundabout":0,"mode":"tram","color":"#d6212b","busLines":"19, 46, 49b, 60"}},{"type":"Feature","geometry":{"type":"LineString","coordinates":[[21.309318,46.191997],[21.308705,46.19212],[21.308378,46.192185],[21.308222,46.192215],[21.308069,46.192245]]},"properties":{"name":"","lines":"1, 3, 6, 15, 18b","arr":["1","3","6","15","18b"],"roundabout":0,"mode":"tram","color":"#d6212b","busLines":"46, 60"}},{"type":"Feature","geometry":{"type":"LineString","coordinates":[[21.308069,46.192245],[21.308016,46.192256],[21.307855,46.192286],[21.307721,46.192322],[21.3076,46.192361],[21.307519,46.192394],[21.307375,46.192451],[21.30671,46.192716],[21.305974,46.193016]]},"properties":{"name":"","lines":"1, 3, 6, 15, 18b","arr":["1","3","6","15","18b"],"roundabout":0,"mode":"tram","color":"#d6212b"}},{"type":"Feature","geometry":{"type":"LineString","coordinates":[[21.305974,46.193016],[21.303847,46.193896],[21.302648,46.194403],[21.301888,46.194715],[21.301588,46.194841],[21.301272,46.194966],[21.300663,46.19523],[21.299691,46.195651],[21.299575,46.195719],[21.299464,46.195792],[21.299388,46.195845],[21.299222,46.195981],[21.298556,46.196576],[21.298403,46.196714],[21.297812,46.197243],[21.297482,46.197539],[21.29738,46.197641],[21.296632,46.19829],[21.29634,46.198549],[21.296004,46.1988],[21.29525,46.199261],[21.294952,46.199442],[21.294743,46.199571],[21.294255,46.19987],[21.293244,46.200489]]},"properties":{"name":"","lines":"1, 3, 6, 7, 15, 18b","arr":["1","3","6","7","15","18b"],"roundabout":0,"mode":"tram","color":"#d6212b"}},{"type":"Feature","geometry":{"type":"LineString","coordinates":[[21.291073,46.201376],[21.291128,46.20134],[21.291203,46.201301]]},"properties":{"name":"","lines":"1, 3, 6, 7, 15, 18b","arr":["1","3","6","7","15","18b"],"roundabout":0,"mode":"tram","color":"#d6212b"}},{"type":"Feature","geometry":{"type":"LineString","coordinates":[[21.292205,46.200962],[21.29242,46.200876],[21.292582,46.200802],[21.292977,46.200597],[21.293599,46.200218],[21.294712,46.199547],[21.294924,46.19942],[21.295222,46.19924],[21.295781,46.19888],[21.295943,46.198775],[21.296109,46.198661],[21.296272,46.198535],[21.296409,46.198424],[21.296593,46.198273],[21.297352,46.197591],[21.297438,46.197516],[21.297547,46.197419],[21.298362,46.196693],[21.298516,46.196555],[21.299238,46.195909],[21.299382,46.195792],[21.299447,46.195743],[21.299516,46.195699],[21.299586,46.19566],[21.299666,46.195622],[21.30001,46.195469],[21.301246,46.194936],[21.301563,46.194809],[21.301864,46.194685],[21.302409,46.19446],[21.30274,46.194325],[21.303822,46.193858],[21.305641,46.193111],[21.305746,46.193064],[21.305949,46.192966]]},"properties":{"name":"","lines":"1, 3, 6, 7, 15, 18b","arr":["1","3","6","7","15","18b"],"roundabout":0,"mode":"tram","color":"#d6212b"}},{"type":"Feature","geometry":{"type":"LineString","coordinates":[[21.293244,46.200489],[21.29313,46.200598],[21.293087,46.200652],[21.293058,46.20069],[21.293012,46.200775],[21.292985,46.20084],[21.292888,46.20109],[21.292868,46.20117],[21.292852,46.201298]]},"properties":{"name":"","lines":"1, 3, 7, 15, 18b","arr":["1","3","7","15","18b"],"roundabout":0,"mode":"tram","color":"#d6212b"}},{"type":"Feature","geometry":{"type":"LineString","coordinates":[[21.290933,46.20176],[21.290911,46.201654],[21.290907,46.201618],[21.290907,46.201586],[21.290915,46.201551],[21.290934,46.201511],[21.290962,46.201469],[21.291006,46.201427],[21.291073,46.201376]]},"properties":{"name":"","lines":"1, 3, 7, 15, 18b","arr":["1","3","7","15","18b"],"roundabout":0,"mode":"tram","color":"#d6212b"}},{"type":"Feature","geometry":{"type":"LineString","coordinates":[[21.292852,46.201298],[21.292858,46.201328],[21.293095,46.202384],[21.293279,46.203203],[21.293288,46.203273],[21.293287,46.203315],[21.293282,46.203352],[21.293271,46.203384],[21.293254,46.203417],[21.293234,46.203446],[21.293204,46.203475],[21.293172,46.203498],[21.293122,46.203529],[21.29307,46.203556],[21.293022,46.203575],[21.292973,46.203586],[21.292921,46.203594],[21.292881,46.203599],[21.292839,46.203596],[21.292796,46.203588],[21.29276,46.20358],[21.29271,46.203565],[21.292649,46.203537],[21.292591,46.203499],[21.292526,46.203444],[21.291676,46.202783]]},"properties":{"name":"","lines":"1, 1b, 3, 7, 15, 18b","arr":["1","1b","3","7","15","18b"],"roundabout":0,"mode":"tram","color":"#d6212b"}},{"type":"Feature","geometry":{"type":"LineString","coordinates":[[21.29136,46.202538],[21.291275,46.202465],[21.291204,46.202405],[21.291162,46.202358],[21.291137,46.20232],[21.291112,46.202269],[21.29102,46.202025],[21.290933,46.20176]]},"properties":{"name":"","lines":"1, 1b, 3, 7, 15, 18b","arr":["1","1b","3","7","15","18b"],"roundabout":0,"mode":"tram","color":"#d6212b"}},{"type":"Feature","geometry":{"type":"LineString","coordinates":[[21.291676,46.202783],[21.29136,46.202538]]},"properties":{"name":"","lines":"1, 1b, 3, 7, 15","arr":["1","1b","3","7","15"],"roundabout":0,"mode":"tram","color":"#d6212b"}},{"type":"Feature","geometry":{"type":"LineString","coordinates":[[21.291203,46.201301],[21.291605,46.201183],[21.291708,46.20115],[21.291811,46.201115],[21.291944,46.201064],[21.292169,46.200977],[21.292205,46.200962]]},"properties":{"name":"","lines":"1, 1b, 3, 6, 7, 15, 18b","arr":["1","1b","3","6","7","15","18b"],"roundabout":0,"mode":"tram","color":"#d6212b"}},{"type":"Feature","geometry":{"type":"LineString","coordinates":[[21.305949,46.192966],[21.306496,46.192728],[21.307268,46.192417],[21.307321,46.192394],[21.30743,46.192349],[21.307639,46.19227],[21.307812,46.192226],[21.307976,46.192191],[21.308189,46.192147],[21.308232,46.19214],[21.308351,46.192115],[21.308428,46.192101],[21.30902,46.191982]]},"properties":{"name":"","lines":"1, 3, 6, 7, 15","arr":["1","3","6","7","15"],"roundabout":0,"mode":"tram","color":"#d6212b"}},{"type":"Feature","geometry":{"type":"LineString","coordinates":[[21.30902,46.191982],[21.30904,46.191978],[21.30918,46.191951],[21.30995,46.191828],[21.310148,46.191791],[21.310483,46.191721],[21.310683,46.191678],[21.310901,46.191634]]},"properties":{"name":"","lines":"1, 3, 6, 7, 15","arr":["1","3","6","7","15"],"roundabout":0,"mode":"tram","color":"#d6212b","busLines":"19, 46, 49b, 60"}},{"type":"Feature","geometry":{"type":"LineString","coordinates":[[21.310901,46.191634],[21.311062,46.191602],[21.311449,46.191532],[21.312659,46.191307],[21.312837,46.191273],[21.313517,46.191132],[21.317658,46.190308],[21.318639,46.190116],[21.318711,46.190101]]},"properties":{"name":"","lines":"1, 3, 6, 7, 15","arr":["1","3","6","7","15"],"roundabout":0,"mode":"tram","color":"#d6212b"}},{"type":"Feature","geometry":{"type":"LineString","coordinates":[[21.318711,46.190101],[21.31874,46.190095],[21.319029,46.190037],[21.31926,46.189989],[21.320052,46.189837],[21.321441,46.189566],[21.321647,46.189526],[21.32246,46.189368],[21.323396,46.189178]]},"properties":{"name":"","lines":"1, 3, 6, 7, 15","arr":["1","3","6","7","15"],"roundabout":0,"mode":"tram","color":"#d6212b","busLines":"39b"}},{"type":"Feature","geometry":{"type":"LineString","coordinates":[[21.323396,46.189178],[21.323409,46.189175],[21.323533,46.189146],[21.323638,46.189121],[21.324031,46.189029],[21.32415,46.188991],[21.324222,46.18896],[21.324291,46.188923]]},"properties":{"name":"","lines":"1, 3, 6, 7, 15","arr":["1","3","6","7","15"],"roundabout":0,"mode":"tram","color":"#d6212b","busLines":"21, 39b"}},{"type":"Feature","geometry":{"type":"LineString","coordinates":[[21.324291,46.188923],[21.32474,46.188681],[21.324826,46.188626],[21.324877,46.188588],[21.324926,46.188542],[21.324997,46.188469],[21.325189,46.188267],[21.325446,46.187965],[21.325502,46.187889]]},"properties":{"name":"","lines":"1, 3, 6, 7, 15","arr":["1","3","6","7","15"],"roundabout":0,"mode":"tram","color":"#d6212b","busLines":"39b"}},{"type":"Feature","geometry":{"type":"LineString","coordinates":[[21.325502,46.187889],[21.325507,46.187882],[21.325558,46.187797],[21.325598,46.187716],[21.325638,46.187611],[21.325657,46.187518],[21.325666,46.187417],[21.325661,46.187325],[21.325649,46.187238],[21.325628,46.187153],[21.325125,46.185961],[21.325094,46.185884],[21.325061,46.185778],[21.324961,46.185361],[21.324927,46.185198]]},"properties":{"name":"","lines":"1, 3, 6, 7, 15","arr":["1","3","6","7","15"],"roundabout":0,"mode":"tram","color":"#d6212b","busLines":"21, 39b"}},{"type":"Feature","geometry":{"type":"LineString","coordinates":[[21.324927,46.185198],[21.324831,46.184866],[21.324797,46.18477],[21.324748,46.184658]]},"properties":{"name":"","lines":"1, 3, 6, 7","arr":["1","3","6","7"],"roundabout":0,"mode":"tram","color":"#d6212b","busLines":"39b"}},{"type":"Feature","geometry":{"type":"LineString","coordinates":[[21.323759,46.183167],[21.323733,46.183139],[21.323601,46.182984],[21.323383,46.18273],[21.323273,46.182621],[21.323214,46.182555],[21.323114,46.182447],[21.323077,46.18241],[21.32281,46.18211],[21.322526,46.181792],[21.321769,46.180939],[21.321704,46.180864],[21.321632,46.180773],[21.321472,46.180568],[21.320844,46.179758],[21.32041,46.179149],[21.32002,46.178602],[21.319974,46.178537],[21.319936,46.178483],[21.319883,46.178403],[21.319836,46.178329],[21.318732,46.17651],[21.31852,46.17618],[21.318484,46.17612],[21.318096,46.175464],[21.318008,46.175342],[21.317721,46.174947],[21.317183,46.174229],[21.316878,46.173792],[21.316606,46.173406],[21.316005,46.172306],[21.315932,46.172173],[21.315922,46.172146],[21.315898,46.172061],[21.315885,46.171999],[21.315879,46.171891],[21.315884,46.171795],[21.315902,46.171694],[21.315926,46.171579],[21.315936,46.171554],[21.315957,46.171497],[21.315992,46.17142],[21.316283,46.170807],[21.316331,46.170709],[21.316401,46.170559],[21.316504,46.170357],[21.31664,46.170128],[21.31668,46.17006],[21.316799,46.169864],[21.316918,46.16968],[21.317015,46.169537],[21.317069,46.169463],[21.317127,46.169392],[21.317193,46.169316],[21.317317,46.169183],[21.317583,46.168919],[21.317602,46.168901],[21.317662,46.168851],[21.317739,46.168787],[21.317844,46.168714],[21.318169,46.168483],[21.318179,46.168476],[21.318188,46.168469],[21.318282,46.168408],[21.318384,46.168347],[21.318506,46.168283],[21.318607,46.168231],[21.31871,46.16818],[21.318817,46.168133],[21.319641,46.16782]]},"properties":{"name":"","lines":"1, 3, 6, 7, 16","arr":["1","3","6","7","16"],"roundabout":0,"mode":"tram","color":"#d6212b"}},{"type":"Feature","geometry":{"type":"LineString","coordinates":[[21.319641,46.16782],[21.319719,46.167783],[21.319776,46.167748],[21.319784,46.167741],[21.319818,46.167715],[21.319849,46.167685],[21.319872,46.167661],[21.320008,46.167455]]},"properties":{"name":"","lines":"1, 3, 6, 16","arr":["1","3","6","16"],"roundabout":0,"mode":"tram","color":"#d6212b"}},{"type":"Feature","geometry":{"type":"LineString","coordinates":[[21.290933,46.20176],[21.290866,46.201677],[21.290844,46.201654],[21.290808,46.201629],[21.29078,46.201611],[21.290742,46.201594],[21.290703,46.201582],[21.290657,46.201574],[21.290608,46.201568],[21.290549,46.20157],[21.290367,46.201583]]},"properties":{"name":"","lines":"1b","arr":["1b"],"roundabout":0,"mode":"tram","color":"#d6212b"}},{"type":"Feature","geometry":{"type":"LineString","coordinates":[[21.283258,46.201273],[21.282527,46.201278],[21.281353,46.201292],[21.280076,46.201313],[21.278865,46.201324],[21.277932,46.201328],[21.277145,46.20133],[21.276906,46.201329],[21.276603,46.20133],[21.276403,46.201331],[21.275668,46.201336],[21.274339,46.20135],[21.274119,46.201351],[21.273007,46.201369],[21.272701,46.201372],[21.272456,46.201374],[21.272043,46.201366],[21.271409,46.201348],[21.270837,46.201328],[21.270581,46.201329],[21.270213,46.201337],[21.269879,46.201358],[21.268747,46.201426],[21.266739,46.201579],[21.262338,46.201912],[21.261511,46.201975],[21.261384,46.201986],[21.260881,46.202027],[21.260079,46.202092],[21.256953,46.20232],[21.256805,46.202338],[21.256679,46.20236],[21.256588,46.202388],[21.256477,46.202429],[21.256403,46.202465],[21.256333,46.202519],[21.25626,46.202594],[21.256166,46.202712],[21.255515,46.203976],[21.255468,46.204079],[21.255237,46.204582],[21.255218,46.204655],[21.255217,46.204714],[21.25523,46.204766],[21.255254,46.204808],[21.255298,46.204851],[21.255353,46.204891],[21.255426,46.20492],[21.255503,46.20494],[21.255658,46.204967],[21.256203,46.20506],[21.256366,46.205083],[21.25642,46.205086],[21.256482,46.205082],[21.256543,46.20507],[21.25659,46.205051],[21.25663,46.205028],[21.256681,46.204988],[21.25672,46.204945],[21.25674,46.204908],[21.256753,46.204867],[21.256753,46.204815],[21.256752,46.204779],[21.256743,46.204743],[21.256724,46.204699],[21.256692,46.204657],[21.256667,46.204627],[21.256626,46.204598],[21.256582,46.204579],[21.256534,46.204557],[21.256477,46.204542],[21.255739,46.204401],[21.255674,46.204379],[21.255634,46.204361],[21.255603,46.204342],[21.255565,46.204314],[21.255536,46.204281],[21.255511,46.204236],[21.255494,46.204207],[21.255477,46.204156],[21.255468,46.204079]]},"properties":{"name":"","lines":"1b","arr":["1b"],"roundabout":0,"mode":"tram","color":"#d6212b"}},{"type":"Feature","geometry":{"type":"LineString","coordinates":[[21.291203,46.201301],[21.290815,46.201441]]},"properties":{"name":"","lines":"1b","arr":["1b"],"roundabout":0,"mode":"tram","color":"#d6212b"}},{"type":"Feature","geometry":{"type":"LineString","coordinates":[[21.292205,46.200962],[21.292256,46.200951],[21.292308,46.200944],[21.292367,46.20094],[21.292443,46.200941],[21.292515,46.200945],[21.29257,46.200957],[21.292598,46.200965],[21.29261,46.200968],[21.292639,46.200978],[21.292663,46.200988],[21.292706,46.201013],[21.292741,46.201039],[21.292773,46.201068],[21.292799,46.201099],[21.292816,46.201135],[21.29284,46.201219],[21.292852,46.201298]]},"properties":{"name":"","lines":"1b","arr":["1b"],"roundabout":0,"mode":"tram","color":"#d6212b"}},{"type":"Feature","geometry":{"type":"LineString","coordinates":[[21.283258,46.201273],[21.28332,46.201272],[21.283941,46.201262],[21.284187,46.201258],[21.284485,46.201257],[21.284616,46.201263],[21.284759,46.201272],[21.286005,46.201406],[21.286475,46.201451],[21.287009,46.201509],[21.287727,46.20159],[21.288425,46.201659],[21.28867,46.201677],[21.28889,46.201684],[21.289113,46.20169],[21.28935,46.201686],[21.28963,46.201678],[21.28991,46.201657],[21.290124,46.201626],[21.290279,46.201601],[21.290367,46.201583],[21.290683,46.201484],[21.290815,46.201441]]},"properties":{"name":"","lines":"1b, 6","arr":["1b","6"],"roundabout":0,"mode":"tram","color":"#d6212b"}},{"type":"Feature","geometry":{"type":"LineString","coordinates":[[21.334189,46.144466],[21.334151,46.144412],[21.334102,46.144362],[21.334042,46.144311],[21.333997,46.144278],[21.333927,46.144237],[21.333849,46.144203],[21.333807,46.144187],[21.333755,46.144173],[21.333619,46.144153],[21.333607,46.144152],[21.333529,46.14415],[21.333425,46.144149],[21.332786,46.144152],[21.332735,46.144154],[21.332687,46.144158],[21.33264,46.144163],[21.332588,46.14417],[21.332153,46.144239],[21.331061,46.144433],[21.329947,46.144636],[21.328922,46.144815],[21.326026,46.145348],[21.325242,46.145493],[21.32283,46.145922],[21.321854,46.146089],[21.321739,46.146109],[21.321675,46.146125],[21.321643,46.146133],[21.321598,46.146147]]},"properties":{"name":"","lines":"3","arr":["3"],"roundabout":0,"mode":"tram","color":"#d6212b","busLines":"19, 49b"}},{"type":"Feature","geometry":{"type":"LineString","coordinates":[[21.321598,46.146147],[21.321571,46.146155],[21.321558,46.146161],[21.321492,46.146189],[21.321456,46.146214],[21.321418,46.146241],[21.32138,46.146278],[21.321365,46.146297]]},"properties":{"name":"","lines":"3","arr":["3"],"roundabout":0,"mode":"tram","color":"#d6212b","busLines":"19, 49, 49b"}},{"type":"Feature","geometry":{"type":"LineString","coordinates":[[21.321365,46.146297],[21.321361,46.146303],[21.321346,46.146336],[21.321335,46.146367],[21.321329,46.146398],[21.321327,46.146437],[21.32135,46.147009],[21.321367,46.147357],[21.321431,46.148208],[21.321464,46.148553],[21.321704,46.150344],[21.321892,46.152093],[21.321898,46.152314],[21.321907,46.152726],[21.321909,46.152908],[21.32191,46.152963],[21.32192,46.153862],[21.321916,46.154124],[21.321912,46.154228],[21.321824,46.156272],[21.32182,46.156392],[21.321819,46.156516],[21.321819,46.15662]]},"properties":{"name":"","lines":"3","arr":["3"],"roundabout":0,"mode":"tram","color":"#d6212b","busLines":"19, 49"}},{"type":"Feature","geometry":{"type":"LineString","coordinates":[[21.321819,46.15662],[21.321821,46.15696],[21.321823,46.157527],[21.321822,46.157708],[21.321798,46.159176],[21.321798,46.159241],[21.321798,46.159301],[21.321803,46.15934],[21.321812,46.159375],[21.321823,46.15941],[21.321845,46.159451],[21.322783,46.161044],[21.322914,46.161258],[21.323216,46.161813],[21.323247,46.161887],[21.32327,46.161954],[21.323283,46.162012],[21.323286,46.162095],[21.323279,46.162209],[21.323264,46.162324],[21.323222,46.162489],[21.323208,46.162542],[21.323176,46.162668],[21.323018,46.163156],[21.322924,46.16345],[21.322817,46.163723],[21.322707,46.164007],[21.322574,46.164322],[21.32254,46.164401],[21.322336,46.164882],[21.322272,46.165016],[21.321868,46.165823],[21.321676,46.166144],[21.321374,46.166652],[21.321223,46.166904],[21.321151,46.167025],[21.321032,46.167221],[21.320959,46.167345]]},"properties":{"name":"","lines":"3","arr":["3"],"roundabout":0,"mode":"tram","color":"#d6212b"}},{"type":"Feature","geometry":{"type":"LineString","coordinates":[[21.320008,46.167455],[21.320101,46.16732],[21.32014,46.167265],[21.320146,46.167257],[21.320205,46.167181],[21.320237,46.16714],[21.320283,46.167099],[21.320328,46.167072],[21.320361,46.167056],[21.320431,46.167032],[21.320473,46.167023],[21.320521,46.167015],[21.320574,46.167011],[21.320634,46.167014]]},"properties":{"name":"","lines":"3","arr":["3"],"roundabout":0,"mode":"tram","color":"#d6212b"}},{"type":"Feature","geometry":{"type":"LineString","coordinates":[[21.320746,46.167037],[21.320808,46.167044],[21.320848,46.167045],[21.320891,46.167043],[21.320943,46.167035],[21.320996,46.167025],[21.321043,46.167009],[21.32109,46.166988],[21.321126,46.166964],[21.321166,46.166923],[21.321181,46.166894],[21.321756,46.165921],[21.321818,46.165809],[21.322222,46.165048],[21.322361,46.164729],[21.322499,46.164392],[21.322534,46.164314],[21.322758,46.163762],[21.322935,46.163271],[21.323023,46.163006],[21.323121,46.162661],[21.323151,46.162536],[21.323208,46.162285],[21.323224,46.162145],[21.323224,46.162061],[21.323211,46.161969],[21.323189,46.161892],[21.323141,46.161766],[21.322745,46.161055],[21.321802,46.159463],[21.321777,46.159406],[21.321768,46.159368],[21.32176,46.159334],[21.321758,46.159309],[21.321756,46.159282],[21.321755,46.159255],[21.321754,46.157752],[21.32177,46.157527],[21.321771,46.156543]]},"properties":{"name":"","lines":"3","arr":["3"],"roundabout":0,"mode":"tram","color":"#d6212b"}},{"type":"Feature","geometry":{"type":"LineString","coordinates":[[21.321771,46.156543],[21.321771,46.156515],[21.32177,46.156392],[21.321769,46.156271],[21.321778,46.156],[21.321849,46.154228],[21.321856,46.154123],[21.321859,46.153862],[21.321861,46.153734],[21.321854,46.152961],[21.321848,46.152637],[21.321845,46.152314],[21.321838,46.152132],[21.321823,46.151942],[21.321631,46.150348],[21.321467,46.149038],[21.321441,46.148898],[21.321378,46.148336],[21.321328,46.147763],[21.321289,46.14701],[21.321283,46.146442]]},"properties":{"name":"","lines":"3","arr":["3"],"roundabout":0,"mode":"tram","color":"#d6212b","busLines":"19, 49"}},{"type":"Feature","geometry":{"type":"LineString","coordinates":[[21.321283,46.146442],[21.321283,46.146439],[21.321286,46.146391],[21.321294,46.146357],[21.321304,46.146326],[21.321318,46.146295],[21.321337,46.14627],[21.321375,46.146232],[21.321423,46.146192],[21.321481,46.146158],[21.321546,46.146132],[21.321584,46.146118],[21.321634,46.146103],[21.321636,46.146102]]},"properties":{"name":"","lines":"3","arr":["3"],"roundabout":0,"mode":"tram","color":"#d6212b","busLines":"19, 49, 49b"}},{"type":"Feature","geometry":{"type":"LineString","coordinates":[[21.321636,46.146102],[21.321664,46.146096],[21.321732,46.146081],[21.32224,46.145987],[21.322816,46.145885],[21.323023,46.145849],[21.324252,46.145628],[21.324686,46.145551],[21.325232,46.145452],[21.32584,46.145339],[21.326773,46.145172],[21.328441,46.144871],[21.328912,46.144782],[21.329404,46.144698],[21.330027,46.144585],[21.330685,46.144466],[21.330892,46.144433],[21.332135,46.144204],[21.332573,46.144134],[21.332655,46.144122],[21.332722,46.144116],[21.332791,46.144111],[21.332863,46.144109],[21.333498,46.144109],[21.333525,46.144109],[21.333569,46.14411],[21.333619,46.144117],[21.333778,46.144139],[21.333856,46.14416],[21.333942,46.144191],[21.33401,46.144224],[21.334064,46.144255],[21.334114,46.144292],[21.334171,46.144339],[21.334222,46.144391],[21.334281,46.144473],[21.334525,46.144951]]},"properties":{"name":"","lines":"3","arr":["3"],"roundabout":0,"mode":"tram","color":"#d6212b","busLines":"19, 49b"}},{"type":"Feature","geometry":{"type":"LineString","coordinates":[[21.320959,46.167345],[21.320938,46.167393],[21.320915,46.167427],[21.320891,46.167452],[21.320862,46.167477],[21.32083,46.167498],[21.320771,46.167527],[21.320716,46.167546],[21.320646,46.16756],[21.320587,46.167565],[21.320506,46.167562],[21.320432,46.167575],[21.320407,46.167582],[21.320342,46.167604],[21.320238,46.167637],[21.320135,46.167673],[21.31993,46.167748],[21.319831,46.167786],[21.31982,46.167789],[21.319561,46.167884]]},"properties":{"name":"","lines":"3, 18b","arr":["3","18b"],"roundabout":0,"mode":"tram","color":"#d6212b"}},{"type":"Feature","geometry":{"type":"LineString","coordinates":[[21.320634,46.167014],[21.320689,46.167024],[21.320746,46.167037]]},"properties":{"name":"","lines":"3, 18b","arr":["3","18b"],"roundabout":0,"mode":"tram","color":"#d6212b"}},{"type":"Feature","geometry":{"type":"LineString","coordinates":[[21.283258,46.201273],[21.283166,46.201289],[21.283104,46.201306],[21.283058,46.201323],[21.283013,46.201346],[21.282974,46.201369],[21.282927,46.201403],[21.282674,46.201618],[21.282581,46.201699],[21.28254,46.20174],[21.282505,46.201781],[21.282459,46.201838],[21.282158,46.202272],[21.281663,46.203065],[21.28141,46.203469],[21.280957,46.204179],[21.280184,46.205411],[21.28012,46.205513],[21.279904,46.205899],[21.27885,46.207942],[21.278041,46.209496],[21.277939,46.209692],[21.2779,46.209763],[21.277747,46.210058],[21.27769,46.210178]]},"properties":{"name":"","lines":"6","arr":["6"],"roundabout":0,"mode":"tram","color":"#d6212b"}},{"type":"Feature","geometry":{"type":"LineString","coordinates":[[21.28332,46.201272],[21.283625,46.201299],[21.283743,46.201298],[21.284044,46.201296],[21.284099,46.201291],[21.284183,46.201287],[21.284485,46.201257]]},"properties":{"name":"","lines":"6","arr":["6"],"roundabout":0,"mode":"tram","color":"#d6212b"}},{"type":"Feature","geometry":{"type":"LineString","coordinates":[[21.290815,46.201441],[21.290995,46.201396],[21.291073,46.201376],[21.291185,46.201348],[21.291491,46.201259],[21.29163,46.201215],[21.291791,46.201162],[21.292194,46.201007],[21.292367,46.20094],[21.292579,46.200844],[21.292824,46.200719],[21.293244,46.200489]]},"properties":{"name":"","lines":"6","arr":["6"],"roundabout":0,"mode":"tram","color":"#d6212b"}},{"type":"Feature","geometry":{"type":"LineString","coordinates":[[21.319026,46.166379],[21.318725,46.166419],[21.318587,46.166438],[21.318196,46.166495],[21.317985,46.166521],[21.317666,46.166562],[21.317111,46.166638],[21.316828,46.166676],[21.316479,46.166723],[21.316374,46.16674],[21.315996,46.166798],[21.315797,46.166827],[21.315589,46.166857],[21.315343,46.166874],[21.314775,46.166907],[21.314477,46.166921],[21.314405,46.166925],[21.313081,46.16699],[21.312708,46.167014],[21.312268,46.167052],[21.311898,46.167092],[21.311673,46.167115],[21.311516,46.167119],[21.311494,46.167118],[21.311413,46.16711],[21.311213,46.167088],[21.311159,46.167085],[21.310771,46.167062],[21.310624,46.167055],[21.310056,46.167033],[21.309446,46.167013],[21.309151,46.167004],[21.308813,46.166995],[21.308155,46.16697],[21.307912,46.166958],[21.307704,46.166947],[21.307433,46.166929],[21.307133,46.166908],[21.306845,46.166886],[21.306415,46.166856],[21.306103,46.166844],[21.305808,46.166834],[21.305504,46.166819],[21.304429,46.166758],[21.303801,46.166724],[21.303674,46.166714],[21.303425,46.166702],[21.302801,46.166663],[21.302211,46.166629],[21.301917,46.166609],[21.301774,46.166599]]},"properties":{"name":"","lines":"7","arr":["7"],"roundabout":0,"mode":"tram","color":"#d6212b","busLines":"41, 60"}},{"type":"Feature","geometry":{"type":"LineString","coordinates":[[21.301774,46.166599],[21.301605,46.166587],[21.300825,46.166547],[21.300199,46.166515],[21.30004,46.166506],[21.299631,46.166482],[21.299225,46.166457],[21.298877,46.166436],[21.298494,46.166413],[21.298002,46.166388],[21.297873,46.16638],[21.296625,46.166303],[21.296145,46.166272],[21.295788,46.16625],[21.295495,46.166234],[21.295221,46.166223],[21.294353,46.166178],[21.293259,46.166131],[21.293143,46.166124],[21.293097,46.166121],[21.292418,46.166074],[21.291781,46.166035],[21.291221,46.166],[21.290853,46.165978],[21.290639,46.165963],[21.290448,46.165954]]},"properties":{"name":"","lines":"7","arr":["7"],"roundabout":0,"mode":"tram","color":"#d6212b"}},{"type":"Feature","geometry":{"type":"LineString","coordinates":[[21.290448,46.165954],[21.290447,46.165954],[21.290395,46.165957],[21.29036,46.165961],[21.290334,46.165966],[21.290307,46.165973],[21.290276,46.165984],[21.29025,46.165996],[21.290225,46.16601],[21.29021,46.166019],[21.290192,46.166032],[21.29018,46.166045],[21.290167,46.16606],[21.290157,46.166075],[21.290146,46.166099],[21.290139,46.166126],[21.290139,46.166153],[21.290139,46.166176],[21.290147,46.166199],[21.290154,46.166221],[21.290332,46.166571],[21.291601,46.169016],[21.291677,46.169168],[21.291738,46.169299],[21.292257,46.170378],[21.29251,46.170903],[21.292605,46.171089],[21.292646,46.171169],[21.292818,46.171509],[21.293452,46.172735],[21.293513,46.17289],[21.293602,46.173153],[21.293649,46.173304],[21.293682,46.17344],[21.293719,46.173654],[21.293749,46.173695],[21.293782,46.173729],[21.293825,46.17376],[21.293895,46.173807],[21.293927,46.173824],[21.29396,46.173842],[21.293983,46.173852],[21.29409,46.173894],[21.29413,46.173909],[21.294167,46.173928],[21.2942,46.173951],[21.294228,46.173976],[21.29425,46.174004],[21.294267,46.174034],[21.294277,46.174065],[21.294281,46.174097],[21.294279,46.174129],[21.294276,46.17414],[21.29427,46.17416],[21.294254,46.174191],[21.294243,46.174207],[21.294226,46.174225],[21.294205,46.174246],[21.294167,46.174272],[21.294073,46.174356],[21.294042,46.174385],[21.294023,46.174408],[21.294011,46.174429],[21.294007,46.174436],[21.29399,46.174472],[21.293969,46.174535],[21.293985,46.174632],[21.294037,46.174748],[21.294546,46.175758],[21.29487,46.176414],[21.295617,46.177919],[21.295659,46.178002],[21.295921,46.178549],[21.296307,46.179336],[21.296356,46.179441],[21.29666,46.180031],[21.296696,46.180097],[21.296741,46.180188],[21.296788,46.180283],[21.296827,46.180366]]},"properties":{"name":"","lines":"7","arr":["7"],"roundabout":0,"mode":"tram","color":"#d6212b","busLines":"21"}},{"type":"Feature","geometry":{"type":"LineString","coordinates":[[21.296827,46.180366],[21.297264,46.181292],[21.297421,46.181607],[21.29745,46.181661],[21.297468,46.181689],[21.29749,46.181716],[21.297516,46.181745],[21.297548,46.181774],[21.297648,46.181872],[21.297735,46.181973],[21.297841,46.182125],[21.297872,46.182174],[21.297896,46.182216],[21.29792,46.18228],[21.298002,46.18251],[21.298034,46.182603],[21.298057,46.182642],[21.298073,46.18267],[21.298096,46.182702],[21.298118,46.182728],[21.298164,46.18277],[21.29822,46.182813],[21.298558,46.183027],[21.298635,46.183073],[21.299021,46.183322],[21.29906,46.183352],[21.299104,46.183389],[21.299138,46.183423],[21.299178,46.183469],[21.299243,46.18355],[21.300215,46.184819],[21.300254,46.184872],[21.300309,46.184946],[21.300658,46.185405],[21.300812,46.185608],[21.301142,46.186047],[21.30126,46.186203],[21.301455,46.186461],[21.301487,46.186504],[21.301533,46.186565],[21.301664,46.186736],[21.301917,46.187069],[21.30221,46.187453],[21.302581,46.187933],[21.302771,46.188163],[21.303232,46.188771],[21.303283,46.188839],[21.303361,46.188938],[21.3035,46.189115],[21.303755,46.189455],[21.304139,46.189938],[21.304161,46.189963],[21.304185,46.189988],[21.304208,46.190009],[21.304232,46.190028],[21.304267,46.19005],[21.304298,46.190068],[21.304334,46.190086],[21.304369,46.190099],[21.304602,46.190176],[21.305017,46.190314],[21.305079,46.190335],[21.305798,46.190602],[21.306145,46.190755],[21.306326,46.190833],[21.306485,46.190907],[21.306552,46.190936],[21.306888,46.191084],[21.306955,46.19111],[21.307045,46.191151],[21.307124,46.191192],[21.307177,46.191227],[21.307205,46.191253],[21.307306,46.191398],[21.307402,46.191548],[21.30745,46.191618],[21.307508,46.191688],[21.307598,46.191783],[21.307672,46.191863],[21.307699,46.191907],[21.307718,46.191944],[21.307727,46.191976],[21.307729,46.192033],[21.307721,46.192083],[21.307706,46.192162],[21.30768,46.192214],[21.307639,46.19227],[21.307463,46.192371],[21.307341,46.192415],[21.306685,46.192682],[21.306511,46.192753],[21.305974,46.193016]]},"properties":{"name":"","lines":"7","arr":["7"],"roundabout":0,"mode":"tram","color":"#d6212b"}},{"type":"Feature","geometry":{"type":"LineString","coordinates":[[21.325455,46.184889],[21.325369,46.184891],[21.325304,46.184898],[21.325243,46.184919],[21.325187,46.184942],[21.325144,46.184964],[21.325102,46.184992],[21.325067,46.185023],[21.325033,46.185064],[21.325012,46.185094],[21.324996,46.185122],[21.324987,46.185155],[21.324983,46.185179],[21.32499,46.185235]]},"properties":{"name":"","lines":"15","arr":["15"],"roundabout":0,"mode":"tram","color":"#d6212b"}},{"type":"Feature","geometry":{"type":"LineString","coordinates":[[21.324927,46.185198],[21.324931,46.185134],[21.324947,46.185088],[21.324965,46.185055],[21.32499,46.185021],[21.325026,46.184985],[21.325074,46.18495],[21.325122,46.184924],[21.325175,46.184901],[21.325224,46.184886],[21.325265,46.184877],[21.325294,46.184868]]},"properties":{"name":"","lines":"15","arr":["15"],"roundabout":0,"mode":"tram","color":"#d6212b"}},{"type":"Feature","geometry":{"type":"LineString","coordinates":[[21.29171,46.202856],[21.291485,46.202676],[21.29136,46.202538]]},"properties":{"name":"","lines":"18b","arr":["18b"],"roundabout":0,"mode":"tram","color":"#d6212b"}},{"type":"Feature","geometry":{"type":"LineString","coordinates":[[21.305949,46.192966],[21.306471,46.192713],[21.306572,46.192671],[21.307147,46.192434],[21.307178,46.19242]]},"properties":{"name":"","lines":"18b","arr":["18b"],"roundabout":0,"mode":"tram","color":"#d6212b"}},{"type":"Feature","geometry":{"type":"LineString","coordinates":[[21.307178,46.19242],[21.307297,46.192368],[21.307394,46.19232],[21.307435,46.1923],[21.30747,46.192278],[21.307509,46.192246],[21.30754,46.192213],[21.307567,46.192179],[21.30759,46.192139],[21.307604,46.192107],[21.307614,46.192073],[21.307622,46.19204],[21.307624,46.192004],[21.307622,46.191973],[21.307613,46.191929],[21.307603,46.191897],[21.307595,46.19188]]},"properties":{"name":"","lines":"18b","arr":["18b"],"roundabout":0,"mode":"tram","color":"#d6212b","busLines":"46, 60"}},{"type":"Feature","geometry":{"type":"LineString","coordinates":[[21.307595,46.19188],[21.307585,46.191858],[21.307549,46.191801],[21.307518,46.191761],[21.307422,46.191645],[21.30736,46.191561],[21.307271,46.191424],[21.307199,46.19133],[21.307159,46.19128],[21.30714,46.191257],[21.307115,46.191237],[21.307074,46.191211],[21.307032,46.191188],[21.306992,46.191168],[21.306532,46.190961],[21.306466,46.190931],[21.306303,46.190858],[21.306125,46.190776],[21.305779,46.190627],[21.305067,46.190362],[21.304977,46.190328],[21.304724,46.190243],[21.304592,46.1902],[21.304305,46.190105],[21.304273,46.19009],[21.304244,46.190074],[21.304212,46.190053],[21.304181,46.190029],[21.304155,46.190005],[21.304127,46.189977],[21.304101,46.18995],[21.304083,46.189927],[21.30372,46.189467],[21.303315,46.188935],[21.303232,46.188838],[21.30318,46.18877],[21.302753,46.1882],[21.30253,46.187927],[21.302179,46.187476],[21.302082,46.187347],[21.301881,46.187086],[21.301532,46.186625],[21.301494,46.186578],[21.301442,46.186518],[21.301409,46.186477],[21.301222,46.186212],[21.3011,46.186065],[21.300908,46.185812],[21.300265,46.184962],[21.30021,46.184889],[21.300172,46.184834],[21.299812,46.184366],[21.299201,46.183568],[21.29913,46.183484],[21.299104,46.183451],[21.299074,46.183416],[21.299044,46.183389],[21.299003,46.183355],[21.298589,46.183095],[21.298516,46.18305],[21.298167,46.182829],[21.298109,46.182786],[21.298084,46.182763],[21.298058,46.182737],[21.298033,46.182704],[21.298013,46.182678],[21.297983,46.182625],[21.297952,46.182553],[21.297877,46.182285],[21.297849,46.182218],[21.297829,46.182182],[21.297786,46.182119],[21.297743,46.18206],[21.29764,46.181918],[21.297589,46.181865],[21.297544,46.181822],[21.297449,46.181726],[21.297425,46.181699],[21.297404,46.181668],[21.297374,46.181614],[21.297223,46.181301],[21.29676,46.180345],[21.296752,46.180328]]},"properties":{"name":"","lines":"18b","arr":["18b"],"roundabout":0,"mode":"tram","color":"#d6212b"}},{"type":"Feature","geometry":{"type":"LineString","coordinates":[[21.296752,46.180328],[21.296736,46.180296],[21.296689,46.180201],[21.296647,46.180119],[21.296315,46.179452],[21.29626,46.179347],[21.295875,46.178561],[21.295615,46.178014],[21.295573,46.17793],[21.294828,46.176424],[21.294787,46.176341],[21.294502,46.175769],[21.294006,46.174801],[21.293848,46.174511],[21.293813,46.174388],[21.293799,46.174317],[21.293796,46.174299],[21.293787,46.174247],[21.293752,46.17404],[21.293731,46.173935],[21.293713,46.173822],[21.293652,46.173513],[21.293618,46.173363],[21.293557,46.173161],[21.293438,46.172819],[21.293385,46.1727],[21.29302,46.172015],[21.292617,46.171225],[21.292596,46.171181],[21.292557,46.1711],[21.292315,46.170591],[21.292131,46.170207],[21.291711,46.169335],[21.291633,46.169169],[21.291571,46.169045],[21.290103,46.166215],[21.290093,46.166186],[21.290089,46.166161],[21.290089,46.166133],[21.290093,46.166109],[21.2901,46.166084],[21.29011,46.166061],[21.290123,46.166043],[21.290143,46.166019],[21.290163,46.166002],[21.290185,46.165984],[21.290206,46.165973],[21.290222,46.165965],[21.290252,46.165953],[21.290282,46.165943],[21.290324,46.165933],[21.290366,46.165926],[21.2904,46.165923],[21.290409,46.165923]]},"properties":{"name":"","lines":"18b","arr":["18b"],"roundabout":0,"mode":"tram","color":"#d6212b","busLines":"21"}},{"type":"Feature","geometry":{"type":"LineString","coordinates":[[21.290409,46.165923],[21.290446,46.165923],[21.290858,46.165944],[21.291194,46.165964],[21.291753,46.165999],[21.292136,46.166022],[21.292371,46.166036],[21.29312,46.166082],[21.293247,46.166091],[21.294519,46.166149],[21.295223,46.166186],[21.295479,46.166201],[21.295794,46.166214],[21.296213,46.16624],[21.296459,46.166257],[21.297854,46.166342],[21.298001,46.166353],[21.298487,46.166377],[21.298898,46.166396],[21.299415,46.16643],[21.300017,46.166471],[21.30018,46.166479],[21.300817,46.166517],[21.301601,46.166559],[21.301735,46.166569]]},"properties":{"name":"","lines":"18b","arr":["18b"],"roundabout":0,"mode":"tram","color":"#d6212b"}},{"type":"Feature","geometry":{"type":"LineString","coordinates":[[21.301735,46.166569],[21.301904,46.166581],[21.302212,46.166606],[21.302832,46.166646],[21.303552,46.166684],[21.303654,46.166689],[21.303787,46.166697],[21.305207,46.166772],[21.305712,46.166798],[21.305815,46.166804],[21.306112,46.166816],[21.306416,46.166827],[21.306523,46.166832],[21.307113,46.166875],[21.307575,46.166908],[21.307742,46.16692],[21.307839,46.166925],[21.30797,46.16693],[21.308154,46.16694],[21.309438,46.166978],[21.310079,46.167],[21.310625,46.167025],[21.310669,46.167024],[21.31071,46.167024],[21.310746,46.167022],[21.310773,46.167019],[21.310793,46.167015],[21.310828,46.167003],[21.310855,46.166988],[21.310876,46.166973],[21.310903,46.166949],[21.310949,46.16691],[21.31106,46.166796],[21.311127,46.166719],[21.311175,46.166655],[21.311209,46.16662],[21.311241,46.166598],[21.311277,46.16658],[21.311336,46.166563],[21.311396,46.166547],[21.311623,46.166515],[21.311917,46.166481],[21.312408,46.166423],[21.313219,46.166324],[21.314266,46.166204],[21.314466,46.166169],[21.314514,46.166158],[21.31463,46.166123],[21.314724,46.166102],[21.314936,46.166068],[21.315138,46.166038],[21.315204,46.166037],[21.315264,46.166043],[21.315319,46.166054],[21.315371,46.166065],[21.315451,46.166076],[21.315482,46.166079],[21.315517,46.166075],[21.315745,46.166055],[21.316475,46.16598],[21.316728,46.165955],[21.317739,46.165846],[21.31779,46.16584],[21.318356,46.165771],[21.319174,46.165679],[21.31947,46.165643],[21.319563,46.165633],[21.319603,46.165639],[21.319638,46.165655],[21.319668,46.165689],[21.319682,46.165733],[21.31982,46.166156],[21.31985,46.166253],[21.319936,46.166534],[21.319998,46.166698],[21.320022,46.166747],[21.320029,46.166757],[21.320059,46.166797],[21.320089,46.166828],[21.320121,46.166857],[21.320163,46.166883],[21.320211,46.166908],[21.320286,46.166939],[21.320357,46.166961],[21.320466,46.166987],[21.32054,46.167],[21.320634,46.167014]]},"properties":{"name":"","lines":"18b","arr":["18b"],"roundabout":0,"mode":"tram","color":"#d6212b","busLines":"41, 60"}},{"type":"Feature","geometry":{"type":"LineString","coordinates":[[21.320746,46.167037],[21.320817,46.167067],[21.320855,46.167092],[21.320895,46.167132],[21.320924,46.167166],[21.320945,46.1672],[21.320957,46.167228],[21.320964,46.16726],[21.320967,46.167285],[21.320965,46.167315],[21.320959,46.167345]]},"properties":{"name":"","lines":"18b","arr":["18b"],"roundabout":0,"mode":"tram","color":"#d6212b"}}]}